placement_status,placement_prediction,branch,cgpa,Cluster,PC1,PC2
Placed,1,CSE,7.91,3,2.3363929170754583,0.027211922758797524
Not Placed,0,IT,6.27,1,-1.200512557441661,-1.4881357941864
Not Placed,0,IT,6.97,0,-1.2830277431097021,-0.6512670839569821
Not Placed,0,ENTC,7.88,0,-1.4463829261296686,-0.7436319293239934
Not Placed,0,CSE,6.54,1,-0.6302960945043203,-0.6778097104560886
Not Placed,0,ENTC,8.75,0,-2.014289367102849,1.9334033788068419
Placed,1,CSE,8.14,3,1.8732105741454188,-0.4346765804414367
Not Placed,0,ENTC,6.93,1,0.864898684950274,-2.344491058383577
Not Placed,0,ENTC,6.44,0,-1.4613198613698333,0.3917807170244442
Not Placed,0,ENTC,7.09,0,-1.6761417592214962,-0.6399205903552376
Not Placed,0,CSE,6.94,3,1.264127319243328,0.03677375596353868
Not Placed,0,Civil,6.67,0,-1.7147593126207472,-0.08436048521069989
Not Placed,0,CSE,6.5,1,-0.36060850991636784,-1.6875119975472719
Not Placed,0,ENTC,7.5,0,-1.4756091271532383,-0.5362964305523701
Placed,1,CSE,8.32,3,2.029829158693796,-0.332485653073555
Placed,1,CSE,7.1,1,-0.32161901350463123,-0.3274169196359234
Not Placed,0,ECE,8.08,0,-2.985476461650916,1.2511878746434972
Not Placed,0,CSE,7.42,0,-1.9152750774806282,0.34205389178139917
Placed,1,CSE,8.22,2,0.8897547145737583,1.0835775024592385
Placed,1,CSE,7.03,3,1.7291211721696336,-1.685176145702273
Placed,1,IT,7.94,2,1.1708186620664944,1.0960381044992176
Not Placed,0,Civil,7.8,0,-2.3021192052200563,-1.7256145216380145
Placed,1,ECE,8.86,3,1.6096285539761659,-0.18171251557232215
Not Placed,0,IT,8.17,0,-2.3900436823401243,1.7361447578192573
Placed,1,ENTC,7.92,3,2.9471395004449823,0.660658999646713
Placed,1,ECE,6.45,1,-0.3105431506154445,-0.6441002059256666
Not Placed,0,ECE,7.25,0,-2.0586476058741328,-1.9727716180965609
Not Placed,0,ECE,7.02,1,0.2061675267159841,-2.1706906446914487
Not Placed,0,IT,7.0,2,0.15691988450692365,0.515933560688605
Not Placed,0,IT,7.71,2,0.7539890562059319,-0.15157747175002856
Placed,1,ENTC,7.9,3,1.4102111425404313,0.41380648833904815
Not Placed,0,ENTC,7.94,1,-0.09116215714418109,-0.1788799275905925
Placed,1,ENTC,8.77,3,1.5281849984222637,0.43237932217800074
Placed,1,IT,8.11,1,0.6290279210303799,-1.1633266854198299
Not Placed,0,ENTC,6.66,0,-1.303998388192679,0.7038610293805001
Placed,1,CSE,7.87,1,0.6261320216098961,0.1942629727202737
Placed,1,ECE,8.2,2,-0.502837973712922,1.5800291532353417
Not Placed,0,CSE,8.77,2,-0.26120123758685204,2.0046819397828135
Not Placed,0,ENTC,7.57,0,-3.1418600260079,0.3167478386173725
Not Placed,0,Civil,7.58,2,0.7733620375519804,0.44001244761234504
Placed,1,CSE,8.62,2,1.329183689697067,1.8728719302438845
Not Placed,0,ENTC,7.85,0,-1.8951804244840387,0.43733734712410965
Not Placed,0,ECE,6.34,0,-2.3057636355988653,-1.2494236270988694
Not Placed,0,CSE,6.16,0,-3.075413157810817,-0.33567526999066466
Placed,1,CSE,9.26,3,3.2939011530308426,2.4962119272902785
Not Placed,0,ENTC,6.24,1,-0.5394390477226166,-3.4029819500150524
Placed,1,CSE,7.56,3,1.728465373138853,-0.512901681661854
Placed,1,IT,8.45,3,1.3058208347588642,-0.1387587029250863
Not Placed,0,Mechanical,6.2,0,-2.0075586122779954,-0.903713977735395
Not Placed,0,ECE,6.78,0,-3.498850150770407,0.5990392707899929
Not Placed,0,ENTC,6.64,0,-3.134069215424947,-0.3579976378216969
Placed,1,ECE,9.23,3,2.6248928859822187,0.12555491551425685
Placed,1,CSE,9.42,3,3.130979309211673,1.8872138873250932
Placed,1,ENTC,7.08,1,-0.07485537788479166,-0.9440942975393832
Not Placed,0,IT,8.19,2,-1.4447271051407713,3.386776198429493
Not Placed,0,CSE,7.96,1,-0.5298571377524789,-1.3402494656311321
Not Placed,0,ECE,7.46,0,-2.380757495700356,1.3277691209594242
Not Placed,0,Civil,6.32,0,-4.6257313808256235,-0.30139291817219643
Placed,1,CSE,9.66,2,1.7200342250678924,2.7090386452935213
Not Placed,0,Civil,6.16,1,1.5856199932961046,-3.571219738881089
Not Placed,0,ENTC,7.88,0,-1.0809703306056062,0.05978782836128036
Placed,1,CSE,7.15,1,1.392810391113191,-0.5072115108420026
Placed,1,CSE,8.56,2,1.7894799271492037,1.7322216408122344
Placed,1,IT,8.42,3,2.3277629347009365,-2.276834897342724
Placed,1,ECE,6.87,2,0.20187087194837935,0.521556793218287
Not Placed,0,IT,7.03,1,0.3176107854556512,-2.5914698609433424
Not Placed,0,CSE,6.38,0,-1.4919455331006442,1.1729228738132034
Not Placed,0,CSE,7.87,2,0.8729748878248779,0.4198456418412174
Not Placed,0,Civil,8.3,1,0.2568818683095286,-1.7177934360195402
Placed,1,CSE,7.32,3,4.542546620432467,-2.301803225832029
Placed,1,CSE,7.49,3,1.733515585781028,0.9673772135213913
Not Placed,0,CSE,9.32,2,1.9527175245249087,2.948374157338877
Not Placed,0,IT,8.5,1,2.1857623406290427,-2.816748918377478
Placed,1,CSE,8.85,3,4.034745043287886,-1.263397776017422
Not Placed,0,ENTC,5.79,0,-3.124088919340924,-0.9375722695310738
Not Placed,0,ECE,8.17,2,0.17536565244536126,0.8234648033101113
Not Placed,0,CSE,7.91,0,-1.1552632516099222,-0.18733631186935332
Not Placed,0,ENTC,6.64,0,-2.4797849154852005,1.7111907201349608
Not Placed,0,IT,6.81,0,-1.0976353606366414,-0.1731013088929842
Not Placed,0,ENTC,7.51,0,-2.7277940377647636,0.3544997238937584
Not Placed,0,IT,6.56,0,-3.0019707857952174,-2.8041457759770374
Not Placed,0,Mechanical,7.02,1,-0.4834029464452194,-0.6703987818928807
Placed,1,Civil,7.31,2,-0.2961233369152842,0.3374290326988706
Placed,1,ENTC,8.19,1,0.6788485477443694,-0.36065994798852735
Not Placed,0,IT,7.1,0,-2.031901735528737,-0.5967901228705619
Placed,1,CSE,7.32,0,-2.976780946548438,0.9355197663071184
Placed,1,ENTC,8.57,2,-0.2824862557219645,2.9666686605608295
Not Placed,0,CSE,6.2,0,-1.8093141900071499,-1.4593784594958763
Not Placed,0,CSE,7.89,1,0.05435347279458784,-1.252791612502909
Placed,1,CSE,8.03,1,0.82783182944169,-0.8595541772032181
Not Placed,0,IT,8.05,1,-0.11074633973773806,0.36201938417429014
Not Placed,0,CSE,7.27,0,-2.4970105154257247,-0.3578759824796166
Not Placed,0,IT,6.79,0,-1.5413890194261122,-1.002551316895352
Placed,1,ECE,8.99,2,-1.3467821123939747,1.5844801504096544
Placed,1,CSE,6.97,1,0.044131981783364804,0.42495811666951167
Not Placed,0,IT,6.75,0,-0.8728381124358242,-0.3438150134606429
Not Placed,0,IT,7.72,1,0.6357050676447379,-0.8509250127348222
Not Placed,0,Mechanical,7.07,1,-0.15763162659279764,-0.9173123665893713
Placed,1,CSE,8.59,2,-0.8139663005019385,0.9107640504016403
Not Placed,0,ECE,7.47,0,-1.4409744571695249,-0.23126900180158957
Placed,1,ENTC,8.7,2,1.4809403205960223,1.2071955402152874
Not Placed,0,ECE,8.08,2,-0.0460489498496329,1.039907578274227
Not Placed,0,CSE,7.37,2,-1.2655163435515338,3.142226590786764
Not Placed,0,ECE,8.65,1,-0.7170437093492081,-0.738665089952946
Placed,1,CSE,7.15,3,1.2996609746747405,-0.8223933557463754
Not Placed,0,CSE,7.43,1,1.2308980774943659,-1.0689018636563905
Not Placed,0,IT,8.15,3,2.3412156874125216,-0.7383588214440554
Not Placed,0,Mechanical,7.89,0,-1.0816511863318308,-0.24450203973676193
Placed,1,CSE,7.13,3,1.4199063963122303,-0.7130246281745181
Not Placed,0,CSE,6.39,0,-1.2448228572854105,0.1307534544983523
Not Placed,0,ECE,7.68,1,-0.11724775972394196,-1.0280605125804103
Placed,1,IT,7.08,1,-0.8139947111625719,-0.03237439240732221
Not Placed,0,CSE,7.73,0,-2.4890228993452856,1.8673018625822844
Placed,1,Mechanical,7.34,3,2.7433584412925724,0.13082693819917646
Not Placed,0,ENTC,7.09,1,-0.0028758733864231085,-0.19548398052813395
Not Placed,0,ECE,7.47,0,-1.3183700929359,0.45664947558621855
Not Placed,0,CSE,7.64,3,2.835091936995438,0.2876940168912802
Not Placed,0,CSE,8.29,1,0.151182209153959,-0.15970223857296742
Placed,1,IT,8.06,2,0.22770040358442975,0.44995094894761095
Placed,1,ECE,9.48,2,1.1299745471986868,2.5638113248825634
Not Placed,0,CSE,7.82,0,-0.989382864391453,-0.1350383461010242
Not Placed,0,IT,7.13,0,-2.4266032293635824,1.7399541677143755
Not Placed,0,IT,7.56,1,-1.1526972395966113,-1.2341443800062515
Placed,1,IT,8.18,2,1.669518041508721,2.079733543733622
Placed,1,CSE,8.55,3,1.9169172190503514,0.4591517539501712
Not Placed,0,IT,8.84,2,-0.9348590682189352,3.3146980830867605
Not Placed,0,CSE,6.84,2,-1.8379144510338083,1.6492559652912855
Not Placed,0,CSE,8.79,1,-0.7897691882364366,0.09479014512972314
Not Placed,0,CSE,7.66,3,1.2865952451632914,-1.533975267531864
Not Placed,0,IT,6.91,2,0.5490199561982401,0.16119124281495817
Not Placed,0,CSE,7.53,0,-2.0220262930893846,1.5261423654253956
Not Placed,0,ENTC,8.73,3,1.3458951681980538,0.08054524002810265
Not Placed,0,CSE,8.09,3,2.232027657228493,-2.760704974137499
Placed,1,CSE,6.67,3,0.8229341952932901,-0.23727067874837374
Placed,1,CSE,6.68,0,-2.1281877430716847,-0.4557100909579695
Placed,1,CSE,6.65,1,-0.012633327636641097,-1.42075675788198
Not Placed,0,CSE,7.08,1,0.7103471786124953,-1.162006821267236
Not Placed,0,CSE,7.77,1,1.467388466242359,-2.088033500441512
Not Placed,0,CSE,6.74,0,-1.2943672873390903,-0.1567583091536277
Placed,1,ENTC,7.34,3,2.400455610094709,-0.7495274110293377
Not Placed,0,ENTC,8.89,1,-0.3420276252463773,-0.1661335207984208
Placed,1,CSE,9.08,2,1.077640602035455,1.6875716322715322
Not Placed,0,CSE,9.02,2,0.5159770982922905,0.7060056229528865
Not Placed,0,Civil,6.17,0,-0.8396427129966992,-0.06805996646515783
Placed,1,CSE,9.12,2,1.4512956342984924,1.5041911917486726
Not Placed,0,Civil,7.78,2,0.43650130060786696,0.39308678431839417
Not Placed,0,ENTC,7.77,1,-0.8898373978554184,0.3105346338252224
Placed,1,CSE,8.57,2,0.7264885951228113,2.0315549484712325
Placed,1,CSE,8.3,3,1.5073605763240527,-0.2557650531077714
Not Placed,0,IT,6.11,0,-1.7440411721295022,-1.8168680275387146
Placed,1,ENTC,7.18,1,0.49568716426909387,-0.7967644484477232
Placed,1,CSE,7.39,1,0.4894323109108895,0.210406706483668
Placed,1,ECE,6.57,1,1.1261580419922914,-1.573140488242552
Placed,1,CSE,8.55,3,1.8542872235628207,-1.1740551112415805
Not Placed,0,ENTC,8.92,3,1.683980880590684,-1.0042453777826363
Not Placed,0,ENTC,7.69,1,-0.5768130095124849,-1.0373884950739307
Not Placed,0,IT,7.95,0,-1.8113690743736206,0.1866214842675377
Not Placed,0,CSE,7.69,2,-0.7886579017883774,0.2646731337278279
Not Placed,0,CSE,7.78,1,-0.5348596525644225,-1.1817779297084317
Placed,1,ENTC,8.65,2,0.6417125170923248,1.2352554234672892
Not Placed,0,ECE,6.2,1,-1.1061607140996577,-1.8906530913574449
Placed,1,CSE,8.11,1,0.3986389969147453,-0.4902622929860089
Not Placed,0,ENTC,7.71,2,-0.5469414597696204,1.9582435024386469
Not Placed,0,CSE,7.09,2,1.0203054597077705,0.11314164406733966
Not Placed,0,IT,7.27,1,0.890202424013819,-0.17897045436982423
Placed,1,Mechanical,9.26,2,1.092502006686535,0.18639794662973463
Not Placed,0,CSE,6.57,1,0.24497088526516234,-2.5806491703020087
Not Placed,0,ENTC,7.56,0,-1.4945175047979133,-0.005420602139869319
Not Placed,0,CSE,9.09,2,0.07005464703182107,1.704574648599048
Not Placed,0,ECE,6.62,0,-1.0294077617059723,0.3389608065425896
Not Placed,0,CSE,7.31,1,0.7521025151071851,-0.9590029618444623
Placed,1,CSE,7.74,2,0.8006580126370477,0.5456896600941127
Placed,1,IT,8.05,3,4.700160845718222,-0.678547591428563
Placed,1,ENTC,7.63,2,-1.3220364695890259,1.6149428690620047
Not Placed,0,CSE,6.94,1,-0.4042300602211184,-1.0791466503473837
Not Placed,0,CSE,8.08,2,0.38856530607990797,1.444493270388193
Not Placed,0,CSE,7.61,2,-0.23660790228645961,1.0922709839833065
Placed,1,CSE,8.23,3,1.4574342472671793,0.2864495646626851
Not Placed,0,CSE,8.49,2,0.6985039273661668,1.1332157319113774
Not Placed,0,ECE,6.44,0,-1.1831975322767079,0.13066624693741452
Placed,1,ECE,8.58,2,0.503165921738022,2.3736222699098786
Not Placed,0,CSE,7.48,3,1.3546511972413573,-1.5998212159545477
Placed,1,CSE,8.4,2,0.5675163558932198,1.6078072108134136
Not Placed,0,IT,8.12,2,-2.063944328044838,2.3723179752157826
Placed,1,CSE,9.28,2,0.6647041074342276,2.5648319340910155
Placed,1,Mechanical,7.71,3,3.3380860434203097,-0.7115471503662569
Not Placed,0,CSE,7.36,0,-2.314990096229687,0.8066717087588355
Not Placed,0,Civil,7.26,1,0.43752807119091663,-0.8072046261206507
Not Placed,0,IT,6.82,0,-2.296572932006125,1.0172053515874844
Not Placed,0,ENTC,8.39,1,0.31606457153824924,-0.7374767481145823
Not Placed,0,ECE,6.76,1,-0.9822019346743184,-2.5084777198326296
Not Placed,0,ECE,8.38,2,0.3656261794602514,0.02113615965167536
Placed,1,ECE,7.51,3,2.130052180696419,1.0120133795138155
Not Placed,0,IT,6.2,1,0.26595587431318823,-1.267577137790113
Not Placed,0,ENTC,8.97,3,1.4033243492992276,0.16135564961351057
Not Placed,0,CSE,5.0,0,-2.5181447338481098,-0.5111520030381816
Not Placed,0,CSE,7.63,1,-1.3938063619063608,-0.7214508771052299
Not Placed,0,IT,7.9,1,-0.5845503914428852,-0.18501718815535645
Not Placed,0,IT,5.74,0,-4.220776472353685,-2.0529250334444344
Placed,1,Mechanical,8.08,1,1.4616770274467934,-0.32616632149492164
Not Placed,0,CSE,7.13,1,0.22292145110005046,-0.9592886405903509
Not Placed,0,CSE,7.49,2,0.7117491710887671,0.7863604765198733
Placed,1,IT,8.84,1,1.8305960655252331,-1.6582922558149518
Not Placed,0,ECE,7.82,1,0.010189485266859134,-0.03293852435177218
Placed,1,ENTC,7.4,3,2.2933384136293378,-0.4602559459228767
Not Placed,0,Mechanical,7.56,0,-2.9332761300168166,1.4062255441213984
Not Placed,0,CSE,9.21,3,4.326143058672105,0.3844654135862838
Not Placed,0,CSE,8.04,1,-0.0564219621838559,-1.135407867361972
Not Placed,0,IT,6.95,0,-1.9261048630854953,-0.34204701527613907
Not Placed,0,CSE,7.28,1,-0.861296794608264,-0.2765900198398795
Not Placed,0,ECE,6.69,1,1.2128082708210564,-1.3705595036466465
Placed,1,Civil,7.32,1,-1.062962620319106,-0.08249746994628399
Placed,1,IT,9.07,2,1.8762338906453322,2.266350475231195
Placed,1,CSE,7.56,0,-1.4206369782779835,0.9431226848261053
Placed,1,ECE,6.56,0,-1.6440919488040568,-1.538061102649878
Not Placed,0,CSE,8.07,3,1.3804931522633064,-0.6264381271599155
Not Placed,0,ECE,7.37,1,-0.47054572867871264,-2.407826237492289
Not Placed,0,CSE,8.18,1,-0.376969155361086,-1.3073594250225642
Not Placed,0,CSE,7.49,2,-0.706672284905524,1.1798715663681472
Placed,1,CSE,8.93,2,1.715048866192421,2.0354785546409055
Not Placed,0,CSE,6.93,1,-0.6363592157660943,-1.7756896819393313
Not Placed,0,ECE,6.71,2,0.29542779941321295,0.24414999789081895
Placed,1,IT,8.5,2,0.11191972611079005,1.497965932552667
Not Placed,0,CSE,6.0,0,-2.4422545726268345,-0.4211077178026955
Placed,1,Civil,7.55,1,1.6788870960616842,-2.410792005519857
Placed,1,CSE,8.38,3,2.038744703840883,0.1293217964679243
Not Placed,0,CSE,5.83,2,-0.4815394442218727,0.5820415575302789
Placed,1,Civil,7.75,1,0.6859871093149829,-0.6715400248039514
Not Placed,0,CSE,6.43,0,-3.5467400038025105,0.4691543570073531
Not Placed,0,ENTC,6.13,1,-1.6694190078148472,-2.1332578706924257
Not Placed,0,IT,6.79,1,1.5144800717378917,-2.9942189897496134
Not Placed,0,Mechanical,7.54,1,-0.7174098681713083,-1.379410962675533
Placed,1,IT,7.1,1,-0.20514502095647927,-0.6453382529354899
Not Placed,0,CSE,8.64,1,0.17149789725192197,0.10338029394091364
Not Placed,0,Civil,7.77,0,-1.6303313660190488,0.31942646245269946
Not Placed,0,CSE,7.28,0,-1.1955335540243426,-0.5246249927481903
Not Placed,0,CSE,6.59,1,-0.4035889517286328,-2.049425787297571
Placed,1,IT,7.89,1,0.7029090427816517,-0.4037163724526672
Placed,1,IT,9.45,2,1.1557781579873074,2.0299540699394765
Placed,1,CSE,7.1,2,-0.6425669521730123,0.6074703595961689
Not Placed,0,CSE,7.2,0,-1.4219282345294273,-0.5395101826826231
Not Placed,0,CSE,6.8,0,-1.579982238246935,-1.6944547914993378
Placed,1,Mechanical,8.71,2,1.3018670708069657,3.5295774280983516
Not Placed,0,ENTC,8.49,1,-0.4375784486312589,0.01568830909421931
Not Placed,0,Mechanical,7.32,0,-2.8320661018016695,-1.1190526523722781
Placed,1,CSE,7.19,3,3.4129793003516444,-1.7893476679445717
Not Placed,0,CSE,6.9,2,-0.8586467377658564,0.09540020269613089
Placed,1,CSE,7.45,0,-0.9965679645510391,-0.14249535907939212
Placed,1,CSE,8.57,2,0.08287639411962051,1.6600559375636776
Not Placed,0,IT,7.74,0,-1.0151656198484889,-0.8998923305865539
Placed,1,ENTC,8.79,3,3.4601374730894587,-0.15366000835248336
Placed,1,ECE,7.09,3,1.7943540722293891,-1.4312735575397733
Not Placed,0,CSE,5.73,0,-2.9994849906084675,-1.2536592241800701
Placed,1,CSE,9.91,2,1.545809849383733,1.9590226780697721
Not Placed,0,CSE,7.88,2,-1.5170010214591696,1.9922177471786762
Placed,1,CSE,8.36,2,-0.9640276742170248,2.997565490292816
Not Placed,0,CSE,7.03,1,-0.28057376277881413,-0.4065542450433489
Not Placed,0,Mechanical,6.54,0,-2.8266860813060704,-1.9791214687707712
Not Placed,0,CSE,7.83,2,0.6873561613731618,0.8560404699249593
Not Placed,0,CSE,6.01,0,-2.3483537638235217,0.3704512136492372
Placed,1,ENTC,7.47,1,-0.3448881983731041,-0.5393201673242588
Not Placed,0,Mechanical,8.57,1,-0.5011605437362795,-1.4598853376448444
Not Placed,0,ENTC,8.08,3,1.558532332380093,0.12337566506692155
Placed,1,CSE,7.92,3,4.657244618091477,-2.8345715252456705
Placed,1,CSE,9.18,2,-0.5354063016437947,1.3753969123839773
Not Placed,0,ECE,8.02,0,-1.6117878879597658,-0.7127140671851594
Not Placed,0,ENTC,6.08,1,0.06170806206698586,-3.4781258910441895
Not Placed,0,Civil,7.57,1,-0.14720969691465963,-1.316185045833953
Not Placed,0,CSE,9.34,3,1.2444898540875315,-0.8684979285008521
Not Placed,0,ECE,7.44,0,-1.980269298124585,1.1747023372791874
Placed,1,CSE,9.28,1,0.33023104817740834,0.14946536084058157
Not Placed,0,IT,8.57,1,0.8330181569049341,-3.0225600719543344
Not Placed,0,CSE,7.35,0,-2.3065982043343376,0.7671340471344978
Not Placed,0,IT,6.78,3,1.7426302394264068,0.2046879900196616
Placed,1,CSE,7.99,3,1.4633978457219805,-0.1326981428730913
Not Placed,0,CSE,8.78,2,0.260792166643303,2.2220222220323453
Not Placed,0,ECE,6.36,1,0.17233101225601397,-1.898998624846017
Not Placed,0,ECE,7.8,2,0.4456271849429341,0.5762118943461875
Not Placed,0,IT,5.96,0,-0.9948635965451417,0.2943171976494512
Not Placed,0,ECE,7.41,1,0.05531046847460537,-0.30956556487238923
Not Placed,0,IT,6.29,0,-3.676328919189986,-0.45961915256273667
Not Placed,0,IT,8.18,2,-0.59038863519906,1.9404156082143829
Not Placed,0,Civil,7.11,1,0.6116631371896668,-1.7319426178666701
Not Placed,0,IT,8.68,3,1.954999001773923,0.4092125223036088
Placed,1,CSE,7.24,3,2.824160556452891,-0.8593216133353305
Not Placed,0,ECE,7.16,1,0.3425102110548578,-1.8828730808244618
Not Placed,0,CSE,6.33,0,-3.005194741502872,1.089005087042963
Not Placed,0,CSE,8.03,2,-1.2297863443298545,0.9752862297170752
Placed,1,ECE,8.12,2,-0.4533756053498602,0.9025624399308543
Placed,1,ECE,8.5,2,0.11313693053133896,1.3459111849859613
Placed,1,CSE,8.26,3,2.3360371041740113,1.451840985065309
Placed,1,Mechanical,8.04,3,1.7289889860925465,-0.553957467958093
Not Placed,0,IT,8.21,1,1.0166168870457784,-3.0072024637779085
Placed,1,CSE,8.29,3,3.347823344583262,0.8109558271652663
Placed,1,CSE,8.47,2,1.6166129544567465,1.2141013122290842
Not Placed,0,IT,6.4,0,-1.9680927363172211,0.19826955467839152
Not Placed,0,Civil,7.31,0,-1.873593263454108,1.53422773097994
Not Placed,0,ENTC,6.32,1,-0.2904826900071901,-1.059549165092441
Not Placed,0,IT,7.98,1,-0.9121515636198426,-1.302622091182292
Placed,1,CSE,9.09,3,2.9055278045103163,-0.47302719853475655
Not Placed,0,CSE,8.46,2,-0.9639747687027829,0.6957851509647554
Not Placed,0,ECE,7.18,3,2.3200026913311973,-1.9463150627080748
Placed,1,CSE,8.13,3,3.3026424555279346,-1.8427335828326261
Not Placed,0,Mechanical,8.0,2,-0.3962629618870055,1.6951367748306772
Placed,1,IT,7.9,2,0.6095784488824583,0.2129716853657022
Not Placed,0,CSE,6.59,0,-2.7498475964304316,1.532317052767141
Placed,1,Civil,8.82,2,0.4742826289127382,1.6311720160686534
Not Placed,0,Mechanical,6.7,0,-2.1497152157161734,0.8825271381159155
Not Placed,0,CSE,7.39,2,-0.9162253798891264,1.0430658290441857
Placed,1,CSE,8.52,2,0.3415690977649272,0.46062973673176033
Placed,1,Mechanical,7.38,2,0.07913996682920041,2.2077654469982577
Not Placed,0,ECE,7.77,1,0.9729813154403915,0.13330248047248286
Not Placed,0,ECE,7.8,0,-2.0255631636661287,0.8728071504922891
Placed,1,ECE,7.76,3,2.4021145221108195,1.1894765200683537
Not Placed,0,Mechanical,7.8,0,-1.748265077337736,-0.05380694114605522
Not Placed,0,CSE,7.88,1,-0.1946962741394744,-0.6022131361487542
Not Placed,0,IT,7.76,1,-0.27108297593527103,-0.49404593245985207
Not Placed,0,CSE,6.94,1,0.3532929092901764,-2.8516039886909024
Not Placed,0,ECE,6.38,0,-2.4470527754932134,-1.0483189809165367
Placed,1,CSE,8.55,3,2.995851029045782,0.8030057063677399
Not Placed,0,CSE,8.59,3,1.6778138561067393,0.508091112927799
Placed,1,ECE,7.99,0,-1.1487662461434278,0.712696505829874
Not Placed,0,CSE,7.98,1,-0.4535893317906102,-0.057780438710639766
Not Placed,0,Civil,6.92,2,-0.6174339036859946,0.6582240835130684
Not Placed,0,CSE,5.63,1,-0.8129168515197297,-1.2365240816425478
Placed,1,ECE,7.49,1,0.8105460558692966,-0.6910742434425706
Not Placed,0,CSE,6.09,0,-1.7693544329143243,1.0416795246021329
Placed,1,IT,7.86,2,-0.06068839685603472,1.8243383635320025
Placed,1,CSE,8.81,3,1.7621175000386444,1.3093194036230829
Not Placed,0,IT,7.18,0,-1.8047351625864434,0.15668805491177965
Not Placed,0,ENTC,7.23,0,-1.4653184168776363,0.37041281867654063
Not Placed,0,ENTC,6.85,0,-2.701354360812752,-1.6168450728494002
Placed,1,IT,7.74,3,1.63680856555466,-0.30942001062692787
Not Placed,0,CSE,7.67,0,-2.6979606736856074,0.011001101498037607
Not Placed,0,Civil,6.83,1,0.4424575217739611,-0.69256128536813
Placed,1,CSE,8.48,3,1.4091862156156756,-0.7849636502191317
Placed,1,Mechanical,10.0,2,2.2125818712520413,2.3136499610977097
Placed,1,IT,8.71,2,0.5483244737109308,2.00661584985647
Placed,1,IT,7.61,1,0.41146830490146113,-0.5067175512960066
Not Placed,0,CSE,7.6,1,-0.6487623167349527,-0.6942108883219589
Not Placed,0,CSE,7.26,0,-1.5165726813573164,-0.08225416942099432
Not Placed,0,Mechanical,7.25,1,0.8693870005255131,-2.2921376501270143
Placed,1,ECE,8.51,2,1.4043611853652358,1.6789301311391591
Not Placed,0,ECE,8.55,2,0.8608833398948705,1.4943906043962534
Not Placed,0,ECE,6.71,2,-1.8542521765819582,1.9318515286122124
Placed,1,ECE,8.01,3,2.312128924078822,-0.9449466636416989
Placed,1,ENTC,8.64,3,1.9851540057895525,0.1678729600519796
Placed,1,ECE,7.4,1,0.5686569745894123,-0.6667080808691855
Placed,1,ENTC,7.52,3,2.624934634311113,0.028000765178557985
Not Placed,0,CSE,8.29,2,0.2583631369096613,1.2847652971066048
Placed,1,CSE,8.32,3,1.7904714578272167,-0.15872721992955857
Placed,1,CSE,8.06,2,-0.26730957456933707,1.2012912096357957
Not Placed,0,CSE,7.92,2,-0.18666018820711366,1.735130641412126
Placed,1,CSE,8.03,3,2.32923877350548,-0.7767684696926297
Not Placed,0,CSE,7.46,0,-1.295255517259679,0.34930781760930496
Not Placed,0,CSE,6.75,0,-1.9039155767684641,0.41606918693856737
Not Placed,0,IT,6.38,0,-2.941976338076403,0.7611381292089762
Placed,1,ENTC,8.21,2,0.9877838537710125,0.5302220164464153
Not Placed,0,ENTC,7.79,2,-0.8321632508044834,1.80342231083945
Placed,1,CSE,8.09,3,3.8206838854576683,-0.8162480996890717
Not Placed,0,Civil,7.0,3,2.349551912353745,-2.6642118461543185
Not Placed,0,Civil,7.79,0,-2.187656882082952,1.7359194669580105
Placed,1,Mechanical,7.77,3,2.8115510479603834,-0.7806980143786697
Placed,1,IT,8.79,2,0.6578980696804041,1.735870189370768
Placed,1,CSE,8.42,3,2.5264790208201107,1.0840023994934964
Not Placed,0,CSE,7.07,1,1.1370262590933988,-1.6109294367416391
Not Placed,0,ECE,8.13,3,2.121611853596864,-1.4441607455179297
Not Placed,0,ECE,7.07,1,1.5350581635154628,-2.4355195062362305
Not Placed,0,ECE,5.48,0,-3.4407457592483457,0.07502108568223119
Not Placed,0,ENTC,9.17,2,0.018472853436719467,1.2880028600321052
Placed,1,Civil,7.38,3,1.4278286308304298,0.6214383218496277
Not Placed,0,CSE,8.58,1,1.1994779770214812,-0.32583001392406624
Not Placed,0,Mechanical,7.14,3,1.4982851876131107,0.2934009195424775
Not Placed,0,ENTC,7.01,0,-1.3961479129277576,-0.8794886317277207
Not Placed,0,CSE,7.24,1,-0.7981221203525478,-2.7547522906700093
Not Placed,0,ENTC,7.91,0,-2.9672865342884007,-0.9158590700677958
Placed,1,IT,7.85,3,3.3125633026460055,-1.3019445520960349
Placed,1,IT,8.12,3,5.734051161908822,-2.1445398063533414
Not Placed,0,Civil,7.28,0,-3.404228471134124,1.4281775184164438
Placed,1,CSE,7.73,3,3.450738244085719,-0.5648987843329037
Not Placed,0,CSE,6.98,0,-3.1160665674098733,1.0500704550199083
Not Placed,0,Civil,8.95,1,1.2206985709045655,-0.3717539061020631
Not Placed,0,CSE,6.58,0,-3.168565775202324,-0.4054213985316244
Not Placed,0,CSE,7.0,1,0.08286337220394578,-1.3987573490519631
Not Placed,0,IT,7.34,0,-2.2987262614097608,0.38188258506360284
Placed,1,CSE,9.73,3,3.0631832248441633,-0.09664786508565765
Placed,1,IT,8.35,2,0.8588325942702592,2.0346644521249844
Not Placed,0,IT,6.97,0,-1.033432087092226,-0.5775930165603197
Placed,1,ENTC,8.4,1,0.9268402901267652,-1.5244642063643326
Not Placed,0,CSE,8.14,0,-2.8000346004645014,0.2050685988630642
Placed,1,CSE,7.93,3,1.6058384605257614,-0.43305802997778187
Not Placed,0,IT,8.29,2,-0.10553788162924488,1.1184696916791557
Not Placed,0,CSE,7.75,0,-2.39927632777615,0.3068960304173681
Placed,1,ECE,7.85,3,1.7555361809125611,-0.32909441880003093
Not Placed,0,CSE,6.38,0,-1.8377510774277872,0.17298160217658654
Placed,1,CSE,8.93,2,1.4969943525554004,0.8281480121725534
Not Placed,0,CSE,7.32,2,-0.35349144876888644,0.4447557742352957
Not Placed,0,IT,6.65,1,-1.0030400845883183,-0.7153885854357206
Not Placed,0,IT,7.27,1,-0.5985260929715465,-1.5260867831750857
Not Placed,0,CSE,7.31,1,0.5837029598870576,-1.7564897034810711
Not Placed,0,IT,7.02,0,-1.8727425134258575,-0.7948235198996112
Not Placed,0,CSE,8.36,3,2.269469377815654,-1.785097097239163
Not Placed,0,IT,8.53,3,2.3769990877458897,-1.1275984017155842
Not Placed,0,ENTC,6.03,0,-3.502086113585856,-1.4184599215616844
Not Placed,0,CSE,7.26,0,-1.9005282116717928,-0.6131735338305946
Not Placed,0,CSE,7.32,1,0.11195210406735726,-1.5279679644371607
Not Placed,0,ECE,7.55,1,1.1089352358687818,-2.4830434132073655
Placed,1,CSE,9.15,3,3.694198683260133,2.346776362641643
Not Placed,0,CSE,7.01,2,-1.2910120614879725,1.1957258421957961
Placed,1,CSE,9.03,2,0.7533627954817359,0.3611508924930992
Not Placed,0,CSE,7.58,0,-1.4870877815638548,0.5139724080432646
Placed,1,CSE,9.04,3,4.679299757296195,-0.11007547784484703
Not Placed,0,IT,7.44,1,-0.2717527727260283,-0.9443732282339943
Not Placed,0,Mechanical,7.34,0,-1.5981916199198594,0.7967687798053695
Placed,1,ENTC,7.68,1,0.1320008203985775,0.15815469443812638
Placed,1,IT,8.8,2,0.04135229438764475,1.9350205640523732
Not Placed,0,Mechanical,7.83,0,-1.726781551340125,-0.765356990771165
Placed,1,IT,7.88,1,1.053328274703606,-0.4535011885043833
Placed,1,IT,8.24,2,-0.22204217636299844,0.3780107288751012
Not Placed,0,IT,6.95,1,-0.9823896880141353,-1.0463108016613236
Not Placed,0,Civil,7.99,1,0.14620302008495703,-1.4234321562293821
Not Placed,0,CSE,7.17,0,-3.229461267069529,0.7471628810976843
Placed,1,ENTC,8.95,2,-0.6106040381258382,3.0243656392969984
Placed,1,ECE,8.06,2,0.6461159090078495,1.2823882019128712
Not Placed,0,CSE,8.29,2,-0.4417707481148228,0.5520916483241676
Not Placed,0,CSE,5.97,1,-1.329410530665589,-1.5909883372479343
Not Placed,0,IT,8.3,2,0.3291503950930513,0.8580622432110651
Placed,1,ECE,7.55,1,0.8549431600457245,-1.0109291512700502
Not Placed,0,CSE,6.48,1,-1.474431286851333,-2.792400427610246
Placed,1,CSE,7.78,3,1.4464084840508464,-0.29802693301239125
Not Placed,0,IT,6.41,0,-1.7529041331048312,-1.033922128822898
Not Placed,0,ENTC,8.22,2,0.1967801589530457,1.1356577122684104
Placed,1,ECE,8.92,3,4.30035125894547,-0.34297498947809196
Not Placed,0,CSE,6.18,0,-3.1078446250066967,0.5815907771565362
Not Placed,0,CSE,7.67,1,-0.1943358396649469,-0.8257077884070453
Placed,1,CSE,7.56,1,0.24975409046036448,-2.5086294292580136
Not Placed,0,CSE,6.01,1,-1.3596223280890403,-2.7130290922890703
Placed,1,IT,8.48,3,2.6601938342952764,-0.018716383948196025
Not Placed,0,ECE,8.23,1,-0.5250743742558537,-0.44030425391791206
Placed,1,IT,9.42,3,2.7865643756002116,0.6175090988113038
Placed,1,IT,8.12,1,0.4206277288125738,-2.190339586549429
Placed,1,IT,6.95,0,-2.6864383334120805,1.1359277754854242
Not Placed,0,IT,8.14,2,0.8468887114849912,0.5813746535560156
Placed,1,CSE,8.79,2,-0.36214882688706557,2.726294176179141
Not Placed,0,ECE,7.3,1,0.40926439259077224,-1.0944841795764217
Placed,1,CSE,8.42,2,1.2772753077176784,1.654723517658708
Not Placed,0,CSE,5.7,2,-0.013516576960718282,-0.3184746186826052
Placed,1,CSE,8.95,2,-0.39486982021715233,1.670259359818179
Placed,1,ECE,8.38,2,1.5561868912454913,1.7011356754066942
Not Placed,0,ENTC,5.54,0,-1.6703649853312712,-1.4805006648398151
Placed,1,ENTC,8.03,3,3.4602650193541526,-1.0683826543912476
Not Placed,0,ENTC,6.01,0,-3.552843003954423,-3.037693506959119
Placed,1,ENTC,7.18,2,-0.6001804065624174,0.2554641241973319
Not Placed,0,Mechanical,8.28,1,0.4106651079153594,-0.045522553666253913
Placed,1,CSE,7.58,3,2.928385460490982,-2.4652558388024244
Placed,1,ECE,8.77,3,2.8496873723867258,-0.3569573187774633
Not Placed,0,ECE,7.75,2,0.8842598744168133,0.2120896800860479
Not Placed,0,IT,7.67,2,0.37587976140948703,0.7952256402631718
Placed,1,CSE,8.63,2,-0.10971768443105412,0.4420820059748081
Placed,1,Mechanical,7.41,1,0.9910700802274852,-1.5523322478472843
Not Placed,0,CSE,7.68,0,-1.362304381835096,0.26141548869779985
Not Placed,0,IT,7.79,1,-0.745325083156375,-0.13613297796654394
Not Placed,0,CSE,7.64,0,-2.428146605939795,0.949489387084443
Not Placed,0,IT,8.69,0,-1.783656778364904,1.2763360580968728
Not Placed,0,CSE,7.13,3,1.104652027927201,-1.2575293568342256
Not Placed,0,CSE,6.99,0,-3.486158415539439,0.16731953726359788
Not Placed,0,CSE,6.8,1,1.0771215638995504,-1.6606828026998315
Not Placed,0,CSE,5.88,0,-2.393118956515882,-1.3782837936221362
Placed,1,IT,8.96,2,1.9421522814286143,1.8363916940515344
Not Placed,0,CSE,6.93,1,0.2814767534607947,-2.4722769289541118
Not Placed,0,IT,7.5,1,-0.8381562156220165,-0.3295465528261682
Placed,1,CSE,9.02,3,2.266800495459046,-0.40635224011124094
Placed,1,ECE,7.58,2,-0.8387848681753478,1.3062892776798793
Not Placed,0,IT,8.14,2,-0.1579772029103414,0.9663751593759913
Not Placed,0,Mechanical,6.49,1,-1.4454745836549334,-2.4572429997228675
Placed,1,ECE,8.89,3,1.8054774618911964,0.986139844202609
Not Placed,0,IT,7.6,2,0.6136188996779641,0.3506259381034181
Not Placed,0,CSE,6.83,1,-0.25072419439706223,-0.8357478556912549
Not Placed,0,IT,6.83,2,0.2745293849057006,1.6506320114650075
Placed,1,IT,9.14,3,2.3429475970055527,-0.5424987126056547
Not Placed,0,Mechanical,7.2,2,0.6689413945540775,1.3367370965253829
Placed,1,ECE,6.85,2,0.26640798280071026,-0.27776804244318826
Placed,1,ENTC,7.33,2,1.7296414868834296,1.3813389715306494
Not Placed,0,ECE,7.74,2,-0.6714809069706524,0.4291117317611659
Placed,1,Mechanical,7.83,3,1.5981043160829456,0.04625752282525731
Not Placed,0,Mechanical,8.08,0,-1.9225292721401446,1.0514179636784171
Not Placed,0,IT,7.9,1,0.4755728109669652,0.14034908783597644
Placed,1,IT,8.25,2,1.4202212187697405,1.0518831578034051
Placed,1,CSE,7.47,1,1.003746705126234,-2.0412713463642396
Placed,1,CSE,9.46,2,1.893610231742989,2.396866303831407
Placed,1,CSE,7.28,3,2.562390927391867,0.7734602708816879
Not Placed,0,CSE,8.85,2,-1.316209830573162,2.000254415865257
Not Placed,0,ENTC,7.19,0,-1.794672831906009,0.6628969818515498
Not Placed,0,IT,6.49,0,-2.7058526820922184,0.8631813110749156
Not Placed,0,ENTC,6.28,0,-1.4879356071260887,-0.10419045712764528
Placed,1,CSE,7.96,2,-0.3262346575420176,1.3121504180829926
Placed,1,IT,8.69,2,0.05627377734468592,0.6279925816588413
Not Placed,0,ENTC,6.72,0,-1.6449914162694383,0.25205078030929184
Not Placed,0,CSE,6.95,0,-3.115913957729234,0.40735723564243403
Placed,1,ECE,8.03,2,0.8643413743749263,1.832215350785205
Not Placed,0,Mechanical,7.7,2,0.20664782429473336,0.7815760510170144
Not Placed,0,IT,7.2,0,-2.3001419977099764,0.4924527658568264
Placed,1,CSE,6.61,1,0.3906345528389829,-1.708712881375922
Not Placed,0,IT,7.96,0,-2.3224724693732703,0.41443581921358796
Placed,1,IT,8.25,2,0.3959772374123391,1.5146588663517329
Placed,1,Civil,8.12,3,1.2372227047279176,-0.03770237072471528
Not Placed,0,ENTC,7.72,1,0.35501928560272233,-1.110278628970015
Not Placed,0,CSE,6.8,0,-3.6621356399251614,-0.3463996539940985
Placed,1,ECE,7.97,2,0.43246440905047856,0.14320071224589154
Placed,1,Mechanical,7.9,2,0.8949314627013754,1.7658414833815732
Not Placed,0,CSE,6.58,1,1.0578106855017195,-1.8988076952502047
Not Placed,0,IT,7.44,1,1.3852490782123401,-1.1392545755313468
Placed,1,ENTC,8.01,3,2.4610549700805255,-1.7635513300768075
Not Placed,0,ECE,7.63,0,-1.6551834273989714,0.039812079225241985
Not Placed,0,IT,6.03,0,-4.306815566174137,-0.7532937784480619
Placed,1,CSE,7.16,3,2.1351854732884377,-0.7777314707928807
Not Placed,0,IT,7.1,1,0.2246245699021052,-0.7453456777432831
Placed,1,ECE,8.18,3,2.9331910069107314,-1.5610554205401626
Placed,1,ECE,9.91,3,5.573169247962164,0.17211892632888454
Not Placed,0,CSE,7.81,1,0.7424936030929504,-0.6428656450166623
Not Placed,0,ENTC,6.68,2,-0.06107241015682774,1.0389434155212958
Not Placed,0,CSE,7.56,0,-1.8175272006895893,-1.4032978807804848
Not Placed,0,ECE,7.71,0,-1.5441088591494594,1.02861052092713
Not Placed,0,ECE,8.34,0,-3.287517441055898,0.04115383562117907
Not Placed,0,CSE,8.76,2,0.2305070794570812,1.1749992578684305
Placed,1,CSE,8.88,1,1.2189359970167433,0.17689402442818175
Not Placed,0,IT,8.16,2,-0.40631744537623254,0.447441497246355
Not Placed,0,ENTC,7.7,0,-1.331813507568491,-0.008080607948578894
Not Placed,0,ECE,8.96,0,-2.016620716174871,1.5318258249757466
Not Placed,0,CSE,7.4,2,0.38051917461274287,0.12874556952224314
Placed,1,Civil,7.75,3,2.02191900305067,-0.8230261379485627
Not Placed,0,ENTC,7.49,2,-1.1558059437180959,0.6248069896206204
Not Placed,0,IT,5.89,0,-4.677837835014307,-1.5809171783440361
Not Placed,0,IT,8.78,2,-0.6370607150242322,1.8455742353498776
Placed,1,CSE,8.27,2,0.18688513455381883,1.9029576987550687
Not Placed,0,IT,5.69,0,-2.84230955486883,-0.6771823477272949
Placed,1,Civil,8.55,1,1.1787537385823272,-0.8430318552637539
Placed,1,ECE,7.44,3,1.3903855872562154,-0.211891097198516
Placed,1,IT,8.54,2,0.015515383392971878,1.3071940755908054
Not Placed,0,CSE,7.76,0,-1.6683018005686752,-0.6536038814165995
Not Placed,0,CSE,6.55,0,-3.557105634778714,0.08578970613878546
Placed,1,CSE,7.72,3,1.1556053580730725,-0.41322771379498285
Not Placed,0,CSE,6.94,0,-2.551034232278695,-1.6793283306733486
Not Placed,0,ENTC,6.66,0,-2.621234592202026,-1.548269467335158
Not Placed,0,ECE,8.44,3,2.3898452704903503,-1.2158522777156113
Not Placed,0,Mechanical,8.03,2,0.582343311364874,1.421273773437405
Placed,1,IT,8.97,3,3.8599462635970685,-1.3505335028427232
Not Placed,0,CSE,7.36,1,1.0379043480075434,-1.1898754549670418
Not Placed,0,ENTC,6.88,0,-2.2240110809764255,-0.7321292515097214
Not Placed,0,CSE,8.24,2,-0.5828497884546082,0.7128638155851852
Not Placed,0,CSE,6.99,1,-0.864695432046039,-0.6659909091506557
Not Placed,0,Civil,7.44,1,0.2538669894564783,-2.264379031727264
Not Placed,0,ENTC,8.15,0,-1.4732740841501197,1.4407459774806388
Not Placed,0,Mechanical,7.59,0,-1.395404716978378,0.0017594030805648238
Placed,1,CSE,7.28,2,-0.9162358449229027,1.6019771225622568
Not Placed,0,ECE,6.51,0,-1.3005399334448406,-0.019574248601379053
Placed,1,CSE,8.5,3,1.5952821327058262,-0.8557951295025291
Not Placed,0,CSE,7.39,1,0.29513698114441417,-0.07642546577165837
Placed,1,IT,8.23,3,1.6950235785043544,0.08878122255690461
Not Placed,0,ENTC,8.11,2,-1.3826002022087678,1.9264055909406643
Placed,1,CSE,8.63,2,1.4823814232664105,1.5895991769096036
Placed,1,ECE,7.5,1,0.5383850035419064,-0.14936306195978027
Placed,1,Mechanical,7.4,2,-0.213202858084041,0.30850486701276225
Not Placed,0,ENTC,6.76,0,-1.9367468719461653,1.78534897354887
Placed,1,IT,7.24,1,2.005307746182832,-1.9898169153072727
Placed,1,ECE,7.99,3,3.393440777337059,-1.1914332679949065
Placed,1,CSE,7.01,1,-0.07480678705514833,-0.9791835610827938
Placed,1,CSE,7.97,2,0.332734445420104,1.8783422825724014
Placed,1,IT,8.95,2,0.07209710614253599,0.46223824097150346
Not Placed,0,ECE,7.32,1,0.4615621387998502,-0.8160059243354494
Not Placed,0,ENTC,6.58,0,-3.559997457003892,0.5708613666786176
Not Placed,0,Civil,7.35,0,-2.725224277550773,0.2041685921953279
Placed,1,CSE,6.49,1,-0.5957941250990233,-0.7931797541092134
Placed,1,CSE,8.83,3,2.611724374422901,-1.390693567515463
Placed,1,IT,7.77,3,1.673716599181592,-0.6010475441157996
Not Placed,0,Civil,7.08,1,-0.10260035101711407,-1.7916980945885743
Not Placed,0,ENTC,7.22,0,-2.921342021867273,1.9607545777888573
Not Placed,0,Civil,6.7,0,-3.6238296999896096,-0.034497229907283974
Placed,1,CSE,8.56,2,0.8054081472472602,2.3182974182556415
Placed,1,IT,9.26,3,5.897634089902608,-1.0636285711106686
Placed,1,CSE,6.43,0,-2.218107515459968,1.3731873905035934
Placed,1,CSE,8.59,3,1.6375367935195169,0.6739200925906835
Placed,1,CSE,7.49,1,0.9576041627399297,-0.09291645386830999
Placed,1,IT,8.78,2,0.9567231888423262,1.5705044793363494
Not Placed,0,IT,6.14,0,-3.0170862665047813,-1.0698259438861475
Not Placed,0,CSE,7.89,0,-1.9904811812396799,1.8040164111630022
Not Placed,0,Mechanical,7.35,1,0.5304264195513189,0.20483395057159787
Placed,1,ECE,8.26,2,0.9608532867667527,1.343818737194721
Not Placed,0,ENTC,7.75,3,2.1412628093587305,-1.4563637699932708
Placed,1,CSE,7.72,2,-0.2636310232048382,0.0034297263045288467
Not Placed,0,ENTC,7.61,0,-1.2807083493130924,-1.1220256651610496
Placed,1,CSE,9.03,2,-1.0448390770660858,2.5679075352882985
Placed,1,IT,7.55,1,0.015771539576690613,-0.8734097942664827
Placed,1,CSE,8.43,3,2.352199562836002,1.1679325967932146
Placed,1,IT,8.23,3,2.756817083984548,-0.07280223411393973
Placed,1,Mechanical,8.46,2,-0.6259596639690203,0.4303138423831536
Placed,1,ENTC,6.84,2,0.1596364248717668,1.0368712215040699
Placed,1,CSE,8.3,3,2.1132323322287894,0.6431388055626359
Not Placed,0,ECE,7.99,0,-1.5379945948771363,-0.012290934860262231
Not Placed,0,CSE,6.69,0,-2.4072778966627606,-1.0078460434266656
Not Placed,0,IT,7.52,0,-1.7902679561478376,0.345011788021369
Placed,1,ECE,9.65,2,1.4770635369929295,3.6612149854237965
Not Placed,0,ENTC,7.37,1,-0.9649886921767964,-1.0568053728236053
Not Placed,0,ENTC,7.39,2,-0.7316071014653934,1.0003097229126452
Not Placed,0,IT,8.08,1,0.31052964113813863,-0.4792619823987495
Not Placed,0,CSE,7.24,2,0.32589949993547634,0.23054282537276935
Placed,1,IT,7.82,3,1.5216328873924687,-0.28186886128280564
Placed,1,IT,7.32,1,-0.13399417080682519,-2.0968973552729424
Not Placed,0,IT,8.04,2,0.11107914221826143,1.8790067234371808
Not Placed,0,IT,7.65,1,-0.7961223798503865,-0.06529779660637382
Placed,1,CSE,9.36,2,-0.26322261113115186,1.3176819167644769
Placed,1,CSE,7.74,1,1.0462732462080069,-1.5096393761632685
Placed,1,ECE,7.51,1,1.1827185479371318,-0.4867305830797032
Placed,1,CSE,8.58,3,2.959227854894087,1.0712409322463796
Not Placed,0,IT,6.52,2,0.2783659399061924,0.7837822666684807
Placed,1,Civil,9.14,2,1.3015712016691614,2.2495630212006112
Not Placed,0,Mechanical,6.86,0,-3.232536165397941,-1.5816286675206894
Not Placed,0,IT,8.71,2,-0.9455048311244145,0.6384138522499695
Not Placed,0,CSE,8.94,2,-1.3053930731934795,2.8471220629796745
Placed,1,IT,7.25,1,0.8228673313060872,-0.9706352154961484
Not Placed,0,Civil,7.33,1,0.15918855671818616,-1.3186126512863061
Placed,1,CSE,7.61,3,3.7685374434475274,-1.756039621685759
Not Placed,0,IT,8.23,2,0.7788757156971324,0.30467758453196403
Not Placed,0,ECE,6.85,0,-1.7755933090066658,-1.4954083217688434
Placed,1,ECE,7.61,1,0.29624714238836564,-0.1494382902546002
Placed,1,CSE,7.43,2,0.8968562125460012,0.5199128477986565
Not Placed,0,CSE,6.72,0,-1.799437359948219,0.1539685513861808
Not Placed,0,CSE,6.81,0,-1.8158936440884843,-0.74978609185324
Placed,1,CSE,7.81,3,1.701374539936012,0.01294667482872874
Not Placed,0,CSE,7.79,3,2.3045156986143502,-2.5514342125865546
Not Placed,0,ENTC,7.05,0,-1.6327908694711033,0.7640117077453278
Not Placed,0,ENTC,7.77,1,0.4360310034576911,-0.7048041479101222
Not Placed,0,ECE,7.15,1,-0.0528947204827503,-1.180360747565949
Not Placed,0,ECE,8.81,2,0.4969999833196766,0.3453697977039776
Not Placed,0,CSE,7.61,3,2.398444680877687,-1.2578261600155674
Placed,1,CSE,8.63,3,3.7734371927745944,-2.4588338379659773
Not Placed,0,ECE,6.26,1,-1.2023825144485163,-1.1503888693660145
Not Placed,0,IT,7.97,0,-1.4615048983649108,-0.14994557942932563
Not Placed,0,IT,8.21,0,-2.5545714317413886,0.06469107423802578
Not Placed,0,IT,7.58,1,-0.27325860434307475,-0.6365623433760939
Not Placed,0,ENTC,7.24,1,0.6836898867318797,0.30995840247185336
Not Placed,0,ECE,7.57,2,-0.3597229155959337,0.37309940604966524
Placed,1,CSE,8.33,1,1.0883886582676123,-0.4671779592309807
Not Placed,0,CSE,6.67,3,1.8234359745875859,-1.6814958161372033
Not Placed,0,ENTC,8.3,1,0.8692765705622589,-0.7769982598978352
Not Placed,0,IT,7.97,2,0.7840183922311097,0.8540377637226075
Not Placed,0,CSE,7.48,0,-2.1901320881896322,0.9449598238966677
Not Placed,0,ENTC,7.51,1,0.79988176948719,-0.3857989326491319
Not Placed,0,ECE,7.75,2,-0.037723539294636205,1.315235916683442
Placed,1,CSE,9.11,3,1.8913472720298161,-0.20756160646808824
Not Placed,0,CSE,8.0,0,-1.6688588111701161,-0.2542561518003744
Not Placed,0,Civil,6.9,1,-0.3900815986809647,-0.7564732204826452
Placed,1,CSE,7.33,1,0.20997276049271327,-0.9122041850366054
Not Placed,0,Mechanical,6.73,0,-2.8166977727120526,0.11947804806224543
Not Placed,0,ENTC,6.09,0,-1.5329104228875459,-0.05951700579122669
Not Placed,0,Mechanical,6.71,1,1.0418811117521078,-1.7122020808993
Not Placed,0,IT,7.8,1,-0.8883708788631481,0.21342144760951223
Placed,1,CSE,8.78,3,3.1740370180523025,1.8923822822519232
Not Placed,0,CSE,8.55,3,1.5076304410538766,0.5818490470557016
Not Placed,0,CSE,6.72,1,-1.3905427790522011,-2.0839093067419916
Not Placed,0,CSE,7.02,2,0.7378202284140094,0.09894005286476268
Placed,1,CSE,6.9,0,-1.3940649996469454,0.23540811451481802
Not Placed,0,CSE,5.51,0,-4.2872704872186285,-0.303755636678093
Not Placed,0,ECE,7.56,1,0.4036018844127631,-0.16356111635526793
Placed,1,CSE,8.38,2,1.7068035495122469,1.6387488085320268
Not Placed,0,CSE,7.49,1,-0.41356099925525824,-1.720573306359125
Not Placed,0,CSE,6.62,1,-0.6359655472971936,-0.5379478444671614
Placed,1,ECE,6.98,2,-0.9031101370773392,1.3270352928809133
Not Placed,0,IT,7.42,2,-0.24944025905453587,0.35582056155869296
Not Placed,0,ENTC,8.35,2,1.156261347871422,0.6978632778519478
Not Placed,0,CSE,7.54,1,1.2949386056950298,-1.1085178289129918
Placed,1,CSE,8.24,3,2.563382091666802,-0.08837029936833374
Not Placed,0,ENTC,7.63,2,0.9489644638164897,0.5595483700471207
Not Placed,0,CSE,7.9,2,0.768781120139185,2.5079956238542853
Not Placed,0,ECE,6.9,2,-0.42705357466140076,0.37520072441756536
Not Placed,0,Mechanical,7.12,1,-0.7959248569824621,-0.8812698800739626
Not Placed,0,IT,6.63,1,-0.3858382151987032,-1.2065266437548494
Not Placed,0,CSE,8.21,3,2.016756052975111,-1.5946746469735096
Not Placed,0,Mechanical,7.45,0,-3.4866401757252454,0.027425236220246486
Not Placed,0,ENTC,5.0,0,-2.938586130194407,1.1900793805999619
Placed,1,ECE,8.11,1,2.1990250580063386,-2.5733411480685078
Placed,1,CSE,8.53,2,0.21459542534026319,1.4779825649208826
Not Placed,0,CSE,7.01,0,-1.77771846256347,-0.08451395315553045
Placed,1,Mechanical,8.11,3,1.489607038493559,-1.2375223466866239
Not Placed,0,ECE,7.52,1,-0.07951109396948357,-0.7240574265967408
Not Placed,0,CSE,5.9,0,-2.198385595324173,-1.6447269672562286
Placed,1,IT,9.36,3,2.902921651392642,1.7132508901859598
Not Placed,0,ENTC,7.53,1,-0.3674821356209557,-0.31021807745325597
Not Placed,0,CSE,7.87,1,0.01601661831524108,-1.1180964505035473
Not Placed,0,Civil,7.17,2,0.24197415667731478,0.07344362975663858
Not Placed,0,CSE,7.45,2,-0.13395539586581537,1.31417383040812
Not Placed,0,CSE,7.84,2,-0.0740855418361331,1.141326422510383
Not Placed,0,CSE,6.81,0,-2.03563207900567,-0.43223155631709137
Placed,1,CSE,9.14,2,1.8777093272849739,2.9201720718350286
Not Placed,0,CSE,8.41,1,0.471463595807545,0.13032487931012438
Not Placed,0,IT,8.14,0,-2.468994837939792,0.06381142947602063
Not Placed,0,CSE,7.58,1,0.2706863838976539,-1.6730847665168591
Placed,1,IT,7.05,2,-0.24182610032428148,1.0944508639501183
Not Placed,0,ENTC,8.58,3,2.5370289260865277,0.24068362474942104
Not Placed,0,CSE,8.22,2,-1.2876571042527114,1.698232256727453
Not Placed,0,CSE,7.36,2,-1.3015183700024116,2.060418280549273
Not Placed,0,ECE,6.78,1,-0.012831667343932096,-1.321724639139305
Not Placed,0,IT,6.36,0,-3.700634545412956,-0.832732739474376
Not Placed,0,CSE,7.72,1,-0.32699178997861517,-1.2778523372782638
Not Placed,0,ENTC,7.49,1,-0.1483646329870756,-1.2075661786372622
Placed,1,ECE,8.71,3,3.904734297727294,-0.889812256045114
Not Placed,0,CSE,8.54,2,0.895524603183786,0.7234767392845163
Not Placed,0,ENTC,7.73,1,-0.06095606773460439,-0.06842318338417558
Not Placed,0,Civil,7.63,1,0.06679311630105607,-1.9509937582068282
Not Placed,0,ENTC,6.72,0,-2.0356800762929796,-0.46481465129186655
Placed,1,CSE,8.6,1,0.003589280336467569,0.3764335160988662
Not Placed,0,ECE,7.65,0,-1.6513443613812357,-0.4429782783294676
Placed,1,CSE,8.21,3,2.181317390224293,2.0115792296606747
Placed,1,CSE,8.7,3,2.475509638143327,0.5542667762591964
Not Placed,0,CSE,7.22,0,-2.450201611400503,-0.9242991493740275
Not Placed,0,ENTC,7.0,2,-0.8045745929130776,1.671832636352037
Placed,1,CSE,9.8,3,3.2302288096789993,2.0731634875435803
Not Placed,0,Mechanical,8.21,2,-1.0581688474194566,2.106753396581673
Not Placed,0,Civil,7.46,2,0.31690408588157654,0.14290287639468094
Not Placed,0,CSE,8.75,0,-1.157648393168425,0.23098146441270256
Not Placed,0,IT,7.44,0,-2.6636758534331206,0.8590049443886867
Not Placed,0,Civil,7.98,2,0.7467180213335091,1.0916301977435223
Not Placed,0,IT,7.22,1,0.6134869208091961,-1.4454804961234928
Placed,1,ENTC,7.69,1,0.324840794330902,-0.691876301997611
Placed,1,IT,7.47,2,1.6426249785549658,1.1190605090265746
Not Placed,0,CSE,7.06,0,-1.9522880872702244,-0.8879197758558217
Placed,1,CSE,7.91,3,2.5137041241272815,-1.930849814814922
Not Placed,0,CSE,7.16,0,-1.2164182353122683,-0.1340878518208205
Not Placed,0,Mechanical,8.19,2,-0.16584839029526527,1.204147948053709
Placed,1,IT,7.44,3,2.287055765979661,0.02318921659991513
Placed,1,IT,6.24,2,0.055729100486363904,0.31949687682176525
Placed,1,ECE,8.23,3,3.606005260061059,-0.6013592629169342
Placed,1,Civil,8.24,3,3.230123517647858,-2.031242115384626
Placed,1,CSE,9.62,2,1.3215815774465816,1.8357933095959154
Not Placed,0,ENTC,7.72,0,-2.126182650845584,0.5123168524085477
Not Placed,0,IT,7.86,2,-0.5843499678252704,1.1810625537054487
Not Placed,0,ENTC,8.11,2,-1.32950450910119,3.299022416948518
Placed,1,ECE,8.57,1,0.8453875871465601,0.005058306632496671
Placed,1,Mechanical,8.51,3,3.160624846548774,0.2699114083550029
Placed,1,ECE,7.97,2,0.7403905750647353,0.3289977795261899
Not Placed,0,Civil,7.67,1,-0.4736935932875097,-2.614485133121825
Placed,1,CSE,8.42,1,1.1084068084068177,0.07282126519025758
Placed,1,ENTC,7.64,1,1.7688941392116155,-2.073782600851271
Not Placed,0,ECE,6.6,0,-1.387477466420804,-1.0530922020689397
Not Placed,0,CSE,6.42,0,-2.3465063808800144,-1.0073935970780488
Not Placed,0,Mechanical,7.45,0,-1.920396341857287,-0.7439122713330331
Not Placed,0,ENTC,7.8,1,1.1920672620557553,-2.736593247636491
Placed,1,Mechanical,9.8,2,1.9371698492694482,3.2763611158929895
Not Placed,0,CSE,7.6,3,2.2070549466109943,-2.7421437967464484
Not Placed,0,ENTC,7.74,0,-0.8832025395936656,0.09960808121164041
Not Placed,0,CSE,7.36,0,-1.8410966644005078,0.1335324018606033
Placed,1,Civil,8.23,1,1.390419426443292,-0.8765277022222469
Not Placed,0,IT,7.94,1,0.32652682896225077,-0.86860727719329
Not Placed,0,ECE,7.16,0,-3.343516444255321,0.50009403305303
Not Placed,0,IT,6.84,1,0.864347983910863,-1.068351869647189
Not Placed,0,ECE,7.36,0,-2.666815338940315,2.0167229385935883
Not Placed,0,CSE,6.98,3,2.014939828325518,-1.5458635227369366
Not Placed,0,Mechanical,7.5,0,-2.7500203312497375,0.3886491545865539
Placed,1,Mechanical,7.82,1,0.36654066513364547,-0.45917262938372305
Not Placed,0,CSE,7.27,1,-0.282895546664037,-1.4470308622614512
Placed,1,ENTC,8.94,3,2.3303617156388023,1.2433399189976264
Placed,1,ECE,8.69,2,-0.44553569538763077,2.817141923086384
Not Placed,0,CSE,7.5,1,0.029676366834138088,-1.1198333130642626
Not Placed,0,CSE,6.88,0,-2.2588561184929374,0.3661933660927007
Placed,1,IT,7.67,1,-0.042467965693128794,-0.05334217903981584
Not Placed,0,IT,7.59,0,-3.4550554579106088,0.5199098411450742
Placed,1,CSE,7.65,1,0.5951882990310473,-0.3228139718653633
Placed,1,CSE,7.36,1,0.5765800890413799,-1.3566872158787482
Not Placed,0,CSE,6.81,0,-1.1708897831402763,-0.40315026717156005
Not Placed,0,Civil,7.73,1,-0.5376320114488949,-0.8286906977216366
Placed,1,IT,7.4,1,1.01573660494705,-0.34536641224192177
Not Placed,0,Mechanical,7.48,2,0.6857352693117155,0.5398002146688805
Not Placed,0,ENTC,7.78,2,-1.517218780757445,2.127493316338679
Not Placed,0,ENTC,7.64,0,-1.5550032410719568,0.6193920559522949
Not Placed,0,CSE,7.76,1,-0.7419380353183841,-1.1394195449615654
Not Placed,0,IT,7.36,1,-0.5161529735673742,-1.309858744703578
Not Placed,0,Mechanical,8.01,1,-0.5751069548058462,-0.6435273359565697
Placed,1,ENTC,7.09,2,0.14148980043196654,1.1827773077625725
Not Placed,0,ENTC,6.78,1,-0.3578851614729894,-2.358104343915844
Not Placed,0,CSE,6.94,0,-2.4446498599481257,-2.014178712740161
Not Placed,0,CSE,7.12,2,-1.5983592715702466,1.968950956980242
Not Placed,0,CSE,6.61,1,-0.9348159549019436,-1.8209058724659593
Not Placed,0,ECE,6.26,1,-0.5533520584380993,-2.7107369240353107
Placed,1,ENTC,8.13,2,1.6440483013048621,2.89376698972517
Placed,1,IT,8.78,2,0.5773989494292705,1.5195587196579095
Not Placed,0,IT,8.17,1,0.2827039079691339,-0.8919342720672533
Not Placed,0,IT,7.29,2,-1.1350430208939204,0.7866860289395369
Not Placed,0,IT,6.24,0,-1.6684198743260203,-1.5742456075239781
Not Placed,0,CSE,7.86,0,-2.6067100199040865,1.6344871260300335
Placed,1,IT,6.33,2,-0.4393403562707086,0.8556056223750249
Not Placed,0,CSE,7.63,2,-0.2341042740988837,0.8989707232155221
Not Placed,0,ECE,7.02,1,0.5844140705755982,-0.6400292720891718
Not Placed,0,ENTC,5.76,0,-3.2476512854128186,0.9980049177764165
Not Placed,0,CSE,8.96,2,-0.6944128559362851,0.5673583182829116
Not Placed,0,IT,6.63,1,-0.36321575048280647,-0.570048580284265
Not Placed,0,ENTC,7.4,3,2.4560002638900094,-0.11549810408350894
Not Placed,0,CSE,7.59,2,-0.5941763272404178,1.006188531899562
Not Placed,0,CSE,7.3,0,-1.2359662226907735,-0.5425691116834064
Placed,1,CSE,8.09,0,-1.3274024696020794,-0.1781708644531482
Not Placed,0,Civil,7.07,2,0.28534887214917937,-0.035922871726471184
Not Placed,0,CSE,8.02,0,-1.5325475440890828,-0.0741533317666301
Not Placed,0,Civil,7.97,0,-2.4349149207521235,-0.21745547526926742
Not Placed,0,CSE,6.53,1,-0.9801665099364456,-2.338636554978806
Not Placed,0,IT,7.9,0,-1.2534562945980132,-0.49933523716904776
Placed,1,IT,6.8,1,0.9979793755963796,-1.5338361818442554
Not Placed,0,ENTC,6.71,1,-0.5880823570312091,0.37045987300592526
Placed,1,CSE,7.95,1,0.9151198363629408,-1.4423325358023653
Not Placed,0,ECE,7.35,2,-1.132259962935112,0.9815199521649519
Not Placed,0,Civil,8.02,3,1.6798984925632354,-1.107854462257762
Placed,1,CSE,8.02,2,0.3701805757226078,0.7006384822494922
Not Placed,0,IT,6.49,0,-4.099463400788818,-0.5628453282802639
Placed,1,ECE,8.33,2,0.4919433656589982,1.4478773556845803
Not Placed,0,IT,7.94,2,-0.41478882210430745,1.266520683068682
Not Placed,0,ECE,7.2,0,-1.57883575307463,-1.4457126026748117
Not Placed,0,Mechanical,7.58,0,-2.703272714761722,-0.4802224177625552
Not Placed,0,CSE,8.35,0,-1.8351531247583497,-0.14919733394910556
Placed,1,CSE,7.43,1,-0.1466908272061381,0.3406833695153283
Placed,1,CSE,9.5,3,3.129356385129085,1.7680042402190925
Placed,1,IT,8.97,1,1.150993169174878,0.4130596764679716
Not Placed,0,CSE,7.8,1,-0.6222182054920056,-0.6403867784889233
Not Placed,0,CSE,7.51,1,0.1995128448578502,-0.3609532743020679
Not Placed,0,CSE,7.54,2,-1.0741281962235967,2.058070499659958
Not Placed,0,IT,7.19,3,1.87263420752628,-1.9504914619410092
Placed,1,ECE,7.81,3,4.02702748044841,-0.814686549732896
Not Placed,0,CSE,8.28,2,-0.5870127765500132,1.0967596218772842
Not Placed,0,CSE,6.55,1,-1.0838365607818075,-1.9115707740774965
Not Placed,0,Civil,8.25,1,0.7390546982248001,-0.20688374984757157
Placed,1,IT,8.49,2,0.4557168022892427,1.5333392830065624
Placed,1,IT,8.19,3,2.3923794627484223,0.33383770401330276
Not Placed,0,Mechanical,7.59,0,-1.923547359766965,2.1014889766893803
Not Placed,0,IT,8.15,2,-0.21023169878842732,1.4469115661987906
Placed,1,Mechanical,8.8,3,2.803081750125839,2.431571702818762
Placed,1,ECE,7.65,3,2.26959329680488,-1.1503074088351648
Placed,1,CSE,7.72,3,1.6186032327733966,0.10622199216445757
Placed,1,CSE,9.51,2,1.732813577900918,1.4579548454923026
Placed,1,CSE,7.96,2,-0.38074607061141563,0.8430959912392407
Not Placed,0,ENTC,6.84,0,-1.6172991461060642,0.8268030511365023
Placed,1,IT,8.44,3,3.036048006388555,-0.9363576027677184
Not Placed,0,ENTC,8.04,1,0.5505996229382351,-1.2181419577771213
Placed,1,ENTC,7.14,3,5.151054962692859,-2.006733698506106
Placed,1,ECE,6.76,1,0.8786559440739519,-0.38109296479250493
Placed,1,IT,7.9,3,2.398036249265971,-1.023213748244182
Not Placed,0,ENTC,7.65,2,-0.2406467155111411,0.33324847066925706
Not Placed,0,ECE,6.64,0,-3.075942524192964,-0.031682159118715414
Placed,1,IT,7.62,3,4.050265387043972,-1.583909247980919
Not Placed,0,Mechanical,7.57,0,-1.8461019324186727,0.7967146064042163
Not Placed,0,IT,7.65,1,-0.653890198939241,-1.4815484594933377
Placed,1,Civil,8.12,2,1.2293160361537059,1.9520099495847643
Not Placed,0,IT,6.2,0,-3.6892409673068687,-1.2134397843363742
Not Placed,0,CSE,6.75,0,-1.5102425912875022,-1.3675727845314
Not Placed,0,ECE,7.29,1,-0.8159528820157225,-0.6823945967815124
Placed,1,IT,8.83,2,0.44773613232209747,3.9636217359857935
Placed,1,IT,9.71,2,1.1263765765472242,3.287530131448683
Placed,1,IT,7.7,1,0.9553713131004513,0.3826242174875889
Not Placed,0,ENTC,7.74,0,-1.9382786612125482,-1.426719540717778
Not Placed,0,IT,5.62,0,-3.931529524716692,-1.2946052636701848
Placed,1,ECE,8.47,2,-0.3119902744938431,1.2003368318563605
Placed,1,ECE,8.08,2,0.055275648762002416,1.0583265710554555
Placed,1,CSE,7.94,1,-0.2976237596022256,-0.7372936444996028
Not Placed,0,CSE,6.64,0,-3.2768593421390575,-0.9024131140423368
Placed,1,CSE,9.38,2,1.584056967716086,2.1531548328083665
Placed,1,Civil,8.99,3,2.0948611647480453,1.594244170096353
Placed,1,ENTC,7.95,3,1.8361945255026948,1.054469088249776
Not Placed,0,Mechanical,8.54,1,-0.7490554426818496,-0.2706495021216329
Not Placed,0,ENTC,7.74,0,-1.710743936491422,0.009728641450300751
Not Placed,0,ENTC,8.4,3,1.6817223045732879,-0.13971935236844055
Not Placed,0,Civil,6.59,1,-0.47255427367880104,-1.1390318303217555
Not Placed,0,CSE,5.77,0,-1.446872638782551,-0.8061906064470924
Placed,1,Mechanical,6.62,3,1.3226466527851313,-1.091022537812237
Placed,1,IT,7.01,1,-0.6907930062799049,-1.71137156707679
Not Placed,0,IT,7.15,1,0.13406167026852236,-1.3808499643021404
Not Placed,0,CSE,8.08,0,-2.23562430254085,0.6805709596594072
Not Placed,0,CSE,7.48,0,-1.7870056295660284,-1.1215794280093612
Not Placed,0,CSE,7.68,2,-1.7669682680252081,1.9360808512503604
Not Placed,0,CSE,6.69,1,-0.1181761393523851,-2.891573733550017
Not Placed,0,CSE,6.62,0,-1.510905850397016,-0.1724777300778782
Not Placed,0,Mechanical,7.73,0,-1.456673442169848,0.3967451863587528
Placed,1,CSE,7.24,1,0.29340054550869166,-0.2525995354780842
Placed,1,CSE,7.7,3,2.2600761293459866,0.5611173779061358
Placed,1,ECE,8.16,3,2.702708625315917,0.4444962957667943
Not Placed,0,ECE,9.09,3,1.261651943942074,-0.5211324467985435
Not Placed,0,ENTC,7.68,1,-0.08303726881407772,-1.8313083414963829
Placed,1,CSE,9.24,2,0.8184851514575318,1.7163930723825371
Not Placed,0,IT,8.05,0,-1.7613956298169224,0.2697802544939928
Not Placed,0,Civil,8.29,1,-0.03230261983278544,-0.4500975254229713
Placed,1,IT,8.6,1,-0.13006411297767875,-0.20143250707424315
Placed,1,ECE,8.31,3,2.491002789427139,-0.1572590773507477
Not Placed,0,CSE,7.02,1,0.6081436397078247,-1.7720018297103937
Placed,1,CSE,8.62,1,-0.14044738214259522,0.00040357664408101855
Not Placed,0,ENTC,7.38,2,-2.125384709235011,2.8610897924392953
Placed,1,CSE,7.96,3,4.210438907370095,-3.081967744745629
Placed,1,IT,7.81,3,1.553937089814348,0.48073451438403025
Not Placed,0,ENTC,8.67,2,-1.2308654885327877,2.8182781138361355
Not Placed,0,IT,8.03,0,-2.6521988272169503,0.3908944643954092
Not Placed,0,CSE,6.52,1,-1.0303554115364766,-1.2886675916998303
Placed,1,CSE,9.48,2,1.9551480890063497,1.8874589864857707
Placed,1,CSE,8.41,3,2.5810390240327417,0.48910809899414326
Not Placed,0,ECE,7.23,0,-2.5715838206963566,-1.1610241379074402
Not Placed,0,CSE,6.73,0,-1.5546691464859206,-1.1507058359037856
Placed,1,CSE,8.51,2,0.007161970373507471,2.3792151231125565
Not Placed,0,CSE,6.83,2,-0.6872974747406985,0.817948770298937
Placed,1,Mechanical,8.38,3,1.8695083979182765,0.8921597751019685
Placed,1,IT,8.61,3,4.165779013728377,-0.9007805132000433
Not Placed,0,Civil,7.15,2,0.8802085579108142,0.533535215410656
Not Placed,0,CSE,7.07,1,-0.7613473607104552,-0.3390197131517458
Not Placed,0,CSE,7.3,1,0.2655050241361471,-1.6416850721852092
Placed,1,ECE,6.86,1,0.8015531849707832,-0.9448443777969951
Not Placed,0,CSE,7.9,0,-2.8532723910230637,0.3716026118099001
Placed,1,ECE,8.02,2,-0.1973515686035794,0.6826720528894911
Placed,1,Mechanical,8.32,2,0.7362168158363723,0.4227871410972336
Not Placed,0,ENTC,6.99,0,-2.0451378006245826,-1.2778239876642872
Placed,1,CSE,8.41,2,-0.18047342751773587,0.6684518121225139
Not Placed,0,ECE,6.86,0,-3.491158908837217,0.3061236455728598
Not Placed,0,CSE,8.41,2,0.9641944034610769,0.507006104318361
Not Placed,0,ENTC,6.44,0,-2.345449163764216,-2.743691108143587
Placed,1,IT,9.03,3,2.930166767691193,-1.2043497123960833
Not Placed,0,IT,7.26,0,-1.1778934706343966,-1.4808236385835187
Not Placed,0,CSE,8.21,1,-0.17907284405572585,-0.1463874865763683
Placed,1,IT,8.28,1,-0.7882120460729074,-0.5334830175973169
Placed,1,ECE,6.62,1,-0.9610058567121957,-0.650269050593655
Not Placed,0,IT,8.41,1,0.004024977290684084,-0.18771187478869017
Not Placed,0,IT,7.23,1,0.2791674080402805,-1.7283627919952824
Not Placed,0,ECE,7.44,1,0.7295123066144341,-0.5219798446189106
Not Placed,0,CSE,7.13,1,0.28004945838655243,-1.6925465278635925
Placed,1,Civil,9.07,3,3.9097020393406914,2.3012071526000186
Not Placed,0,CSE,6.71,1,-0.5022259743654122,-2.428072499119888
Not Placed,0,IT,8.07,2,-1.2494661069227675,1.9304046549751475
Not Placed,0,IT,7.17,2,-0.288481674285338,0.9188422520780644
Placed,1,CSE,8.63,3,3.1482852577904987,0.31027904845298204
Placed,1,IT,9.67,3,1.94178790131255,1.400066904782069
Not Placed,0,ENTC,7.16,2,-0.0557463037667137,0.15881221333468798
Placed,1,IT,7.82,2,0.24792069148261628,1.6317178447001461
Not Placed,0,Mechanical,7.37,3,1.1774936581488846,-1.207869608257874
Placed,1,CSE,8.58,2,-0.6744805545266306,3.6248037684904046
Placed,1,ECE,7.49,1,0.5274497061792308,-2.412994774503753
Not Placed,0,IT,8.47,2,0.6405955434602779,-0.0047608290316626
Not Placed,0,IT,7.36,2,-0.4668987253020581,0.4963239391441561
Placed,1,CSE,9.61,3,2.16180100740096,0.8689158507268878
Not Placed,0,CSE,5.84,0,-1.441449183470297,-0.609108830039555
Not Placed,0,CSE,8.02,2,-0.8777647725250374,0.7211640817589535
Placed,1,CSE,7.69,1,-0.06969124405367204,-2.0073643399581877
Placed,1,CSE,7.66,1,0.3970631699231335,-0.5581349888170297
Not Placed,0,Civil,7.94,2,-0.39278009757315124,1.285623301251593
Placed,1,CSE,7.75,3,3.070319918951923,-0.3895524702880911
Placed,1,IT,7.89,3,2.27196901942222,0.5862665799025746
Placed,1,CSE,8.05,2,1.4800105001720436,1.747545261060634
Placed,1,CSE,9.19,3,3.6420031050354065,0.10557424464195313
Not Placed,0,CSE,5.35,0,-2.621954268064851,-2.2924651822742432
Placed,1,ECE,9.27,3,4.668325052061869,1.802515597896314
Placed,1,ECE,9.88,3,2.8349915803798145,1.6224086820614307
Not Placed,0,ECE,6.21,0,-1.917097906602858,-0.5802005525061991
Not Placed,0,IT,7.74,1,-0.720352066379134,-0.9632989049027397
Placed,1,IT,8.87,2,1.4889776993701174,1.4451242867056824
Placed,1,ENTC,8.48,3,3.0072945943225426,-0.6685054696662387
Not Placed,0,IT,9.12,2,-0.16252902832224306,2.511693457960765
Placed,1,CSE,8.02,1,-0.15871864835314653,0.169796374703163
Not Placed,0,CSE,5.97,1,-0.1292806431485931,-2.8817480357639647
Not Placed,0,ECE,8.81,2,-0.509172601796384,0.8559416807422339
Not Placed,0,IT,8.24,1,-0.7713276134623706,-1.3236224575081108
Placed,1,Mechanical,8.95,3,2.596734471101488,0.06106411322211961
Not Placed,0,CSE,6.4,0,-2.5763990888630453,-1.7460064053244693
Not Placed,0,Civil,6.67,0,-1.2383947263022088,-0.9054987713933634
Not Placed,0,CSE,7.71,2,0.5271363112979088,2.646436919697862
Placed,1,ECE,8.83,2,0.06199397041326809,0.8302047275212178
Not Placed,0,CSE,9.07,1,0.38878906368084004,-0.13742231571591168
Not Placed,0,ENTC,7.08,2,-0.8891953724928167,0.8402727564357335
Not Placed,0,CSE,7.35,0,-2.5003760977601144,0.6392698287500216
Placed,1,Mechanical,10.0,3,4.401541886288315,-0.2532714729014684
Placed,1,ENTC,7.23,1,0.38176076274057846,-0.8834782859218975
Not Placed,0,ECE,8.27,2,-0.5153153670658256,0.6390452736789519
Placed,1,CSE,7.32,0,-0.9993898210798027,-0.2335121223594115
Not Placed,0,CSE,8.1,2,-0.37490097434268405,0.5793209772680681
Not Placed,0,Civil,6.96,0,-2.8334697602284304,-1.2488991711946367
Placed,1,Mechanical,6.99,2,-0.7544532653186814,0.9620339312062506
Not Placed,0,IT,7.38,0,-1.3724686584105856,0.8819321819777889
Not Placed,0,IT,7.24,2,0.4692898784864695,0.15685314245917548
Not Placed,0,IT,7.44,2,-2.1088554273683573,3.0386558257015617
Not Placed,0,IT,8.15,2,0.9675524193531945,1.2712790381388546
Placed,1,CSE,9.31,2,0.747773886280741,0.9780028114321733
Not Placed,0,ENTC,7.2,1,0.316798082258675,-0.5917629321179764
Not Placed,0,IT,6.86,0,-2.0027555525740772,-0.5502290938981874
Placed,1,Mechanical,7.71,2,1.11013072694959,0.6588481749784638
Not Placed,0,Civil,6.98,0,-2.196994716803278,-0.538310017208206
Not Placed,0,CSE,6.31,2,1.0192149924291978,0.3099205482410625
Placed,1,CSE,8.6,2,-0.5143486760451758,1.1268960889915223
Placed,1,CSE,7.77,2,0.11177139716425938,0.7608532300488495
Not Placed,0,IT,7.85,0,-1.0274086166075207,0.3037337884966055
Not Placed,0,ENTC,6.06,2,-1.0988188339873965,1.9526952981331624
Not Placed,0,CSE,7.2,1,0.2271809521735371,0.12132016994609962
Not Placed,0,IT,6.5,0,-3.3865667826260206,-0.056540621630884316
Not Placed,0,Mechanical,7.68,0,-2.254475406786405,-1.160697574666978
Not Placed,0,CSE,7.81,2,-0.982480479588814,1.218051365586332
Not Placed,0,IT,7.81,0,-2.1234503816702595,0.8718092193309852
Not Placed,0,Civil,7.13,0,-1.9343143611599949,-1.0622206767144147
Placed,1,IT,6.97,3,2.5112754421879164,-1.0723090136217126
Not Placed,0,IT,7.54,2,-0.36265134965393536,0.04989852198897281
Not Placed,0,CSE,8.0,1,-0.8651855269214668,-0.0767903176000149
Not Placed,0,CSE,7.21,1,-0.9742144702357838,-0.44425748955884176
Not Placed,0,CSE,6.9,0,-2.7615904991028652,1.6734244500420983
Not Placed,0,ECE,6.94,0,-2.196335772029948,1.512941414477465
Not Placed,0,CSE,7.14,0,-1.8065134202871849,0.17396552995813233
Not Placed,0,CSE,7.32,0,-3.1474259583483555,0.187041583110022
Not Placed,0,IT,6.77,1,0.2170192505768682,-0.7934098425650752
Not Placed,0,CSE,7.32,3,3.1308135461040196,-2.745862111977552
Placed,1,Civil,8.75,3,2.985444648615321,0.3671631872909499
Not Placed,0,ENTC,7.45,0,-1.7688151893155575,-0.5394492874848994
Not Placed,0,ENTC,6.65,1,-1.326331084547107,-0.744170254858888
Not Placed,0,CSE,5.78,0,-2.686859269090579,-1.8038507229986416
Placed,1,CSE,9.26,3,1.7890365659073912,0.3398168622348227
Placed,1,ENTC,8.67,3,4.256857476086871,-0.20421916177753888
Not Placed,0,Mechanical,7.94,2,-1.1717461516957388,0.9172514399878026
Placed,1,ECE,8.69,3,1.6868749241660943,1.132271520610592
Placed,1,CSE,8.15,2,1.2339553271381989,1.027528658627693
Placed,1,IT,7.64,2,-0.15444573415571067,1.511145431403729
Not Placed,0,IT,6.65,0,-3.0395610299757654,-0.198676121999115
Placed,1,IT,9.32,2,0.009959711564517639,3.624305340721405
Placed,1,CSE,7.33,1,1.3202924294694487,-3.9935677120242996
Not Placed,0,IT,7.37,3,1.5546575799617375,-1.0630229058647849
Not Placed,0,CSE,7.73,0,-1.9920353424557506,-0.22829379554972204
Not Placed,0,ECE,7.75,0,-2.545241532615126,2.5614564828653736
Not Placed,0,ECE,8.19,1,-1.092486684133597,-1.2945650057079603
Placed,1,CSE,8.09,1,0.2882598292484074,0.2015202302548252
Not Placed,0,CSE,7.21,0,-3.3311423479602333,-0.7683228593639656
Not Placed,0,CSE,7.72,1,2.024826005631857,-3.679187702183432
Placed,1,Civil,8.16,3,3.016054469619437,0.22630276426457951
Not Placed,0,CSE,7.14,0,-2.0738623978033255,0.509422493786637
Placed,1,Mechanical,8.93,3,3.354880021639581,0.09110868712774212
Not Placed,0,CSE,7.68,1,-0.6137641350735861,-0.6663377065852383
Not Placed,0,ECE,9.06,3,3.345550038140752,0.13058725380364225
Not Placed,0,CSE,6.52,0,-2.235005472738121,0.8906306485901416
Placed,1,ECE,8.26,1,0.10467661548670458,-1.5758769332309999
Placed,1,Mechanical,6.94,3,4.051579450962242,-0.8419168574480997
Not Placed,0,CSE,7.16,1,0.4383075781687332,-1.3752691836674422
Placed,1,ENTC,8.47,3,2.6115468015536574,-1.1778486353869126
Not Placed,0,Mechanical,7.51,0,-3.030115874868908,1.0021751095532028
Placed,1,ENTC,9.91,3,3.2078316690584754,0.9142947340935785
Not Placed,0,IT,8.14,1,1.7314761391612645,-1.1370177758001063
Placed,1,IT,7.11,0,-2.139819857889421,-0.31852121173004044
Not Placed,0,Mechanical,8.14,2,-0.6118815570448399,0.22620902653043992
Not Placed,0,ECE,7.5,1,-1.05515638731773,-1.0508053037692515
Placed,1,Civil,8.41,3,2.035157132905545,-0.6486398825481884
Not Placed,0,CSE,7.45,0,-2.2780035927670133,0.5684412259875796
Placed,1,ENTC,8.05,2,0.7861598555997897,0.09703743169499751
Placed,1,ENTC,7.87,3,2.2619727151988447,-2.321811593957709
Not Placed,0,Mechanical,7.77,1,-1.12474067536143,-2.6512226375311343
Placed,1,ECE,8.59,2,0.6006248335156487,3.610098290103811
Not Placed,0,IT,6.17,0,-0.8698765658587894,-0.23388788247945638
Placed,1,ECE,7.78,1,1.4478942215108461,-0.24226383441012161
Not Placed,0,ECE,7.1,0,-3.448872409746137,-0.24051517982461243
Not Placed,0,CSE,6.55,0,-2.2095412803031036,-1.5214973853224556
Not Placed,0,IT,6.99,1,-0.45818609308791464,-1.1483972345316544
Not Placed,0,Mechanical,7.17,0,-3.2674103759210107,-0.6378430422783244
Placed,1,IT,7.5,3,2.1830461146973645,-1.124709402059271
Placed,1,CSE,7.99,1,0.5230351849773817,-0.2198141635403905
Not Placed,0,ECE,8.16,1,-0.11752225655079139,-0.40781355286908716
Not Placed,0,Civil,7.35,0,-1.7870052997904358,-0.3412951374459378
Placed,1,ECE,9.05,2,1.1872348104543269,1.7318283833727162
Not Placed,0,CSE,7.38,1,-0.8891732731555536,-0.6886091043690654
Not Placed,0,IT,6.05,1,-0.44879315798646263,-1.3993726120903611
Not Placed,0,CSE,7.41,1,-0.6787104229518062,-1.3528454988416325
Not Placed,0,CSE,7.74,0,-1.6158704015079832,0.8847247859512355
Not Placed,0,ENTC,5.0,0,-2.8109091489295746,-0.4495164200262199
Placed,1,CSE,8.73,2,1.4589030762469986,0.8035515435365332
Placed,1,IT,7.62,1,1.5083106483039517,-0.7658387082428952
Not Placed,0,Mechanical,6.72,1,-0.2849580037711361,-0.5884435630341975
Not Placed,0,IT,6.88,1,-0.1192984324859715,-0.235224623979698
Placed,1,IT,8.35,1,0.18576555517605098,0.33760438386503894
Not Placed,0,CSE,8.45,1,0.8499673196638343,0.15111191150982772
Not Placed,0,IT,7.15,0,-1.878858810112056,-0.5250696024894695
Not Placed,0,IT,6.55,1,-0.23987465195040406,-1.0040313210845586
Placed,1,Civil,7.81,1,1.0431571650508715,-1.4007707863263335
Placed,1,ENTC,7.97,2,2.287603344216572,2.5643285962241067
Placed,1,ENTC,8.18,3,1.7151225802919488,-0.3371687060479244
Not Placed,0,ECE,7.22,1,0.8370620709877529,-1.428982479560329
Placed,1,IT,7.6,1,1.4233681937016838,-1.2215232836322598
Not Placed,0,ENTC,7.72,1,-0.48682998853553483,-0.4832106943001178
Placed,1,CSE,8.52,2,-0.2920411419447599,1.5884374587698737
Not Placed,0,IT,8.83,2,-0.765675660854421,0.2362079281832739
Placed,1,CSE,9.06,3,3.268580361734233,1.7802846251573339
Placed,1,CSE,8.81,3,2.1467779023642186,0.45248011163666985
Placed,1,IT,9.24,2,1.378175878106536,1.0003897813259603
Placed,1,CSE,8.56,1,-0.3129067346573112,-0.5318588942421795
Not Placed,0,CSE,7.2,1,0.04398476977263894,0.11339554049200033
Placed,1,CSE,9.0,2,0.1533092030017015,3.6487473510763304
Not Placed,0,IT,6.53,0,-1.8517800057230531,-0.7213655657007355
Placed,1,CSE,9.71,3,2.6337989493764282,2.093803890482039
Not Placed,0,IT,6.87,1,0.7139724619768605,-2.004405151549672
Placed,1,ECE,8.45,3,2.081204579145776,-1.190285553332088
Not Placed,0,CSE,8.93,0,-2.3148120812224335,1.0154320163312884
Not Placed,0,CSE,8.09,0,-2.6066397973890645,-1.0321882224649923
Placed,1,ECE,5.96,1,-0.4325939546254588,-1.841333062199051
Not Placed,0,ECE,6.89,0,-1.8933361354481408,-1.3243031028665353
Not Placed,0,IT,8.0,1,1.1028756910908417,-1.9350017649248052
Not Placed,0,CSE,8.24,2,0.32520142672141206,0.6955270018800626
Not Placed,0,ENTC,7.55,2,-0.3553684262739849,0.6203319268150608
Not Placed,0,IT,7.76,2,-0.2872033071052274,1.464153065558908
Not Placed,0,CSE,6.45,0,-3.9908290260514656,-0.9268140561311006
Placed,1,CSE,9.21,2,-0.2996514385910292,1.1321964922388996
Not Placed,0,ENTC,7.38,0,-2.13771570941843,0.25352835391010486
Placed,1,CSE,8.37,2,-0.5893585495815419,2.213232394268866
Not Placed,0,Civil,8.89,2,0.22661482815327505,1.4728500084827578
Not Placed,0,ECE,6.72,0,-2.6350185027013207,0.24338882438893372
Not Placed,0,CSE,7.81,1,-0.45653142914851624,-0.4809357358867142
Not Placed,0,CSE,7.94,3,2.2939297953832374,0.1334294398140735
Not Placed,0,ECE,7.48,0,-3.9460541386815247,-0.3604281518545135
Placed,1,IT,8.49,2,-0.4193310433169563,1.7214522251567588
Placed,1,CSE,7.13,2,-0.9176789400326723,2.452529130869726
Not Placed,0,CSE,7.75,0,-2.1169003414271477,1.420159734929918
Placed,1,ECE,7.38,3,1.933649834893912,-0.990256758553463
Placed,1,ENTC,9.68,2,1.0235511819090497,2.560154574549948
Not Placed,0,Mechanical,7.14,2,0.4747064213978666,0.8957071748107537
Not Placed,0,CSE,8.33,2,-0.8776809369164548,1.476808719221217
Placed,1,Mechanical,9.23,3,4.1572254731938605,0.23685648350242944
Not Placed,0,ENTC,6.92,0,-2.3860742224505906,0.17092253868262242
Not Placed,0,Mechanical,7.78,2,-1.3723275893734221,1.083889007856372
Placed,1,ENTC,6.86,1,-0.5280452641363748,0.16110111460425247
Not Placed,0,CSE,5.99,1,-0.008598751269783876,-1.8874434090444379
Not Placed,0,Mechanical,7.03,1,-0.8919108289865809,-1.5364253784792594
Not Placed,0,ECE,7.22,0,-1.8428710654126947,-0.967748221360622
Placed,1,ENTC,7.27,1,0.3209817466733051,-1.305401773631698
Not Placed,0,IT,7.45,1,-0.956739922459587,0.1396503031303798
Placed,1,IT,7.71,3,2.8745492667095185,-1.561476510007111
Not Placed,0,CSE,6.68,1,-0.539645640741493,-1.1740645095781101
Not Placed,0,CSE,8.0,1,-0.4996598951169673,-1.178916322238891
Placed,1,CSE,8.73,3,2.6575132039037483,1.281200018144127
Placed,1,Mechanical,8.83,2,-0.026277987047896054,1.0011593772845346
Not Placed,0,IT,7.48,1,-0.8747713884087724,-1.9118618189526282
Placed,1,IT,8.46,3,2.5621708089867496,-0.2356632486505332
Not Placed,0,CSE,7.12,1,0.8765815044528796,-0.5424706023457604
Not Placed,0,IT,7.41,0,-0.9204234913241846,0.34169122639542526
Placed,1,CSE,8.04,2,-1.6961948735111392,2.7886141066120094
Not Placed,0,ECE,7.42,2,0.7599487992513084,-0.02390520354102656
Not Placed,0,Civil,6.63,2,-1.2729651827994923,0.9800505627502965
Placed,1,IT,8.41,2,1.4477294013426987,1.7590359669026039
Not Placed,0,CSE,7.0,0,-2.942030689981295,0.6190923675273744
Not Placed,0,ENTC,7.26,1,0.3158826518002263,-1.59842421038477
Placed,1,CSE,8.6,1,1.1058296774715792,0.11946296070862053
Not Placed,0,ECE,8.16,1,-0.9680089349024222,-0.24557767594625252
Not Placed,0,ECE,7.85,3,1.751978295384832,-1.541279035578494
Not Placed,0,Mechanical,6.45,0,-2.8047684694617128,-0.7573397921757268
Not Placed,0,IT,6.71,1,0.5799759615833152,-4.197711062404349
Placed,1,Civil,8.04,3,3.4117123168069483,-0.4404543375919879
Not Placed,0,Civil,8.24,2,-1.1136587141691991,0.8024399588020397
Not Placed,0,IT,7.92,2,-0.4816952291281228,1.556395194295715
Not Placed,0,CSE,7.3,2,-0.6143135730782422,0.20834419050893918
Not Placed,0,CSE,7.27,2,-0.22104901236405983,0.688340539696614
Not Placed,0,CSE,7.88,3,1.7318043935402014,-1.4693543436003105
Not Placed,0,Civil,6.64,3,0.8150363210370889,-0.6296463439741429
Placed,1,IT,7.78,2,1.1900446149346766,2.643378576142561
Not Placed,0,CSE,6.52,0,-3.1667013887081614,-1.412314886381293
Not Placed,0,IT,6.81,1,-0.7363072663404093,-0.23470710557709112
Not Placed,0,ECE,7.85,1,0.5233698120283126,-1.1823408394949346
Placed,1,Mechanical,8.2,2,-0.8214430747689055,2.3766860932641465
Not Placed,0,ECE,7.99,1,-1.077594324821143,-0.15592268708317533
Not Placed,0,ECE,6.75,0,-2.1573718921933445,0.3591720918875459
Not Placed,0,IT,6.11,0,-2.247183040955419,-0.029371387210454014
Not Placed,0,ECE,7.69,1,0.1457400087009131,0.2193631460350416
Not Placed,0,CSE,6.09,0,-3.9068237281120606,-0.5777337777781117
Not Placed,0,CSE,8.5,2,0.7134793485213919,1.5705541947934945
Placed,1,ECE,6.78,0,-2.8093305642654123,0.3635952991478118
Placed,1,Civil,9.6,2,1.2922994152335747,0.6960199003886449
Not Placed,0,ENTC,6.88,2,-1.3249417678316793,2.494837772376285
Not Placed,0,ECE,8.09,1,-0.21703720995647593,-0.2511711223754281
Not Placed,0,CSE,7.07,1,-0.9724956079252229,-0.6876036958655318
Not Placed,0,IT,7.56,3,2.3574578607048893,-0.7662771336044137
Not Placed,0,CSE,7.86,1,-0.698058912292318,-1.4001678065073075
Placed,1,ECE,8.43,2,1.7359780689287243,2.5137029893598766
Placed,1,ECE,8.57,2,0.5582326478643048,1.2065357217025132
Not Placed,0,ECE,8.32,1,-0.07532571938295016,-1.76832541434311
Not Placed,0,CSE,8.58,2,0.5845960142768224,1.8329949374226298
Placed,1,CSE,7.18,2,0.03668440401407311,1.1222923130178202
Placed,1,IT,8.25,2,0.6403586579764495,1.3980419964613284
Not Placed,0,ECE,7.41,1,-1.2460678531835536,-2.10122529742408
Placed,1,Civil,8.54,2,0.9712082379648169,1.3480331705033837
Placed,1,CSE,7.8,2,-0.6045404435103833,0.8009805599839173
Placed,1,ECE,8.23,2,0.46430732471621444,1.2411629782667777
Not Placed,0,ECE,7.95,3,1.7614465508595512,0.4663493032579298
Not Placed,0,IT,8.35,1,1.2042683338436209,-1.6366580768195362
Not Placed,0,IT,7.01,0,-1.8336154199193726,-1.1392979360668734
Not Placed,0,IT,6.36,0,-3.3685333082405067,-0.7913257134267226
Placed,1,Civil,8.54,3,3.1332666410344254,0.2667426127021717
Placed,1,IT,8.84,3,4.085506929757509,-1.524682110715239
Not Placed,0,CSE,7.6,1,-0.7141089840124959,-0.9102848210497338
Placed,1,CSE,8.39,2,-0.28888471613038774,0.8345223360862848
Not Placed,0,ECE,6.32,0,-1.8161684506909859,-1.314614948560836
Not Placed,0,CSE,7.17,2,-0.5616978953965731,1.1116767624712278
Not Placed,0,Civil,7.77,1,-0.5703331433761499,-0.2946847229670386
Not Placed,0,CSE,6.23,0,-2.2755593463488233,-0.04825115182088555
Not Placed,0,Mechanical,6.4,1,0.0961892753568587,-1.33879966049742
Placed,1,ECE,7.83,2,-0.9442154708546467,1.8583430037403637
Not Placed,0,CSE,7.19,1,-0.40700296508248945,-1.9891327409405548
Placed,1,ENTC,7.41,1,0.6587009762090811,0.021169530446197397
Not Placed,0,CSE,7.35,1,1.4637316584220514,-2.060096251476404
Not Placed,0,IT,6.61,1,-1.35246370439791,-1.4277611728196988
Not Placed,0,ECE,7.52,0,-2.5610819205457864,2.246630467291356
Not Placed,0,CSE,7.69,0,-2.260276936453875,0.3985885456874456
Not Placed,0,CSE,7.2,1,-0.26826656582306,-0.17956474525659638
Not Placed,0,ENTC,7.27,3,1.4946048616353331,-0.08050444555169661
Not Placed,0,ECE,7.53,0,-1.2830457774139883,-0.6333647892477561
Not Placed,0,CSE,8.4,2,-1.1936078489303488,1.2993931600026867
Placed,1,CSE,7.62,1,1.1493006170274684,-2.069956923722371
Placed,1,CSE,6.06,1,0.7802136108097978,-1.416098841578409
Placed,1,CSE,6.69,2,-1.472909843687745,1.8730185428207562
Placed,1,CSE,8.49,2,0.6466276952710803,2.3142270883880407
Not Placed,0,IT,7.12,3,1.8047727333029646,-0.4122271180719465
Not Placed,0,ENTC,7.62,0,-2.9322918322459275,-1.274242133376573
Placed,1,IT,9.34,2,0.9907452934988068,2.009170417539615
Placed,1,IT,8.24,1,-0.7110303077133341,0.12631007933330674
Not Placed,0,ENTC,5.87,0,-1.2944466453001688,-0.2954353168367088
Not Placed,0,ECE,8.93,2,0.28694162868497425,0.7416128124367578
Not Placed,0,ENTC,7.83,2,-0.33120708114906683,0.4014524199404574
Placed,1,CSE,8.01,1,1.7207316797349155,-1.5980958316674774
Placed,1,ECE,7.96,1,0.6107355000079235,-1.442548154526386
Placed,1,Civil,8.48,3,4.79368325660465,-0.028548742817001812
Not Placed,0,CSE,7.63,2,-0.26244885544030105,0.5264141523067996
Not Placed,0,IT,6.44,1,-0.27701571331730374,-1.933786859828357
Not Placed,0,IT,7.97,0,-2.0007179615325033,0.4582445711984333
Not Placed,0,Mechanical,6.53,1,-0.057561059141036756,-0.938433368109164
Placed,1,CSE,9.24,3,3.043302427460492,-1.9520592807980288
Not Placed,0,CSE,7.39,0,-1.7170656221936869,0.048648758233364196
Not Placed,0,CSE,7.66,2,1.3098984821319446,1.1672957133615607
Not Placed,0,Civil,7.13,2,0.5099729059357986,0.07126958546495071
Placed,1,CSE,7.99,2,0.6853045041092516,0.10142571422003785
Placed,1,CSE,8.09,3,2.145810539812637,-0.9999167288365459
Not Placed,0,Civil,7.12,1,-1.292528476655801,-1.5924084225089543
Placed,1,IT,8.09,3,2.7126778025702283,1.105025850926843
Not Placed,0,ECE,7.76,0,-1.3352106883401702,0.8392403936105911
Not Placed,0,IT,7.62,0,-1.9576085495941393,0.12632383706894507
Not Placed,0,CSE,7.06,2,-0.358699234420958,0.58797588782532
Placed,1,IT,9.67,2,1.03726271400936,1.1240851496763167
Placed,1,CSE,8.71,3,1.8637836018444986,0.5873560895713126
Placed,1,IT,8.32,1,0.8159177901321448,-0.4462093940485329
Placed,1,ENTC,8.66,2,0.6982547905502733,1.2113770995986464
Not Placed,0,CSE,7.95,2,-0.12506943629688044,0.42488452536857485
Not Placed,0,CSE,7.4,1,0.06970631171354763,-0.38908974989143635
Not Placed,0,ECE,5.45,0,-2.2582056537230306,-0.6981505330330251
Not Placed,0,Civil,6.66,1,-0.7355604250881865,-1.6201146694474646
Placed,1,CSE,9.54,2,0.23541518182203483,0.9949904094989659
Not Placed,0,IT,8.69,2,-1.691757082625583,1.784957199326498
Not Placed,0,IT,7.87,2,-0.1946187069771362,-0.28462638879990454
Not Placed,0,Mechanical,6.36,0,-2.7861089970810458,-0.6631795271356149
Not Placed,0,ENTC,8.24,3,1.6517206722243767,1.0311942668539724
Not Placed,0,CSE,7.46,1,-1.2836523025243238,-1.028790844461798
Placed,1,IT,8.29,3,4.183226125756367,-2.127151590310707
Not Placed,0,CSE,6.75,0,-2.2440145591252616,2.0868451202416556
Placed,1,ECE,7.28,2,-0.9521088103712427,0.7697772588493429
Placed,1,CSE,8.45,3,2.026152941506174,0.3313270111610384
Placed,1,IT,9.34,2,-0.10967801421916114,2.190375602600413
Not Placed,0,CSE,7.14,1,-1.1521252636640924,-1.679921829432257
Not Placed,0,ECE,6.85,0,-3.2955906655099634,0.7970965061246416
Placed,1,Civil,8.57,2,0.8657431843998984,1.6493747127276397
Not Placed,0,IT,6.63,1,-0.8654697094708299,-0.8323731136480935
Not Placed,0,Mechanical,6.69,1,0.8519876388672614,-1.1280805426574587
Not Placed,0,CSE,7.93,2,0.16447425282849681,0.4417704919043991
Placed,1,ECE,9.47,2,0.9606105918675573,1.910130600365005
Not Placed,0,Mechanical,6.98,1,0.22688751328512355,0.0008710354815038262
Placed,1,CSE,7.39,1,-0.34836951377421776,-0.29650801491150447
Placed,1,IT,7.79,2,-1.0468865871239146,1.994533713593535
Not Placed,0,CSE,7.3,1,0.9811828248433797,-0.6655902364334533
Not Placed,0,ENTC,6.2,1,-1.1816072301512792,-2.970233114127764
Not Placed,0,CSE,8.38,0,-1.7803888773277987,1.4408427340496957
Not Placed,0,CSE,7.86,1,0.07176713361619184,-0.2564607943889339
Not Placed,0,ECE,8.01,2,-1.353525037606554,0.9657553964131982
Not Placed,0,CSE,7.58,0,-3.3283441542061976,0.20628696464683405
Placed,1,CSE,8.99,2,0.8066363337528716,0.9529119224996241
Placed,1,ENTC,7.27,2,-0.022098502888684587,1.208419444106508
Placed,1,CSE,6.78,3,3.127324477951717,-2.0741574621776926
Placed,1,CSE,9.11,2,1.1646541817836111,1.0827042652028924
Not Placed,0,CSE,5.83,1,-1.0888137177456576,-1.1995127912978196
Not Placed,0,Mechanical,7.57,1,-0.23458634316251226,-1.162883992518478
Not Placed,0,IT,7.64,1,-1.4780856964710458,-1.1069365749079703
Not Placed,0,IT,7.6,1,1.2374781263091723,-1.0929377541278447
Not Placed,0,CSE,6.38,0,-2.3293475370532826,0.810439420353035
Not Placed,0,IT,6.69,0,-2.043955569924556,2.00482493829673
Placed,1,IT,8.51,2,0.2360600358415204,1.8946838522377196
Not Placed,0,IT,8.88,2,-0.4564981566805553,1.4798251434193468
Placed,1,IT,7.35,3,1.4674818632575446,-0.5747810544398282
Placed,1,ECE,6.91,2,-0.8098592363581765,0.3370202853666655
Not Placed,0,IT,6.18,0,-3.105763750203388,-1.915793726783859
Placed,1,CSE,8.5,3,2.4147896255126007,-0.5207060023787166
Placed,1,ECE,8.55,2,0.7152746441562179,1.451943229869346
Not Placed,0,IT,5.31,0,-4.450276143124368,-1.5248277405536481
Not Placed,0,IT,5.64,0,-2.393671593781193,0.9780227335200387
Placed,1,Civil,7.82,3,1.2220613955212305,0.20792031766978927
Not Placed,0,ECE,7.93,3,1.7981372410090009,-0.5031129147226058
Not Placed,0,ECE,7.29,0,-2.6003182879121876,-1.2379549933804006
Not Placed,0,CSE,7.67,2,-0.4568723354478805,0.3413671817954524
Placed,1,Civil,7.49,3,0.9249702321376225,-0.7981964391863678
Not Placed,0,IT,7.72,0,-2.3105250846808105,0.5527060555597546
Not Placed,0,IT,6.93,2,-0.9126843655729048,0.5962039819500914
Placed,1,ENTC,7.69,3,1.035701227527139,0.06882050259132559
Not Placed,0,IT,7.13,1,0.9558819652833316,-0.8244703377360664
Placed,1,CSE,7.06,0,-2.1042127610778114,-1.108970230899609
Not Placed,0,IT,6.11,0,-4.605890157275111,-1.711404319160436
Not Placed,0,CSE,7.55,0,-1.6228624658816388,-0.3488692680969058
Placed,1,ECE,8.38,3,3.4718762083337626,-0.9272724488428908
Placed,1,CSE,7.42,2,0.6796203263414562,0.3065038782452865
Not Placed,0,CSE,7.4,1,1.1861330107343044,-1.2367170343309843
Placed,1,IT,8.77,2,1.6777953234475655,1.4276345335517016
Placed,1,CSE,8.57,2,-0.7567827835359996,0.960728403869415
Placed,1,ECE,9.17,2,0.6245933159187086,2.395010835643577
Placed,1,IT,9.62,2,0.6896886028048711,2.4341960765563946
Not Placed,0,ECE,7.75,1,1.5655358847386547,-1.2810209631766112
Not Placed,0,CSE,6.72,0,-3.4811035199419145,-0.35893829585220965
Not Placed,0,CSE,7.26,1,-0.6401176428104933,-1.2676231114781356
Placed,1,CSE,8.19,0,-1.7804138299365226,0.5592344879644997
Placed,1,ENTC,8.92,2,0.7362788189076181,1.086824742911566
Placed,1,CSE,6.81,2,-0.4648762786956941,1.8858211735393682
Placed,1,IT,7.92,3,1.758305925525589,0.04173713534560927
Placed,1,Civil,7.03,1,-0.5240967204810291,-0.5452515430127091
Placed,1,IT,7.58,2,0.9193982831229648,0.42177418765202807
Not Placed,0,ENTC,7.56,0,-1.4312511292326378,-1.002432299609419
Placed,1,IT,8.02,2,0.4998578936619802,1.0525318156105075
Placed,1,CSE,9.43,2,1.8771544891640777,1.8129674640660367
Not Placed,0,CSE,8.1,2,0.6013057167392003,0.17608213189884683
Not Placed,0,IT,7.33,1,-0.47456838170767024,-0.7293730801401479
Not Placed,0,ENTC,7.19,1,-0.2578223517154243,-0.8990456968882696
Not Placed,0,CSE,7.54,3,1.6819197387570723,-1.4936038789422927
Not Placed,0,CSE,6.96,1,0.489898605111484,-0.4030671779033657
Not Placed,0,ENTC,7.82,2,-0.08392822753068713,0.33230726069241767
Not Placed,0,ECE,5.65,0,-3.138754044359621,-1.817252692315244
Placed,1,CSE,7.52,3,2.9929045896889694,-0.7898730381352204
Placed,1,CSE,7.59,3,2.5029203682117185,-1.437475869416975
Not Placed,0,IT,6.71,0,-2.1213514153466053,1.233985680627275
Not Placed,0,Mechanical,7.38,3,1.5488512870036613,-0.9505905791144901
Placed,1,ECE,8.65,3,3.1056817951824343,-0.8498431915691169
Placed,1,ECE,8.71,3,1.5526788082013834,0.4588745460216898
Not Placed,0,CSE,7.25,2,-0.764608772821779,0.7925522638594125
Not Placed,0,CSE,8.14,0,-1.2803167270765128,0.0026764312583871267
Placed,1,IT,6.43,1,-1.3561330547428871,-2.260536529924248
Not Placed,0,IT,7.45,2,-1.0137367967217095,0.9632660898428609
Placed,1,CSE,7.9,2,-0.04655938260395167,0.8615865688691193
Placed,1,CSE,9.0,2,1.2833366640319126,2.653240878586958
Placed,1,IT,8.71,3,2.0269816776758103,-0.3421097673432088
Placed,1,CSE,7.88,1,1.2563467248548676,-1.1999867443049974
Not Placed,0,CSE,6.93,0,-1.635144729027786,0.27413172454722734
Placed,1,CSE,8.85,1,0.35941119046393866,0.1874030370245387
Placed,1,ENTC,7.41,1,1.2654021067141146,-2.062352885636196
Not Placed,0,ECE,8.08,2,0.3512801298262128,0.30592150437409166
Not Placed,0,IT,7.6,2,-1.687773560147369,3.1581193748409824
Placed,1,ENTC,9.39,3,4.228120340452861,0.5971164838310813
Not Placed,0,CSE,7.18,1,0.6507134106211695,-0.5476626198511352
Placed,1,CSE,8.48,3,2.1131924421862234,1.0579805134110019
Not Placed,0,Mechanical,7.63,2,1.0307428413503792,0.9491166870244474
Placed,1,IT,8.18,1,0.04808111113498109,-0.8049538628309679
Not Placed,0,ECE,9.08,2,-1.012386831416373,3.039772963236721
Not Placed,0,CSE,6.0,0,-2.1669368123722523,-1.6372274025131863
Placed,1,IT,7.64,1,-0.9115950056208475,-0.5936726317311587
Not Placed,0,CSE,6.94,2,-0.5337912549572708,0.3984063358629653
Placed,1,CSE,8.08,1,0.8633092005981798,-0.2301418306166491
Not Placed,0,IT,8.29,1,1.6930686168840097,-2.4991797811102026
Not Placed,0,CSE,7.3,1,-1.0140118411945958,-1.0633400881411046
Placed,1,CSE,7.26,2,0.18224980287846013,0.8566907209634789
Placed,1,CSE,7.87,3,1.8472803142120964,-1.742148063152408
Not Placed,0,IT,6.62,0,-1.9102292783811963,-0.7757030370536802
Not Placed,0,CSE,7.98,1,-0.20304635917756106,-0.042734101709615405
Not Placed,0,CSE,7.0,0,-1.403370763665066,-1.2975888737040586
Placed,1,CSE,8.32,2,-0.22134517688745156,1.5933705661240642
Not Placed,0,ECE,6.58,0,-1.3745842121512657,0.4485172669979195
Not Placed,0,Civil,7.22,2,-0.8078095795622857,0.4156733630872363
Placed,1,IT,7.06,3,1.464034582432285,0.2905216646232377
Not Placed,0,CSE,7.45,2,-0.21721916267569633,0.025883847057845764
Placed,1,Mechanical,8.87,2,0.8176918704854463,1.0293027908174286
Not Placed,0,ECE,8.42,1,0.7673487518917881,-0.7049629157348515
Placed,1,Civil,7.29,0,-0.8759412314630312,0.1716658803395139
Not Placed,0,ECE,7.29,2,-1.1783937029550693,1.3016607515631604
Placed,1,ECE,8.45,3,5.2766217738705015,-1.4139748853069307
Not Placed,0,IT,6.71,0,-1.790119272836611,-1.0695624378751347
Placed,1,CSE,7.72,2,0.5689810339123926,0.6813597801553362
Placed,1,ECE,7.19,2,-0.42235933005104204,0.153968719911037
Not Placed,0,CSE,7.55,0,-2.903740015215318,0.03721405036101687
Not Placed,0,ENTC,8.39,2,-0.6032044359484328,0.7258390460436213
Not Placed,0,Civil,7.13,0,-2.5217032140418456,0.21914361993828124
Placed,1,IT,8.53,3,1.934169691061647,0.7097455221105746
Placed,1,CSE,9.57,3,2.4943689696303157,0.14563393382255568
Placed,1,Mechanical,8.21,2,1.2375091557531637,0.5928344480522394
Not Placed,0,ENTC,7.63,0,-2.2410829602019464,-0.15118136798327805
Placed,1,ENTC,8.68,2,-0.8594383667954606,3.1730119306193707
Placed,1,ECE,6.76,0,-2.5739778300259393,0.8141388370061216
Not Placed,0,Civil,8.99,1,0.5719584371556619,-0.4816559199859851
Not Placed,0,CSE,7.06,0,-1.3296771624359454,-0.6053840331776807
Placed,1,IT,9.54,2,0.7955422361059199,2.8984947424051564
Not Placed,0,IT,7.09,0,-0.9970327109423583,-0.8993999502228924
Placed,1,CSE,8.26,3,2.0765071694635795,0.36026535597209824
Not Placed,0,ENTC,6.37,0,-1.7741102484161488,-1.4431357109974652
Not Placed,0,CSE,7.52,0,-1.1200432023532445,0.47049072010791654
Not Placed,0,ECE,6.78,0,-2.5144768107435804,-1.4568140431633618
Placed,1,CSE,6.47,1,0.056342519298055,-1.892622728404099
Placed,1,ECE,8.72,3,2.1904552434094673,-0.4192027229247637
Not Placed,0,IT,6.66,0,-2.151743730734059,-2.271054191066363
Not Placed,0,CSE,7.08,1,-0.0951451261228368,-0.7498800382315652
Placed,1,IT,6.98,3,6.007160896900093,-4.081137967304693
Placed,1,CSE,8.67,3,3.062911995020291,-1.002055735774829
Placed,1,CSE,8.56,2,1.5995392666509491,2.544017855804793
Placed,1,ECE,8.78,3,2.8090981224455316,0.7982372973453747
Not Placed,0,CSE,7.03,1,0.5040625002365853,-1.262406860821732
Placed,1,Civil,8.85,3,3.776957275563776,0.8826484070529027
Not Placed,0,Mechanical,7.02,2,-0.8298217600486969,2.097573847890079
Not Placed,0,CSE,7.06,1,0.2060755093429858,-0.9699397895264146
Not Placed,0,IT,7.11,1,0.45816281408493986,-0.5397514070967618
Not Placed,0,IT,7.14,1,-0.4613490738287334,-1.6048055244849964
Not Placed,0,IT,7.62,1,-1.0879682384982272,-0.5743735679059987
Not Placed,0,CSE,6.99,1,0.12264687005907929,-0.9093492737994959
Placed,1,Mechanical,7.9,0,-1.6599493361539064,0.5845997637518896
Not Placed,0,Mechanical,5.48,0,-3.1084536294150316,-1.422283107900143
Not Placed,0,CSE,7.89,1,-0.4247967840980658,0.08687997815593672
Not Placed,0,ENTC,6.77,1,1.0929053826296538,-0.35464068022187195
Not Placed,0,ENTC,7.13,1,-0.4381300172062421,-1.2115395961034878
Placed,1,CSE,7.15,2,0.16256737615541406,0.9230592290737029
Placed,1,Mechanical,8.5,3,3.3427280637197065,-0.18403916721954466
Not Placed,0,Civil,8.13,0,-1.5557847618887768,0.7336420837864899
Not Placed,0,Civil,7.56,3,2.4371593222130463,-1.3475842255753296
Placed,1,ENTC,7.09,3,1.3192497125437068,-0.15978054711556983
Placed,1,CSE,8.37,2,-1.2287143653850494,1.8213693744789763
Placed,1,CSE,9.23,3,3.532537615370983,2.190921906012259
Placed,1,Civil,7.68,1,0.1383204729428612,-1.2276952344999426
Not Placed,0,CSE,6.34,0,-1.3734429775694128,-1.11355906696833
Not Placed,0,CSE,7.1,0,-2.011557736157472,0.6251901158726807
Placed,1,CSE,8.18,1,1.1409954846906403,-0.4638539337221293
Not Placed,0,CSE,7.32,1,0.6419140864802838,-0.27387151096979145
Placed,1,IT,6.97,2,-0.1291134648915103,0.37905877462468657
Not Placed,0,ENTC,6.93,0,-3.670860870303393,0.010429078597730151
Not Placed,0,CSE,7.78,1,-0.7626236961235563,-0.7145170192621447
Not Placed,0,CSE,6.4,0,-1.3112188790493537,-0.6653029160761065
Not Placed,0,CSE,7.67,2,0.9130075763240031,1.3064097499498486
Placed,1,CSE,7.78,3,3.110811486254575,-2.3965936505464054
Not Placed,0,ENTC,7.32,1,0.9329099818628589,-1.8723258085890861
Placed,1,Mechanical,6.81,1,1.1046444573641496,-0.8264278018111759
Not Placed,0,ENTC,8.57,1,0.019401734506246292,-1.7143359350702654
Not Placed,0,CSE,6.57,0,-1.7663527009372073,-0.6452523811340549
Not Placed,0,ENTC,7.85,3,2.302736539321559,-1.437526817698646
Not Placed,0,CSE,8.32,1,-1.2417294283324143,-0.9203165656137633
Not Placed,0,ECE,7.84,2,-0.05800065350793988,0.48538718353378024
Placed,1,ECE,8.75,3,1.9703920705354596,1.5045119162380058
Not Placed,0,CSE,6.73,0,-2.960644133698268,0.837314817446871
Not Placed,0,CSE,7.03,1,-1.0789133684809535,-1.8387070283169058
Placed,1,ECE,7.31,3,1.195883616690478,0.3226849522233039
Placed,1,CSE,10.0,2,1.2192003307819819,1.146217654924457
Placed,1,ENTC,8.13,1,-0.04510584028935594,-0.3346561139827575
Not Placed,0,CSE,8.29,1,-0.5730135712386532,-0.21486296539253102
Placed,1,ECE,8.26,3,4.844031621063672,-0.531369901318316
Not Placed,0,ENTC,7.77,1,-0.1370134161462463,-1.2301038776219253
Placed,1,IT,8.59,3,2.928370542546576,-0.8255582496465589
Not Placed,0,CSE,6.11,0,-1.9770761282226572,0.032303421737957104
Not Placed,0,CSE,7.94,3,1.4387572262060595,-0.1747917248398426
Not Placed,0,IT,8.06,0,-1.9374748591431732,0.45849798862366514
Placed,1,IT,8.57,2,0.6264940839541083,1.015377808829476
Not Placed,0,ENTC,6.72,1,0.5673125880003033,-0.8239376893153415
Placed,1,IT,6.78,1,-0.592928142042366,-1.5924195877879168
Not Placed,0,ECE,6.83,0,-1.3863349926772774,-0.31477020672203415
Not Placed,0,IT,8.14,0,-2.581374063384884,1.0087828109146213
Placed,1,IT,8.16,2,1.4210423149793774,1.5324106817620082
Not Placed,0,CSE,6.89,0,-1.3297174020308231,0.8497202060780978
Placed,1,Civil,9.33,3,2.377297202550678,1.7657659285274332
Not Placed,0,CSE,7.94,0,-1.801266883457428,1.432584400175621
Not Placed,0,CSE,7.81,1,0.9290863036178745,-0.5780217888838671
Placed,1,CSE,7.52,1,-0.953904769978089,-0.21904678944969586
Placed,1,CSE,8.49,2,-0.40351901206719626,2.3115143362170887
Not Placed,0,ECE,8.03,1,0.7150293558842562,-0.0073624600068193085
Placed,1,CSE,9.31,3,4.024690670220303,0.7356523111288441
Placed,1,IT,6.67,1,1.3660660323038798,-0.6584638417883922
Not Placed,0,CSE,6.39,0,-1.2395799706777344,0.12342767870883742
Not Placed,0,ECE,7.07,0,-1.4485280625772927,-0.3797467758869177
Placed,1,ENTC,8.17,3,3.8201970367388234,-0.8145155239730704
Not Placed,0,ECE,7.34,1,-0.5674571328758229,-1.9761838019053062
Placed,1,ECE,8.78,2,-0.6640457460214533,3.2830841222195852
Not Placed,0,CSE,7.37,1,0.07864886038318061,-1.1012319155595292
Not Placed,0,CSE,8.62,1,0.18986234858679168,-1.527036242818208
Placed,1,ECE,6.99,2,0.14255578021146564,1.3701140334415707
Placed,1,CSE,8.71,3,3.074483617775874,1.1383715448980622
Placed,1,Civil,8.86,2,0.052984798617123845,2.1030312544230045
Placed,1,CSE,7.22,0,-1.7797346961847986,-1.0478887355548547
Placed,1,ECE,8.12,1,0.6252968362633414,-0.8819645246885316
Placed,1,CSE,7.93,3,1.2637841551821318,0.02114866985960051
Not Placed,0,Mechanical,8.14,2,0.3259428460006276,0.751815753245177
Not Placed,0,IT,8.79,2,0.3615421558980255,1.0594921006737488
Placed,1,Mechanical,8.53,2,0.26558071913887465,0.49992541587172196
Not Placed,0,IT,8.14,2,-0.3742324707778397,0.43759721688595354
Placed,1,IT,8.26,3,3.771054603438663,-1.2467573037176916
Not Placed,0,Mechanical,6.62,0,-3.929386231588451,1.0764239885240856
Placed,1,CSE,7.67,3,1.583733130594046,-0.37156390033911374
Not Placed,0,ECE,6.76,0,-3.003561161701727,1.2676477731961402
Not Placed,0,CSE,7.68,1,0.11704427500235456,-0.5026557806962335
Placed,1,Civil,8.65,2,-0.3463906500712686,0.6695969147087466
Not Placed,0,ENTC,7.69,0,-1.8730024961789609,1.201696627229195
Not Placed,0,CSE,5.57,1,-0.09810462688084819,-2.251702115786334
Placed,1,ENTC,6.81,2,-0.031175062687825144,0.38984782852763894
Not Placed,0,CSE,8.19,2,0.7665816390300157,-0.17524748990762629
Not Placed,0,ECE,7.24,1,-0.9272045925198522,-1.4060446972324039
Not Placed,0,ENTC,8.37,2,-0.3890423559343397,0.2179439882260999
Not Placed,0,ECE,6.67,0,-1.9467941133065594,-1.6097487193673685
Placed,1,ECE,8.02,2,-0.2595784074950286,0.28449487047548405
Placed,1,ENTC,8.07,2,-0.023321348479641055,0.3974221471993608
Placed,1,CSE,8.37,3,1.5592145940303306,0.9567714774518449
Placed,1,Mechanical,7.14,1,1.2129754541745437,-1.7305038981029262
Placed,1,IT,8.36,3,1.4400989583832255,0.4681531580449708
Placed,1,CSE,8.98,3,2.159895152962454,0.5173173266589487
Not Placed,0,ENTC,5.77,0,-3.521088746929812,-0.6322445984513515
Not Placed,0,CSE,7.74,1,-0.20842236524901026,-1.3654820874413711
Not Placed,0,CSE,6.16,0,-3.6684600600125945,-0.44639423184406385
Not Placed,0,ENTC,6.97,0,-2.5270015913316453,-1.753026410964942
Not Placed,0,CSE,7.04,0,-2.4927101022937395,0.03430144040770534
Not Placed,0,IT,7.64,2,-0.5663069369485,0.6942895467043906
Placed,1,IT,8.02,2,0.07813665277525793,2.114507754305151
Placed,1,CSE,8.47,1,0.20576432876235462,-0.13265067138225115
Not Placed,0,CSE,7.92,2,-0.24254403067325825,0.20041679468794
Not Placed,0,IT,8.27,1,1.1607352633147971,-0.5212385977515396
Not Placed,0,ENTC,6.78,3,2.0184264952795514,-0.7556676606973054
Not Placed,0,CSE,8.6,2,-1.2971861940605303,0.35992389062918034
Not Placed,0,ENTC,5.0,0,-4.356909654895941,-1.0988480907390075
Not Placed,0,Civil,9.0,2,1.540493845139283,1.1921641182476082
Placed,1,CSE,8.85,1,1.2106036460733087,-0.3120262909148163
Placed,1,Civil,8.34,2,0.5670747964568196,0.4534511858137003
Placed,1,IT,9.59,3,4.775578226287936,1.6444110089021633
Not Placed,0,ECE,6.17,1,-0.17170919479126037,-1.4975171771284677
Not Placed,0,Civil,8.36,3,1.6840087625238136,-0.4626118768381403
Placed,1,ENTC,7.81,1,-0.09421118108284542,-0.3043902274170889
Not Placed,0,CSE,7.91,1,0.3558476556208738,-0.6721967980162621
Not Placed,0,CSE,6.71,0,-2.9807754381478837,-0.05249494372870307
Not Placed,0,CSE,8.04,1,0.6786276927729564,-0.7772813506952762
Placed,1,Civil,8.0,2,0.8204180256675782,1.6953609255262632
Not Placed,0,CSE,7.11,2,-0.32043965350432474,-0.026481466675961667
Not Placed,0,CSE,7.64,1,1.0029725777892082,-0.886681395820831
Not Placed,0,CSE,6.58,0,-3.446306078541281,-0.018592830939942302
Placed,1,CSE,7.36,1,0.8294244726338629,-1.283646782583696
Placed,1,CSE,8.52,3,2.3803944011368796,-0.4013824167838564
Placed,1,CSE,8.53,1,0.7354813906043115,0.10253145314908511
Placed,1,ECE,8.35,1,0.8515385612928816,-0.3131066421843193
Not Placed,0,CSE,8.52,2,-1.2707609765800774,1.8493825696540838
Placed,1,CSE,8.53,2,1.8860650188889407,1.6968558714186524
Not Placed,0,CSE,7.15,0,-2.804929972068049,0.34911633722783986
Placed,1,CSE,7.99,2,1.345827145417144,0.8151112194787711
Not Placed,0,ENTC,8.62,2,-0.7757062948804012,1.1299159111505288
Not Placed,0,CSE,6.53,0,-3.1087099646310574,-1.649665190918809
Not Placed,0,CSE,6.52,0,-2.1664394247628214,-1.4069138685244087
Not Placed,0,IT,6.48,0,-1.8586781420502148,-0.34797153050280766
Not Placed,0,IT,6.18,1,-1.6582373803714223,-2.3214534644739957
Not Placed,0,ENTC,6.81,1,-0.9573170736555751,-1.267625303867719
Placed,1,Mechanical,7.25,3,3.5212233218091527,-2.528389807046867
Placed,1,CSE,8.99,2,1.077225221792076,2.3757225957653336
Placed,1,CSE,7.33,1,-0.36444436650547474,-0.13869358463417317
Not Placed,0,CSE,6.41,0,-1.1362380706335422,-0.5775632414674196
Not Placed,0,ECE,7.84,2,-1.087388357120981,1.782327864080359
Not Placed,0,IT,7.54,0,-2.5582999275804883,1.066810214916146
Not Placed,0,Civil,7.04,0,-2.4180994762995405,-0.29543952617662783
Not Placed,0,IT,7.2,0,-1.4018186036228577,0.403801130029642
Placed,1,Civil,8.61,2,1.4519237841031822,0.8786487758205764
Not Placed,0,IT,6.5,0,-3.289760791374535,1.7851349958675566
Not Placed,0,CSE,6.28,0,-2.2059598384049517,-0.7071354636865158
Not Placed,0,CSE,8.1,2,0.03796087678270834,0.34757068387833556
Not Placed,0,CSE,7.18,0,-2.094584866337391,0.9778513498925054
Placed,1,Civil,9.02,3,2.4030563329115737,-0.884530480122817
Not Placed,0,CSE,7.57,0,-2.801121321747798,1.0009389602069931
Not Placed,0,IT,7.61,1,-0.2946999517695823,0.028677712252401732
Not Placed,0,Civil,8.37,1,-0.3774928740977539,-0.5006401489121275
Placed,1,CSE,6.28,0,-1.643944097934771,0.09002120038580438
Placed,1,IT,7.99,2,1.0921660986790906,1.5059783385650174
Not Placed,0,IT,7.39,2,0.18172227124825616,0.163168177507826
Not Placed,0,CSE,8.57,0,-2.435384384970845,1.6454388119692682
Not Placed,0,Mechanical,7.15,0,-1.5362222807963715,-1.0139541051430576
Placed,1,IT,7.85,1,0.20978462035590062,0.09991814380361773
Not Placed,0,ECE,7.39,1,0.29077873091385525,-1.2677737610173156
Placed,1,CSE,8.05,2,0.21437637015875227,2.0656573496354262
Not Placed,0,IT,7.49,2,-0.8214594139444679,1.6435001017761943
Placed,1,ECE,7.92,2,1.7305781665437892,1.5729514806266713
Not Placed,0,ENTC,9.19,3,1.985000218303639,-1.1463334919131194
Placed,1,CSE,7.46,0,-1.6954867847722004,1.2155913287153486
Not Placed,0,IT,8.04,2,-1.229592754524037,1.6258275246595344
Not Placed,0,IT,9.64,2,1.380075415061724,1.0444840748371944
Placed,1,ENTC,8.03,2,-1.0251928067868477,1.6617562499092904
Not Placed,0,ECE,5.63,0,-2.8771053438304066,-1.075563932200643
Not Placed,0,CSE,7.13,1,0.021880513422362958,-2.5195247961263756
Not Placed,0,IT,6.68,0,-3.832301079566948,-0.9360027236290989
Not Placed,0,ENTC,8.48,1,-0.38819498587063417,-1.279754214318499
Not Placed,0,IT,7.62,0,-1.3309297981589985,-0.23086477125924038
Placed,1,ECE,8.6,3,3.279251588762429,1.388581422599271
Placed,1,ECE,8.22,3,1.7606836234306706,-0.4641299840296699
Placed,1,CSE,8.22,2,-0.5040398697500964,0.9088863481470837
Not Placed,0,CSE,6.66,1,0.7294811980496411,-1.223181249544441
Placed,1,CSE,8.13,3,1.6461009918571847,1.1141455292223172
Placed,1,ECE,8.86,2,1.2018951526998005,2.324215283468367
Not Placed,0,Mechanical,6.47,1,-0.118659862630455,-1.312995354970602
Not Placed,0,CSE,7.43,0,-2.1234148828281687,1.0813394608010527
Placed,1,IT,8.0,3,3.05518450933939,-0.9061561552416699
Placed,1,CSE,7.78,2,0.8073996592707674,0.8092764221873272
Placed,1,ECE,8.92,3,3.494089471648401,0.9406090733031738
Placed,1,CSE,8.32,2,-0.25596323236215596,2.3002403893214822
Not Placed,0,ENTC,8.05,0,-1.9767793233713207,0.9238864835818168
Placed,1,IT,8.39,2,2.2311055594350364,2.2783649703790165
Not Placed,0,IT,8.35,2,-0.5968458028229966,0.9528247977491116
Not Placed,0,CSE,7.73,2,-0.5260152445713476,0.38736234202408903
Not Placed,0,Mechanical,7.4,2,0.5003169052908236,0.4882922438369833
Placed,1,ECE,8.54,3,2.6082725052027365,0.3450395663245009
Placed,1,CSE,7.07,2,0.6148287885313055,0.6782421099736241
Not Placed,0,CSE,7.64,2,0.9365923019393952,0.6258364520894372
Not Placed,0,Mechanical,6.72,2,-0.855757108417901,1.5974920511937303
Placed,1,Mechanical,8.32,3,2.9034941741577662,-1.2576232822576368
Placed,1,CSE,8.75,3,2.539618896109206,-0.49037335603725435
Not Placed,0,ENTC,6.9,0,-2.455653429090198,0.6993185467742346
Not Placed,0,Mechanical,7.57,1,-0.2738173571604599,-0.6284117679872778
Not Placed,0,CSE,7.29,1,-0.8870472230815769,-0.06700838636151898
Not Placed,0,CSE,8.61,1,-0.11616054993425463,0.1815199831747557
Placed,1,CSE,8.9,3,1.4142075792312763,0.20349591940526507
Not Placed,0,CSE,7.29,1,0.257419566618615,-0.45988133186041813
Not Placed,0,ENTC,5.07,0,-2.4368253417954366,-1.5129020546875147
Not Placed,0,CSE,8.68,2,-0.40609663796995304,1.4447543376766412
Not Placed,0,IT,7.74,0,-2.1724703948930406,1.4035635819891084
Not Placed,0,CSE,7.74,1,-0.16652187498144083,0.20747436032701702
Placed,1,ECE,8.52,1,0.6670644628546699,0.3464446831112641
Placed,1,IT,7.39,2,0.8815233325720081,0.8576122627163347
Not Placed,0,CSE,7.16,0,-3.2666766067212065,0.17041430947124964
Placed,1,IT,7.4,1,0.7639769081387715,-1.3407635911406413
Placed,1,ENTC,8.12,3,1.8518088481121373,-0.30886278799007877
Placed,1,IT,8.45,3,1.8051965467212454,0.7327491410220326
Placed,1,IT,9.09,3,2.065183096478247,1.4057681473088461
Not Placed,0,ENTC,8.04,2,-0.1798910871600315,3.055092856160495
Placed,1,IT,7.58,2,-0.20670434514929314,3.332089234423332
Placed,1,ECE,8.45,1,0.4549173486047786,0.17408539085868813
Placed,1,CSE,6.87,0,-1.644222990516948,0.7376588578410268
Placed,1,ENTC,8.91,2,0.5146691000990801,3.0511301015207097
Placed,1,IT,7.88,1,0.032991130810835864,-0.727394782336902
Not Placed,0,IT,7.51,1,0.06478552573431139,-1.0717150721473048
Placed,1,CSE,6.88,1,-0.010882571358427197,-0.4742069789783738
Not Placed,0,Civil,8.23,1,0.6820935320911373,-0.4610648159688375
Not Placed,0,ENTC,7.46,1,-0.4993551275474638,-0.919039262209109
Not Placed,0,CSE,7.62,2,-0.6743378339121854,0.4376751764380424
Not Placed,0,IT,6.28,1,-0.5837244663013761,0.17563081100094463
Not Placed,0,IT,7.33,1,0.6553284701327556,-0.6946515154623204
Not Placed,0,CSE,7.22,0,-2.4797576651155024,0.2524529142003697
Placed,1,IT,8.06,3,1.8862261361832557,-2.574396684147276
Not Placed,0,Mechanical,7.47,1,0.4313633267467011,-2.32647331270287
Not Placed,0,IT,5.45,0,-1.9021145532971433,-1.8782734263616931
Placed,1,Mechanical,7.35,3,1.807105304037743,-0.49979133493292477
Not Placed,0,IT,6.46,0,-1.2754287832315603,-0.9993364166951868
Not Placed,0,ENTC,6.81,2,-0.8010998488328476,0.5880109407955223
Placed,1,CSE,8.55,3,2.719461690894122,-0.8467370650718093
Not Placed,0,IT,6.26,2,-1.061117702186778,0.6782881186751748
Placed,1,ENTC,7.95,3,1.8626514812392545,-0.343252467374025
Not Placed,0,CSE,7.27,1,1.4805536273883386,-1.918773083962684
Not Placed,0,Mechanical,7.1,0,-2.4803444152711958,2.220670351942586
Placed,1,ENTC,6.87,1,-0.40212253378265184,-1.5693997537847575
Placed,1,Civil,7.97,2,0.02694469606419037,2.0029665292760397
Not Placed,0,ENTC,8.07,2,-0.015894728308654446,0.07144747695864123
Not Placed,0,CSE,6.23,0,-3.848753112869078,-2.0606772781206653
Placed,1,CSE,8.68,3,2.1629810503070614,0.33128418403751025
Not Placed,0,ECE,6.69,1,-0.1799093893642782,-1.855549851863489
Placed,1,CSE,8.03,1,0.37577586244685174,0.04197630044213624
Placed,1,CSE,6.7,0,-3.466326900407931,0.8918178751927379
Not Placed,0,CSE,7.31,0,-1.3280856158949144,-0.3534268992137958
Not Placed,0,ECE,6.61,0,-2.012577733825509,-0.3254274145592961
Not Placed,0,CSE,7.25,1,-0.38389942999056753,-1.0316863454725094
Not Placed,0,IT,7.53,0,-1.7008849768356382,-0.36156248828349535
Not Placed,0,Civil,6.72,0,-1.8892512531777275,-0.9098049579134242
Not Placed,0,ENTC,7.97,0,-2.7073472703940737,1.862213991087141
Not Placed,0,CSE,8.08,1,1.3278856627750313,-1.2446674858193982
Placed,1,IT,10.0,2,2.6329702628899883,3.981576179125341
Not Placed,0,ENTC,8.49,2,-1.1211392054294331,0.7087225071754369
Placed,1,CSE,8.7,3,1.9209650475774327,0.5612880798860538
Not Placed,0,ECE,6.2,0,-1.434277058405577,-1.7677180703161717
Not Placed,0,ENTC,6.04,0,-2.402253998187479,-1.0748900038196734
Not Placed,0,CSE,7.45,1,0.0415403966498518,-1.2654893544593064
Placed,1,CSE,9.22,3,3.4573229271152175,0.7266593802097088
Not Placed,0,IT,9.8,2,-1.5034861860003368,3.3063110880984024
Not Placed,0,CSE,7.12,1,-0.11394653804512199,-0.07031610545452419
Not Placed,0,ECE,7.2,0,-2.4865660792810065,1.855092628564748
Placed,1,IT,8.16,1,0.6152745256917628,-0.007206009842404772
Placed,1,Civil,7.53,2,1.1667595616479698,0.5208725712588844
Not Placed,0,ECE,7.55,0,-1.57473044257864,0.9589562794384241
Not Placed,0,IT,8.24,1,0.09298157653510682,-0.7408260370037981
Placed,1,CSE,10.0,2,-0.3617531071480446,3.6783525903297614
Not Placed,0,CSE,8.81,0,-1.6996196315100967,0.6501900266837914
Placed,1,CSE,9.29,2,1.2255604888007852,3.0066364276293926
Not Placed,0,CSE,6.13,0,-2.8723343986311445,0.29704331893145985
Not Placed,0,IT,8.61,2,0.8532648400042657,0.9126768047775748
Not Placed,0,IT,6.89,3,2.1022788222958337,-2.7380876421849143
Placed,1,IT,9.12,3,2.9112361514094887,0.31292151725552464
Placed,1,IT,8.85,3,2.7040424558605203,-0.9245521171348743
Not Placed,0,ECE,8.21,2,0.822729506947146,0.23788210232203572
Not Placed,0,Civil,7.07,0,-3.170602529740473,0.3217680193300047
Not Placed,0,ECE,7.29,1,-0.2744130763725202,-1.7130699654749144
Placed,1,Civil,7.36,1,0.8618279799794583,-0.2525946467479936
Placed,1,CSE,8.35,1,0.7740491154341934,-1.147161522186253
Placed,1,CSE,8.04,3,1.8868306611466819,0.9479830469902006
Not Placed,0,Mechanical,8.91,1,0.7069589462660737,-0.8918296232919439
Placed,1,IT,9.07,3,1.7535873427968678,0.2335456838752214
Not Placed,0,IT,6.98,0,-2.4182906898604437,-0.2054795981511312
Not Placed,0,Civil,8.1,0,-1.8421677425215197,0.4149084499664271
Not Placed,0,ECE,8.09,2,-0.9447451380793915,1.3771088094372508
Not Placed,0,Mechanical,7.62,0,-3.6013049896948672,-0.5628639349597039
Placed,1,IT,8.5,2,0.9933074577968686,1.5325445554143022
Not Placed,0,ENTC,8.12,1,0.5300695627420146,-0.1198693442558439
Not Placed,0,CSE,7.21,1,0.9704590955762015,-2.096517930454402
Not Placed,0,CSE,7.58,0,-2.60276396757444,-0.5337186154970026
Placed,1,Mechanical,7.4,1,0.03568573280937889,0.2336762161592072
Not Placed,0,CSE,7.08,0,-2.3745448216739153,-0.8021622686985806
Not Placed,0,ECE,7.63,1,0.3433862186080289,-0.500729578879026
Not Placed,0,Mechanical,6.6,0,-3.2807946938208854,0.08405811340874185
Placed,1,Mechanical,8.1,1,-0.7340333156514387,-0.39722518065357876
Placed,1,IT,8.89,2,0.13197478264845933,1.049094490018903
Placed,1,IT,7.74,2,2.3037710433172958,2.2247157295630378
Not Placed,0,Mechanical,8.5,0,-1.8916567405657605,1.1527134934086627
Not Placed,0,CSE,7.83,1,0.7983372197059284,-2.11749345504548
Placed,1,CSE,6.83,1,0.6929157685736544,-0.5595936440845702
Placed,1,IT,9.41,2,0.8858777684808888,4.65431351470799
Not Placed,0,IT,5.64,0,-3.738759124694531,-1.4773830699041792
Not Placed,0,Civil,7.71,0,-1.5721116614993218,-0.1694260173758372
Not Placed,0,CSE,7.05,1,1.3658901515086548,-2.1177619098685376
Placed,1,ENTC,9.04,3,4.21719664084484,1.4148406459261416
Placed,1,CSE,7.88,3,1.6921929953445862,-0.053179088138025965
Placed,1,CSE,9.87,3,2.7402779239503356,-1.4036587160922889
Not Placed,0,CSE,7.73,3,1.6376963610887336,-1.4405623767361615
Not Placed,0,Mechanical,7.05,1,-0.23867861402646137,-0.9111223115726863
Not Placed,0,CSE,6.25,1,-0.29413291973230793,-2.873170830496617
Not Placed,0,CSE,8.64,2,1.075423096161908,1.4494884630783174
Not Placed,0,CSE,6.99,0,-3.1415424693348535,1.7392780524239497
Not Placed,0,IT,7.34,0,-0.9617498582420838,-0.18370542758952552
Placed,1,CSE,8.74,2,1.5739310189039244,1.365048343985077
Not Placed,0,CSE,8.6,2,0.25110808505920845,0.9611500685982393
Placed,1,IT,7.18,1,1.2196181770966115,-1.8480683636172395
Not Placed,0,ECE,7.31,2,-0.797604012647298,1.687455531988726
Not Placed,0,IT,6.21,1,-0.2651001580881684,-2.1797251871039283
Not Placed,0,ECE,5.95,0,-3.2367074556959823,0.07143960124369692
Placed,1,ENTC,8.35,3,1.4768637617350497,-0.009622469865380064
Placed,1,ENTC,8.44,2,-0.06090592703833833,1.0024939700324837
Placed,1,ECE,8.0,0,-1.7035449647253482,-0.4788297150459134
Not Placed,0,CSE,7.86,0,-1.0146977020013823,-0.3718846893629035
Placed,1,CSE,7.1,2,-1.2116516330469518,1.781296790812699
Placed,1,CSE,8.95,3,3.6995313910869423,1.7569312345276582
Not Placed,0,IT,6.18,0,-2.302482464058249,-1.0346920850408388
Not Placed,0,ECE,7.3,1,-0.9599095806656399,-0.42763329477229933
Not Placed,0,IT,7.84,0,-1.0599074329003246,0.3083692085650385
Placed,1,CSE,7.7,1,1.1031816509231405,-0.6613362474185703
Not Placed,0,CSE,7.7,2,-0.07290119865354117,2.113601546124214
Not Placed,0,ECE,7.26,1,1.1538086315349936,-1.0720107436587738
Placed,1,CSE,8.16,3,5.234387262449233,-1.0387058069189978
Not Placed,0,CSE,6.67,0,-3.057250757580741,-0.5524545770875485
Placed,1,ECE,7.58,3,1.788137573096234,-0.39336894846285686
Placed,1,Mechanical,8.07,2,1.0817569241757226,2.7581286971899854
Not Placed,0,ECE,7.42,0,-1.2285681802496402,0.3159598624986211
Placed,1,CSE,7.7,3,2.0951656065343585,0.25893714143611013
Not Placed,0,ENTC,7.88,0,-1.8875635602902339,0.5359013105970933
Not Placed,0,IT,6.2,1,-0.02762457375095842,-0.3387586525658081
Not Placed,0,CSE,6.28,1,-1.4188470357040668,-1.7655804825700538
Not Placed,0,IT,7.81,2,-0.11381289009939297,0.8973088063615614
Not Placed,0,CSE,7.18,0,-1.5665282152050934,-1.09774216998944
Not Placed,0,ECE,7.23,2,-0.6943928264722845,1.5154909380710841
Placed,1,CSE,8.18,3,1.387145933890033,-0.16720219617084775
Not Placed,0,ENTC,6.86,0,-1.4163030268511476,0.9594842965409097
Not Placed,0,CSE,5.65,1,-0.5915883123033736,-2.3480243216781083
Placed,1,CSE,9.11,3,3.7878036593427926,0.47408164458630486
Not Placed,0,CSE,8.73,2,-1.3131319643289996,1.6986240396669487
Not Placed,0,ENTC,8.72,2,-0.8213695823158538,1.1683943001059196
Not Placed,0,CSE,6.75,2,-0.6273332024523933,0.8742904662985574
Placed,1,CSE,7.63,2,-0.7584695864041574,1.355325606061084
Not Placed,0,CSE,6.62,0,-2.423181260946959,-0.3317483382308635
Not Placed,0,CSE,7.65,1,-1.0266428187579495,0.03198119349744944
Not Placed,0,CSE,7.4,1,1.7396955870658108,-2.76549806218457
Not Placed,0,Mechanical,6.78,1,0.7102097953737047,-1.2442837469662646
Not Placed,0,IT,8.13,2,-1.2036050888869378,1.1400636825047705
Not Placed,0,IT,7.48,0,-2.3098539555236206,1.7776161886780921
Placed,1,ENTC,9.16,2,0.963561939613262,1.5770562713593954
Not Placed,0,ENTC,7.77,0,-2.2462754759715877,-0.2188027458363785
Not Placed,0,ECE,5.53,2,-0.6590071218843373,0.10951150687192418
Not Placed,0,CSE,6.16,0,-1.897478810645348,-1.7398243224377588
Not Placed,0,Civil,9.48,2,0.9070853460721834,1.6954768186112958
Placed,1,CSE,7.39,2,0.7035323567201995,2.6170849319570615
Not Placed,0,CSE,7.9,2,-0.6843645487356738,1.5520379430502005
Not Placed,0,ECE,7.71,1,-0.2666794170522711,-0.16111400699124362
Placed,1,CSE,8.9,3,5.5512537463913265,-0.2903659142917247
Not Placed,0,CSE,6.08,0,-2.1823276191284524,0.5104864642294948
Placed,1,Civil,8.83,3,1.5384485473632374,-0.07519532868638362
Not Placed,0,CSE,8.77,2,-0.8595295443530265,0.6994617494570105
Not Placed,0,IT,7.71,0,-2.081146100182225,-0.8953371465916548
Placed,1,CSE,8.05,3,1.9720456460934934,-0.09221054502300374
Not Placed,0,CSE,7.38,2,-1.6213978950195822,1.789672118925533
Not Placed,0,ECE,6.27,0,-1.5349172561933189,-0.9812066996266816
Not Placed,0,Civil,8.19,2,-0.4904571296588362,0.8248590514647546
Placed,1,ECE,7.91,1,1.4107104583898444,-2.3016984909091387
Not Placed,0,Civil,7.93,2,-0.6537466161552575,0.9177228193082438
Not Placed,0,CSE,8.11,2,-1.2802911031223927,1.5835204469767146
Not Placed,0,IT,7.19,0,-1.69861750171265,-0.4393510939819039
Not Placed,0,CSE,8.97,2,0.3721807825932802,0.37758700127718164
Placed,1,ENTC,7.71,3,2.0373597847475162,-0.4540083388192647
Not Placed,0,IT,8.16,1,-1.0035960153905907,-1.1198121021795726
Not Placed,0,IT,7.47,1,0.044688480516903516,-0.45271538703357805
Not Placed,0,CSE,8.59,2,-0.3764252216878055,1.3490206418598418
Placed,1,CSE,7.79,3,2.1071187509182323,-1.826976240051983
Not Placed,0,ECE,7.63,1,0.9572756009804289,-2.086716791581067
Placed,1,Mechanical,8.73,3,2.2949894218660374,1.3225626568366975
Not Placed,0,IT,6.24,1,-0.8050161209844352,-1.0367145154115245
Not Placed,0,CSE,7.46,1,0.3711052627759967,-0.060218585907040184
Not Placed,0,IT,7.18,1,0.051137350165343674,-2.130365703661352
Not Placed,0,CSE,8.02,0,-2.044621803671791,-0.9269888909718175
Placed,1,CSE,7.97,2,-0.5773980559764762,1.0574460152478156
Placed,1,CSE,7.69,3,1.8121536537537184,0.04482642212143931
Not Placed,0,CSE,7.09,1,0.28574415222687904,-1.1848481739020111
Placed,1,ECE,7.68,3,2.206250799569745,0.6546400091906504
Not Placed,0,ENTC,7.97,2,-0.6629665019237081,0.12209036737983883
Placed,1,IT,7.55,3,2.937647310654517,-0.6103646202277071
Not Placed,0,ENTC,8.64,2,0.5100542837235655,1.9381981707435296
Placed,1,ECE,8.22,2,1.294294030693054,1.0918494951668116
Placed,1,IT,7.72,3,3.924930498274573,-4.411605255504441
Not Placed,0,CSE,5.71,0,-3.755605801464164,-1.6956037612512416
Not Placed,0,IT,7.51,1,0.04554451028137008,-0.5043226973057557
Not Placed,0,IT,8.24,0,-1.547813343499524,1.2583188957905898
Not Placed,0,CSE,7.46,2,0.022283244001068694,1.7325442275508267
Placed,1,CSE,7.96,2,1.1129370958688012,0.23286550835104441
Not Placed,0,Mechanical,7.51,0,-1.1511778499816487,0.1477607599068331
Not Placed,0,Mechanical,7.9,1,1.241469399003825,-0.16030232846029077
Placed,1,CSE,8.89,2,1.6647249817247398,1.4295835595496396
Placed,1,ENTC,8.37,1,0.4899662729988223,0.02533095408618194
Not Placed,0,Civil,6.6,0,-2.842726658457585,0.9101709629957001
Placed,1,CSE,6.29,3,1.4289331598454202,-1.4479967393291182
Not Placed,0,CSE,8.08,2,-1.128973669150582,1.231744458692141
Not Placed,0,ECE,8.69,2,-0.24307030870641133,0.5013089141059813
Not Placed,0,Mechanical,6.29,0,-3.549131128095254,0.6820450962123012
Not Placed,0,ENTC,7.52,0,-1.6817187754565124,0.9548167591039081
Placed,1,IT,9.72,3,3.4423063121856012,1.3466781696123844
Placed,1,ECE,7.47,1,0.22434595198228216,-1.3554642787800288
Placed,1,CSE,9.85,3,2.259245744906552,1.7529429849268245
Not Placed,0,CSE,7.0,1,-0.36588401817798205,-0.4250839981598654
Not Placed,0,CSE,7.15,1,-0.8122677811626385,-1.801165786333273
Not Placed,0,ECE,7.1,0,-2.5078617262357783,0.6206898055799108
Not Placed,0,IT,6.61,0,-3.7853022494365787,-1.0910358189035732
Not Placed,0,CSE,6.26,0,-2.135045590646392,1.6003703242270781
Placed,1,ECE,7.51,2,1.269958165461948,0.9467983562470549
Not Placed,0,IT,7.82,2,-0.7264885215096134,0.9723350619490165
Not Placed,0,ENTC,7.09,0,-2.2488940796612704,-0.48569287080806034
Not Placed,0,CSE,7.3,1,1.0587180326932297,-0.7557367009906242
Placed,1,ECE,8.93,3,3.6273174876767103,0.9612485705816342
Placed,1,IT,8.53,2,-0.008467672183001594,1.3375241060469942
Not Placed,0,Civil,7.48,1,0.8059764258084595,-0.45537343998083274
Placed,1,Mechanical,8.07,3,1.3564586037341217,0.5065367810375546
Not Placed,0,IT,6.31,0,-2.5613897228467932,-0.7898211309672089
Not Placed,0,ECE,7.93,2,-2.220490385680008,2.5650868876102915
Placed,1,ENTC,7.65,3,1.8355676590900243,-0.059432257455010684
Placed,1,IT,7.38,2,0.5362669440024312,0.3577395274527953
Placed,1,CSE,7.73,2,0.5696600988299031,0.5606185096818368
Not Placed,0,Mechanical,7.59,0,-2.3503131146006493,2.1296739008918424
Not Placed,0,CSE,6.58,1,0.5125738802459634,-3.233829242289979
Placed,1,Mechanical,9.13,2,-0.47463309226834893,1.5587967329551942
Not Placed,0,IT,8.51,1,-0.23656456930852848,0.22288868237250814
Not Placed,0,Mechanical,7.37,1,-0.32051637502261193,-2.458935463400639
Not Placed,0,Civil,6.2,0,-2.2045191780249858,-1.7374425279787762
Not Placed,0,IT,5.61,0,-2.8779378153663635,-2.4197581188838706
Placed,1,CSE,9.4,2,0.34365120443579467,3.191149498049037
Not Placed,0,ECE,7.55,0,-2.416118944095169,0.22648042798987375
Placed,1,Mechanical,8.35,3,1.9360427166036227,0.9100325687354494
Not Placed,0,IT,6.89,0,-2.479288118081991,-1.550706798599496
Placed,1,CSE,7.44,3,3.793682354011979,-0.7476432347764881
Not Placed,0,ENTC,7.48,0,-2.26402166028784,-0.09281323736630172
Not Placed,0,CSE,7.91,1,-1.1394154437221982,-0.2418313154267738
Not Placed,0,ECE,7.78,1,1.1120884730081255,-0.5787969747881678
Not Placed,0,CSE,6.92,1,-1.1175088505541793,-0.38625380326953745
Not Placed,0,Civil,6.91,0,-2.377218485032374,0.18065400356379424
Not Placed,0,IT,7.63,1,-0.13534888183992871,-0.5292363409988111
Placed,1,Civil,6.21,3,2.4931918554632047,-1.2853894547745952
Not Placed,0,CSE,7.0,2,-0.7178646728510172,2.0353849444674834
Placed,1,Mechanical,7.57,0,-2.4200163665482983,0.613653262388772
Placed,1,IT,8.04,1,0.7422583559128444,0.0666243924000367
Placed,1,ECE,8.98,3,1.722534658539151,0.9854235108711975
Not Placed,0,ENTC,7.3,0,-2.1492839179078795,-0.20413753952847122
Not Placed,0,ENTC,7.73,2,-0.48645625010495036,-0.2031624547997903
Not Placed,0,IT,6.11,1,-0.8781999022999106,-1.0086107109960132
Placed,1,CSE,7.98,2,-0.3449484055581978,0.8259801939988279
Not Placed,0,IT,6.93,0,-2.7619406476114006,1.2214284742696695
Not Placed,0,IT,7.44,1,-0.3581174998103923,-1.5398684892850305
Placed,1,ECE,8.1,2,0.03126044051199023,0.8833612054958223
Placed,1,Civil,8.14,2,0.8440796073626375,0.0005757877008020712
Not Placed,0,ECE,6.46,1,-1.4144314739125923,-2.077347899027134
Placed,1,IT,8.38,3,2.7152144286318958,1.3088701660262334
Not Placed,0,CSE,7.67,1,-0.7890665118824594,-1.2720416609434244
Placed,1,CSE,8.78,3,2.95570541895486,-0.24891483296361072
Placed,1,IT,8.94,3,2.4647917472513075,1.0700023384140862
Placed,1,ENTC,9.07,2,0.0017668158784389112,3.513855204128328
Not Placed,0,IT,6.49,0,-1.3117275626850582,0.45362945853020625
Placed,1,IT,8.04,2,0.7386530441340956,0.25670288865863816
Not Placed,0,ECE,6.36,0,-2.072836106219132,0.09301491033309173
Placed,1,IT,8.81,3,4.99021970165505,-0.9939810027421436
Not Placed,0,CSE,8.93,3,1.2566452500023635,-0.44719019809868965
Not Placed,0,CSE,8.53,0,-2.1376023037955627,1.2430740412170251
Not Placed,0,IT,7.34,2,-0.17803026763663926,0.6708947280718984
Placed,1,CSE,8.16,1,0.21373099171954463,-0.17361825555390867
Not Placed,0,CSE,7.23,2,-1.4353550790650444,1.0511428748440284
Not Placed,0,ECE,7.71,1,0.4342342849013857,-1.004682845542021
Not Placed,0,IT,7.62,1,0.4272865833726796,-0.26291062999895964
Placed,1,CSE,6.0,1,-0.30277500322990475,-0.8695652408605584
Not Placed,0,ECE,7.01,2,0.08808106392278119,-0.34814353246859064
Placed,1,IT,9.63,3,3.6695007953411642,0.7743127229361755
Placed,1,IT,7.63,1,0.72246956409901,-1.9685448832132084
Not Placed,0,CSE,7.84,1,0.8842345480466376,-0.6624137484717363
Placed,1,IT,7.69,1,0.20132231331811723,-0.47951992818330014
Placed,1,IT,7.35,2,-0.9829029510184841,1.0107269906968255
Placed,1,Civil,7.73,3,3.554854056631399,-2.2228758939997264
Not Placed,0,CSE,7.35,1,0.8867034156109769,0.06007067083913907
Not Placed,0,CSE,5.76,0,-3.348690226655957,-0.24478860974952485
Placed,1,CSE,8.37,1,-0.4542016188936698,-0.8788136023710449
Placed,1,IT,9.07,2,1.1149408180047216,1.3805403775111253
Not Placed,0,ENTC,6.71,1,-0.922642671685084,-2.4396757892369294
Not Placed,0,ECE,7.35,1,-0.8414666714546117,-0.6546343344032128
Placed,1,Civil,8.97,2,-0.2674242321457064,2.101582685374028
Not Placed,0,IT,7.04,1,0.6610226063656462,-0.7723904460080809
Placed,1,IT,8.03,2,-0.41362513094365694,2.0016028927978606
Placed,1,ECE,10.0,2,0.11476324833096614,4.943599117042484
Placed,1,CSE,8.24,3,1.9290722944675678,-1.3002508664676007
Not Placed,0,IT,7.76,0,-1.8782431013662504,-0.15611655000126867
Placed,1,CSE,8.45,2,-0.49929835770883535,1.0795972180851618
Not Placed,0,IT,8.36,2,1.101894069839665,1.6856538187923011
Not Placed,0,ENTC,7.14,2,0.6783733605498653,0.5767559912258682
Not Placed,0,Mechanical,6.22,0,-2.9138776222574436,-0.3909999813110539
Not Placed,0,ECE,8.2,1,0.2856587579649647,-1.5606446217655554
Placed,1,CSE,8.33,3,2.1498262963472934,0.8268877716889403
Not Placed,0,ENTC,7.45,0,-1.4455723485429202,0.2889050993564519
Placed,1,ECE,9.1,3,2.4267643381586588,0.8845689106778749
Placed,1,ENTC,8.93,3,1.5637827148482495,0.7710471205005345
Placed,1,CSE,8.36,1,1.657567004987334,-2.44252064161941
Not Placed,0,Civil,7.46,1,-0.3200124404286863,-0.588012565135463
Not Placed,0,CSE,5.92,0,-3.323335712706099,0.988357415652918
Placed,1,ECE,7.55,3,2.5096695838884133,-2.7129042063276008
Not Placed,0,ENTC,6.14,0,-1.895053073820189,-0.6942828681228564
Not Placed,0,Mechanical,5.7,0,-1.7818275753487165,-2.840240701355932
Placed,1,Civil,8.25,2,1.4643355828311817,1.3113135524428954
Placed,1,CSE,8.7,2,1.4145225194413282,0.6922351191365762
Not Placed,0,ECE,6.04,0,-1.5642355513270558,-1.6372338713493073
Not Placed,0,CSE,7.48,1,0.013553126369588546,-3.181458229762313
Placed,1,ECE,7.69,1,-0.057007627660040056,0.07721420615004163
Not Placed,0,IT,7.45,0,-3.1784549016538994,0.6958413620546748
Not Placed,0,CSE,6.53,0,-1.5207505369468335,-0.2840230327428575
Placed,1,Mechanical,8.83,2,0.9155427653250741,1.2243120002650827
Not Placed,0,ENTC,6.55,0,-2.216183225519029,-1.5356234514202365
Not Placed,0,CSE,6.04,0,-2.9832959995592443,1.1155401774942446
Not Placed,0,IT,6.53,0,-2.072978486263438,-0.9315147950249856
Not Placed,0,CSE,8.11,3,2.3406015601067396,-0.009546030012236362
Not Placed,0,IT,7.47,1,-0.8656701591248206,-1.182523065703723
Not Placed,0,IT,7.05,0,-2.937252428808773,1.3338486737629298
Not Placed,0,Mechanical,8.15,2,-1.7513047149961094,1.2268132170353012
Not Placed,0,CSE,7.98,0,-2.9960769477110882,0.36867022968716434
Not Placed,0,IT,5.74,0,-1.2375030547194759,-0.33347067674441955
Not Placed,0,ECE,8.14,2,-1.010681911258906,0.8411408871072682
Not Placed,0,IT,8.7,2,0.20373930634565582,0.8619303315102663
Not Placed,0,CSE,7.6,1,-0.4078036032798913,-0.7104653676169057
Placed,1,CSE,7.5,1,0.6187131417014078,-0.3059172393282567
Placed,1,IT,9.31,3,1.9385543338026852,1.4291833636814197
Not Placed,0,CSE,7.1,1,0.8282339208006245,-1.553977666527667
Not Placed,0,ECE,7.56,0,-1.3648874630933485,0.9367013444592871
Placed,1,CSE,7.98,2,0.8029195713123363,1.3775435444458572
Placed,1,ENTC,7.74,2,-0.6599578385926698,0.34398335250143214
Not Placed,0,Mechanical,7.47,0,-0.9485073985927148,-0.030204079503093555
Placed,1,ENTC,7.78,1,1.4696632885536007,-1.2712899466058207
Placed,1,Civil,9.03,3,2.6631174529686423,0.027121587672810192
Not Placed,0,Mechanical,8.39,2,-1.2025023700791149,2.558807128699413
Placed,1,ENTC,7.64,2,-0.35553312415171917,3.1266511682137446
Not Placed,0,CSE,6.97,1,-0.07902183132305673,-1.5006269585240075
Not Placed,0,IT,7.08,0,-2.3425368087285974,0.5800970017380426
Not Placed,0,ECE,8.51,2,-0.6180502501817169,0.48858959091584353
Not Placed,0,ENTC,6.35,1,0.19921833974406336,-0.2948698336975455
Placed,1,ENTC,9.74,3,2.720186361553376,0.8189002302944149
Not Placed,0,ECE,7.67,2,0.3893542729776914,0.2917534610617139
Not Placed,0,ENTC,6.53,0,-3.4058035689852844,0.6197613534195366
Not Placed,0,ECE,7.85,1,-0.7862617472653205,-0.8802971677054656
Placed,1,ECE,7.02,2,-0.8702377536290988,0.595509952239086
Not Placed,0,IT,7.34,2,-0.6798772095082849,2.3966738237460548
Not Placed,0,CSE,6.42,0,-3.3913914663220592,-0.6892630660445125
Placed,1,IT,7.5,3,1.2823635589997282,0.255635183059444
Not Placed,0,IT,5.9,2,-1.0734112753920277,0.6400385746159921
Not Placed,0,CSE,7.19,0,-2.3655542016437905,-0.7187283894549051
Placed,1,IT,7.0,1,0.5089884639465307,-1.2658657266870563
Not Placed,0,Mechanical,7.27,1,-0.7838611159147234,-0.6816766203989253
Not Placed,0,CSE,7.05,1,-0.37347060922932,-3.063624503050508
Not Placed,0,ECE,7.73,2,-0.3711778117829606,0.9334066410964746
Placed,1,IT,8.45,2,0.218235250370885,0.4572760582186865
Not Placed,0,ENTC,8.01,2,0.6765994075085368,1.2057415861495546
Not Placed,0,CSE,8.8,3,1.250033082474971,-0.1518602111151338
Placed,1,CSE,7.28,0,-1.6601885173912023,0.6318596105336032
Not Placed,0,ECE,7.98,2,-0.7173625615625012,2.445695245144754
Placed,1,CSE,8.01,3,1.6015359567374958,0.5936150567559477
Placed,1,CSE,8.68,2,0.8238985705016174,1.6287592162121856
Placed,1,ENTC,7.08,2,-0.7951195346739299,0.37902334339700117
Placed,1,ENTC,8.37,3,2.0191015225254936,1.4408484064402654
Not Placed,0,CSE,6.97,1,-0.5429323382031203,-0.9519862254753788
Placed,1,Mechanical,7.22,3,2.0640783194138583,-0.5403021967473527
Not Placed,0,CSE,7.4,1,-0.2539321887921434,-0.5628088343982234
Not Placed,0,CSE,8.09,1,-0.3398025709098011,-0.8000219711420051
Not Placed,0,CSE,6.78,0,-2.6821555187503034,0.16136061158419557
Not Placed,0,CSE,6.89,0,-2.6974655159867202,-1.191209903715798
Placed,1,CSE,7.15,1,0.010750710360898827,-0.9604003279086591
Placed,1,ENTC,7.74,1,1.386587230648472,-1.712830722000087
Not Placed,0,CSE,6.9,0,-3.650410417167137,-0.5639165298489005
Placed,1,Civil,7.92,3,1.9246353897978978,-1.168152720223072
Not Placed,0,IT,7.4,2,-0.0845338324016215,0.7032224123742005
Placed,1,ECE,8.26,3,4.963698660658858,-2.63764320894311
Placed,1,IT,7.75,1,1.131313166841325,-1.5548963766651067
Not Placed,0,CSE,9.19,2,0.6131030216665296,1.3546333788091958
Not Placed,0,CSE,7.8,0,-1.782900649372726,1.2641678401339405
Not Placed,0,ECE,6.66,0,-2.721761297946819,-0.1578788991140417
Not Placed,0,ENTC,7.52,1,-0.30223257912905854,0.2017469938370774
Placed,1,CSE,7.72,3,2.5108924707506532,-1.1378208444644462
Not Placed,0,IT,6.93,1,-1.2392198102898402,-0.9896164768316312
Placed,1,CSE,8.99,3,2.0076753043930124,0.45788925148627935
Placed,1,CSE,7.44,2,-0.15720348697211634,1.7123294147371884
Not Placed,0,ECE,7.15,0,-1.8391465293851228,0.3052533809487301
Placed,1,CSE,7.85,2,0.0006385097577008952,1.3451222163748269
Placed,1,ENTC,6.93,3,1.9920027581355544,0.5569289842594501
Placed,1,Civil,8.52,3,2.4690059845587773,-0.7566784422225517
Not Placed,0,CSE,8.35,0,-1.5623263018480091,0.7637430061537185
Not Placed,0,Mechanical,7.81,0,-2.4267904005408356,0.9040293382876234
Not Placed,0,ENTC,8.2,3,1.9627722754019346,-1.2235441010214974
Placed,1,IT,7.28,3,1.8909785472691274,-0.9738328870666186
Not Placed,0,ENTC,6.42,0,-2.507164736957814,1.2393700128953078
Not Placed,0,CSE,7.42,0,-0.8132998191450617,-0.016829437160208138
Not Placed,0,ECE,7.27,1,0.9147833175764614,-1.7646740025062257
Not Placed,0,ECE,5.97,1,-1.302645301065253,-2.7786756015695997
Not Placed,0,Mechanical,6.8,1,-0.8743429846737906,-0.7045404378199269
Not Placed,0,ENTC,6.65,1,-1.775092159744255,-3.6280049559573455
Not Placed,0,ENTC,6.8,1,-0.9011777365699597,-1.010183289517391
Placed,1,CSE,8.83,2,1.6283188574047995,1.9829706554475979
Not Placed,0,Civil,8.14,1,0.5642436428474745,-2.472374107508287
Not Placed,0,ECE,8.52,2,-0.29120015931221127,1.1049663435176131
Not Placed,0,ENTC,8.13,1,-1.0966488735849702,-0.8120949108524614
Placed,1,Mechanical,8.62,3,3.4972969740371904,1.8829958730080762
Not Placed,0,IT,7.72,0,-1.2695139379616456,-0.28511155924900133
Placed,1,CSE,8.99,3,3.964022270606727,-0.7564284304794906
Placed,1,ENTC,6.65,2,0.1490231050482713,0.8165262006461873
Placed,1,Mechanical,7.64,1,0.5249462404267117,-0.53431689465969
Not Placed,0,ENTC,6.83,1,-1.2561175745849582,-1.9132418861620537
Placed,1,CSE,8.76,3,2.956471884665868,-0.30970137401857234
Placed,1,CSE,8.06,3,2.9342075751034504,-0.4460434304842852
Placed,1,CSE,8.71,2,1.0143215777322232,0.5855601023546362
Not Placed,0,CSE,6.51,0,-1.9512980998090912,-1.677886665253442
Not Placed,0,Mechanical,7.19,0,-1.2592401436596274,-0.817019524024243
Not Placed,0,CSE,6.18,0,-3.1639345187870487,-1.1547483984511493
Not Placed,0,CSE,8.01,2,0.25492405913720684,0.9480209394800176
Not Placed,0,CSE,7.34,1,0.5647680399794105,-0.8385356222967374
Not Placed,0,Civil,8.34,2,-0.0310218722148856,0.6992329461344384
Not Placed,0,ECE,7.73,0,-2.641241365322761,0.5572408457829572
Not Placed,0,CSE,5.89,0,-2.9898029977755978,0.8069792721513647
Not Placed,0,CSE,6.29,0,-2.652950720235493,-0.26837938423576935
Placed,1,CSE,7.77,3,2.413747785270433,-0.9437389946661654
Not Placed,0,CSE,8.1,0,-1.262420454423637,0.20331451513764826
Not Placed,0,ENTC,5.82,0,-1.7984046441161918,-1.7656332815685887
Placed,1,CSE,7.63,3,2.628494205217824,-0.07767269756996598
Not Placed,0,CSE,6.84,0,-2.447849791443052,-0.7135266284374567
Placed,1,CSE,6.76,1,1.3229035476516446,-1.7545578876291887
Placed,1,CSE,7.14,2,0.5565713795368818,0.3441262609212202
Not Placed,0,CSE,7.8,0,-2.424924304602087,-0.510041528557592
Not Placed,0,ECE,7.1,2,-0.4607051109391502,1.0654601061240188
Not Placed,0,IT,6.01,0,-3.1695463722428734,-1.0370527491240595
Not Placed,0,CSE,7.8,1,-1.2206219267745924,-1.1321972646507605
Not Placed,0,ENTC,7.4,1,0.22864833617048472,-1.0922755697239221
Not Placed,0,Mechanical,6.9,2,-1.1382933677333789,1.6703504022983031
Placed,1,IT,7.44,2,0.433566845874205,1.7195916725389522
Not Placed,0,IT,7.4,1,0.7072640315024852,-0.3534140812020578
Not Placed,0,Civil,7.74,0,-1.4158363670994631,1.1499927739821154
Not Placed,0,IT,7.49,1,0.9830413889764961,-0.705992184904841
Not Placed,0,Civil,7.84,3,1.7732019077784174,-1.2458049010125698
Placed,1,ENTC,7.66,2,1.348503866310211,1.8320300669788097
Placed,1,IT,8.4,3,2.151522855498833,-0.853427852316847
Not Placed,0,IT,9.05,2,-0.15209690721763708,1.3384353022126494
Not Placed,0,Civil,7.69,3,1.5749252368611304,-1.7127666986292986
Not Placed,0,CSE,7.17,1,0.1966086247675295,-0.7844556774825099
Not Placed,0,CSE,6.48,1,0.012350356251123336,-1.2598568505081866
Not Placed,0,CSE,8.25,2,0.34591948360412256,2.1094476693032083
Not Placed,0,ECE,6.93,0,-1.3721208039361612,-1.5457649829307658
Placed,1,ENTC,9.7,3,3.4000561574790806,0.8655267957580333
Placed,1,ECE,10.0,3,5.273976273297672,0.013381712950489174
Placed,1,IT,7.52,1,1.2557022770103718,-0.8789772597514356
Not Placed,0,ECE,6.28,0,-2.278090298891401,-0.3365368915218793
Placed,1,ECE,8.26,3,1.929393146286242,-0.8572647860402052
Placed,1,IT,9.48,3,3.16422939516653,2.1456827669575316
Not Placed,0,ENTC,6.58,0,-3.2895235594345693,-0.7909970191966992
Placed,1,ECE,9.31,3,4.701485927389198,0.11128597960391466
Not Placed,0,IT,6.13,0,-3.0151592058982533,-0.9264363184193135
Not Placed,0,Civil,6.46,2,-0.8079590114428677,0.6973042643648408
Not Placed,0,CSE,7.96,1,0.5357341607782823,-1.7699671827761003
Placed,1,CSE,8.56,2,0.07388580207056088,1.5709146766102848
Not Placed,0,IT,7.64,3,1.4894576892351188,-0.049668612556381116
Placed,1,CSE,8.08,2,-0.6155488365938632,1.7123911653777177
Placed,1,CSE,8.64,2,0.2983569015576158,2.8567810140037175
Placed,1,CSE,8.74,2,-0.14834609596452109,0.2810121505031558
Not Placed,0,ENTC,7.17,0,-2.7627688787814106,1.5203622449495702
Not Placed,0,ECE,6.97,2,-1.5811021809152384,1.8985042864191555
Placed,1,IT,8.6,3,1.8612143243859365,-0.5264803280718737
Not Placed,0,ECE,8.09,0,-1.4241359222268994,0.7961994506219352
Not Placed,0,ECE,8.2,1,-0.6817408221895775,-2.2328737116922457
Not Placed,0,CSE,7.14,0,-2.134387275081694,-0.15679846935587063
Placed,1,Civil,8.24,3,1.8510782471591671,-0.06366961461553705
Not Placed,0,CSE,6.77,0,-1.276963226694795,-0.9385462765028991
Not Placed,0,IT,7.91,0,-1.559637090303956,0.48206124533414546
Not Placed,0,IT,7.8,1,0.07230383182631267,-2.273850771788702
Not Placed,0,CSE,7.8,0,-1.1630238106781763,0.32276806038023154
Placed,1,CSE,8.36,3,1.4408027319807886,-0.006419808677420149
Placed,1,IT,6.83,1,0.5280867983450401,-0.45404099942914233
Not Placed,0,CSE,8.28,0,-1.0381792132929533,-0.27504740050379944
Placed,1,Mechanical,7.72,2,0.45970806322974045,0.42710553149925085
Placed,1,ENTC,7.03,2,-0.9691819973958234,0.8346460816240507
Not Placed,0,ECE,6.58,0,-1.241048731117835,-0.3095128073616706
Placed,1,ECE,9.31,2,1.3023671263323582,1.8502473729335869
Not Placed,0,ENTC,7.64,0,-2.4905907072968065,0.85571544361514
Placed,1,CSE,7.4,1,0.03196712136951121,-1.3617668726249283
Not Placed,0,CSE,6.73,0,-2.140468923188765,0.20310193346421807
Placed,1,CSE,8.63,2,-0.09085807341762751,2.118077003188593
Not Placed,0,IT,8.56,0,-1.2069567132041268,-0.08671836083214764
Placed,1,CSE,8.4,0,-1.902862538424889,0.5265657116388889
Placed,1,CSE,7.65,1,1.8001980499212358,-1.8810060499922407
Placed,1,IT,8.34,3,1.5454974811461033,0.42933470160038567
Not Placed,0,CSE,7.0,0,-1.1033538637922289,-0.74808031626006
Placed,1,ENTC,7.88,3,1.9120786125877025,-1.0998192254870445
Placed,1,CSE,7.65,3,4.936709196703117,-2.4803098240445793
Not Placed,0,CSE,7.93,0,-1.6520729326200843,-0.03145478252012819
Not Placed,0,IT,6.16,0,-2.668285795386741,0.1695351860007648
Placed,1,IT,9.29,2,0.3130058182191189,2.8038528222081034
Placed,1,ENTC,9.08,2,1.3400986433584257,0.7925910472246445
Not Placed,0,IT,6.72,0,-3.4648060005799413,0.001323440980006498
Placed,1,CSE,8.19,3,2.713259963481874,-0.12469099667101255
Not Placed,0,Civil,6.44,1,-1.4934353982750146,-2.363490755075438
Not Placed,0,CSE,7.77,1,-0.006185791257355136,-1.0412667716714843
Not Placed,0,ECE,5.83,0,-2.7736915963036273,1.294942033090693
Not Placed,0,ECE,7.45,1,-0.2291844164438304,-1.5574601798198708
Not Placed,0,IT,7.29,2,-0.7300341695242482,0.36267376703802706
Placed,1,CSE,8.68,3,4.333974669634937,0.47903739282789126
Not Placed,0,CSE,9.12,2,0.9213168098500436,2.0143750865226626
Placed,1,CSE,9.14,3,2.3474083786987077,-0.44772398845223205
Placed,1,CSE,8.68,2,-0.9410388518659605,1.363452423074979
Placed,1,ECE,7.77,3,2.2601804924402087,-0.5677469519952312
Placed,1,IT,8.03,2,-1.4732135290874262,1.914432296742333
Not Placed,0,IT,8.03,1,0.39344725439552086,-1.1548136369877162
Placed,1,CSE,6.7,1,1.4556661482529585,-1.6308832721015092
Not Placed,0,CSE,8.67,2,-1.3083434572301977,1.266148146366757
Placed,1,ECE,8.29,3,2.186437306767897,0.33838882297951434
Placed,1,IT,8.33,3,2.653421284161123,-2.108012250735639
Not Placed,0,ECE,5.76,0,-3.349900542792398,-2.9832838526945813
Not Placed,0,ENTC,8.08,1,0.42689398869095574,-1.5397371689507264
Not Placed,0,CSE,8.55,1,0.8960278469594616,-0.4132845166732487
Placed,1,ENTC,7.69,1,0.5289296303095922,0.23684065920938785
Not Placed,0,CSE,7.27,0,-2.0915435728219007,-0.22343666600164233
Not Placed,0,IT,6.54,0,-1.6480100849596302,-0.05938812859619436
Not Placed,0,CSE,6.48,0,-2.0002877873872533,-0.193192873557948
Placed,1,CSE,7.83,3,2.6274842853501807,-1.0141587323212615
Not Placed,0,Mechanical,7.5,1,-1.0673466340490585,-0.8183830634917311
Placed,1,CSE,7.49,2,0.8103767754886602,0.8219827407478286
Placed,1,CSE,9.0,2,1.7800889892542744,1.6517480393911115
Not Placed,0,Mechanical,6.63,0,-1.3641617883423072,-0.4975912530810234
Not Placed,0,CSE,7.41,2,-0.7317406729518259,1.6221973739051705
Placed,1,ECE,9.14,3,2.0037136757549607,0.7895621780406044
Placed,1,CSE,7.43,2,0.14256055081232116,1.932897633264817
Placed,1,Civil,7.76,3,2.4656803400399734,0.6526073368453836
Not Placed,0,IT,7.55,0,-1.6048616752640692,-0.21480468688349463
Placed,1,ECE,8.3,2,0.794464632457154,2.7134537599973685
Not Placed,0,CSE,5.95,1,0.2756707811281531,-1.7249344495585548
Placed,1,Civil,7.53,3,4.72662385944797,-1.373526664687502
Placed,1,Civil,7.75,1,0.5887111647305027,-0.8251545718678627
Not Placed,0,ENTC,6.85,0,-2.3396219814770562,0.6082790952387986
Not Placed,0,IT,7.99,0,-2.1553525205779507,1.6378674115123875
Placed,1,CSE,8.37,3,2.044418288469567,-0.0759092189228278
Not Placed,0,Mechanical,8.08,3,3.7841720180169944,-2.7718883274187864
Placed,1,ECE,9.21,2,1.8459316267771952,1.5100725511410673
Not Placed,0,Mechanical,7.33,1,-0.5850241119665279,-0.13924767856863257
Not Placed,0,ENTC,8.12,1,1.3180153895465854,-0.5007617127594608
Placed,1,CSE,8.1,3,2.5059540668385085,-1.8036174092840236
Not Placed,0,IT,7.5,1,-0.410103222968338,-0.7174752697168975
Placed,1,CSE,8.66,2,0.84053797517941,1.009695464014385
Not Placed,0,ECE,7.95,1,0.44738360153543605,-0.39184418923770475
Not Placed,0,CSE,6.68,1,-1.489104692167928,-1.7262067449386136
Placed,1,IT,8.34,3,4.480792358706815,1.1506454756394837
Not Placed,0,ENTC,7.28,2,-0.98095409376975,0.18861079814913748
Not Placed,0,IT,7.43,1,0.7522968293989908,-0.699181506503026
Not Placed,0,CSE,7.49,1,0.9790871487222151,-0.42368436379355157
Not Placed,0,CSE,8.32,2,-0.11239455220709006,1.0862349386659373
Placed,1,CSE,8.62,3,3.3586434325231487,0.8797920861170578
Placed,1,IT,7.56,3,2.744754342492116,-1.9733767280454584
Not Placed,0,ENTC,7.52,2,-1.3071408129628148,2.169874231951953
Not Placed,0,ENTC,5.96,0,-1.3708073757352555,-0.2881612418606908
Placed,1,ECE,7.1,1,0.18931013457405912,-0.12104298768589627
Placed,1,Civil,6.9,1,-0.22316094838418465,-1.4170106022676778
Not Placed,0,CSE,7.96,0,-1.7917828719495414,-0.8514651000717102
Not Placed,0,IT,7.61,0,-2.540924580174658,-0.27389128951246267
Not Placed,0,IT,6.93,2,-0.9919906820256325,0.45959919852566383
Not Placed,0,ECE,7.83,1,0.4600268877048865,-0.8167750142806465
Not Placed,0,IT,7.64,2,-0.23479188699152115,0.46223400778805407
Not Placed,0,Civil,5.54,0,-1.604395709349026,-1.490475937189194
Placed,1,ECE,8.64,3,2.9948030116535227,-0.13188661367083251
Placed,1,ENTC,8.56,2,0.6307563020405296,0.8425164019339301
Not Placed,0,CSE,7.5,1,-0.06221502193342518,-0.9274451136886749
Not Placed,0,ENTC,8.0,1,-0.2712375141659165,-0.7814501593547448
Placed,1,CSE,7.42,3,2.8320059505157174,-2.124032159767016
Not Placed,0,CSE,6.34,0,-1.9752052690129285,-0.11457721491162311
Placed,1,ENTC,9.54,3,3.26175005211879,0.9642955321032483
Placed,1,CSE,8.34,3,5.008372003864289,-0.928665023382913
Placed,1,Mechanical,8.5,2,-1.65695965864681,2.003165182487919
Placed,1,ECE,7.46,3,1.8606669935998443,-1.0052858613388935
Not Placed,0,ENTC,8.66,1,-0.3696967717148246,-0.3663192211956595
Not Placed,0,CSE,6.54,0,-3.151085083837211,-0.20114240747609047
Not Placed,0,IT,7.49,2,0.44156944051924335,0.1522226180935177
Placed,1,IT,8.33,3,1.3465069904193234,0.19366899261699413
Not Placed,0,ECE,7.17,1,-0.8056086248172047,-1.7414457768833191
Not Placed,0,IT,8.47,2,1.738962839983815,1.4042886506700327
Placed,1,Civil,7.96,1,-0.13503873309448539,-1.485804483358743
Placed,1,Civil,7.88,3,2.108009995225916,-1.8070825706710878
Placed,1,IT,7.09,1,0.3107742638376526,-0.6441922549476411
Placed,1,ECE,8.04,2,1.328543057792978,2.053033242184809
Placed,1,CSE,9.34,3,3.1006091483167038,0.7229849585093318
Placed,1,CSE,7.85,3,2.698542671964734,-0.07362823978051687
Not Placed,0,CSE,8.17,1,-0.1353670805263602,-0.5879072095831461
Not Placed,0,ENTC,8.3,2,-0.8120202040122632,0.8185542008866799
Not Placed,0,Mechanical,6.73,1,-1.399495650129897,-1.299112789931079
Placed,1,IT,7.59,2,-0.8649187649755783,0.35795937323453403
Not Placed,0,CSE,7.56,1,-0.4013592059340589,-1.2471603251883547
Not Placed,0,CSE,5.89,0,-4.081190091239741,-1.0501568448854919
Placed,1,CSE,8.37,2,0.25692001048726715,3.331837593486394
Placed,1,IT,6.91,1,0.8511047718324903,-0.5463796669284184
Not Placed,0,ENTC,8.28,1,0.11425110542293565,-0.33661201658105133
Not Placed,0,Civil,7.06,0,-0.963187489951016,-0.6015839141052182
Placed,1,CSE,9.44,2,1.6699312149298133,2.373416163693242
Not Placed,0,Mechanical,7.46,2,0.372351143544636,0.8235316322902887
Placed,1,ECE,9.33,2,1.6719254185057746,1.7440788673290197
Not Placed,0,ECE,7.55,0,-3.204069837058067,-0.31704326927634635
Not Placed,0,ENTC,7.65,0,-0.8301048459300022,-0.05619662589652281
Placed,1,CSE,9.03,2,1.4839714121261625,1.0525110329272573
Not Placed,0,CSE,6.92,1,-0.7105753477260903,-1.5138116795131418
Not Placed,0,CSE,7.74,0,-3.193662045580748,0.6011526066357409
Placed,1,ECE,8.16,2,0.5004762512702589,0.8215686224183736
Not Placed,0,IT,8.04,1,-0.1602519939863525,-0.014378652187750366
Not Placed,0,CSE,7.74,2,-0.212669238200001,1.075796551840726
Not Placed,0,CSE,7.62,2,-1.0137104304453874,0.3295740730222369
Not Placed,0,CSE,8.42,1,0.6368049980004377,0.2843888894253965
Not Placed,0,CSE,7.85,1,0.10432561266247628,-0.9354368428746611
Placed,1,IT,8.52,3,1.9604194086407714,1.1734686353871504
Placed,1,Mechanical,8.03,3,2.692886354400724,-1.6644260846181447
Not Placed,0,ECE,8.25,2,0.7450563635783181,-0.057686019191595446
Placed,1,CSE,8.66,2,0.48964785148506534,1.8494549308309627
Placed,1,ENTC,7.44,3,2.4748768621565036,0.20460822468049536
Placed,1,ENTC,8.64,2,0.5172609623154276,0.34379521773583427
Not Placed,0,IT,7.57,1,-0.43294820927099664,-0.1624617923078161
Not Placed,0,CSE,6.51,0,-3.254367910531363,-0.003436664282540672
Not Placed,0,CSE,7.42,1,0.3581848446826067,-1.6855569143704627
Not Placed,0,CSE,7.09,2,-0.9616432329608082,0.553595127072399
Placed,1,ECE,8.02,1,1.0952015728837028,0.02899003131338687
Not Placed,0,IT,7.46,1,0.37990732434982916,-2.2265351593444263
Not Placed,0,CSE,7.81,2,-0.8671956394487389,0.5262419854192908
Not Placed,0,CSE,8.56,2,0.20059895579441217,1.8920591740459298
Placed,1,CSE,8.96,3,1.9433809965522544,1.0144900246225195
Placed,1,IT,7.95,3,3.197067811727839,-0.1495640979620469
Placed,1,ENTC,8.62,3,2.170481915816753,0.8385280081875306
Not Placed,0,CSE,7.55,3,1.7435522022763266,-0.7740981831383239
Not Placed,0,IT,6.37,1,-1.114215755709969,-1.2655320066879148
Not Placed,0,ENTC,6.7,1,-0.30683322269052826,-2.4376751738022397
Not Placed,0,IT,7.53,3,1.1068545621842223,0.13538987870082383
Placed,1,ECE,8.38,3,4.144162713413381,-1.038413612496906
Placed,1,CSE,7.54,1,-0.1767970825985139,-0.42061045042171397
Not Placed,0,IT,8.71,2,0.6542608575085944,0.5291905162614137
Placed,1,CSE,9.26,3,4.575769912765924,1.3801800821523464
Not Placed,0,IT,6.94,0,-2.4501223999055437,-0.04077117916248319
Placed,1,ENTC,9.51,3,3.8139525653899047,-0.6536364659810543
Not Placed,0,ECE,6.31,1,0.0075073958868547095,-1.1313119000961358
Placed,1,IT,9.27,3,2.432259815878095,1.1456706054852046
Placed,1,IT,7.67,2,-1.1378809484283805,1.5416431935989514
Placed,1,Mechanical,7.5,1,-0.02616726656742092,-1.5705754918114545
Not Placed,0,IT,7.69,1,1.0398532793637265,-0.4828815140109725
Placed,1,CSE,7.02,1,0.15277825092858596,-1.557842828138691
Not Placed,0,ECE,8.98,2,1.3367838124022076,0.7224537890602356
Not Placed,0,IT,7.11,1,-0.8204351203661894,-1.9928728396120177
Not Placed,0,Civil,7.22,3,3.096826837786737,-3.637826365289203
Not Placed,0,IT,6.53,0,-2.5765161102474137,-0.2935125431684317
Not Placed,0,ENTC,7.08,0,-3.306549969142055,-0.14331185707123284
Not Placed,0,CSE,7.1,2,-0.64241295391172,1.7807493664022946
Not Placed,0,IT,7.05,3,2.4204242400850586,-1.6506361779110674
Placed,1,CSE,7.55,1,0.8239623190352166,-0.6854283684692842
Not Placed,0,Civil,6.75,0,-1.7933704131495012,-1.0685866635530683
Placed,1,CSE,9.06,3,4.799198793569282,-0.28698212106942916
Not Placed,0,IT,7.57,0,-1.6859151723751662,-0.2352726588909256
Not Placed,0,Civil,8.02,2,-0.35739925223876967,0.46764400149303753
Not Placed,0,IT,8.43,1,-0.3443352395309018,0.02090177584213597
Placed,1,IT,9.42,2,1.2085454821711,1.2888094045451133
Placed,1,IT,8.47,3,2.75326480263995,2.2684846481799656
Placed,1,ENTC,7.49,1,0.8054265357767689,0.3584925599162039
Placed,1,IT,6.79,3,1.4053580111892567,-0.24920083578650692
Not Placed,0,IT,7.99,2,-0.764859805775813,0.2934500024146261
Not Placed,0,Civil,8.6,3,1.3411843197015327,0.1562203496517788
Placed,1,ECE,7.82,2,1.3065067573717017,1.0910070640560643
Placed,1,CSE,7.76,3,2.0714256984662054,-2.241730883358783
Not Placed,0,ECE,7.88,2,0.5825757312125025,1.1000285807135235
Not Placed,0,CSE,6.11,2,-1.2675774620184022,0.869699638358806
Placed,1,CSE,7.82,1,1.4437855145033696,-1.700349073262381
Placed,1,CSE,8.32,1,0.22449125786049104,-0.547879137901043
Not Placed,0,ECE,7.66,2,0.040771887959014305,0.387880871239758
Placed,1,ENTC,8.65,3,1.3789710571191267,0.6127631702625614
Placed,1,CSE,8.68,2,-0.48894492713469073,1.581974859688
Not Placed,0,IT,7.27,1,-1.4278257353684247,-0.9648085390188478
Placed,1,CSE,8.08,3,3.1730692728286822,-3.0683896035043
Not Placed,0,ENTC,7.74,1,0.32874641768411017,-0.03307273923359466
Not Placed,0,ENTC,5.98,0,-1.8587463263808919,-0.8655407004702319
Not Placed,0,ENTC,7.54,1,-0.3814992248484864,-1.492991514110574
Not Placed,0,Civil,6.82,0,-1.6866782373324714,-1.1872737763328376
Not Placed,0,ENTC,7.81,1,0.386612761807431,-0.24629642077618635
Not Placed,0,Civil,8.28,2,-0.7582465302214442,0.015250942492826323
Not Placed,0,ECE,7.52,1,-0.06315508664366577,-0.13485547300118964
Not Placed,0,CSE,6.93,0,-2.2963298093821387,-0.8897491094285226
Placed,1,ECE,7.9,3,2.412361112392114,-0.5377679607595459
Placed,1,IT,9.78,3,2.1378733638596694,0.30894782410849775
Not Placed,0,IT,5.85,0,-4.360854784461741,-0.5123723646051367
Placed,1,CSE,7.9,2,0.9394160313644616,0.49789135556901565
Not Placed,0,CSE,7.24,1,-1.2644864923877654,-1.0543895122854154
Placed,1,ECE,7.34,3,1.6858547522213194,-0.7564226329011117
Not Placed,0,CSE,7.61,1,-0.06107919989669469,-1.4041081398111745
Placed,1,IT,7.41,2,-0.3852016572700194,2.285165399453272
Not Placed,0,Mechanical,8.21,0,-1.8517246683842379,1.7081763491606767
Not Placed,0,ECE,7.49,1,-0.7831705868854046,-0.12362039216376665
Not Placed,0,IT,5.86,1,-0.419362836914555,-1.3146712387536512
Not Placed,0,CSE,8.79,1,0.7385794126500369,-0.4225929120143025
Not Placed,0,IT,8.66,1,-0.7080627989622703,-0.47803243358071656
Not Placed,0,Mechanical,7.18,2,-0.6059218410198661,0.3420283244783461
Placed,1,CSE,7.74,2,-0.2699117946798406,-0.06181033550043046
Placed,1,Civil,8.73,3,2.5407541509652027,0.27340564402689205
Placed,1,CSE,8.58,3,2.5121695392259618,2.0246187988618027
Not Placed,0,ENTC,8.85,2,-0.171218172690436,0.21153891701508168
Placed,1,IT,8.02,1,0.38707627987421844,0.09671613112941839
Placed,1,CSE,8.35,3,1.9473549243250314,-0.9134648699111071
Placed,1,CSE,8.9,3,3.161394488863157,1.5122347041106246
Placed,1,CSE,7.41,3,1.9987777693490423,0.0906860670222509
Placed,1,Civil,8.07,3,3.169260571986155,-0.7752079040649326
Not Placed,0,ECE,5.88,0,-2.8185785956942477,0.6219559727084728
Not Placed,0,CSE,6.36,0,-1.5744733601079632,-0.7204393290632821
Placed,1,ENTC,8.12,2,1.1918381079344096,0.8204250284720019
Not Placed,0,IT,8.25,0,-1.68958175816963,-0.3992518256947534
Placed,1,Mechanical,7.37,2,-1.4790070837642355,1.5277875365070377
Not Placed,0,CSE,7.18,0,-0.995296059951773,-0.12041345511449278
Not Placed,0,IT,7.4,0,-0.9991914442331845,-0.5219315375106879
Not Placed,0,CSE,7.86,0,-1.2247358258540038,-0.8466683738123927
Not Placed,0,IT,5.73,0,-3.0933299791822977,0.9261404449959667
Not Placed,0,Civil,8.1,2,-1.1634131115023594,1.0804381150974092
Not Placed,0,CSE,7.73,2,-0.9708994713908842,1.2466427509076712
Placed,1,IT,7.91,1,-0.19289424771649244,-1.4300533361859593
Not Placed,0,ENTC,7.59,1,0.2877508055627043,-0.6431307887449514
Not Placed,0,IT,6.52,0,-1.7542519961058312,-1.0285578434122817
Not Placed,0,IT,6.77,0,-2.390622894016468,-1.4808155267462895
Placed,1,ECE,8.99,3,1.7440586949546604,-0.8943943988338197
Placed,1,IT,7.15,1,-0.09095004034645317,-0.41623223693673406
Placed,1,ENTC,8.39,2,0.6467718451166682,2.3844529608948037
Placed,1,CSE,6.78,3,2.7709473092849435,-2.4683067338948708
Not Placed,0,CSE,7.69,0,-2.758242145996804,0.35721027656440413
Not Placed,0,CSE,7.33,1,0.2109753241338863,-0.706364312309937
Placed,1,CSE,7.46,1,0.3649074991996122,-2.492737326790968
Placed,1,CSE,7.41,3,1.9797876030545403,0.0013733995241360353
Placed,1,CSE,8.93,3,2.364804545885449,1.404844994652667
Placed,1,ENTC,9.34,2,0.5613368291000862,3.355568569598052
Placed,1,CSE,7.9,3,2.9340857522374764,-1.2205776174442104
Not Placed,0,ENTC,7.35,0,-2.3573285483264232,0.7136409161960958
Not Placed,0,IT,6.57,0,-2.859132342977833,0.00753820632691926
Not Placed,0,Mechanical,6.51,0,-1.8889720896433397,-0.3802004990637157
Not Placed,0,IT,8.93,2,-1.2211157457273039,1.25084675473612
Not Placed,0,ENTC,6.45,0,-2.7066065321784167,-0.2561420188899308
Not Placed,0,CSE,7.33,0,-3.0104240929621024,-1.170697506218353
Not Placed,0,IT,7.83,0,-2.2570224467600752,2.13824844739619
Not Placed,0,CSE,5.49,0,-3.3735235359949645,-1.7195052282766354
Placed,1,Mechanical,6.64,2,-0.5458822106371166,0.9083475172620292
Not Placed,0,ENTC,6.56,2,-0.9361311204687176,0.303193980227
Not Placed,0,ECE,7.13,1,-0.3937113699548481,-1.348056022847777
Not Placed,0,CSE,7.92,1,-0.3206854340999412,-0.3130765907816937
Not Placed,0,ECE,8.57,2,-0.2573648389076626,0.34328460098868596
Placed,1,CSE,7.14,2,0.49281964543741863,0.03992107007846332
Not Placed,0,ECE,7.31,1,-0.9611245603823548,-0.6133084963570273
Placed,1,CSE,7.6,2,-0.40190896669840204,1.7615430170924247
Not Placed,0,ENTC,7.02,1,-0.8590710345785992,-0.7598746926610737
Placed,1,ECE,8.06,3,3.0528253571979413,-1.3739251276266502
Not Placed,0,CSE,8.08,1,-1.1716255913999056,-1.3173960323875047
Not Placed,0,ECE,5.39,0,-2.1260090182321916,-1.5213370347987847
Not Placed,0,CSE,8.24,0,-1.4645914438049457,-0.2628179114834544
Placed,1,IT,7.81,2,0.43776188405855343,0.8564314025654347
Placed,1,CSE,7.92,1,0.9623037876703668,0.46878806018268226
Placed,1,CSE,8.7,2,0.1486261864828008,1.8123078042742597
Not Placed,0,CSE,6.18,0,-1.7282831386726853,0.491596030449373
Not Placed,0,ECE,6.63,0,-2.9105390216863682,-1.0066847940577557
Not Placed,0,ENTC,7.64,2,-1.4009908745761233,0.8935198486162392
Not Placed,0,CSE,5.73,0,-2.491791183423464,-2.2251347525324476
Placed,1,Civil,7.52,1,1.2080616004359352,-1.5960075725672025
Placed,1,Mechanical,8.42,3,2.45407063795799,0.140210014902642
Placed,1,IT,8.04,1,0.8559255860690489,0.2723760363959475
Not Placed,0,CSE,7.77,1,1.6196702774665632,-2.8707507364212037
Not Placed,0,Mechanical,7.5,0,-1.9598084253468264,0.32303745230763287
Placed,1,CSE,7.34,1,0.92666743045739,-1.4377687808268302
Not Placed,0,CSE,7.29,0,-1.6645370524685246,1.3670050868441121
Not Placed,0,Civil,7.89,2,0.2001339485011051,0.18084587570585145
Not Placed,0,ENTC,6.38,1,0.4478928180901355,-2.211468823679929
Placed,1,ENTC,8.94,3,3.3870055338193286,1.1305719357178454
Not Placed,0,Mechanical,7.07,0,-1.6695943667605704,-0.31943271020943764
Placed,1,IT,8.17,1,0.5672079606158167,-1.6126461252222974
Not Placed,0,ECE,7.77,1,-0.8447804309716082,-0.4942004375544728
Not Placed,0,ENTC,6.72,0,-1.3892222026048355,-0.05018767313910817
Placed,1,CSE,8.8,1,0.9663188017982446,-0.1900929216706908
Placed,1,IT,8.62,3,2.6407067120788956,1.3069175227857017
Not Placed,0,IT,6.36,0,-3.619492963292022,-1.555485136242097
Not Placed,0,ENTC,7.64,2,-0.6375425591785553,0.8147943419055327
Not Placed,0,ECE,7.88,0,-2.267729905227132,1.3185029846690428
Not Placed,0,Mechanical,5.94,0,-3.071096633511039,-0.9794268870508497
Not Placed,0,CSE,5.9,0,-1.5297312450176384,-1.5946025114262423
Placed,1,ECE,6.99,3,3.474376577609434,-2.04755434265693
Not Placed,0,IT,6.58,0,-0.8864769455445536,-0.9291607376850647
Not Placed,0,Civil,6.81,1,0.794787672714117,-3.836436848522036
Not Placed,0,CSE,6.58,0,-1.466504065725596,-0.9769463481799161
Not Placed,0,ENTC,7.6,1,-0.008669453326594379,-1.4335032834804895
Not Placed,0,CSE,6.94,2,-0.663234831729648,0.4849762673135643
Placed,1,IT,8.65,2,1.2011430941248429,0.5474103643691781
Placed,1,IT,7.85,2,1.0964946949869823,1.0266520499821514
Placed,1,ENTC,8.38,1,-0.17561511621128523,0.05420627955510062
Placed,1,IT,6.26,1,0.7757194391385751,-2.1399683801288605
Not Placed,0,ENTC,7.17,1,-0.02899424658646443,-1.879404144274407
Not Placed,0,CSE,7.82,2,-0.5471997244083217,1.0868523262461602
Not Placed,0,CSE,8.09,3,2.0236395726046656,-0.33901933918310057
Not Placed,0,CSE,7.15,2,-0.18795525814313374,-0.16391179120395108
Not Placed,0,IT,7.27,0,-2.7517420594573356,-1.2254212579830095
Placed,1,CSE,7.37,3,1.8343171573588106,-0.701498890947408
Not Placed,0,CSE,7.45,1,0.13686434704667846,-0.23936796159921894
Placed,1,CSE,9.54,3,2.7525926163452974,2.1046622899776617
Placed,1,ECE,7.97,3,2.863506245326896,-0.24996378140558345
Placed,1,CSE,7.73,1,1.5749586161115505,-1.783750761242097
Not Placed,0,CSE,6.63,0,-1.9800168427263274,-0.15853085865137273
Placed,1,ECE,6.65,1,-0.5948022214950722,-0.8678586373355915
Placed,1,IT,7.52,3,3.1870147631442847,-0.5617401387375698
Placed,1,CSE,8.66,2,0.8387549089764947,1.6624654235653522
Not Placed,0,IT,7.53,0,-1.132341093085987,-0.034171800256242356
Not Placed,0,IT,7.57,1,0.7894739252463914,-1.3534085910874865
Not Placed,0,IT,7.07,2,-0.10095715722438249,0.3745696866485445
Not Placed,0,ECE,6.22,3,2.3223692729882703,-2.6077382392400814
Placed,1,IT,8.07,1,1.6535743980739004,-1.561645794084355
Placed,1,Mechanical,7.48,3,3.8412785983330733,-2.529224227807702
Placed,1,ENTC,8.08,3,2.7634911210477084,-0.6180467472148419
Not Placed,0,IT,7.83,1,1.4054083046943233,-0.909403539603016
Not Placed,0,CSE,6.88,0,-3.3048754667988685,0.7616299044728767
Not Placed,0,IT,7.89,1,0.09222282941955513,-1.0975816764017476
Not Placed,0,IT,6.6,0,-2.314808678054881,1.3257224361162485
Not Placed,0,Civil,7.88,0,-1.9479756903074021,1.0749095492683287
Not Placed,0,CSE,7.65,1,1.085470895255935,-1.1817239349850681
Not Placed,0,IT,9.01,2,-0.5467365299790985,1.1916327340388029
Not Placed,0,Mechanical,6.96,0,-1.4188417307803096,0.46820799395354773
Not Placed,0,Mechanical,6.57,0,-2.2041339361866834,-0.27655628353812833
Not Placed,0,CSE,7.35,1,-0.3211278451356582,-0.6695853203261978
Placed,1,ECE,8.22,2,1.063318576409034,1.119138224801061
Not Placed,0,ENTC,5.32,1,-1.535062328951958,-2.277346039153189
Placed,1,ENTC,8.44,3,2.571966055559497,2.5853090703807426
Not Placed,0,CSE,7.52,0,-3.034207868474268,0.5188966664637762
Not Placed,0,ENTC,6.73,1,0.9195773020270279,-2.599187343238039
Not Placed,0,CSE,7.39,2,-1.015525366694108,2.3549327282176318
Placed,1,CSE,7.07,2,-0.9783956682566516,0.8214793562125423
Placed,1,IT,6.66,1,1.1111407359583956,-1.8369871974759937
Not Placed,0,CSE,6.05,0,-1.238221189283015,-0.41413601851836895
Placed,1,IT,8.32,3,2.1666626119525647,-1.9292027628821808
Not Placed,0,IT,7.22,1,-0.03594413335309016,-2.025771076258295
Not Placed,0,CSE,7.37,1,-0.8071105344080047,-2.052307373420091
Not Placed,0,Civil,8.42,2,-0.9779418683998626,0.47798648884158096
Not Placed,0,IT,7.75,1,-0.4568300474144669,-0.2468415663881568
Placed,1,CSE,6.37,3,1.4656594355871544,-1.6691246450166943
Placed,1,ENTC,8.27,2,0.455986370673194,1.5276250812847265
Placed,1,CSE,8.96,2,0.9662452991987855,0.3979717235117371
Not Placed,0,ENTC,8.13,2,1.564628900335183,1.1092891340926334
Not Placed,0,CSE,6.96,2,-1.3325084668553686,1.1960594580735795
Not Placed,0,ECE,6.45,0,-1.8725231662445236,1.6857374865205144
Not Placed,0,IT,6.93,0,-1.1744431619042628,-0.6256941016327386
Not Placed,0,CSE,7.79,2,-0.5637506024328971,0.2255278815812434
Not Placed,0,ECE,8.91,0,-1.4825839405334975,0.8163608516070642
Not Placed,0,IT,7.05,0,-1.3001601932516254,-1.179944052110423
Not Placed,0,IT,7.15,3,2.207133720507108,-1.1760292019429046
Placed,1,CSE,8.57,2,-1.6392087762723941,2.35892352698856
Not Placed,0,ECE,7.33,1,-0.2938720697352992,-0.43424460167830764
Placed,1,CSE,9.16,2,0.05526370882404679,5.338959024762519
Placed,1,ECE,7.57,3,2.4631079653443875,-1.1637364449233882
Not Placed,0,ECE,8.69,2,1.13455321416528,2.319965384775565
Not Placed,0,IT,8.03,1,0.18320467707862167,-0.9574575808498882
Placed,1,Mechanical,8.3,2,0.2989027383491497,2.4806778833414582
Placed,1,ENTC,7.55,3,3.490800763128516,-1.5775019354656483
Not Placed,0,CSE,7.61,3,2.419639481162547,-1.830978450659251
Not Placed,0,CSE,8.06,0,-1.1693449779025484,-0.351020992923476
Placed,1,CSE,8.38,2,-0.7649494624771734,1.9548646821561997
Placed,1,Mechanical,8.15,3,2.085838161225379,0.32737314111541654
Not Placed,0,CSE,6.2,1,-0.8435117917609545,-0.8651231627380057
Not Placed,0,CSE,7.92,2,-0.3505135323320623,1.2998272049281843
Placed,1,Mechanical,7.14,0,-1.9002388414679239,1.4676381652165433
Placed,1,ECE,7.24,1,2.0286537042932165,-1.7413135837328209
Not Placed,0,IT,8.09,1,-0.2463230794101318,-0.4329173522373707
Placed,1,ECE,9.14,2,1.7336766783770463,2.829444351747318
Placed,1,ENTC,7.5,1,0.7883836442410855,-0.5655059084830381
Not Placed,0,CSE,9.38,2,0.5350637964278875,2.848537085939212
Not Placed,0,CSE,6.77,0,-2.2444742894459933,-0.5549710526868157
Placed,1,ECE,8.75,2,-0.2557955279640842,1.4167958941286443
Not Placed,0,CSE,8.07,0,-2.644931734628313,1.1030661096074177
Not Placed,0,Civil,7.88,0,-2.3103805521123735,0.6638686646033801
Not Placed,0,CSE,8.88,3,2.116170222928301,0.6669043714370458
Not Placed,0,ECE,7.16,0,-2.065159149290067,-0.008848002294081841
Not Placed,0,ENTC,8.79,2,0.6439835014252112,0.5494893937104219
Not Placed,0,IT,7.52,0,-2.4056233766996353,-0.297768243378855
Not Placed,0,IT,7.15,2,1.058005990029569,0.5536686995735008
Not Placed,0,Civil,6.57,1,-0.2702281858123384,-1.7632102276781338
Placed,1,ENTC,9.05,2,1.603264833078218,1.1079811621447926
Placed,1,CSE,8.67,3,1.3599819207717072,0.4706283711617447
Not Placed,0,IT,7.29,1,0.9340489301143632,-2.479845302441708
Not Placed,0,IT,8.16,2,-0.0036080308831310574,0.6709031186707933
Not Placed,0,IT,7.81,0,-1.1281031532329244,-0.01614676256171305
Not Placed,0,CSE,7.4,2,0.17454066091144763,1.0240706005397708
Not Placed,0,CSE,8.52,2,0.29807075804444455,1.8059584177391748
Placed,1,IT,7.17,3,2.12140777738743,-1.8960814595144124
Not Placed,0,ECE,5.84,1,1.3087924908136717,-2.666477475576681
Placed,1,Civil,7.92,3,3.781443735407602,-0.08062512042536578
Not Placed,0,Civil,7.76,1,0.7566108366361672,-0.38375233759214505
Placed,1,ENTC,7.2,2,-0.0625183628842609,1.2073613536497785
Not Placed,0,CSE,6.94,2,-1.634333851479888,2.7377643149897177
Not Placed,0,CSE,6.37,0,-2.6561483266682173,-2.366560092115752
Not Placed,0,CSE,7.39,0,-1.820393941590888,-0.6228153535518194
Not Placed,0,IT,6.96,0,-1.9928439497696966,0.24653946495282775
Placed,1,Mechanical,8.52,3,2.6572373905885582,0.4747366271726658
Placed,1,ECE,8.14,3,3.559003686763343,-0.5661239159433558
Not Placed,0,ECE,7.29,0,-1.9074950556346608,-0.13384679645962766
Not Placed,0,CSE,8.14,2,-0.1852657150813715,0.7564915637927554
Placed,1,IT,7.61,2,0.4513586954711579,1.657794566791693
Placed,1,Mechanical,7.47,0,-3.003673477554546,0.16851588527067682
Placed,1,IT,7.65,3,2.3777335784149822,-1.4287482419871393
Placed,1,IT,9.21,3,1.5217971122966083,0.1893387758334652
Placed,1,ECE,8.25,2,-0.8168774786255254,2.039302231622839
Not Placed,0,ECE,7.45,0,-3.1270448699843247,0.20538301281209637
Placed,1,IT,8.46,3,3.860406551790934,-1.6007245132350418
Placed,1,IT,8.43,3,1.8136883803437482,0.830963983776158
Placed,1,ENTC,7.92,3,3.2197175509897416,-3.656520258378347
Not Placed,0,Mechanical,7.42,2,-1.124327426515648,1.12951753483294
Not Placed,0,CSE,7.36,1,0.8780193345117889,-2.0354944789639005
Not Placed,0,ENTC,6.79,0,-2.419487355993801,-1.3790376814103908
Placed,1,CSE,7.85,1,0.729879894168956,-0.7255125232823142
Not Placed,0,ECE,7.18,0,-2.968452722200294,1.022897456868612
Not Placed,0,CSE,7.33,2,-0.8613671624716243,2.162586341644852
Not Placed,0,ENTC,8.23,1,0.08416250070653279,-0.11107185028879499
Placed,1,ENTC,9.13,2,1.520706161353165,1.079202563661671
Not Placed,0,CSE,8.02,1,-0.30934416676253035,-1.0136434049038838
Not Placed,0,IT,7.61,1,-0.8531614730535207,-0.00943906443843521
Placed,1,ENTC,7.68,1,-0.12059275716142424,-0.9591331184879327
Placed,1,IT,8.67,2,0.6972328052190201,0.5868357152673227
Not Placed,0,ECE,8.03,2,0.024874710643066816,0.7551686407032697
Not Placed,0,CSE,7.86,3,1.4580612760167182,-0.02361821604132246
Not Placed,0,IT,7.92,2,-0.5018626172279657,0.4472319129472118
Not Placed,0,ECE,6.49,1,-0.8521013426693386,-0.13400560225577313
Placed,1,CSE,8.03,2,0.12550884155333714,1.1381153630791485
Placed,1,Mechanical,6.96,3,1.853224049778056,-1.4059745877265504
Placed,1,IT,8.04,1,0.7725306630836667,-0.1895640083950046
Not Placed,0,IT,7.08,1,-0.42065428971778845,-2.0079958005603458
Placed,1,IT,8.2,2,0.2993722358976311,0.946149483872213
Placed,1,CSE,7.57,2,0.4697382771416809,0.8175917327608355
Not Placed,0,ECE,6.73,0,-1.4299827093631061,-0.5650208206779141
Not Placed,0,CSE,7.45,2,-1.038909640341769,0.7996838261799173
Placed,1,IT,9.58,3,2.0248716411768517,1.104944547257056
Not Placed,0,Civil,5.77,0,-2.4572172969969155,-2.1113245753469365
Not Placed,0,IT,7.84,1,0.2739557410352057,-0.9766840616520879
Not Placed,0,CSE,6.84,0,-1.510422664553388,0.6527627454232297
Placed,1,Mechanical,8.87,2,-0.5421629106281497,2.1020598121486853
Not Placed,0,ECE,8.39,0,-1.937192233344994,0.5095985785249004
Placed,1,CSE,7.86,3,5.281265573179704,-1.4250987682426823
Not Placed,0,Civil,8.48,2,-0.5785547931183611,1.5507067391836566
Placed,1,CSE,7.91,3,2.370686851665216,-0.5658595049359009
Placed,1,IT,7.71,2,-0.1692784344432297,0.5733278052531117
Not Placed,0,IT,7.19,0,-1.892783257273609,0.9794622492080871
Not Placed,0,Civil,7.39,1,-0.16841320737186186,-0.4414467255711113
Placed,1,CSE,7.31,1,0.7270219166724345,-0.1644102445738142
Not Placed,0,ENTC,7.71,1,-0.5498761704611622,-0.24912883610842515
Not Placed,0,IT,6.09,0,-2.7298590468416193,-1.5229125925904772
Not Placed,0,IT,8.58,2,-0.8109319081099979,1.7191611376338256
Not Placed,0,Mechanical,9.35,2,1.463445628350641,1.5182991999832385
Not Placed,0,Civil,7.33,1,-0.028448187320383414,-1.208124534929903
Not Placed,0,IT,8.7,2,-1.022232020818859,1.5861153279125744
Placed,1,IT,7.59,2,-0.45825029956286295,1.2654552350689605
Placed,1,ECE,7.19,2,1.362556365433881,1.5672885519464927
Not Placed,0,CSE,7.38,1,0.48672771515958246,-2.4468529665885104
Not Placed,0,CSE,7.77,2,-1.0619480434067514,0.9579211688338536
Placed,1,IT,7.09,3,2.2719917144960706,-2.002864427103232
Placed,1,Civil,8.22,3,1.5227219017105766,-0.3521104361395904
Not Placed,0,IT,7.26,0,-2.8167161804714196,0.0973673608742825
Not Placed,0,CSE,6.79,1,-0.6189937804584797,-0.42888169955059974
Not Placed,0,CSE,7.68,2,-0.9662471224080806,0.3798762316108505
Not Placed,0,IT,7.11,0,-2.750833837425039,0.9212936192473767
Not Placed,0,CSE,7.42,2,-0.17845693665085333,0.5495821527593394
Not Placed,0,CSE,7.65,1,-0.45000483416032516,-1.2158452427698712
Not Placed,0,ECE,6.56,1,-0.33034521925944477,-0.49869829476680655
Placed,1,CSE,8.94,2,0.8221834137710606,1.8824660230243964
Placed,1,IT,8.39,2,-0.2279125811854523,1.5823723293524752
Not Placed,0,Mechanical,7.16,1,0.4534929723930235,-0.9132440160516526
Placed,1,CSE,7.68,3,2.362678398322004,-0.17337441176976326
Not Placed,0,CSE,8.24,0,-2.276048116370759,-0.7930207502305727
Not Placed,0,IT,7.88,0,-2.3396138648947504,0.6241934305186724
Not Placed,0,ECE,9.3,1,-0.5626310521302763,0.020221318807104597
Placed,1,ENTC,7.5,3,1.2923375744824375,-0.10157175067389788
Placed,1,ECE,8.71,2,-1.3278027704301372,3.4515206551516564
Not Placed,0,ENTC,6.57,0,-2.907478544903071,-0.0052769379586282365
Not Placed,0,IT,6.7,1,0.3614268913653207,-2.496303495606285
Placed,1,Civil,9.13,2,2.2069026295959655,2.1703621988765973
Not Placed,0,IT,7.33,2,0.00938820312870992,0.9847907351184625
Not Placed,0,CSE,6.71,1,-0.19915116974280508,-0.6429871409680677
Not Placed,0,CSE,7.66,2,0.1575991792934537,0.3114000214669068
Not Placed,0,IT,8.77,2,0.016517044512789042,0.6255819850202159
Not Placed,0,CSE,7.05,1,0.21694043944836106,-2.0463046740797988
Placed,1,IT,7.66,3,1.9878491046776503,-0.15145043358034094
Not Placed,0,ENTC,6.12,0,-2.947992133712327,1.114001361272048
Not Placed,0,ENTC,7.3,2,-1.2025113229367663,1.451095654665162
Placed,1,ECE,8.55,2,0.917519622916571,0.7711182018327974
Not Placed,0,CSE,7.03,0,-2.8719350833266093,-2.7545613702038065
Not Placed,0,CSE,6.62,2,-0.32108232897496086,1.0873762746038778
Not Placed,0,ENTC,7.04,1,-0.9020071303982395,0.07831765350157857
Not Placed,0,CSE,7.18,0,-2.46957695641497,-0.5047648509627656
Placed,1,CSE,8.35,3,1.7820599177270446,0.49130991603410124
Not Placed,0,IT,8.02,1,-0.42456566066382406,-0.5685929073795062
Placed,1,IT,8.19,3,2.029002262992271,-1.0492608740093776
Not Placed,0,CSE,7.72,3,1.6530274703142849,-0.7352678352495574
Not Placed,0,ECE,7.17,2,-0.545836408200423,0.21362840443780984
Placed,1,ENTC,7.04,1,0.1944675385943933,-0.4458281405720473
Not Placed,0,Civil,8.07,2,-1.5845620307725232,2.7971800242243314
Not Placed,0,CSE,9.05,2,-1.141337791003317,2.8964509183069063
Not Placed,0,CSE,6.9,1,0.7573007188308245,-1.1068823723361174
Not Placed,0,ENTC,6.83,1,-1.2530409740665012,-1.3639795926127156
Not Placed,0,CSE,6.73,1,1.4506505921441861,-2.024053705536462
Placed,1,CSE,8.41,3,2.0217060464998338,-0.07068348332967228
Not Placed,0,ECE,7.66,0,-2.5660883193736668,1.3573702118438784
Not Placed,0,CSE,8.17,1,0.9173640556540915,-0.8950871931869941
Not Placed,0,CSE,7.27,0,-0.9972353574965872,-0.00878657495578141
Placed,1,CSE,8.23,2,0.3981549581245113,1.413283510217791
Placed,1,CSE,7.46,2,-1.1873499913789842,3.0206983005294163
Not Placed,0,CSE,6.39,1,0.30662690033365037,-1.6305538197033687
Not Placed,0,IT,8.48,1,0.4738241951337839,-0.07789118366732618
Not Placed,0,IT,7.67,2,-0.8063176789581604,1.0607892728458435
Not Placed,0,ENTC,7.44,0,-1.5557726655294737,0.6233337214225365
Placed,1,Mechanical,7.94,3,2.6374031658704604,-0.13705107935651567
Not Placed,0,Mechanical,6.47,0,-2.8048955970451477,-1.0404306236137466
Placed,1,ENTC,8.07,2,0.44574869753018886,1.7392803852302403
Not Placed,0,IT,7.19,2,-1.1999709979533615,0.9297809607205989
Not Placed,0,IT,7.57,2,-1.1432718774450386,1.1335269998248225
Placed,1,CSE,8.67,3,1.3496217244620092,0.44810675356785296
Not Placed,0,CSE,8.25,2,0.30111654155841744,0.008723844388287527
Placed,1,ENTC,7.55,0,-1.3303882112718244,0.7191761899347131
Not Placed,0,CSE,7.61,0,-1.4140064246716233,0.9685873412385012
Not Placed,0,Civil,5.52,0,-2.234087554361592,0.19634208259762026
Not Placed,0,CSE,7.0,2,-0.0038738440544743434,1.4015165171041033
Not Placed,0,CSE,7.84,1,0.929228042323422,-0.4153136551461288
Not Placed,0,Mechanical,7.05,0,-2.189319651044902,-0.19632690840265724
Not Placed,0,CSE,6.57,0,-1.0898622233808493,-0.4976335132306486
Not Placed,0,ENTC,8.11,2,0.07094601928007703,0.5210759792725931
Placed,1,ENTC,8.81,3,1.5919680972139658,0.2945301750709096
Placed,1,ENTC,7.09,3,2.0955167511486597,-1.80532305773145
Placed,1,ENTC,8.44,2,1.0491341310275553,1.6075611490504205
Placed,1,CSE,8.32,3,3.5241098786048957,-1.6442742155509638
Not Placed,0,CSE,6.87,2,-0.7997485663450211,0.39602808263580663
Not Placed,0,ENTC,7.08,0,-2.7984859167824485,-0.23407684950809685
Placed,1,CSE,9.23,3,3.4026558127310835,0.9499533757650176
Not Placed,0,ECE,6.75,1,0.6566291857754107,-4.250728397454027
Not Placed,0,CSE,7.18,0,-1.4628399832512309,-0.06814702780140387
Placed,1,IT,9.37,2,0.7451677144513152,2.1568748218983433
Not Placed,0,CSE,7.22,3,1.559463123566312,0.12424657888092513
Placed,1,Civil,8.85,3,1.6683697258890557,0.8040160810468194
Not Placed,0,CSE,6.83,0,-3.2161850949321376,-0.5689735485808608
Not Placed,0,CSE,7.82,2,-0.011438112230146538,2.763954717886468
Not Placed,0,IT,8.62,2,0.9652233510862899,0.40992470492660443
Placed,1,CSE,7.3,2,-0.39111432288625236,0.4516986484143145
Placed,1,CSE,7.78,1,-0.6209742384627285,-0.8504664297554565
Placed,1,ECE,8.33,3,1.805858306424537,-1.0315252767140672
Not Placed,0,IT,6.93,1,0.1915934524366594,-0.6523204670233229
Not Placed,0,CSE,9.6,2,-0.6596836853465343,3.4955727389087143
Placed,1,IT,8.58,3,3.296753156700624,-1.3574087488686726
Not Placed,0,IT,7.4,1,-0.4682579079902817,-1.666164393492124
Placed,1,ENTC,7.5,2,-0.2615667509471387,0.8431520951342264
Placed,1,Mechanical,9.32,3,1.9243435269488376,0.6438301145554396
Placed,1,ENTC,7.4,3,1.2892034695408505,0.273565300922688
Placed,1,Mechanical,7.3,2,0.2952103796509136,-0.018377533758318743
Not Placed,0,IT,8.67,1,0.9072205460768124,-0.026694490999038818
Not Placed,0,Mechanical,6.51,1,-1.0646847461219573,-0.7104798410862694
Placed,1,CSE,7.63,3,3.376385884727097,-0.3625080790029605
Not Placed,0,ENTC,7.77,1,0.3435867702195285,-2.168511630525235
Not Placed,0,ECE,7.1,1,1.015128210655862,-1.7729856563027593
Placed,1,CSE,6.37,3,1.6481616844188525,-1.4963088625517822
Not Placed,0,CSE,7.76,1,0.6418703497792276,-1.7361237915329084
Not Placed,0,IT,8.28,1,1.1366653782885558,-0.457358333986717
Not Placed,0,CSE,7.12,0,-2.8149895173128807,1.3903506015643243
Not Placed,0,CSE,6.7,0,-2.1457267934170696,-1.4568044544184824
Placed,1,Civil,8.77,3,3.0923277498399204,-0.6821892282591725
Placed,1,IT,8.15,1,0.613854283079087,0.50541660841524
Placed,1,ECE,7.39,0,-1.9534823411923765,1.1311597520254393
Placed,1,CSE,8.48,2,1.3003491260346758,0.7179927617741977
Not Placed,0,IT,7.91,2,-0.7752129724378699,1.970880357596141
Placed,1,CSE,9.22,3,2.2959436408437774,2.0428629214321075
Placed,1,CSE,8.26,2,-0.08995647900265431,0.5277980729718896
Not Placed,0,CSE,6.52,0,-3.0473891480272775,-2.257321813426925
Not Placed,0,CSE,7.14,1,-0.4661185836965479,-0.06538954709969269
Not Placed,0,IT,7.18,0,-2.8791746625550187,0.5058687630475494
Placed,1,CSE,7.96,3,1.3650943373133755,0.3395227026572917
Not Placed,0,ENTC,7.44,1,0.8990286013287346,-0.6624819895550293
Not Placed,0,ENTC,6.74,0,-3.6107531981277514,-0.09397460258211845
Placed,1,IT,8.2,3,2.1900846891883665,-1.6666565201020362
Placed,1,ECE,8.55,3,2.054466727545967,0.20136718306671117
Placed,1,Mechanical,7.61,3,0.9584360323421242,-0.06759851109337735
Placed,1,IT,7.88,2,0.30910244935137626,1.1079763132303737
Not Placed,0,IT,6.88,1,-0.7971870906353024,-0.7488111222659918
Placed,1,IT,7.26,2,0.6573347578888215,-0.05438543317422127
Not Placed,0,IT,7.29,2,-0.16747839190719305,-0.21403546256526398
Placed,1,ENTC,8.17,3,4.902033858449323,-0.6421279388352896
Not Placed,0,ENTC,7.92,0,-1.3795003723992634,-0.19667203599182162
Placed,1,CSE,7.42,3,2.1675625019199143,-1.9257485022888925
Not Placed,0,CSE,7.39,2,-0.5656785887356468,0.1822703786543308
Not Placed,0,ENTC,6.03,0,-2.1684279968204323,-0.5459376481268445
Placed,1,IT,9.06,3,2.6016149735471816,0.03306961787224216
Not Placed,0,IT,5.93,0,-2.8960060975063366,-1.823412700214829
Placed,1,IT,8.06,3,3.063934039020968,-1.2014882316548359
Not Placed,0,Mechanical,7.73,0,-1.2699593022849265,0.5897718886226925
Not Placed,0,ECE,7.47,1,1.0032287316738273,-0.2902196044459907
Placed,1,ECE,7.69,3,1.83741512290193,0.40996673197422706
Not Placed,0,ECE,7.14,1,-0.7176180291760756,-0.13969147835322454
Not Placed,0,IT,8.25,2,-0.19523231154322285,3.3491593101328765
Not Placed,0,CSE,6.58,0,-2.688755246545813,1.2168713208584594
Not Placed,0,ENTC,7.98,0,-1.9846310834503424,-0.11388876599323768
Not Placed,0,Mechanical,7.12,1,0.7357140679502917,-2.220851199141034
Not Placed,0,CSE,7.34,1,-0.9842967744950318,-1.5451339207494896
Not Placed,0,IT,7.36,1,0.38060684350261437,-2.2570866245941286
Placed,1,Civil,7.56,2,1.1869521736389004,0.9398924364115463
Not Placed,0,CSE,8.13,0,-1.8612819550848099,-0.33765783164762314
Placed,1,CSE,7.67,1,0.42751812051644983,-1.1989028072084957
Placed,1,IT,8.49,3,2.229878128028845,-0.17472075384416655
Not Placed,0,IT,8.59,0,-1.8542423173338194,0.3466205367237707
Not Placed,0,ECE,7.96,2,-0.9664713097943204,0.5952634615710878
Not Placed,0,ECE,8.28,1,-0.8680967874580628,-0.748587541009541
Placed,1,CSE,9.42,2,0.9761680637474283,2.7291312414480453
Not Placed,0,IT,6.5,0,-1.9658081080717829,-0.5692647487373972
Placed,1,CSE,8.61,2,1.367870134752558,0.7181447812716368
Placed,1,CSE,9.01,3,2.573087986616601,-0.22173770124753678
Placed,1,CSE,8.07,3,2.458725871955705,-0.17077602012304471
Placed,1,IT,9.32,2,1.9932252350830888,1.9435246658637262
Placed,1,Mechanical,9.21,2,0.33354318967244456,0.958994603004767
Placed,1,Civil,7.41,3,3.6035519972052463,-0.25383448231202294
Placed,1,CSE,7.48,1,0.5000256292876251,-0.6501214737547774
Placed,1,ECE,8.15,3,3.3189805516912236,1.3262054981877913
Not Placed,0,Mechanical,7.17,0,-3.3027074187982883,-0.959266324556998
Not Placed,0,IT,10.0,2,0.17142835587571878,2.0159821858575593
Placed,1,Mechanical,8.37,2,0.6046963405590169,2.667482730903457
Placed,1,CSE,7.74,3,2.914386878210794,0.46508681745768826
Not Placed,0,CSE,6.5,1,0.5762078589224172,-2.1207490308418286
Placed,1,CSE,7.91,2,0.21546669391709855,1.9112556326458947
Placed,1,CSE,6.69,2,0.6276922996565215,0.044596784869229654
Placed,1,ENTC,8.35,1,1.3522740879541166,-0.596080964144438
Not Placed,0,ENTC,5.57,0,-3.8019568088242686,-0.5107052562057685
Placed,1,IT,8.88,2,0.8412874883986443,1.9967331507979038
Not Placed,0,CSE,7.34,2,0.48652524009764886,1.242372713570778
Not Placed,0,Civil,6.26,0,-3.9414087232090207,-0.12601073575362337
Placed,1,Mechanical,7.69,3,2.041165081544443,-0.8259352678033278
Not Placed,0,ECE,7.71,0,-1.8841226387421188,-0.04057569203545614
Not Placed,0,IT,7.65,2,-0.5775405238809015,0.6486638399579931
Placed,1,CSE,8.87,3,1.853668841910268,-0.19483003255494002
Not Placed,0,IT,8.02,2,0.37067043337282796,0.013986001955344437
Placed,1,ENTC,8.38,3,1.9837190029315197,-0.3277675848463751
Placed,1,ENTC,7.49,0,-1.8996467615987107,-0.3587682895208984
Not Placed,0,Mechanical,8.06,2,-1.1964309468112142,1.420280074344226
Not Placed,0,IT,6.59,1,-1.1236899244430232,-1.0880077779134725
Not Placed,0,Civil,7.92,0,-1.2123843233006513,0.11592275330618988
Placed,1,Civil,7.06,2,-0.8289523741001898,0.46564742870873294
Placed,1,ECE,8.82,2,0.5776639964619079,1.002996040853638
Not Placed,0,Mechanical,7.76,2,-0.6037302886661184,1.248446128512801
Not Placed,0,CSE,8.26,2,-1.1382283862278018,2.451641208212849
Not Placed,0,CSE,7.92,2,-0.7162560529028055,1.9870119615763226
Placed,1,IT,9.24,3,1.9807310647858734,1.6214744530453074
Not Placed,0,IT,6.37,1,0.06471341726744045,-1.4102407283263647
Placed,1,IT,7.6,3,2.3730913902199706,-0.49352907461732404
Not Placed,0,ECE,6.88,1,-0.824122870527566,-1.7197490309729229
Placed,1,CSE,5.96,0,-1.591348296076442,-1.7628834406720486
Placed,1,IT,6.83,1,0.3843602961858406,-1.225153030106362
Placed,1,IT,8.7,2,0.8520487269173054,0.9804950775760012
Placed,1,ECE,7.67,1,0.9586874552550213,0.03653969896616721
Not Placed,0,Civil,7.51,1,1.091863917084903,-0.9760432993113843
Placed,1,CSE,8.36,3,1.8393797501608569,0.405029420447856
Placed,1,ENTC,7.8,1,1.408507806375324,-0.7967132626058064
Placed,1,Civil,8.22,3,1.9697879437680692,-0.588844826140753
Placed,1,ECE,7.97,2,-0.18654465530276687,1.441948382872846
Not Placed,0,ECE,8.16,1,0.5327581483482317,-2.5952551928862024
Not Placed,0,ECE,7.32,0,-1.9617832316799242,-0.3624912147626539
Placed,1,Civil,8.59,3,1.7674724715307994,-0.26342636687228643
Not Placed,0,CSE,6.67,2,-0.7365405515711706,0.19683448771772633
Not Placed,0,ENTC,7.63,2,-1.040752452158662,0.9276114322712732
Not Placed,0,CSE,8.63,2,-1.483129919460566,1.7298544957269488
Placed,1,IT,7.57,3,2.2354013566008697,-2.415731647989849
Not Placed,0,ENTC,7.33,2,-1.3628444723068784,1.0012610685720373
Not Placed,0,ENTC,9.65,3,2.2192686643196486,0.16894348890430733
Placed,1,Mechanical,8.91,3,2.0715519964304314,-0.15481147517864555
Placed,1,Mechanical,7.82,3,2.3713782196344995,0.1705355860244219
Not Placed,0,ENTC,6.88,0,-2.7428247531876213,0.22591057029616837
Not Placed,0,CSE,5.97,0,-3.675532839948719,-2.616444833447267
Placed,1,Civil,8.3,2,-0.22219438836333177,0.8368868466148676
Placed,1,IT,8.78,3,3.3201773738004583,-0.1400767619017829
Placed,1,IT,8.04,3,3.201732057525183,-0.2662058948970038
Not Placed,0,CSE,6.25,0,-2.492271233158038,-1.7079996350295819
Not Placed,0,ECE,7.84,3,2.409361349197412,-0.023392405932604943
Not Placed,0,ECE,7.29,1,0.5760185736161237,-0.8723068363252314
Not Placed,0,ENTC,7.84,1,-0.45214974440559,-0.15162471647392742
Not Placed,0,IT,9.35,3,1.2624258863985571,0.12292519845897093
Not Placed,0,ENTC,8.37,1,1.7036524710422043,-2.820964622351722
Placed,1,ECE,8.19,2,-1.3024085760406616,1.8284684002457028
Placed,1,Civil,7.66,2,0.7040216818846695,2.036837665415654
Placed,1,CSE,8.05,1,-0.29897493859265883,-0.24881243149330232
Not Placed,0,ECE,7.09,2,-0.47104269149950406,1.5800837091574553
Not Placed,0,ENTC,8.17,2,0.7845840794711656,1.0112911735867067
Placed,1,CSE,7.54,3,1.689556381702482,-1.5304920995011582
Not Placed,0,IT,7.0,2,-0.4927311179168396,0.4001062860999717
Not Placed,0,IT,8.39,2,-0.6779950142125007,1.9484121981883966
Not Placed,0,IT,5.8,0,-1.2802787644707898,0.07603580481744653
Not Placed,0,CSE,7.24,1,-1.3759401005252156,-1.907397066319618
Placed,1,ECE,8.22,2,0.9468273886479603,0.4336572554494149
Placed,1,CSE,8.74,2,1.039943854151703,0.509847817375962
Not Placed,0,ECE,8.1,1,0.8774027011882333,-1.8980868521779197
Not Placed,0,IT,7.13,0,-3.4274727659538313,-0.09436354181506142
Not Placed,0,IT,7.66,2,-0.9401331627860655,2.23119489741851
Not Placed,0,ENTC,7.95,1,0.10724251813106159,-0.728280736355912
Not Placed,0,ENTC,9.03,2,0.5729549915413504,0.8744065269271789
Placed,1,ECE,8.48,1,-0.22309305774751423,-0.10318105633557623
Not Placed,0,ENTC,8.49,0,-2.388475446200459,1.3983000797382963
Not Placed,0,Civil,7.76,2,0.21300995925736596,1.2688232895971243
Not Placed,0,Civil,6.79,0,-2.739637930193651,-0.20293344245268943
Not Placed,0,ECE,6.5,1,-0.6552326766188998,0.06951195150599881
Placed,1,CSE,7.44,1,0.6079884448123534,-0.5929631397409942
Placed,1,IT,8.29,3,1.9962325530164888,-2.121767284790737
Not Placed,0,ECE,7.27,0,-2.00283256847165,0.44886818332705536
Placed,1,CSE,8.19,2,0.3926368854025191,1.4029115355221287
Not Placed,0,IT,7.02,1,1.525450038301704,-2.8814297264339506
Not Placed,0,IT,7.16,1,-0.3665283933307861,-1.9123204213467422
Placed,1,Civil,8.9,3,3.615823310574817,-1.1355424291597642
Placed,1,IT,8.35,3,1.4748111631789396,-0.24339943883729448
Not Placed,0,ENTC,7.44,0,-2.212158310245634,-0.36751975405303955
Not Placed,0,Mechanical,6.99,3,3.3112974270193427,-1.9680795037209236
Placed,1,ECE,8.51,3,4.460770464100153,0.36062643831983454
Not Placed,0,IT,8.44,2,-0.9092335954463402,2.2085911495803474
Not Placed,0,ENTC,8.24,1,0.2311611099657364,-0.6888563903175835
Placed,1,ECE,7.55,3,2.4504838692634623,-2.8480023307828537
Not Placed,0,CSE,6.77,2,-0.02868816867821597,0.03348446925519511
Not Placed,0,ECE,7.69,0,-2.294305647105721,1.7719445705390093
Placed,1,IT,8.9,2,1.1865992849102107,1.6029017437590152
Not Placed,0,ECE,6.93,0,-2.790412491221599,-1.3007520182435268
Placed,1,Mechanical,7.74,3,1.7315372537865914,-0.9775480256511702
Placed,1,CSE,9.09,3,3.106696477896108,0.877658087110645
Placed,1,Civil,7.44,2,-0.021522117332982312,1.9877683983136478
Not Placed,0,CSE,7.59,2,-0.4919269649184503,0.7612798039630922
Not Placed,0,Mechanical,6.55,1,-0.7067285088399584,-0.7598667165396569
Not Placed,0,ENTC,8.23,1,-0.0045733646961583765,-0.896471930508945
Not Placed,0,IT,7.07,1,-0.6176751997129138,-0.7526033411350743
Placed,1,Mechanical,6.38,1,-0.27052177334452154,-1.7959418653351347
Not Placed,0,Mechanical,6.89,1,-0.5718831438848344,-1.2057789885639398
Placed,1,CSE,7.88,2,-1.8277957068169481,1.977588580296692
Not Placed,0,ENTC,6.36,1,0.445506386826873,-2.501469082319475
Placed,1,CSE,6.52,1,0.8401435413313103,-1.1639989185837594
Placed,1,IT,8.18,3,2.707924406577559,0.0182601834405601
Not Placed,0,IT,7.64,0,-1.003450275797817,0.16315505069156383
Not Placed,0,CSE,6.92,1,0.6294168952602249,-2.1110348476124816
Not Placed,0,IT,7.43,3,1.4235618931650431,-0.10445811929092261
Placed,1,IT,9.18,3,4.416751590720678,1.1421616863545412
Placed,1,Civil,8.79,3,2.472052381662749,2.376229116187394
Not Placed,0,CSE,7.61,0,-1.9288000905706661,0.20262955417764883
Placed,1,ENTC,8.39,2,0.13348791743460509,0.5697075624912008
Not Placed,0,IT,7.8,0,-1.6299623348598768,0.6380400449154933
Not Placed,0,IT,6.19,0,-4.535595693419842,-1.5798182491169528
Placed,1,ENTC,6.04,0,-0.8024929796443715,-0.3451481963383661
Not Placed,0,CSE,6.93,0,-2.7997725212803584,-0.5072640661017186
Not Placed,0,CSE,6.36,0,-3.0627029765956135,1.6931629714234373
Not Placed,0,Civil,7.93,1,0.7600876984534294,-0.39090149868188767
Not Placed,0,CSE,7.23,1,0.17622387662509764,-1.9269115435270803
Placed,1,CSE,8.06,3,2.0892331542149027,-0.6585244898700943
Not Placed,0,ECE,8.07,0,-1.258731412905785,0.12405971245231855
Placed,1,IT,8.29,2,0.6106233603931592,2.033544924702645
Placed,1,ECE,6.91,1,-0.23804678044879019,-0.16210948869019956
Placed,1,CSE,8.14,3,1.5026027465870047,-0.08790932988742861
Not Placed,0,IT,6.89,2,-0.7951337447445219,-0.07140315588979038
Placed,1,CSE,8.3,3,2.3091135606635644,0.0574109475328664
Placed,1,CSE,8.74,3,1.5360661838198884,0.7368484381862774
Not Placed,0,ECE,8.31,2,0.48142174672059446,0.8531642807947795
Not Placed,0,Civil,7.55,1,0.16045877591416058,-0.7198662358262388
Not Placed,0,ENTC,8.18,2,-1.04192455322045,0.48145726098990543
Not Placed,0,CSE,6.4,0,-2.951735349061065,0.9849654539014143
Not Placed,0,Civil,6.21,0,-2.5295941939332294,0.7343251674087763
Not Placed,0,ENTC,8.1,2,-0.3666396196469051,0.7458977209422871
Placed,1,IT,8.81,3,4.740565333010532,0.5255952921162121
Not Placed,0,IT,6.65,1,-0.5623215544218471,0.20805340598763866
Not Placed,0,IT,7.71,2,-0.9864276945914388,0.7820143628749566
Placed,1,IT,8.07,1,1.0481304594222207,0.34840595974814836
Not Placed,0,CSE,7.18,1,-0.602821668976778,-0.2254522156790953
Not Placed,0,CSE,7.41,0,-0.9686209888402648,-0.04933363725646357
Not Placed,0,Civil,8.22,2,-0.43179409156191556,1.4503692956203462
Not Placed,0,CSE,7.79,1,-0.7852949576260465,-0.8271578133314835
Not Placed,0,IT,7.8,1,-0.04164593898991065,-0.9782527637086509
Not Placed,0,Civil,6.87,0,-1.5187474257880074,0.3705042386531018
Placed,1,CSE,7.67,2,0.011407521637159026,1.3882625267761834
Not Placed,0,IT,7.36,0,-1.3770198221487986,0.46331459321072743
Placed,1,IT,7.41,2,0.6426638071265248,0.9669984153288625
Not Placed,0,ECE,7.24,0,-2.263149881597496,-0.8745480999629753
Placed,1,CSE,7.68,3,1.8510166881646328,0.4381968140669565
Placed,1,ECE,6.96,3,2.279853640883204,-0.4963782985953222
Not Placed,0,ENTC,7.71,0,-2.608469892359664,-1.4585176430933595
Not Placed,0,ECE,7.39,1,-0.9970819341258684,-1.4564531975998147
Not Placed,0,Mechanical,6.91,0,-2.4024932148186835,1.9800637525138014
Not Placed,0,ENTC,6.04,0,-2.98038457930635,-1.388493746032459
Placed,1,ECE,8.51,3,2.7648502696513013,-0.7105746849894178
Not Placed,0,IT,8.33,3,1.6849166994668163,-1.0132369604578355
Not Placed,0,CSE,7.02,0,-1.900928952021564,-0.5659620131686836
Placed,1,CSE,8.28,3,2.047097291819239,-1.0818600067681794
Not Placed,0,CSE,6.83,0,-2.207576796445677,1.615006614738514
Not Placed,0,CSE,7.44,0,-2.0177748473119905,0.622520367537652
Not Placed,0,ECE,7.25,2,-0.14064114138758305,0.03318135210446637
Not Placed,0,CSE,7.46,1,-1.1673173934928602,-1.5037209698974667
Not Placed,0,CSE,8.25,1,0.6074725105011496,-0.29894471381146226
Not Placed,0,CSE,7.36,1,-0.6542672075181515,-0.06320424970130098
Placed,1,Mechanical,7.41,2,-0.1881905086289642,1.7471556670278563
Placed,1,CSE,8.33,3,2.5275897894087573,0.24339069350448161
Not Placed,0,ENTC,7.75,0,-1.3420582023615641,0.896252919849362
Not Placed,0,ECE,7.2,0,-1.5775735490028744,0.1012111165162235
Placed,1,CSE,7.9,2,0.6879013913883699,3.412165037954964
Not Placed,0,ENTC,8.54,2,-0.3928354124271924,0.9828478097270975
Placed,1,Mechanical,8.6,2,-0.3779747367589228,0.810103938833306
Not Placed,0,ENTC,6.57,1,-0.006674413614350504,-1.3059992432811678
Not Placed,0,Civil,6.62,0,-2.870637417598571,-1.0722629359884135
Placed,1,CSE,8.55,2,1.516713660984925,1.1465079567311653
Not Placed,0,Mechanical,7.46,0,-1.8811506452026183,1.3238980616329907
Not Placed,0,Mechanical,5.83,1,-0.3291368296344692,-3.5429471242513366
Placed,1,ENTC,7.08,2,0.2352675599632447,0.9531608392979714
Placed,1,ENTC,7.33,3,1.3729277992942588,0.21988249094711018
Not Placed,0,ENTC,7.43,2,-1.2278876684439777,0.6139759683902225
Not Placed,0,CSE,8.35,1,-0.09627148889329053,-1.5512272173174184
Placed,1,CSE,6.91,3,2.6939800881158766,-1.8816272612175837
Placed,1,CSE,8.5,2,-0.6133954701502148,1.169113595506125
Placed,1,ECE,7.94,2,-0.27283680235724844,0.5759085991508557
Placed,1,CSE,6.61,2,-0.46590711192274664,0.8892495396066864
Not Placed,0,ENTC,7.43,1,-0.13159565081342167,-1.040345124435936
Placed,1,CSE,8.12,1,0.5947839500618751,-1.733763437493394
Not Placed,0,CSE,7.73,3,1.3206541396984217,0.23832279931959177
Placed,1,IT,8.02,2,-0.5359507360140733,2.106785879308712
Placed,1,CSE,7.2,3,1.3535223303557655,0.16468520401218237
Placed,1,ECE,8.17,1,0.7090949378146649,-0.966852104384106
Not Placed,0,CSE,7.36,2,-0.1681192487738616,0.2343188097300216
Placed,1,IT,9.86,3,2.3597141698282407,1.1468027579753477
Not Placed,0,CSE,6.58,1,-0.6287361534373896,-0.45388810140147345
Placed,1,CSE,9.99,2,2.1057778659235558,2.939751462062038
Not Placed,0,CSE,6.89,1,-0.8109147149881009,-0.6367318819058535
Placed,1,CSE,8.78,2,1.916622819967989,1.9330747556352028
Not Placed,0,ECE,8.4,2,-0.25310780977861613,1.1846690225106462
Not Placed,0,ENTC,6.93,2,-0.5837594007169342,0.5224711312588186
Not Placed,0,Civil,8.21,3,1.6161949822630504,0.15730670872421376
Placed,1,IT,7.28,2,0.7289709106436804,0.5453816880783658
Not Placed,0,CSE,7.93,1,0.37556599765785303,-0.1868157932808571
Placed,1,IT,7.83,1,-0.39523391857957696,0.002938220005129084
Not Placed,0,ECE,7.4,1,1.7230645423305049,-1.3387654047642805
Not Placed,0,IT,7.33,2,-1.2999518465191775,0.8166356103134527
Placed,1,IT,7.99,2,1.1829533897929059,1.2745396777124212
Not Placed,0,ECE,6.93,1,0.5780914556957146,-2.91405590531824
Not Placed,0,CSE,6.96,0,-2.5803674367598184,0.5383386331535501
Not Placed,0,CSE,8.51,2,1.2727396336494294,1.6353595016149725
Placed,1,ECE,8.06,3,2.6426350613998886,-0.8484110601537087
Not Placed,0,ENTC,6.59,0,-2.1959664672127777,0.28558928750924667
Not Placed,0,CSE,6.85,2,-0.14293868175082844,0.27825087960332473
Not Placed,0,CSE,5.88,0,-3.2448532676816577,0.36190962914374586
Placed,1,CSE,8.47,1,0.2156242275321023,-0.0961643842619281
Placed,1,IT,8.29,3,3.3124978773984335,-0.7619441477798189
Not Placed,0,IT,6.77,0,-2.762429820963113,0.13487414971966394
Placed,1,CSE,8.25,2,-1.649844315974267,2.0260640303967365
Placed,1,IT,9.39,3,2.74771592447251,2.117774259305793
Not Placed,0,IT,6.39,1,-0.18832659032631113,-0.7684762065232407
Placed,1,ECE,7.18,2,-0.18271484588710007,0.606665375697491
Not Placed,0,ENTC,6.37,0,-1.5105114665627348,-0.3059958399659561
Not Placed,0,IT,8.51,1,1.189101195008974,-1.831963587011818
Placed,1,CSE,7.62,1,1.324569606971443,-0.5822247487631123
Placed,1,Civil,7.36,3,1.6168361904873985,0.8008986325248609
Placed,1,CSE,7.89,3,2.78588934048506,0.6532561668153372
Placed,1,ENTC,7.23,1,-0.6501490111829497,-1.6964667644676714
Not Placed,0,IT,7.36,0,-1.7987261457168966,-0.6433725877461633
Not Placed,0,Civil,7.93,0,-1.529303747173646,0.5319840689222675
Not Placed,0,IT,7.18,0,-2.9697184768460776,0.015894637801739782
Not Placed,0,CSE,7.3,1,-0.4957231759427839,-0.5718315493918599
Not Placed,0,Civil,7.57,3,2.235902318194464,-0.9689039921245403
Placed,1,ECE,7.78,0,-1.1293784501472868,0.35614623002201984
Placed,1,IT,8.21,3,5.423974040474131,0.658302305151427
Placed,1,ENTC,8.2,2,0.09290730788194498,0.7927573097394227
Not Placed,0,Mechanical,6.43,0,-2.5370814303169396,0.4088548841544452
Placed,1,CSE,8.9,2,1.0827462919798636,1.6095780514653846
Not Placed,0,IT,7.75,2,0.02025657033013806,0.4777809005698081
Placed,1,CSE,7.42,3,2.9600307470795038,-2.261278767004777
Not Placed,0,Civil,6.93,0,-1.8510535956515892,-1.7602909788840158
Placed,1,IT,9.39,2,0.2939162535911585,1.626044175570366
Placed,1,CSE,9.71,3,5.9056453243026885,0.3951772271951778
Placed,1,IT,9.29,2,0.6544403192715205,1.5306067563559511
Not Placed,0,IT,7.8,2,-0.9476795223352921,0.9556918586966705
Placed,1,CSE,7.99,3,2.299756616061212,0.6708905703072572
Not Placed,0,CSE,8.97,2,1.3649538784534265,0.6585859905597262
Placed,1,IT,7.5,3,1.950973929212616,1.0180609061337613
Placed,1,IT,8.16,0,-1.5855864124106598,1.2260584370114465
Placed,1,IT,7.89,3,2.8773421295113333,-0.7080825048522248
Not Placed,0,IT,9.33,2,0.0639621999556653,2.229951660455069
Placed,1,IT,8.92,3,2.5377831817998997,2.119415443935228
Not Placed,0,ENTC,7.58,1,0.8132890501214124,-0.4705152968449465
Placed,1,IT,9.0,3,1.610723901130393,0.6008177715886855
Placed,1,CSE,7.7,2,0.6509628521342035,0.45191756300713903
Not Placed,0,CSE,7.24,1,0.5858388874422544,-1.3586928950969626
Placed,1,ENTC,7.46,1,0.8303186953020766,0.03329590103200356
Not Placed,0,ECE,7.83,3,2.4918707111573952,-2.717098930845872
Not Placed,0,Civil,7.03,0,-2.7363621239610283,0.9327376799554177
Not Placed,0,CSE,7.26,1,0.8433645359603738,-2.478216452151265
Not Placed,0,IT,6.47,0,-3.664244158583108,-0.06664054660343256
Placed,1,IT,7.0,1,1.0938836161335266,-2.218684419485326
Not Placed,0,IT,7.9,1,-0.4783760010424497,-1.930514972671095
Not Placed,0,Civil,8.59,1,0.03916415703395954,-1.7372729442121662
Not Placed,0,CSE,8.48,2,0.5947654500294226,0.5758185162918725
Not Placed,0,ENTC,8.07,0,-1.2627196995299619,0.027372981884948407
Not Placed,0,Civil,6.4,0,-2.3068953024902434,-1.4301135983100184
Not Placed,0,ENTC,6.97,1,-0.31702975347679485,-1.9310125651315404
Not Placed,0,CSE,7.53,1,0.9474122096329498,-0.0010355679323939561
Not Placed,0,Mechanical,8.52,3,1.7002472778510445,0.2558060951804179
Placed,1,CSE,7.23,1,0.9167443848095914,-0.8755968560769521
Not Placed,0,IT,6.66,1,-0.42229084774226533,-1.7702833006434324
Placed,1,CSE,8.93,3,3.7849680544055433,0.8036724069090538
Placed,1,Mechanical,7.08,1,0.5073762809080822,-1.3842403523296247
Not Placed,0,ENTC,6.74,0,-1.9549391626230455,0.5195589578880705
Not Placed,0,CSE,7.89,0,-1.5050678184562396,0.32300858279879685
Placed,1,Mechanical,7.66,3,2.7498166185801156,-0.4625222341738494
Not Placed,0,CSE,7.27,1,-0.4501819157344028,-0.057419199975397586
Not Placed,0,ECE,7.7,1,-0.8841898026252447,-0.6095249142571839
Not Placed,0,CSE,6.91,0,-1.985316036018999,0.9978480443744506
Not Placed,0,IT,7.27,0,-2.654298899402397,0.56757463362171
Placed,1,CSE,7.67,3,4.160891152380608,-1.1753136671635263
Not Placed,0,Mechanical,5.97,0,-3.624694278819354,-0.31117013565457247
Not Placed,0,Civil,8.51,1,-0.9359674125504182,0.2832528396771808
Not Placed,0,CSE,6.53,0,-2.1891225231638423,-1.8339657403151521
Not Placed,0,IT,6.9,0,-1.5083006682069664,-0.908017751947491
Not Placed,0,IT,8.55,1,0.40896920400611814,0.4107631999840152
Placed,1,ENTC,8.18,2,1.1380535692146085,1.042763676421072
Placed,1,CSE,7.77,3,2.8718657660599813,-0.6083048149404168
Not Placed,0,CSE,6.25,0,-2.429400370964124,-1.6618743144525372
Placed,1,IT,7.19,2,-0.038543885847066084,2.074940589229526
Not Placed,0,IT,7.52,0,-1.723155816489474,0.9019200145640032
Not Placed,0,Mechanical,7.58,1,0.19395233302800224,-1.4341020965583275
Placed,1,CSE,8.67,2,1.0378217550855782,0.5365784135576309
Placed,1,IT,9.4,2,1.3654209080385717,2.4112350904452033
Not Placed,0,IT,8.22,3,2.0247028633575654,-0.788357291374665
Not Placed,0,CSE,7.25,0,-1.8104036983816338,1.6098367602810009
Placed,1,IT,8.73,1,1.3263428541349573,-1.1144775734357193
Not Placed,0,IT,7.2,0,-1.0134357467719923,-0.04774475187396412
Not Placed,0,ECE,5.47,0,-3.4589600387236303,-2.1662042809830053
Not Placed,0,CSE,6.64,1,0.7844730883035649,-2.6581578225422895
Not Placed,0,CSE,5.68,0,-0.9131225506817399,-0.30229353875357506
Not Placed,0,CSE,7.37,0,-3.324137589818205,0.670398587492077
Placed,1,CSE,7.55,3,2.5614294178784673,0.9142837813971489
Not Placed,0,CSE,6.35,1,-0.7671691654044556,-0.26475223156258565
Not Placed,0,Mechanical,6.97,0,-2.48370144236124,0.805517644787469
Not Placed,0,CSE,6.49,0,-1.9701734906074724,-0.13243076004878257
Not Placed,0,ENTC,7.59,2,0.9938057453930594,0.6479088434104902
Not Placed,0,CSE,6.97,0,-3.3925656833995563,0.04883973788419008
Placed,1,IT,8.56,3,2.082027109861208,0.5873084035861956
Placed,1,IT,7.84,2,1.19879513802523,0.5442843010146943
Not Placed,0,ECE,9.06,1,1.0373432457746072,0.11250441132838544
Placed,1,CSE,7.31,3,1.646662394339163,-0.6852850655141716
Placed,1,ENTC,9.52,2,1.1821552451510042,2.406318065540903
Not Placed,0,IT,7.7,0,-1.7447009011145855,0.056031522298372695
Not Placed,0,ECE,7.25,2,-0.048927042674887664,0.04705097601644955
Placed,1,IT,9.75,2,2.654957887946873,3.1219499292390056
Not Placed,0,CSE,6.15,0,-1.7956740954109014,-0.8160357253841746
Not Placed,0,ECE,7.23,0,-2.524481442583012,0.08712444179415717
Not Placed,0,IT,6.28,0,-2.4844712548503525,-1.9900395298790652
Not Placed,0,CSE,6.14,0,-2.2108291901466317,0.12092149581489986
Not Placed,0,CSE,5.94,0,-1.5267295591827021,-0.27225319778470924
Placed,1,ECE,8.22,0,-1.8710979621901347,1.3982492846017067
Not Placed,0,ECE,6.57,0,-2.1021114699986487,-0.1900173570154359
Placed,1,IT,7.48,3,1.3984670096533751,0.4349698802013865
Not Placed,0,IT,8.46,1,0.5024097468711483,-0.8746654920051933
Placed,1,CSE,8.09,1,0.43597160626954556,-0.41333976436108466
Not Placed,0,CSE,8.05,0,-1.7733487097179024,-0.6666630027962025
Placed,1,CSE,8.73,2,-0.450530369951351,0.804904846817541
Placed,1,CSE,9.07,2,1.4103748236116633,0.8056865768204979
Not Placed,0,CSE,6.64,0,-2.0365615929967325,-1.4653032173146063
Not Placed,0,CSE,8.11,2,-0.04865424701754472,2.0307610401829757
Not Placed,0,IT,7.47,2,-0.7300589901848071,0.05468444682500129
Not Placed,0,CSE,7.58,1,0.19193594490724103,-0.5668279522153059
Not Placed,0,CSE,6.42,0,-3.96202222179296,-2.177051084078135
Placed,1,CSE,7.25,1,0.8092646120293848,-0.7719521076600555
Placed,1,ENTC,7.34,2,-1.4368476206191332,1.3977009869751382
Placed,1,CSE,8.92,2,0.06781000472535956,1.6996862399075443
Not Placed,0,IT,6.72,0,-2.54535324962347,-1.7913925145466185
Not Placed,0,Mechanical,5.67,0,-3.4430452219070284,0.7297771214082489
Not Placed,0,CSE,7.69,0,-2.1096528954059415,2.06188898498354
Placed,1,IT,6.63,1,1.028740629290621,-0.022022055778130035
Not Placed,0,ENTC,7.58,1,0.8364422986416565,-1.4869807126101706
Not Placed,0,ECE,8.26,2,-0.6539328855738907,1.593908158045182
Placed,1,Civil,7.62,1,1.3896516113415678,-0.42391993728192967
Not Placed,0,Mechanical,7.33,0,-1.2753769143316516,-0.1980399197713918
Not Placed,0,ECE,7.57,2,-0.7869760347925575,1.6297222350748466
Not Placed,0,IT,8.42,2,-0.15407349263115322,0.8888192928520926
Not Placed,0,CSE,6.72,0,-2.487038815504622,-1.2060607668085483
Placed,1,IT,8.32,1,1.0137588356228622,-1.5878770177339643
Not Placed,0,CSE,6.85,0,-3.138931945046095,0.7656769874064223
Placed,1,Mechanical,8.21,2,0.8786601025665417,0.6818064834782379
Placed,1,IT,6.39,3,1.7951857293341549,-2.347610512651684
Not Placed,0,Mechanical,8.16,0,-2.189643042339603,2.3013252713129067
Not Placed,0,CSE,7.61,2,-0.74931888880538,1.5930671443076312
Not Placed,0,IT,7.78,0,-1.7909687515892458,-1.2232957006157228
Placed,1,Mechanical,8.52,2,0.5107796545040446,-0.17931799521706213
Not Placed,0,CSE,7.0,1,0.2149905721244657,-1.468556646265509
Placed,1,CSE,7.68,2,0.6396036053672143,1.0445966144474748
Placed,1,CSE,7.96,3,2.1551315384488583,-2.0577131302111398
Placed,1,IT,7.45,2,-0.655378594196325,0.729784672917958
Placed,1,IT,8.31,3,2.8990445902924833,-0.16213447169348932
Not Placed,0,ECE,7.98,2,0.16953096073199314,0.9883756729929027
Placed,1,Mechanical,7.21,3,1.8317588528335842,-0.1575247305498152
Placed,1,ECE,8.77,2,0.563748012821164,1.8043723647843677
Not Placed,0,ENTC,8.18,1,-0.8506935226566286,-0.6339435093189119
Not Placed,0,ENTC,6.98,0,-2.3521800553620915,1.6977403842259036
Not Placed,0,IT,6.98,1,-0.7346489700623151,-0.24457055472194586
Not Placed,0,ENTC,7.51,2,-0.4169428009259106,2.0680015483653897
Placed,1,ENTC,8.08,3,1.9210039829231391,0.5284653373724484
Not Placed,0,CSE,5.82,1,-0.667915663847119,-0.9226835176295186
Placed,1,CSE,7.02,3,1.6851019441598627,-0.16186632023593361
Not Placed,0,ENTC,7.21,1,-0.12656426159913087,-1.3387764851038684
Not Placed,0,Civil,6.48,1,0.5845748944187581,-0.55433156594407
Placed,1,Civil,6.83,2,0.6941915709418851,0.2977033276577781
Not Placed,0,CSE,7.82,0,-1.6920725751982422,-0.17304806587770635
Not Placed,0,ENTC,7.28,1,-0.07321351807700958,-0.11986332151931763
Not Placed,0,CSE,7.35,0,-1.54900985955913,0.04869968931636097
Not Placed,0,Mechanical,6.53,0,-1.3606791346590517,-0.42112213802081694
Placed,1,ECE,7.52,1,-0.6285823507732584,-0.13226248445693845
Not Placed,0,Civil,6.42,0,-3.0598852176473637,0.6049550845709863
Not Placed,0,Civil,8.94,2,-0.49416384083111475,1.0552705466549102
Placed,1,CSE,9.18,2,1.2683018849349617,1.3364237937814725
Not Placed,0,Civil,7.3,0,-4.323934341794307,-0.6059735442460339
Not Placed,0,ECE,6.75,1,0.4978084233887844,-1.688049105693848
Placed,1,CSE,8.43,1,0.24652174503713833,-0.11242744313850875
Placed,1,IT,8.2,1,0.7037774117610962,-1.0370610321697145
Not Placed,0,ECE,9.29,3,2.129473441795365,0.2276668783396954
Placed,1,CSE,9.52,3,3.9574705194677717,0.13473181901683823
Not Placed,0,CSE,5.98,0,-1.6734129358979861,-1.1665131122396208
Placed,1,CSE,8.68,3,1.8382731831380401,0.16857479604880374
Not Placed,0,IT,7.51,1,0.1492580655764062,-0.82485016695215
Not Placed,0,CSE,8.17,3,2.2821701881654786,1.054861062062013
Not Placed,0,ENTC,8.36,1,1.435418380450673,-0.15447431082781532
Not Placed,0,IT,8.33,0,-1.640813567090375,0.6801119412779976
Not Placed,0,ECE,8.55,0,-1.9104018624573713,1.0570320302345186
Not Placed,0,IT,7.22,0,-2.9377062095505377,2.134414183609113
Not Placed,0,Mechanical,6.89,1,-0.858453929197305,-1.7501745385112704
Placed,1,CSE,8.71,2,0.7781285135721425,1.9923315587538544
Not Placed,0,ENTC,6.96,0,-2.413636914753265,-2.1717500255376794
Placed,1,ECE,9.28,3,1.7142205251228562,-0.47941903832347227
Placed,1,Mechanical,7.05,3,2.9486490865508084,1.4024372799498412
Not Placed,0,CSE,7.38,1,0.05607153507046562,-0.9828527148786389
Placed,1,CSE,7.54,1,0.7017078384214268,-0.07596251152409744
Not Placed,0,IT,6.39,1,-1.332500367851899,-2.6322212400804244
Not Placed,0,CSE,6.39,1,1.6124333680049054,-4.838333584378236
Placed,1,CSE,8.48,2,-0.47300765741376305,1.4385361130264602
Not Placed,0,ECE,6.24,1,0.9785775981099325,-1.6942681313321446
Placed,1,IT,9.84,3,2.79240164659068,1.4187658443846567
Placed,1,CSE,7.62,1,-0.18086113052938008,-0.3714926828970025
Placed,1,CSE,6.83,1,0.8346315092661133,-0.3028289250444331
Not Placed,0,ECE,8.06,0,-2.3755893983114285,2.009427893118587
Not Placed,0,ECE,5.61,0,-2.8165084728695042,0.0912681398661039
Placed,1,CSE,7.42,1,0.9797193745119532,-0.5159871707723387
Placed,1,CSE,7.53,1,0.6415425303853172,-0.24187033958062804
Placed,1,CSE,6.62,1,0.28909178680882597,-1.1467005925740061
Not Placed,0,ENTC,7.16,1,0.24858332471710565,-1.8895444837916937
Placed,1,ENTC,9.0,3,4.363094203435419,-0.5901659013356886
Not Placed,0,CSE,7.86,0,-1.5406221796020125,0.3385865557773377
Placed,1,CSE,8.04,3,1.909152467099311,0.25580535907070984
Not Placed,0,ECE,7.03,1,-0.3458217908732019,-1.3620758376384277
Not Placed,0,ENTC,6.58,0,-1.442187813026319,-1.999783358485484
Not Placed,0,IT,7.5,2,-0.45986913134427765,0.45581625847490226
Not Placed,0,CSE,5.61,0,-3.652786605737722,-1.035183505804282
Placed,1,CSE,6.77,2,-0.955776582039591,1.01403627523357
Not Placed,0,ENTC,6.64,1,0.14345706424066174,-3.377998414453054
Not Placed,0,IT,5.97,1,1.710520795096804,-3.988444226667475
Not Placed,0,ENTC,8.25,2,-1.546108494454042,2.012729851821018
Placed,1,ECE,7.59,2,-0.44727138502087244,0.23809749757967869
Not Placed,0,ENTC,7.17,0,-2.1558236903187846,1.6632396867766792
Not Placed,0,Civil,8.27,0,-1.4138623792129859,0.7703555592218685
Not Placed,0,CSE,6.3,0,-0.9019536229987822,-0.04443526172661543
Not Placed,0,ECE,6.56,0,-2.2214397423260026,1.3680794922399693
Placed,1,ECE,8.65,2,0.60122602131373,1.0544700201529398
Not Placed,0,ENTC,9.64,2,1.7246669000134571,1.6038038332333449
Placed,1,CSE,8.28,1,0.9877042128509026,-1.5030431420136017
Placed,1,IT,8.1,2,-0.13656389584727205,0.5755686018404358
Not Placed,0,Civil,7.21,1,0.9097427855747191,-2.222088292373262
Not Placed,0,IT,7.22,0,-1.3117888249274055,-1.111780480497068
Not Placed,0,Civil,7.89,0,-1.5718107015295395,0.47896952818283534
Placed,1,CSE,8.87,2,-0.24646886598182577,2.8916873252237933
Not Placed,0,CSE,8.06,1,-0.7769114859905057,-0.04790339896881846
Placed,1,Civil,8.51,2,1.0606044673534383,0.8823064048325998
Not Placed,0,ECE,6.92,1,-0.40562516310861596,-2.9726841801765653
Not Placed,0,ECE,8.22,3,1.3442657773559676,-0.7378399114551815
Placed,1,CSE,7.13,1,0.6296858768856041,-1.7470691986571745
Placed,1,CSE,7.82,2,0.882811605173611,0.5051267316313729
Placed,1,IT,8.22,3,2.3439454784841116,-0.3841096427690822
Not Placed,0,ECE,7.25,0,-1.9668315821388545,-1.9058166472982876
Not Placed,0,CSE,6.84,0,-1.7581711769514967,-0.78362424504281
Placed,1,CSE,8.01,2,-0.6893379490345696,1.0977217903554457
Placed,1,CSE,7.59,0,-2.7833355916146303,-1.647700364704812
Not Placed,0,Civil,7.82,1,1.085744711004014,-1.7330415530761003
Not Placed,0,ENTC,8.26,1,-1.2958697108711508,-2.369181337139399
Placed,1,CSE,8.81,2,0.3665405066574611,2.0015561342674864
Not Placed,0,Civil,8.26,1,-0.7550002221101406,0.07244454191174637
Placed,1,CSE,8.15,3,4.00645446248375,-0.4448453434683998
Not Placed,0,CSE,7.27,2,0.48269018914111717,0.5850680957018133
Not Placed,0,CSE,7.41,1,0.769052542809105,-1.767854798634855
Not Placed,0,Mechanical,8.09,1,-0.7689759315101323,-0.36898217779204145
Not Placed,0,CSE,7.39,0,-2.4152265999174944,1.7911049352212667
Not Placed,0,CSE,8.08,0,-1.7832596598835502,0.2988703164523593
Not Placed,0,Civil,7.01,2,-1.2662520351857665,0.5352219072013671
Placed,1,ENTC,9.34,2,1.2445790499925478,1.760590141764593
Not Placed,0,ENTC,7.86,2,1.1969784350819355,2.217298624425985
Not Placed,0,ENTC,7.81,1,0.15292275269895314,-0.7221522212358772
Not Placed,0,ECE,7.29,2,-0.0002177427194948144,0.5196241568325983
Placed,1,IT,9.33,3,3.0997530182578914,1.8376209992747805
Not Placed,0,ENTC,6.63,1,-0.5688493821975508,-0.5675717358721839
Not Placed,0,CSE,7.1,1,-0.07868766097460099,-1.6130213958978727
Not Placed,0,IT,8.43,2,-0.30340710439219754,1.4931753088430646
Not Placed,0,Civil,7.9,1,0.49929823971414555,-1.0695443564994758
Placed,1,IT,7.21,1,-0.25785326510339834,-1.0057143037707053
Placed,1,IT,7.23,1,0.3844976119060674,-0.9707101568832418
Not Placed,0,CSE,7.45,0,-1.346840258914717,-0.3712071944260071
Not Placed,0,ENTC,7.79,0,-1.3778809720055893,0.20812195013281098
Not Placed,0,Civil,9.02,2,1.197386859143584,0.4625546421524579
Placed,1,IT,8.21,2,1.0305675182434944,0.15540518825136054
Not Placed,0,CSE,8.57,3,1.8140581891930676,-1.4001756825213045
Not Placed,0,ENTC,7.33,2,-0.5414652906103116,0.04736000692200949
Not Placed,0,ECE,8.14,0,-1.4492451229400982,0.2683312698683809
Not Placed,0,CSE,6.38,0,-3.064967833061642,0.805925655311114
Not Placed,0,CSE,7.85,0,-2.7993107711662497,-0.0007914080118715725
Not Placed,0,ECE,7.8,1,-0.843484811840074,-0.6760174000973945
Placed,1,IT,9.25,2,0.22753984286219125,3.197262641590345
Placed,1,ENTC,9.02,2,-0.27674713423456726,1.3076263087245559
Not Placed,0,CSE,7.48,3,1.6634337464455515,-0.29138270689135315
Not Placed,0,ENTC,7.01,2,-0.6642027348439333,1.5455798513540626
Placed,1,ECE,7.03,1,-0.8096978926431025,-0.26573507257717277
Not Placed,0,ECE,7.45,0,-2.113247236576376,1.425276002863723
Placed,1,ENTC,8.81,2,1.0253969420692326,0.9279434516426626
Not Placed,0,IT,8.05,0,-2.64989558566213,0.9231874738563615
Placed,1,CSE,8.14,1,0.5222715482618584,-1.7464180543219816
Not Placed,0,CSE,8.39,2,-1.1397073464223932,1.5265383752981883
Not Placed,0,ENTC,6.85,1,0.7781691542213903,-1.2377409502905532
Placed,1,ENTC,7.1,3,2.5313646549686877,-3.3962082764579304
Placed,1,CSE,8.14,0,-1.5910433522969378,-0.9504986164880166
Not Placed,0,ENTC,7.04,0,-2.380739183144422,2.580711125976039
Not Placed,0,CSE,6.4,0,-2.2151636073414656,-1.0261451099326777
Not Placed,0,IT,6.78,0,-3.0443318308535345,1.218885264827334
Not Placed,0,CSE,8.6,1,0.27075967782130056,-0.9424740241787984
Not Placed,0,Mechanical,7.38,0,-1.6810859809795466,1.291228362378491
Placed,1,CSE,7.89,3,3.170929332512563,-0.7803379250033559
Not Placed,0,CSE,6.82,0,-2.804588068989078,0.4448577147634615
Placed,1,ENTC,8.02,2,-0.3117994104657101,2.055656998005027
Not Placed,0,IT,7.47,1,0.7798276826536056,-0.582604717788256
Placed,1,IT,8.08,2,0.07204651021554534,1.289291825311677
Not Placed,0,IT,7.29,1,1.620964194733754,-3.3749876445298534
Not Placed,0,IT,8.13,1,-0.28577076237549964,-0.6666289290352226
Placed,1,CSE,7.25,1,-0.3162231415452975,-0.8419743590978738
Placed,1,CSE,7.63,2,0.6282123719976505,1.3977472080238706
Placed,1,ENTC,7.47,1,0.7047258739184545,-1.044794232077467
Not Placed,0,ENTC,7.72,2,-0.5758054120392975,-0.3251315778981109
Not Placed,0,Mechanical,7.94,1,-0.36823660611935705,-0.853737036572103
Placed,1,IT,7.28,3,1.6445158608578823,-0.3560712963054954
Not Placed,0,CSE,7.6,2,-0.09492153307027446,1.92831036819845
Not Placed,0,IT,7.86,1,0.13628205241591906,-0.3984530972453483
Placed,1,CSE,8.13,2,-0.7227251819719214,1.7338107825230995
Not Placed,0,ECE,7.64,1,0.582499316022481,-1.016198343703982
Not Placed,0,CSE,6.95,1,0.6288418512319341,-1.3485898978915811
Placed,1,ECE,7.77,2,-0.058182133515351765,1.5355908028314653
Placed,1,ENTC,8.27,2,0.44061315531033945,2.499667840230258
Not Placed,0,IT,6.57,0,-2.5565629501138307,-0.9396395299488518
Not Placed,0,Civil,6.58,1,-0.34897535269292157,-2.2934201391822073
Not Placed,0,IT,7.14,1,-0.013058799730267181,-1.1405956126430448
Placed,1,Civil,7.54,2,0.67748870568792,1.308354497441105
Not Placed,0,ECE,5.83,0,-1.4085511755631293,0.09855141849609839
Not Placed,0,IT,8.19,0,-1.234871847648301,-0.21092659692299653
Placed,1,CSE,7.54,3,1.5848876210093905,0.04317066771741929
Not Placed,0,CSE,5.7,0,-2.0589665537600323,-1.9520708303019585
Not Placed,0,ENTC,6.75,1,1.0221461483052312,-2.574313379953624
Placed,1,CSE,7.44,1,-0.4971854594083273,-0.35444016560426567
Not Placed,0,ENTC,6.19,0,-1.1793766625712618,-0.8709857655340041
Placed,1,CSE,8.52,2,0.1513016655662267,1.9112499866419403
Not Placed,0,Civil,7.86,2,-0.7162560196741123,1.5161999540982247
Placed,1,CSE,8.28,2,0.9415107469124392,1.5606267894736767
Not Placed,0,ECE,6.83,1,-0.1126111891652851,-1.8263180239487002
Placed,1,ENTC,8.05,2,0.2915280877923088,0.8561723599633589
Not Placed,0,IT,7.14,0,-1.0105941079552,0.08197505363839609
Not Placed,0,IT,7.54,0,-1.7012236653268011,0.8256932192221581
Placed,1,CSE,8.0,3,4.0434154171974654,-0.8110674680421333
Not Placed,0,ECE,7.64,2,-0.4198152035277471,0.9689318990309123
Not Placed,0,ENTC,8.39,2,-0.340898897886553,3.8597802270889447
Placed,1,CSE,7.82,2,0.6325011710695984,0.7355546994474904
Not Placed,0,Mechanical,7.31,1,-0.29280844611631407,-2.0702148175867814
Placed,1,Mechanical,8.42,3,2.2141028831056224,0.8859060349270683
Placed,1,ENTC,8.6,2,1.7149302940684288,1.39432604370587
Not Placed,0,IT,7.77,0,-3.28762150644613,0.4318858562985777
Not Placed,0,IT,8.84,2,0.05428393359189729,0.40953213809325534
Placed,1,Civil,7.5,3,1.727011897521523,-0.16430792971819463
Placed,1,ENTC,7.59,3,1.2721738669144498,-0.10587217470090549
Not Placed,0,ECE,7.7,1,-0.21721211926828202,-0.9645867614348176
Placed,1,Mechanical,7.59,3,2.794729050741663,-1.1695969641398625
Placed,1,IT,7.44,1,-0.36132845825181015,-0.20561614786275925
Placed,1,ENTC,7.09,3,2.106766980322704,-1.876845078821473
Placed,1,ECE,6.85,0,-1.8348936727309597,-0.755874422441134
Placed,1,ENTC,7.79,3,2.796903930180042,-2.5563954541023786
Placed,1,ENTC,8.72,2,-0.20947907912543037,0.6949241824874415
Not Placed,0,CSE,8.39,0,-1.1908078078265127,0.20050710128728122
Not Placed,0,IT,8.03,0,-1.4182429979565025,0.663258474730606
Placed,1,Mechanical,8.76,3,2.539598360587806,-0.46262441978788926
Placed,1,ENTC,7.72,3,3.257029266146881,-1.9731157236723451
Not Placed,0,CSE,6.86,0,-2.0827021399263317,-0.0691917260452981
Not Placed,0,Civil,7.4,0,-2.143342578177344,-1.3680484507122783
Not Placed,0,CSE,7.65,0,-2.885886105363993,0.44761782435666153
Not Placed,0,CSE,7.26,0,-2.435841454128805,0.49784126499511905
Not Placed,0,Civil,8.22,1,-1.1980850187846008,-0.9967187609855098
Not Placed,0,ECE,8.5,1,-0.04918826496762025,-0.9510717827057762
Not Placed,0,Mechanical,6.23,0,-3.323252825653587,1.0356839916255007
Not Placed,0,Mechanical,7.58,0,-2.376753548916579,0.5698354249240076
Not Placed,0,CSE,5.23,1,0.16301937779833045,-3.307737415661171
Not Placed,0,CSE,7.62,3,2.3760878499587545,-0.695247307617775
Not Placed,0,ENTC,7.61,1,-0.07836732356773697,-0.7087630036975179
Placed,1,CSE,9.21,1,1.7354427417339398,-0.28965928162454363
Placed,1,CSE,8.95,3,2.414536866497447,1.3197325996834766
Placed,1,CSE,8.49,2,1.2693033120634665,0.696332751115634
Not Placed,0,IT,6.88,0,-2.3741583772977912,-2.0973114433103515
Not Placed,0,IT,6.84,0,-2.5749358134165683,1.3498871911978383
Not Placed,0,ECE,6.77,0,-1.585882351908633,-0.3119854115468209
Placed,1,ENTC,9.0,2,-0.07438864822566515,5.010739287070976
Placed,1,CSE,6.93,2,-0.32920832821698043,0.39634074282962695
Not Placed,0,IT,7.37,1,0.07461841456838218,-0.5406555992301361
Not Placed,0,CSE,6.94,0,-1.3990157770595004,0.47308722540368314
Not Placed,0,ENTC,6.63,0,-1.746769044923075,-0.8724562502135637
Placed,1,IT,7.98,3,1.366774649590747,0.11254066471188184
Placed,1,CSE,7.83,3,1.4444943268814954,-0.20650882132628334
Not Placed,0,ECE,5.81,0,-1.6184223216898788,-0.8512119564263143
Not Placed,0,CSE,6.59,0,-2.466837322058701,0.5885828555149338
Not Placed,0,ECE,7.92,0,-1.6702115536460302,0.8752065909026758
Not Placed,0,Mechanical,7.64,0,-1.7654238693889244,1.3618481465051435
Not Placed,0,IT,7.36,0,-1.402138720651187,0.643721429815511
Not Placed,0,IT,8.21,1,1.3847122177070832,-1.2862054637641684
Not Placed,0,IT,6.47,1,-0.24804760850261054,-1.1222420730353246
Not Placed,0,ECE,7.19,0,-1.2708263130683553,0.7437699620512924
Placed,1,Mechanical,8.14,2,1.4437931738905336,1.4866677032473952
Not Placed,0,ECE,7.15,0,-2.2916139533463538,-0.26724439969860914
Not Placed,0,Civil,7.97,0,-1.7621480446814195,0.1700960928650188
Not Placed,0,ECE,6.73,1,0.1223504168855612,-1.403092249754284
Not Placed,0,CSE,7.0,0,-2.1819046063525267,-1.1175755714844955
Not Placed,0,CSE,6.19,0,-2.8494772475589425,-0.7252272750550827
Not Placed,0,ECE,5.95,1,-0.6887501141186008,-0.3685350523735004
Placed,1,ECE,7.3,1,0.4717074578117448,-0.2751007895078224
Not Placed,0,CSE,8.08,2,-0.5376673913453909,0.11931854557147278
Not Placed,0,CSE,7.6,3,1.6047251305203531,-0.2624476349618946
Not Placed,0,CSE,8.69,1,-0.05582384122134219,-0.5075762504381676
Not Placed,0,CSE,7.37,0,-2.125557390349385,-0.33632305422189446
Not Placed,0,ECE,5.9,0,-2.991990899644757,0.7526508369628065
Placed,1,ENTC,7.99,1,1.4307532915965637,-1.480799116461628
Not Placed,0,ENTC,6.78,0,-2.6944315306460793,-0.15531198958154482
Not Placed,0,CSE,7.81,1,0.009657230788024683,-0.11101679536402799
Not Placed,0,Mechanical,5.76,1,1.3401723640200855,-2.7850448049587433
Not Placed,0,CSE,7.47,0,-2.4185706813632413,0.11621132905454916
Not Placed,0,CSE,8.3,1,-0.3114947577991498,-0.7072157219557661
Placed,1,ENTC,8.19,2,0.6104247438194852,0.29182931203360385
Not Placed,0,Civil,7.49,1,0.086569966501947,-0.9533396296186717
Not Placed,0,Civil,7.66,1,1.0466139271106676,0.0517325131543954
Placed,1,IT,7.28,1,0.6902119198213496,-0.6765364845577087
Not Placed,0,CSE,7.45,2,-0.07729207577502183,0.9757921441393317
Placed,1,ENTC,8.23,3,1.8550971165469288,-0.5942795754799789
Not Placed,0,ENTC,7.06,0,-2.518628982871869,0.45900392409965446
Not Placed,0,CSE,7.15,0,-3.572794542827795,-2.4903939015640386
Not Placed,0,IT,6.36,0,-2.3559416310280623,-3.1038188017194313
Not Placed,0,CSE,8.25,1,-0.1520718972072893,-2.4516457708654693
Not Placed,0,IT,7.43,1,0.3226096679340263,-0.2774265147772257
Not Placed,0,CSE,6.63,0,-2.2530750801643187,-0.6596883178803893
Placed,1,ECE,8.4,1,1.3255032538778495,-0.9923020359357253
Placed,1,IT,7.61,3,1.4670905465743493,0.04396466470974724
Not Placed,0,ECE,7.02,0,-2.562655907704073,-1.3897044628600275
Placed,1,ECE,8.41,3,3.763122387943199,-1.5789251451439366
Not Placed,0,CSE,7.36,2,-0.09590873963298419,1.1328513852222906
Not Placed,0,CSE,6.32,0,-1.935149033224049,-0.8762142908582418
Not Placed,0,Mechanical,8.47,2,-0.7885144285222757,1.3842436306927426
Placed,1,CSE,6.94,2,0.11094564654548017,1.019882111923403
Placed,1,Mechanical,10.0,3,6.295787804745908,0.21633736298943457
Not Placed,0,CSE,7.27,3,2.32876696258015,-2.567205176773271
Not Placed,0,ECE,5.94,0,-2.4827281441896414,-0.4286016827123006
Placed,1,Civil,9.14,2,1.9293364340521206,2.8818993288533434
Not Placed,0,IT,7.61,1,-0.5784750149367212,-0.27263493065440275
Placed,1,CSE,7.87,3,2.646585136350027,-0.02930801489289454
Not Placed,0,Mechanical,7.98,1,0.12215215031192633,-1.9106752382876624
Placed,1,CSE,6.5,2,0.866776350796639,-0.13275219249448408
Not Placed,0,CSE,5.81,1,-1.2219085518148687,-2.0677867277697732
Placed,1,Civil,9.31,3,3.1277579813154044,1.9699531163897992
Not Placed,0,IT,6.32,1,-0.936157330895865,-2.1559568703967096
Placed,1,ECE,9.05,2,1.38674028696556,1.0849431496409625
Not Placed,0,ENTC,8.1,1,0.34589017913444386,-0.20887198867016846
Not Placed,0,ENTC,7.8,0,-1.665981318794381,-1.399157203804085
Placed,1,CSE,7.26,3,1.9640634122501834,0.44221970288086254
Placed,1,IT,9.62,3,2.638613996257872,1.2134034319091493
Not Placed,0,ENTC,7.07,2,0.21992289603755005,0.3249830287810023
Not Placed,0,ENTC,7.09,1,-0.8956754067930135,-0.896228428575639
Not Placed,0,CSE,8.23,2,-1.0090939375471035,2.687264526032581
Not Placed,0,CSE,7.08,1,-0.5825563042968556,-1.4619000516873994
Not Placed,0,CSE,6.79,0,-2.283984615184752,0.4937030573300055
Not Placed,0,IT,7.61,2,-1.3425425344844497,1.0690688273954485
Placed,1,ENTC,8.24,3,4.126462719031709,1.501538279276037
Placed,1,Mechanical,9.25,2,2.4757949485714263,2.901189041908623
Not Placed,0,CSE,9.43,2,-0.4634443952506303,0.7963243981192236
Not Placed,0,Mechanical,6.13,0,-2.7172061645634114,-1.6562311529467937
Not Placed,0,ENTC,8.54,3,2.387543839960224,0.19622153156315125
Not Placed,0,ECE,6.82,0,-2.668622146892368,-1.2133113852341244
Not Placed,0,Civil,6.86,1,0.364277815268582,-2.934852886577123
Placed,1,CSE,7.2,1,0.3255840445209982,-1.522412050019304
Not Placed,0,Mechanical,7.14,1,-1.1311964183951626,-1.9734986162512935
Not Placed,0,IT,6.75,1,0.07949239210027995,-1.5391283443372368
Not Placed,0,CSE,5.68,0,-3.9528041798951827,-0.3324784729412606
Not Placed,0,CSE,8.89,1,0.6818800214421563,-0.1155463159046512
Not Placed,0,IT,8.42,1,0.14822701970099766,-0.7338655360709162
Placed,1,ENTC,7.64,2,-0.08306737240259837,1.939009561664111
Not Placed,0,CSE,6.83,1,-0.6147629500157878,-1.6935172674466248
Placed,1,CSE,8.71,3,3.909368241490108,0.749176316865985
Not Placed,0,ECE,7.6,0,-1.6736040026023682,0.6136842923729352
Not Placed,0,IT,7.17,0,-2.8208867661757,1.871586496335783
Not Placed,0,IT,6.26,0,-1.1482011080052446,0.4796857009314981
Placed,1,IT,8.11,3,3.8028768919593476,-1.5179521148409203
Not Placed,0,Civil,7.37,2,0.37226135226013807,0.3924677775762622
Not Placed,0,ENTC,7.88,2,-1.1919253325432881,1.9771921370872354
Placed,1,CSE,7.8,3,1.2380205668336042,-0.38401237270659677
Placed,1,ECE,8.2,2,1.2903387029207392,0.8294644585376509
Placed,1,ECE,7.84,2,1.2219381890151086,0.4449763655352361
Placed,1,CSE,7.4,3,2.19472528170701,-1.016483700718254
Not Placed,0,IT,8.13,2,-1.2597966387182988,1.5462609495602642
Placed,1,CSE,8.47,3,3.138192526078259,1.0359665780136773
Placed,1,CSE,8.97,2,1.1922877447148317,0.7525935227485767
Not Placed,0,Mechanical,6.7,1,-0.5102388725050248,-1.7773451590665525
Placed,1,CSE,8.6,2,-0.35845128621616223,1.7280659045010558
Not Placed,0,CSE,6.31,0,-4.3123013769810665,-1.9900568901616127
Placed,1,CSE,8.52,3,4.134224580471738,0.24323800562075407
Not Placed,0,ENTC,7.16,1,1.073493191110025,-1.3876457800374533
Placed,1,Civil,8.37,3,3.0982077720637364,-1.055255246682972
Placed,1,CSE,8.93,2,1.5779581275030863,2.711170395868143
Placed,1,IT,7.85,2,1.3144816547044897,2.714874282532674
Not Placed,0,ECE,7.66,3,1.3576702277791022,-1.2497308065636157
Not Placed,0,IT,7.62,1,-0.5207952460609294,-1.233240952502028
Not Placed,0,IT,7.3,2,-1.06927199820911,1.530677525704807
Placed,1,ECE,8.66,3,2.7523272200119697,1.2906972697249748
Placed,1,IT,7.61,2,-0.6063071433492204,2.7874599237550166
Not Placed,0,IT,5.85,0,-3.4469984246695717,0.28755592877370073
Placed,1,CSE,8.45,3,5.273231834716029,-1.4198366891509144
Placed,1,CSE,8.41,2,0.6210699670278973,0.5454503426261517
Not Placed,0,Mechanical,7.74,1,1.6431098848002494,-1.14877330744955
Not Placed,0,CSE,7.03,0,-1.5757013480419488,0.7066129417382815
Not Placed,0,CSE,6.71,2,0.321187346435136,0.06953341304074717
Not Placed,0,ECE,7.03,2,-0.9603145302798867,1.564602648425969
Not Placed,0,ENTC,7.87,0,-2.057856702049324,0.9278857941918124
Not Placed,0,CSE,6.13,0,-3.4471045460355225,-2.120113579681935
Placed,1,ECE,8.06,1,1.3994328912047032,-1.4776897418887982
Not Placed,0,ECE,7.76,2,1.3332439104069747,0.865198584838981
Not Placed,0,CSE,8.79,2,0.802406212397087,-0.20353078319915074
Not Placed,0,IT,8.3,0,-3.2462647793947763,0.7095119089876798
Not Placed,0,ECE,7.09,1,-0.08134070040567488,-0.32108189444008467
Not Placed,0,CSE,6.26,0,-2.587585368145212,-0.6926063291888546
Not Placed,0,CSE,7.0,0,-1.5957184987159203,-0.0857969636010793
Not Placed,0,CSE,8.87,2,0.37103982043952327,1.4244178627271875
Not Placed,0,IT,7.95,2,-0.39297123306683496,0.9126262168822961
Placed,1,CSE,8.21,2,1.3546893791731063,2.4728701319319133
Not Placed,0,CSE,7.17,2,-0.6725477500353245,0.7196756375959064
Placed,1,Mechanical,8.11,3,3.0638979148474115,-0.6586971840857831
Not Placed,0,ENTC,6.41,1,-1.0726072407525244,-0.6925229889438453
Not Placed,0,CSE,8.49,2,-1.1947747506391067,1.3517528298485242
Not Placed,0,CSE,6.72,0,-2.086205391963535,-0.8656433009838379
Not Placed,0,Civil,6.02,0,-1.4084387729938488,-1.190481713102059
Placed,1,ECE,9.62,3,3.606451444828929,0.7676114927776464
Not Placed,0,ECE,7.81,0,-1.4707587357931124,-0.49360643383538144
Not Placed,0,IT,7.79,0,-1.900727437794478,0.2774442048727738
Not Placed,0,IT,6.11,1,-0.3865844790041269,-0.6281193718521713
Placed,1,CSE,8.23,2,1.1580382377604737,0.5080581795348362
Placed,1,ENTC,8.45,3,3.176022019054733,2.5070290888866915
Placed,1,Mechanical,7.53,2,-0.8632756034803102,0.8439609755746501
Placed,1,IT,8.46,3,1.7759406944186795,0.4464279621177387
Placed,1,ECE,8.69,3,3.6782181975818347,-0.1362574794268207
Placed,1,Mechanical,8.15,3,1.5209529346130846,0.17938128098474998
Not Placed,0,Mechanical,5.86,0,-2.3999414939857404,-0.677403321055687
Not Placed,0,CSE,6.72,0,-1.7917929640484533,-1.3388176303688148
Placed,1,CSE,9.13,2,0.6239381797394765,0.8663005192620428
Not Placed,0,Civil,7.77,2,-1.8913274586763738,2.1883940239317963
Not Placed,0,CSE,7.77,1,-0.8015327952383501,-0.6846280226616965
Not Placed,0,CSE,6.99,1,0.7898457811376937,-2.676272113312485
Not Placed,0,IT,7.16,2,-1.2718697909687868,1.6639541550161088
Placed,1,CSE,8.71,3,2.435711053506147,-1.237870794059785
Not Placed,0,IT,8.97,2,0.3843784853077724,3.111335264797141
Placed,1,CSE,8.38,2,-0.5593316831579536,1.6628659845921543
Not Placed,0,Civil,8.17,1,-0.3267521727109514,-0.3462301597053793
Placed,1,CSE,8.23,1,1.0614495593752407,-0.15600621765846898
Not Placed,0,Civil,7.64,0,-1.7220201661749273,-1.4179822679156295
Not Placed,0,Mechanical,6.68,0,-2.102306706120806,1.1965723834589945
Not Placed,0,ENTC,6.49,1,-0.4660321720073459,-1.3843482353656877
Placed,1,ECE,8.82,3,2.2750673624726656,0.09013644299124347
Not Placed,0,Mechanical,7.67,0,-1.366852801366927,-0.7363749399862445
Placed,1,CSE,8.11,3,4.618452178370395,-1.5567264087282762
Not Placed,0,IT,7.88,1,0.9361561656722922,-0.30627826156143423
Not Placed,0,Mechanical,7.92,3,2.492615056256527,0.911553529589153
Not Placed,0,CSE,7.99,1,-1.0654449251155644,-0.7441664811193868
Placed,1,Mechanical,8.29,2,-0.3972160523056393,2.2601674878621187
Not Placed,0,CSE,7.05,1,1.299050320288305,-2.0389886530790085
Not Placed,0,CSE,8.71,2,-0.24627496884191377,2.388804364215952
Not Placed,0,ENTC,7.07,1,-0.6865610307412042,-1.7255626610521013
Placed,1,ECE,7.9,1,1.0308707098782048,-1.4983426694487652
Not Placed,0,CSE,6.69,0,-3.456516713371989,-0.4770172713277011
Not Placed,0,Mechanical,7.56,2,0.29555384980490357,0.9500625345088679
Not Placed,0,CSE,7.14,0,-1.8982762564047337,0.7878314260552837
Placed,1,IT,7.72,2,0.859442395583827,0.4639407767899334
Not Placed,0,ECE,8.33,0,-1.0478650049288418,0.0550899102778791
Not Placed,0,IT,7.76,0,-1.7839646366787791,0.9220150810291639
Placed,1,CSE,9.37,2,0.5207092932438003,3.569142067044951
Placed,1,IT,8.38,2,1.9359272611152527,2.1106566940319276
Not Placed,0,CSE,7.51,0,-3.612484109688699,-0.32335329517266964
Not Placed,0,Civil,7.63,3,1.6228089806896064,-0.43693523049266864
Not Placed,0,IT,8.02,2,-0.08619948434391846,1.198965331291849
Placed,1,ENTC,8.3,1,0.9527359370965595,0.2072791853769384
Not Placed,0,ECE,6.65,1,-0.8723902528500982,-0.6371315245398653
Placed,1,IT,8.24,2,1.0480699869688503,0.5421620846839444
Not Placed,0,Civil,6.67,0,-3.526441349672618,0.3407236685995787
Placed,1,IT,8.16,2,0.9679441847105661,0.2386759693782404
Placed,1,CSE,8.64,2,-0.5487158086568967,0.9818388404572004
Not Placed,0,ENTC,7.95,3,2.6728247025717713,-0.984667018997998
Not Placed,0,ENTC,5.72,0,-3.9061815926148755,-1.9925994509693805
Not Placed,0,CSE,6.18,0,-1.8417817081477161,-2.0434303729416943
Not Placed,0,ENTC,8.18,2,-1.3687790997085745,1.4477560099082531
Not Placed,0,Civil,5.61,1,-0.9236981675560499,-1.659346129863967
Placed,1,CSE,8.22,2,-1.6653291210368897,2.008579897073573
Placed,1,ECE,8.54,2,-0.8143793190176916,2.2346680461886614
Placed,1,CSE,8.66,3,2.2189413057079967,1.022682267348357
Not Placed,0,CSE,7.49,1,1.0331103254768603,-1.2783999397394388
Placed,1,CSE,8.07,2,-0.36811842124362243,0.2753910937050632
Not Placed,0,IT,7.88,2,-0.1419919755823167,0.6129194616649083
Not Placed,0,ECE,6.45,0,-1.6250899188932977,-1.2803718168827423
Placed,1,IT,8.33,3,1.6347733031024159,0.6949899375241528
Placed,1,IT,8.88,3,3.0858547065935364,1.9891357048121936
Placed,1,CSE,8.29,2,0.42950190578585223,1.8625882760289842
Not Placed,0,IT,7.27,0,-3.268256678558661,-0.4739900682177205
Placed,1,CSE,8.33,1,0.6203504686834114,-0.26668168010937504
Placed,1,CSE,8.8,2,1.1141522794197163,2.512958414869995
Placed,1,IT,8.69,3,2.228706013864473,0.8346942847841793
Placed,1,CSE,8.57,2,0.7477758737397722,1.348666683613662
Not Placed,0,IT,6.35,1,0.5454980081273386,-1.3908817517444674
Not Placed,0,ECE,8.04,2,0.15834087968768987,0.9355813065646261
Placed,1,CSE,8.25,2,0.4174752086629827,3.2516928728310464
Placed,1,ECE,8.58,3,3.7633128756049294,-0.48314330399835076
Not Placed,0,ECE,8.14,2,-0.3593216655808295,0.11852800116711514
Not Placed,0,CSE,9.02,1,1.234333770696533,-0.7388574158462401
Not Placed,0,IT,6.15,0,-1.9436603269343762,-0.2861559153477383
Not Placed,0,CSE,8.17,0,-1.3869003812992702,0.29122607691922514
Placed,1,CSE,8.11,1,0.24438149758912994,0.23167685615401246
Not Placed,0,CSE,8.47,2,-0.37931874378399705,0.673211821895892
Placed,1,Civil,9.01,2,0.8229148339055057,2.5393749381756794
Not Placed,0,IT,6.94,1,-1.361644895918386,-1.7357982755125352
Placed,1,CSE,8.98,2,1.276796081996834,1.7773806411625679
Not Placed,0,ENTC,8.39,2,-0.3054333844516329,0.26094249962264426
Not Placed,0,Mechanical,7.54,2,-0.36626009385448477,0.7574394531331132
Not Placed,0,CSE,6.93,1,-0.47077652692630906,-3.368687935727539
Placed,1,CSE,7.87,2,-0.5765903199095738,0.23404270046388753
Not Placed,0,IT,7.94,2,-1.147335579594355,2.2264848008233713
Placed,1,ENTC,7.99,3,2.4641740410009185,1.4167039403030262
Not Placed,0,ECE,7.17,0,-1.186932807260575,0.4196294213331628
Placed,1,CSE,8.22,2,0.18006267136861648,0.5661340604319537
Placed,1,CSE,7.36,3,1.2064672509060204,0.031544972699500254
Not Placed,0,CSE,8.73,2,0.9860329870285574,0.7358913446247166
Not Placed,0,ENTC,9.15,2,0.18315389114290895,1.0955728824548772
Not Placed,0,IT,7.01,0,-1.087609164032931,0.2421800124306578
Not Placed,0,CSE,7.75,2,-0.792884089045648,0.8662583480871261
Not Placed,0,IT,8.53,2,-0.09143223592640487,1.809199622777635
Not Placed,0,ENTC,7.93,2,-0.6057384844319218,0.6293379722312592
Not Placed,0,IT,6.55,0,-1.8606913868029806,1.148521022476033
Placed,1,Mechanical,8.44,0,-1.3313947302103324,0.6752480775967684
Placed,1,CSE,7.19,2,0.9962912499169163,0.4982576271942701
Placed,1,CSE,7.87,2,0.740737730181955,0.8001993868690106
Not Placed,0,CSE,6.86,1,-1.0945644686997313,-1.3047293785698595
Placed,1,CSE,8.38,2,1.0133357581089666,1.5461135986513848
Not Placed,0,CSE,7.34,0,-2.5426975211848446,1.9952638715362299
Not Placed,0,CSE,8.47,2,-0.03399569768953718,0.2865500625261987
Placed,1,IT,7.52,3,2.7451698283639865,-0.9697033412336056
Placed,1,CSE,7.29,3,2.346156578220063,-1.2351969027074179
Placed,1,ENTC,8.05,2,-0.2907969989485536,1.4136353172738176
Not Placed,0,CSE,6.79,0,-2.5098811927569376,0.3177658591684732
Not Placed,0,ENTC,9.23,2,-1.040727753953279,2.521016849572981
Not Placed,0,Mechanical,7.86,2,-0.9939919268794833,0.498852620894216
Placed,1,ECE,7.22,2,0.9949887238897592,0.9809294513070241
Placed,1,IT,7.36,1,1.2666510623752105,-1.1234876454822944
Not Placed,0,CSE,7.71,0,-2.479912430660852,0.5591321404024413
Placed,1,ENTC,8.55,1,0.022742912931966536,0.22068041323915696
Not Placed,0,CSE,6.94,0,-1.251602707979741,0.6104421254277262
Not Placed,0,CSE,7.39,0,-2.107439889236052,1.0829935735355736
Placed,1,CSE,7.66,2,-0.3573456871330731,1.798792498682321
Placed,1,CSE,9.01,1,1.4153100055381025,-2.0599470762350642
Placed,1,IT,8.55,2,1.8737314175080895,3.314045915654103
Placed,1,CSE,9.05,2,0.89722810716224,0.3118380202687321
Not Placed,0,ECE,7.73,1,1.1202876478111867,-1.6665130273047202
Placed,1,CSE,8.92,2,1.0931074103436376,1.6578023116756004
Not Placed,0,CSE,8.78,1,0.2008967353351459,-0.3488156286906413
Not Placed,0,Civil,8.29,3,1.2743801825278234,0.05803253167774937
Not Placed,0,CSE,8.36,2,-1.052069655109955,0.8524412282559712
Placed,1,IT,7.19,1,-0.13701217144468741,-0.9808864131282465
Placed,1,IT,9.25,3,2.9926092701906044,0.07991665712108648
Not Placed,0,CSE,7.49,1,0.18552361053315727,-0.6519036844109543
Placed,1,CSE,8.18,2,0.40801378131453375,2.151028548481935
Not Placed,0,IT,8.28,3,2.8745144045886053,1.178716775580748
Not Placed,0,Mechanical,6.53,3,1.3556169702527525,-2.097718254370711
Placed,1,Mechanical,7.66,1,1.1397672177089544,0.3336990272600733
Placed,1,CSE,7.87,2,-0.02052822171666478,1.2476407663944489
Placed,1,ENTC,7.6,3,2.860516923956676,-0.4847015747689445
Placed,1,ECE,7.67,1,1.0333948369724586,-1.2910680214708443
Not Placed,0,ENTC,8.97,3,3.6911826497295546,-0.8859619843168767
Not Placed,0,CSE,7.0,0,-2.2776041463808814,1.4000893788823765
Not Placed,0,ECE,6.62,0,-2.7241099954768537,-0.22063603451246205
Not Placed,0,IT,7.2,1,0.3359061679646398,-0.6559769360343445
Not Placed,0,IT,8.33,0,-2.527119945028114,0.749876751099505
Placed,1,Mechanical,8.42,3,4.110622232884007,-0.41489633504872453
Placed,1,CSE,8.22,3,3.1209335842095767,-1.039546499103707
Not Placed,0,CSE,8.48,2,-0.30894620147230556,0.11708883264992614
Placed,1,CSE,7.92,1,1.7756264305274259,-1.6003067400950322
Not Placed,0,Mechanical,7.26,1,-0.5715843131090449,-0.4571448520460747
Not Placed,0,CSE,6.9,2,-1.072127889064142,0.6653031420938473
Not Placed,0,IT,6.63,0,-3.1027226047147782,-1.1930677559970637
Placed,1,ECE,7.51,3,1.3216486837120776,-0.5407223984407251
Placed,1,IT,8.37,3,1.3110515999033991,0.5521621777522049
Not Placed,0,CSE,7.9,1,0.8262011760533838,-0.6545514504215904
Not Placed,0,ECE,7.72,0,-1.6626880774447663,0.414915330465538
Placed,1,Civil,6.8,1,-1.1671275128045426,-0.9786280550640931
Placed,1,ENTC,9.89,3,5.21449191955355,1.0373614474626063
Placed,1,IT,7.0,3,2.12212260874186,-0.04774903101553501
Not Placed,0,CSE,7.8,1,-0.42862006646525413,-0.5954044481484262
Placed,1,ENTC,8.55,1,0.1702931040673952,0.28492062230014736
Not Placed,0,CSE,7.74,0,-1.894085359349344,0.002801017263083042
Placed,1,ENTC,7.01,0,-1.058510538530035,-0.5735258684112415
Not Placed,0,CSE,8.39,3,1.0030464183552783,-0.1546760895524557
Not Placed,0,Mechanical,6.56,3,1.9687520512864527,-2.1000394118583583
Placed,1,CSE,9.18,2,1.80868005589474,1.5723166110592341
Not Placed,0,Civil,7.94,3,1.0751668703623276,-0.9825871957111203
Not Placed,0,CSE,7.48,2,0.35041154891325454,0.35766215496850146
Not Placed,0,ECE,6.5,0,-0.8390704441994541,-0.427501447618936
Not Placed,0,IT,6.72,0,-2.6439785075748583,-1.273030068642727
Not Placed,0,CSE,7.66,1,0.46354996990610015,-0.9184797664426879
Placed,1,CSE,9.31,2,0.7273450198112706,1.1383589945544903
Placed,1,IT,7.9,3,2.1427694495378184,-0.27591881967072995
Placed,1,CSE,8.0,3,4.260508757293354,-1.2695725787701306
Not Placed,0,IT,8.03,1,-0.10984780666532203,-1.3839224890525859
Placed,1,Civil,9.71,2,2.617357941248156,3.4369622842145233
Placed,1,ENTC,7.32,3,4.638684012383175,-3.2936088246018875
Placed,1,ENTC,9.03,3,3.3687730105308304,-1.5101118409563392
Placed,1,CSE,7.36,3,1.5700756299749226,-0.060026141778944
Not Placed,0,CSE,7.1,1,-0.038296033571562055,-0.6361889523067075
Placed,1,CSE,7.63,0,-1.4297280817049112,0.47816592131687197
Not Placed,0,IT,7.63,2,0.07585914172121096,0.4667456525314367
Not Placed,0,CSE,8.18,1,0.07127623940042593,-0.22323916901067575
Not Placed,0,ENTC,5.72,0,-2.637023087677677,-1.1250429387700753
Not Placed,0,IT,7.83,0,-1.3418581621814927,-0.20480398058733276
Not Placed,0,IT,7.19,0,-1.1877119875693551,-0.6539566154625253
Not Placed,0,IT,7.08,0,-3.062358512913683,0.26410207978093636
Not Placed,0,CSE,6.6,0,-3.928110463674743,-0.778269240868353
Not Placed,0,IT,7.39,0,-1.442686364812334,0.043722289808064675
Placed,1,CSE,7.26,2,-0.26198540873156256,0.7634046484032421
Not Placed,0,IT,7.34,2,0.11474190924957085,0.5014810441930061
Not Placed,0,IT,6.31,0,-1.5076172769059326,-1.5878833442944522
Placed,1,ECE,7.78,3,2.7315649680397245,-1.2740008095402342
Not Placed,0,Civil,7.03,0,-1.4401573205216465,-1.1868401959778292
Not Placed,0,IT,6.31,0,-3.818171715681892,-0.5555157685873968
Not Placed,0,CSE,7.23,2,-0.94176055985322,1.333940186050332
Not Placed,0,CSE,7.04,1,-0.7416145389261956,-0.08803138704327398
Not Placed,0,ENTC,7.73,0,-2.5768903789275464,1.2985568327838743
Placed,1,CSE,7.22,2,0.7240752183635435,0.49764952263568935
Not Placed,0,CSE,6.47,0,-2.3146480513818264,-0.32257606751706086
Not Placed,0,CSE,6.94,0,-1.1843345057938797,-0.3651383495885508
Not Placed,0,Civil,6.23,0,-1.7980516723278683,-2.141285584759759
Placed,1,IT,8.67,2,1.7639941002775925,1.5594946632459699
Not Placed,0,IT,8.8,2,0.4513133172822698,0.30307619890425047
Not Placed,0,CSE,8.91,2,0.6817080735909361,1.6842525185706552
Placed,1,CSE,7.2,1,0.09451267447174375,-0.7281704373539238
Not Placed,0,IT,8.8,2,1.0606434348537122,0.07525320296186055
Not Placed,0,Mechanical,8.05,2,0.4098825267718565,0.7685147661698764
Not Placed,0,ECE,7.0,0,-2.535227098596054,0.8422932656210325
Placed,1,Civil,7.17,2,0.0054542350916724726,2.70875243960003
Placed,1,Civil,7.55,1,0.9302100767093021,-0.039086457111623896
Not Placed,0,CSE,7.79,0,-2.153929653393559,0.24814432137308173
Placed,1,Mechanical,8.01,1,-0.7797714121690704,-0.730956334728531
Not Placed,0,ENTC,7.7,3,1.7577367600105123,-0.19494743961520328
Not Placed,0,CSE,7.4,2,-0.7560500967261209,1.786158746144925
Placed,1,ECE,8.85,3,2.6369292818655334,0.3043985540146925
Not Placed,0,Civil,7.6,2,0.26430919568097594,0.3315506602754333
Not Placed,0,ENTC,7.55,1,-1.446186854655836,-1.7326913816101843
Not Placed,0,ECE,7.52,1,-0.07754764151471467,-0.4644283730372384
Not Placed,0,CSE,7.6,2,-0.47226613562943504,0.1544606331748444
Not Placed,0,ENTC,6.54,0,-2.2919327560972134,-1.6104037069059385
Not Placed,0,CSE,6.85,0,-1.2777534202835066,-0.8410464223024826
Placed,1,ECE,9.78,3,1.741654101932078,1.1077581068653202
Not Placed,0,ECE,6.3,0,-2.7269904362009227,1.8875723375270508
Placed,1,CSE,7.93,1,1.9865547950581062,-1.3107534211803082
Not Placed,0,IT,7.99,1,-0.17495183515002477,0.36182695325586856
Placed,1,ECE,8.56,3,2.9450073057951016,1.042100965099475
Placed,1,CSE,8.01,2,0.01741872436815985,2.423713511195261
Placed,1,CSE,9.31,3,3.1802930127343223,1.0389195387302272
Not Placed,0,IT,7.9,2,-0.5456565678350987,1.5128607704471906
Placed,1,ECE,8.85,3,1.8920195200188525,-0.3770759904040329
Placed,1,IT,8.58,2,0.8841741888882281,1.2704655137232574
Not Placed,0,CSE,9.01,1,0.7665178667275874,-1.4221886871485379
Not Placed,0,Mechanical,7.72,1,-0.7876336149941426,-0.28123496353957905
Not Placed,0,CSE,8.04,2,-0.850848400429798,0.8447586283804918
Not Placed,0,Mechanical,7.39,2,-0.6438388405733441,0.24545254568434352
Placed,1,CSE,7.84,3,1.9231292737255068,-0.1549954178439534
Not Placed,0,IT,7.88,1,0.7689610032573607,-0.5176956829782556
Not Placed,0,ENTC,5.93,1,-1.4018790361196158,-1.84078614576184
Placed,1,CSE,7.58,2,0.6543418388649563,0.39317759522830964
Placed,1,Civil,8.46,3,3.6394418095464007,-1.3032539705174622
Not Placed,0,CSE,6.55,0,-3.155619378411644,-1.1825488632535786
Not Placed,0,ENTC,6.86,0,-1.1540075965769805,-0.391620375436513
Not Placed,0,CSE,8.68,0,-2.160856892105533,1.7673568988776642
Placed,1,ENTC,8.84,3,1.8153294905142408,0.8942612215591961
Not Placed,0,IT,7.17,0,-2.53435815661839,-0.7603036212681292
Not Placed,0,ECE,7.85,2,0.2779578470238238,0.09789370395895755
Not Placed,0,IT,7.63,0,-2.391553239652677,-0.7414869117153927
Not Placed,0,ENTC,8.7,1,0.9046327871802757,0.10874253675231281
Not Placed,0,CSE,7.25,1,-1.2523177840620519,-2.390499887310583
Not Placed,0,CSE,7.38,0,-2.118378321678929,-1.8757113397212586
Placed,1,ECE,8.84,3,2.1388005545702673,1.5266297935087687
Not Placed,0,CSE,6.85,0,-1.7577473823758214,0.015587891562330971
Not Placed,0,ENTC,7.28,0,-1.5216239493514927,-0.024956234106233093
Placed,1,ECE,7.81,3,1.4760734609542605,-0.1817754239543335
Placed,1,IT,9.0,3,3.0128945512796945,1.8570542664098222
Not Placed,0,ENTC,6.69,0,-3.852794823564089,-0.5391389484027357
Not Placed,0,CSE,7.1,0,-1.1956500202984055,-0.769366829767248
Not Placed,0,ECE,8.2,2,-0.7059201796344762,0.7782991535973781
Placed,1,IT,8.33,3,2.836478090986809,1.508199228593722
Placed,1,CSE,7.88,2,-1.2267356882133362,1.669752988103397
Placed,1,ENTC,7.6,2,0.0018762320816412283,0.8217298603866224
Not Placed,0,Mechanical,7.81,2,0.5049085056700936,0.7242912141972773
Not Placed,0,Civil,6.42,1,-0.786896162087005,-0.7240150773888244
Placed,1,ECE,7.79,2,-0.7103723583127645,0.9380206206187686
Placed,1,IT,8.96,3,1.2954855032951051,0.507452141605515
Not Placed,0,CSE,6.58,0,-2.353404364936153,-2.188360790479118
Not Placed,0,IT,7.03,0,-3.6808370011568843,0.2487830738160633
Placed,1,ECE,7.36,1,0.9184289440572685,-0.30122004660139307
Not Placed,0,IT,7.42,0,-1.833580710677697,-0.7542481283487
Placed,1,Civil,9.27,2,0.6949760704224288,2.126959299761286
Placed,1,IT,6.91,1,1.639897812673052,-2.2445797105861764
Not Placed,0,IT,6.74,0,-2.7883215654023497,-1.0961595394611654
Not Placed,0,ENTC,8.36,3,2.2112889116538907,0.2075856833282161
Placed,1,IT,7.15,1,0.014428957654412768,-1.0494903114614653
Not Placed,0,IT,8.37,0,-1.6553321575028974,1.3734363704727173
Not Placed,0,CSE,7.53,0,-1.747194758353341,-0.3143672080693269
Not Placed,0,Civil,8.09,0,-1.434825970833648,-0.4359022959634338
Not Placed,0,CSE,6.37,1,0.3769369078695856,-0.7744283222436074
Placed,1,CSE,8.09,1,1.5128489937720806,-1.1870839455308995
Placed,1,CSE,7.89,1,2.057173790676418,-2.2122156576818854
Not Placed,0,CSE,7.48,0,-1.7241228780210154,-0.026188220492287143
Placed,1,CSE,6.65,3,3.543196067759527,-0.7777543400686397
Placed,1,ECE,7.88,1,1.307218546350224,-0.41741801474439333
Placed,1,CSE,8.32,3,1.9407291321328757,1.0022478203650893
Not Placed,0,Mechanical,7.25,1,0.014432217512567323,-1.5679609713612606
Not Placed,0,ECE,7.27,0,-1.1760552654609784,-0.45130324492735374
Placed,1,ECE,8.37,2,-0.5212094536548761,0.40460453606007846
Placed,1,CSE,9.15,3,3.29938777961172,1.240197065686118
Placed,1,CSE,8.5,2,1.086060099793345,0.61447319156154
Not Placed,0,CSE,7.9,1,-0.2797190713537262,-0.27985294755945533
Placed,1,CSE,7.49,3,2.1885441963998544,-0.6904978814351102
Not Placed,0,IT,7.68,1,-0.3975572015120968,-1.2900224426193747
Placed,1,IT,6.57,0,-1.4074895843685102,0.15378721078594862
Placed,1,CSE,7.57,2,0.08604584536437951,0.37075599682032306
Placed,1,IT,8.65,3,1.8259539400313967,0.9162798530342885
Not Placed,0,CSE,7.73,1,0.6136038503621754,-1.2002149991035167
Placed,1,CSE,7.17,3,2.7620683980728953,-0.6829341259878141
Not Placed,0,ENTC,7.09,2,-0.03865310364645441,0.8578392521087755
Placed,1,CSE,7.67,2,-0.05523826467366172,1.8169969647910595
Not Placed,0,ENTC,6.65,1,0.01062456685450945,-2.9529123085264812
Not Placed,0,IT,6.93,2,-0.8342566382961426,1.5580132203607675
Not Placed,0,Civil,9.0,2,0.4862709935106141,0.27471824077881873
Not Placed,0,CSE,6.82,1,-1.3960198705644913,-1.6986840850662794
Not Placed,0,CSE,7.02,0,-1.0121527982392253,0.3301512165817722
Not Placed,0,ECE,7.95,2,0.06252851710849718,0.08192509409702121
Placed,1,CSE,7.32,1,1.0937668857600489,0.013463786511551386
Placed,1,CSE,7.78,1,0.20216688476216843,-0.017206691580601424
Placed,1,CSE,8.43,3,1.8760716600860143,-0.45281540301056344
Not Placed,0,Civil,6.38,0,-1.9437055174866338,-0.3188512482847965
Not Placed,0,Mechanical,8.34,2,0.817202351564521,1.8080544089349406
Not Placed,0,CSE,7.2,2,-1.4241545595966816,2.615516829452965
Not Placed,0,ENTC,7.46,0,-2.2015230741155754,0.9182957610552207
Not Placed,0,IT,9.33,2,0.42640835306841135,1.1922130240359707
Not Placed,0,CSE,6.51,0,-2.0760392146702364,0.5014902430708503
Not Placed,0,CSE,8.2,1,-0.37214681728621163,-0.11480416365114327
Placed,1,CSE,8.66,2,1.0893796197135823,0.5133870483976267
Not Placed,0,Mechanical,7.12,0,-2.2595707591405114,-0.668094336826201
Not Placed,0,ENTC,7.13,3,1.998777573587922,-2.1682871130100803
Not Placed,0,Mechanical,7.39,1,-0.6708729801827931,-1.5769751131628271
Placed,1,ECE,7.11,1,1.3671481490112083,-1.0482308026497649
Not Placed,0,CSE,7.76,0,-1.9419667385109665,-0.8422104431131314
Not Placed,0,ENTC,8.46,2,-0.15084560232487598,0.9232726101889358
Not Placed,0,IT,7.39,2,0.6391415293380669,0.6947452481626444
Placed,1,Mechanical,8.49,3,1.642539135603872,-1.0490386828887863
Not Placed,0,IT,8.89,1,1.4739159528191188,-0.9252182595191016
Placed,1,ENTC,8.07,2,-0.6234364190731555,1.9630295630438068
Placed,1,ECE,8.15,3,5.198527504133225,-1.6694179101786364
Placed,1,IT,7.2,3,1.3355486792880207,-0.3298399836674406
Not Placed,0,IT,5.47,0,-2.977578061215495,-2.6364968571192593
Not Placed,0,CSE,8.2,1,0.6601077291584658,-1.078841425468046
Placed,1,CSE,8.38,3,2.2229525000195864,1.2823069282506618
Placed,1,Mechanical,7.91,2,-0.465684472848549,2.2360578436031875
Placed,1,IT,8.47,2,-0.3247237783409962,2.947674824962541
Not Placed,0,CSE,7.23,0,-2.218709758697992,0.8742167948763543
Not Placed,0,CSE,8.14,0,-1.5430358092470275,0.7225411153663314
Placed,1,IT,8.95,3,3.6870499944368538,-0.29551970081147655
Not Placed,0,CSE,8.27,2,-0.8587094491796762,0.11860357817131861
Placed,1,Mechanical,8.84,3,4.05899870388829,-0.16521302350961126
Placed,1,ECE,8.85,2,0.3691571933209443,0.5945804938716341
Not Placed,0,Mechanical,6.66,0,-2.145518591330154,-1.548133855432018
Placed,1,CSE,8.31,1,-0.3221119045880268,-0.7566473248738054
Not Placed,0,CSE,7.16,0,-1.3444136771887205,-1.1654069788227266
Placed,1,IT,6.76,3,2.2357057855303903,-2.8021846974272147
Placed,1,CSE,7.46,1,0.3698303659034198,-1.5567950146077183
Placed,1,IT,9.19,3,3.36193230233237,-0.13119884633233297
Placed,1,IT,7.24,1,-0.25853042819089384,-1.1410785970623973
Not Placed,0,ECE,6.21,1,0.2669645758196346,-1.47144640984128
Not Placed,0,IT,6.47,1,-0.9231303448726856,-0.4746166923631103
Placed,1,CSE,8.11,2,0.9108979381629619,2.036057084231631
Not Placed,0,CSE,7.05,0,-3.0538583574431533,-0.41664646703166386
Not Placed,0,ECE,5.96,1,-0.909874671124924,-2.8154356109791894
Not Placed,0,CSE,6.51,3,1.7483549850624835,-2.923124551330624
Placed,1,ECE,7.84,2,1.338153257218642,0.5746499550204119
Placed,1,CSE,8.36,2,0.4946669011950391,1.0882429450116742
Not Placed,0,IT,7.32,1,0.5243769467373806,-1.2617623227423027
Placed,1,CSE,8.25,2,-0.3070759703299632,1.6304059059184295
Not Placed,0,IT,8.48,2,-0.02275887447676412,1.9925586867956464
Not Placed,0,CSE,7.03,0,-1.5484142360987336,0.622481203959037
Placed,1,ENTC,7.6,2,-0.22951815025343986,2.3254473772658755
Placed,1,ENTC,7.19,1,-0.3333794437163216,-0.8327928130741575
Not Placed,0,CSE,8.16,1,1.7448466643093425,-2.31647136679466
Not Placed,0,IT,7.18,0,-1.9115000733547947,-1.1565950818931614
Not Placed,0,IT,6.67,1,1.5097505643309133,-2.669210866294694
Placed,1,Civil,7.74,2,-1.0220897720288264,0.24831185632391392
Placed,1,CSE,8.64,3,2.645732599122734,0.559072074814369
Not Placed,0,CSE,8.13,1,0.5844833026646955,-0.04223733239077314
Placed,1,IT,8.56,2,2.3928119661617675,2.467141936848927
Placed,1,ENTC,8.48,2,1.4395065168687073,1.2076462567676156
Not Placed,0,CSE,7.74,1,0.7282011334670194,-0.7913278432913526
Placed,1,IT,7.19,2,0.3536393199148777,2.353995786919196
Not Placed,0,CSE,6.96,0,-4.128600614766878,-0.9680129346557987
Not Placed,0,ECE,6.35,1,-0.16799721099366852,-1.0978730734071183
Placed,1,CSE,8.71,2,0.8679176669004103,1.6532044437191171
Placed,1,Civil,7.42,3,1.7050216325270013,-0.7380976473019744
Not Placed,0,Mechanical,6.25,0,-3.22899736576196,-0.1448066962344257
Placed,1,CSE,8.75,3,1.5722651149930111,0.43717351651550057
Not Placed,0,Civil,7.78,0,-2.2920685496637083,1.1153670065325338
Not Placed,0,ENTC,8.52,1,1.26790386105187,-0.8581316213223334
Placed,1,CSE,7.48,2,0.36099329531704355,0.878212042013347
Not Placed,0,ENTC,7.03,1,-0.005655281501797217,-2.4814105909009707
Not Placed,0,CSE,8.08,1,0.6295156327786454,-0.1639518627911388
Not Placed,0,CSE,8.15,1,-0.5583947618922153,-0.06828407720505054
Not Placed,0,CSE,7.46,1,-0.9090460708158616,-1.610757617228662
Placed,1,ENTC,8.82,3,2.9562746295600393,-0.5228961259919044
Not Placed,0,Mechanical,8.5,2,-1.3721415463114397,1.54200500436126
Placed,1,CSE,8.18,3,1.5313894245061475,-1.3185148561421653
Not Placed,0,ECE,6.76,0,-1.3779838453846938,0.42260171946656266
Not Placed,0,ECE,6.64,2,-1.2229261107506593,0.6643515306954192
Placed,1,Mechanical,8.72,2,0.8450497341213087,1.0198642009012464
Not Placed,0,CSE,5.84,0,-2.8654789397509175,1.4120652875635165
Not Placed,0,IT,7.62,2,-1.8422972084037663,2.3578645460988232
Placed,1,IT,7.82,1,0.4474763395841651,-0.9624697358031322
Not Placed,0,IT,7.28,0,-0.9177180105751135,-0.0663756202372094
Not Placed,0,IT,7.67,1,-0.1642064300211027,-0.9423771765918761
Not Placed,0,CSE,8.06,1,0.8189713611373781,-0.6679022059666997
Not Placed,0,IT,7.2,0,-3.456280882354293,-1.448801577615884
Placed,1,Mechanical,8.45,2,0.8551825828636913,1.8165063634330436
Placed,1,CSE,8.2,2,-0.345451535913186,1.408155699036377
Not Placed,0,CSE,7.55,0,-3.589899335201146,-0.15289586427344595
Not Placed,0,ENTC,7.0,1,-0.9232278848261305,-0.16783127891176697
Not Placed,0,CSE,7.62,1,-1.2888826492710628,-1.9718252883085434
Placed,1,ECE,9.49,3,1.7277346829018148,0.19054350955004612
Placed,1,ENTC,7.06,1,-0.5014494667967819,-0.4192757932487963
Placed,1,CSE,9.0,2,-1.0134871429861263,1.7526725128092828
Not Placed,0,CSE,6.21,0,-3.7595442487630657,0.23383417858992628
Not Placed,0,CSE,6.97,2,-0.9729419334065227,1.060866077948129
Not Placed,0,CSE,7.24,2,0.3702655224115645,0.25257974961918445
Not Placed,0,ECE,8.51,2,-0.5026145351928124,0.4082910808843685
Not Placed,0,CSE,7.75,2,-0.46818418629597286,0.6787042883033049
Placed,1,CSE,8.81,3,2.733431298647029,1.1207222113946211
Not Placed,0,CSE,7.42,1,0.019726680122768136,-1.743426981884333
Placed,1,IT,7.65,1,-0.04164226207184498,-0.7432459748859332
Placed,1,IT,7.42,2,1.0621975033114752,0.3921184021243327
Placed,1,CSE,9.42,2,1.5820262135924987,1.9071803376548242
Not Placed,0,IT,6.75,1,0.02493911161927709,-1.1686340357792588
Not Placed,0,ECE,7.27,3,2.493172538430963,-1.8405686169063218
Not Placed,0,Mechanical,6.87,1,-0.41625843896561315,-1.9315066111970536
Placed,1,ENTC,8.19,1,0.3360315547194487,0.18296335939296532
Not Placed,0,CSE,6.73,0,-3.3837156127284898,0.32133134519784834
Placed,1,CSE,9.25,2,1.4114135823327807,1.5609908896765685
Placed,1,ECE,7.77,1,0.4702047948647084,-1.0438193375966593
Placed,1,ECE,8.05,3,1.4072118914267024,-0.35885656298535884
Not Placed,0,Civil,8.09,0,-1.8025722034618867,-0.8670002679677593
Not Placed,0,CSE,7.68,1,0.3052598805375789,-1.7677267167209973
Not Placed,0,CSE,7.8,2,-0.41040947221493296,1.8351708111495526
Not Placed,0,CSE,7.77,1,0.506140588440724,-0.4456454061214778
Placed,1,Mechanical,8.14,3,3.262875832688772,1.2180229462235084
Not Placed,0,ECE,7.0,1,0.655088457630051,-2.1911644065706675
Not Placed,0,Mechanical,6.86,2,-1.298464555283316,1.2016220641974964
Placed,1,ECE,8.4,3,2.350569661146107,-0.2953625339305784
Not Placed,0,Civil,7.7,1,-0.060302912214167205,-1.4718136348621889
Not Placed,0,CSE,5.99,0,-1.9043145545401368,-0.7735405793309634
Not Placed,0,Civil,7.3,1,-1.0098457580807594,-0.975528274210391
Not Placed,0,Mechanical,9.0,2,0.46295221640495715,1.9035035339241835
Not Placed,0,ENTC,7.56,2,-0.2160808909371041,-0.10297731048444894
Not Placed,0,Civil,7.25,2,-0.3683599462092674,0.4569280946219833
Not Placed,0,CSE,6.43,0,-2.5208980004335637,0.3270029932583398
Placed,1,ENTC,7.22,1,-0.46608848602391345,-1.0017519728065647
Placed,1,CSE,6.71,2,0.41601602586125036,0.3607558160192422
Placed,1,ENTC,8.06,2,0.2346718489186867,1.0572689262210284
Not Placed,0,ENTC,7.74,1,-0.24249995827152654,-2.132385027226766
Not Placed,0,ENTC,7.39,0,-1.899400764024819,-0.06104811677660626
Not Placed,0,CSE,7.05,2,0.19753447357385945,0.07858530183379556
Placed,1,ENTC,9.0,2,0.14007468729535863,1.8116871999442892
Not Placed,0,Mechanical,7.1,1,0.6260393843421649,-1.4091800741360367
Placed,1,ECE,7.1,3,2.5263768916824088,-1.22229593735014
Not Placed,0,CSE,7.49,1,-0.02439284160699142,-1.3052333731714876
Placed,1,Mechanical,7.61,3,2.6157728357800782,-1.4084699676439307
Placed,1,ENTC,8.11,3,3.3240388401897936,-1.6101675196105925
Placed,1,CSE,8.49,3,2.9639955160809013,0.08436245165496015
Placed,1,CSE,8.43,3,2.1646827692969803,-0.9931511426695872
Placed,1,ECE,9.77,3,1.8990110306267771,0.6335816002326136
Not Placed,0,ECE,6.26,0,-2.0137196245563938,-1.1040225588761683
Placed,1,CSE,7.9,3,1.7123156447709655,-0.32800987419067373
Placed,1,CSE,7.26,1,-0.863667343734166,-1.7095978777067347
Placed,1,Mechanical,9.41,3,3.683820407962713,0.6551634855741283
Not Placed,0,Civil,7.85,2,-0.6690614483926148,2.6099205783614634
Not Placed,0,CSE,5.97,0,-2.799628946490713,-0.9764396248570824
Placed,1,Mechanical,8.07,0,-1.710822033984484,1.1450995810009288
Not Placed,0,CSE,7.93,2,-1.3933540543066885,1.1740190462852418
Not Placed,0,IT,8.34,3,1.4840182468094902,0.15122930213218114
Not Placed,0,ENTC,7.08,0,-2.3617104343129625,1.345034403916718
Not Placed,0,IT,7.98,0,-1.7113135194537388,-0.13165389959122084
Not Placed,0,IT,7.47,0,-1.3529218605501845,0.6644637292272368
Not Placed,0,Civil,7.13,0,-1.869066157892721,-1.9424688659702463
Placed,1,CSE,7.99,2,1.2925760243520836,1.369854481334555
Placed,1,CSE,7.83,3,3.1116180667713778,-0.5152673375579515
Placed,1,CSE,8.59,3,2.891211539975565,-1.591962491238226
Not Placed,0,CSE,7.72,1,-0.9172484151734439,-0.27386999500220643
Not Placed,0,ECE,8.21,1,-0.7992360268611184,-0.47414241951633623
Not Placed,0,CSE,6.67,0,-2.5111826298436313,-0.8343201172008283
Placed,1,CSE,8.89,1,1.2177438235037439,0.28569088609420124
Not Placed,0,CSE,7.04,1,0.12350780620472183,-1.2360680010579865
Placed,1,ECE,8.47,2,0.8666096466399857,1.9345505882569465
Placed,1,Mechanical,7.92,2,0.7756114620727369,0.5257473052117216
Not Placed,0,CSE,7.82,1,0.13681062233795363,-0.514106846731692
Placed,1,Mechanical,8.35,1,0.4018119981887026,-0.3154976947814168
Not Placed,0,Civil,5.88,1,-1.412470242546341,-2.294468481873766
Not Placed,0,CSE,7.21,1,0.9427459087208792,-0.35378585329108136
Placed,1,IT,8.33,3,2.5722683801712147,-1.1932316248571788
Placed,1,ECE,9.33,3,4.523279349977829,-0.20965538267300393
Not Placed,0,Mechanical,7.68,2,-1.1811184954559912,1.42455038460627
Not Placed,0,IT,5.63,0,-2.150231391574387,-1.4923733885627446
Placed,1,IT,7.43,3,3.0847438754721908,-2.442655601647358
Placed,1,ECE,7.65,1,0.8519795027456089,-0.26227030403903545
Placed,1,ENTC,8.64,3,1.6979022229631229,-1.395156713271703
Placed,1,IT,7.74,3,4.30046388764218,-0.3447104423841025
Not Placed,0,CSE,6.61,0,-2.5753348439094523,-1.0937527387286086
Not Placed,0,CSE,8.52,2,0.5067084000032757,1.628712282855638
Not Placed,0,Civil,8.18,2,0.6260301604736185,1.5245427876873532
Not Placed,0,ECE,7.11,0,-3.1912291686409087,0.11769751614388829
Placed,1,CSE,8.31,3,1.9276025606830773,-1.8745152895430242
Not Placed,0,Mechanical,7.24,0,-1.2760699029149258,-0.6786077891923109
Not Placed,0,CSE,7.45,0,-2.5049737137177996,1.1992157246976498
Not Placed,0,Mechanical,7.25,2,0.3026692209381583,0.32376191848985614
Not Placed,0,CSE,7.44,2,-0.6263537622252102,0.748934925448069
Placed,1,IT,8.47,1,0.7880981897277157,0.10713697435441039
Not Placed,0,CSE,6.18,0,-3.0770020386492543,1.4404364818339974
Not Placed,0,IT,8.64,2,0.5101106885179302,1.3467306650873934
Placed,1,ENTC,7.85,3,2.01870317898586,1.373584397725656
Not Placed,0,CSE,7.37,2,-0.5256388326562232,0.9059293998613194
Not Placed,0,CSE,7.72,0,-2.8708738371497646,0.8588864832303218
Placed,1,ENTC,6.93,2,-0.42323194100860645,1.595451661868205
Not Placed,0,CSE,6.31,0,-1.5758952059090792,0.21939229178272382
Placed,1,CSE,6.95,3,1.0265609725338667,-0.34523729111021884
Not Placed,0,IT,6.09,0,-1.7651168644676962,-0.5983307905865686
Not Placed,0,Civil,6.55,0,-2.366869949016638,-0.6555372308401268
Not Placed,0,ECE,6.32,0,-2.975439803636453,0.34837127294997267
Placed,1,Mechanical,8.74,1,0.5193270779850313,0.2418873291997068
Placed,1,ENTC,6.61,3,2.6922493930634874,-2.5236870179694644
Placed,1,CSE,7.66,3,2.9309056081084806,1.6148773967555528
Placed,1,IT,8.65,1,1.4326845402958166,-1.5198288904003026
Not Placed,0,ECE,8.42,0,-1.9708926717847723,1.5505298638689704
Not Placed,0,IT,7.45,1,0.7888470976550237,-1.779611021258708
Not Placed,0,Civil,7.45,2,-0.12398459803863943,0.7294307583900929
Not Placed,0,CSE,7.85,1,-0.7092993045176337,-1.259480227059345
Not Placed,0,CSE,9.5,3,1.4970842311150159,-0.0061947401677063816
Not Placed,0,CSE,8.05,1,-0.47209852788526085,0.12536879058994121
Placed,1,CSE,8.27,2,0.20291981307755594,0.8317594831601942
Placed,1,ECE,9.63,3,2.6271257209552394,1.6889124375504714
Not Placed,0,ENTC,7.94,2,-1.6704107164690953,1.7701688708944896
Placed,1,ENTC,8.68,2,0.20368218507402225,1.479987972042685
Not Placed,0,Mechanical,8.11,1,0.9919491679944096,-0.6016792662730248
Not Placed,0,CSE,8.09,0,-0.8679324901009553,-0.03931361289754179
Placed,1,CSE,6.88,1,0.7908354117660154,-1.061571925904532
Not Placed,0,Mechanical,6.74,0,-2.5198210958525777,1.2206219978929473
Not Placed,0,CSE,7.26,0,-3.039858758635305,-0.7431681206461855
Placed,1,CSE,8.45,2,0.2793257310280342,1.4574643983049989
Placed,1,IT,8.41,3,1.8793811510495142,-0.30077427462234974
Placed,1,ENTC,8.83,2,-0.8091641392795765,2.3141270187891365
Placed,1,ECE,7.69,3,2.733935383558208,-1.2761623380457496
Not Placed,0,CSE,8.16,3,3.7691434505009145,0.5839854040411798
Not Placed,0,IT,8.16,3,1.7413997488494866,0.2710900496116392
Not Placed,0,IT,7.61,0,-1.23260740281878,0.7078524357031513
Not Placed,0,CSE,7.43,0,-1.3052012993123119,0.17962038713926054
Not Placed,0,IT,6.44,0,-1.7174034470052608,-0.09486589013907848
Not Placed,0,ENTC,7.57,2,-0.24083842696222874,1.5411779051601853
Not Placed,0,Civil,7.61,1,-0.5273476435946781,0.058862452302392114
Not Placed,0,ENTC,8.66,0,-1.995957967090753,0.9242210866745826
Placed,1,Mechanical,8.75,1,0.9378947829670313,0.041553818377624493
Not Placed,0,Civil,7.82,2,-1.2167438937467756,1.5681337731136071
Not Placed,0,ENTC,9.45,2,0.4219964681311287,1.8293217541300024
Not Placed,0,CSE,7.86,2,-0.6507234586077343,0.6740470124666366
Placed,1,ENTC,8.58,3,1.450185740542616,-0.011839780582190235
Not Placed,0,CSE,7.61,3,1.300405869445241,-0.7840628933439477
Not Placed,0,CSE,6.73,0,-2.410386489883399,0.8192370047124946
Not Placed,0,IT,7.34,1,0.9386863301685013,-1.8569546333898916
Not Placed,0,ECE,8.95,2,0.24758946124359033,2.2799124287993773
Not Placed,0,Mechanical,7.48,0,-1.3381082042160581,0.34816447311625415
Placed,1,ECE,7.3,1,1.4166537899422031,-0.6087171138862051
Not Placed,0,CSE,7.7,0,-2.358658838832942,1.1894744622726185
Not Placed,0,ECE,7.37,0,-1.6549595044620822,0.3631448274749855
Not Placed,0,ENTC,8.71,2,0.30060820512738784,2.254081018217196
Placed,1,ENTC,9.3,2,1.68399047877134,1.6034594517246987
Not Placed,0,CSE,7.71,0,-1.1690340928891154,0.2874283679925481
Not Placed,0,CSE,8.16,0,-2.1037080253907763,1.514252026400776
Placed,1,CSE,8.53,3,2.4405182183934637,0.4220173935869855
Placed,1,Mechanical,7.79,2,0.9609593574058809,0.7418689360645894
Not Placed,0,IT,6.95,1,0.4595849553741319,-0.4926254076862086
Not Placed,0,Mechanical,7.35,2,0.02534421778789238,0.6661390402733226
Not Placed,0,IT,8.05,1,-0.12485953086568219,-0.4563981689575261
Not Placed,0,Civil,8.03,1,0.6050735849573807,-1.3809610507094057
Not Placed,0,CSE,6.18,0,-2.0120813684592687,-2.2006770295994444
Placed,1,ENTC,7.33,1,0.6633193981346825,-0.4754488184663436
Not Placed,0,ECE,7.07,1,0.38612083733840974,-1.1615378675642871
Not Placed,0,ENTC,8.45,2,0.7144772055247098,1.0950724792061335
Not Placed,0,ENTC,7.11,0,-1.2296499773511163,-0.8919147766845218
Not Placed,0,IT,7.31,2,0.017763408227607098,0.4757726490662562
Not Placed,0,CSE,7.28,1,-0.305862269346003,-0.524620565324453
Placed,1,CSE,8.37,2,-0.014954838402842592,0.5077375114619765
Placed,1,ECE,8.52,2,1.4538341326947188,1.4889593871835016
Not Placed,0,ECE,8.12,3,1.414153960754512,-1.1977839606384726
Not Placed,0,CSE,8.64,1,-0.4175387895530873,-0.2828221515731617
Placed,1,ENTC,8.75,3,3.2647300341705643,1.824907789943533
Not Placed,0,CSE,6.16,1,0.012418948642193657,-1.4738796024958778
Placed,1,CSE,8.2,1,0.9155839512827706,-0.061262807107193014
Not Placed,0,CSE,7.39,1,-0.024340106993268176,-0.4014628188914039
Not Placed,0,ENTC,6.63,1,-0.7633742678912534,-1.2566426588821895
Not Placed,0,IT,7.43,0,-2.808931029926977,1.225083864266222
Not Placed,0,Mechanical,8.32,1,0.6435758226377375,-0.13371447931038266
Placed,1,ECE,8.94,3,5.16683623924083,-2.522670527676322
Not Placed,0,ECE,6.56,2,-0.8123804965246864,0.7498646783205872
Not Placed,0,CSE,8.23,2,-0.7651053518646431,0.8770286720210916
Placed,1,ENTC,9.37,2,1.9337517246064604,1.9635233563199532
Placed,1,Mechanical,9.26,2,1.6387803549225468,2.3582695389763724
Not Placed,0,CSE,5.0,0,-3.609685070125611,-3.112991805321085
Placed,1,CSE,9.55,3,2.9071455923576495,1.4077569491578537
Placed,1,CSE,8.52,2,1.2322855078537744,0.6559744130155702
Not Placed,0,CSE,5.74,0,-0.6426679640513008,-0.840449763326035
Not Placed,0,CSE,7.05,0,-2.364380376337802,0.4524866904499596
Placed,1,ECE,8.77,3,2.0608962174428744,1.5026751786080255
Placed,1,CSE,8.01,3,2.8940498400342762,-0.29553849250296027
Not Placed,0,ENTC,7.21,1,-0.7721789415051661,-0.4339801411245442
Placed,1,CSE,7.76,3,1.436435891581236,-0.4886876873151023
Not Placed,0,ECE,8.16,2,0.17205248067080356,1.314710349556429
Not Placed,0,Civil,7.21,2,-1.5828428956084635,1.4742968600161188
Not Placed,0,CSE,7.59,0,-3.26562014309233,-0.3111377292566202
Not Placed,0,IT,8.46,2,0.2822838617366333,0.8741165647754443
Placed,1,CSE,7.1,2,0.08013093953521691,0.5953654447333889
Placed,1,CSE,6.55,3,2.5620728769363943,-0.3218669301297502
Not Placed,0,ENTC,7.16,1,-0.5758939106429241,-1.6624853807724689
Not Placed,0,Mechanical,6.94,0,-1.5803220005166179,0.0642517530015035
Placed,1,ECE,7.19,3,1.656224450898659,0.024573593859297083
Not Placed,0,Civil,6.23,0,-2.7264644954178183,-0.8846758994201288
Placed,1,CSE,7.9,3,2.052245909701262,0.7575458929797422
Placed,1,CSE,8.44,1,1.7299936477935185,-2.3276087967398342
Not Placed,0,CSE,7.01,2,-0.683045857999506,-0.16189204236362126
Not Placed,0,ECE,7.15,0,-2.6579683549741966,1.5756933144598744
Not Placed,0,CSE,7.54,0,-1.1491952440279203,-0.939689957698978
Placed,1,IT,6.93,2,-0.37334751899752644,0.2540853816509852
Placed,1,Civil,8.54,1,1.503078394776358,-1.9571536613005482
Not Placed,0,CSE,6.94,1,-0.40390138495832933,-2.0284840646684
Placed,1,CSE,7.25,2,-0.13912690330209543,0.5461006861685613
Not Placed,0,CSE,7.05,1,0.3739858663729305,-2.5651219324138363
Placed,1,IT,8.56,2,0.2999543507701316,0.8648689505420264
Placed,1,IT,7.5,2,0.37805133878205566,0.7987575024395009
Placed,1,CSE,9.39,2,1.61975112828389,2.4092018725644158
Placed,1,CSE,8.0,3,1.8916956041208537,0.1697822609392851
Not Placed,0,ENTC,8.68,2,0.3984756542395453,0.3329683627006867
Not Placed,0,CSE,7.42,3,1.1721412018742061,-0.24286152064448818
Placed,1,ENTC,6.9,2,0.19767154465203185,0.3329655613238083
Not Placed,0,ENTC,7.67,1,-0.09910181751955387,-1.144640117732536
Not Placed,0,ENTC,7.12,1,0.5648318079110798,-1.166970256085812
Not Placed,0,Mechanical,6.0,1,0.6042083285772681,-2.8138958714761486
Not Placed,0,CSE,8.56,2,-0.4382914998233819,2.1164243026567333
Placed,1,IT,7.73,2,-0.4390849119653625,-0.1970782976018833
Placed,1,IT,7.1,1,-1.1978854827697583,-1.1150446183351281
Placed,1,IT,8.02,1,1.0311231161952743,0.3282942667640647
Not Placed,0,ENTC,7.74,2,-0.8581340976974012,0.8750640498310213
Placed,1,CSE,8.9,2,-0.10666206289412739,0.9828097011360337
Placed,1,IT,8.07,2,0.46250234493130327,0.7699411299841158
Not Placed,0,IT,7.57,3,1.3363592197377228,-1.1537442741073458
Not Placed,0,Mechanical,8.29,2,0.2725409528265181,0.5903789477662037
Placed,1,CSE,7.67,1,1.2780475579105381,-0.3775016271587746
Placed,1,IT,7.86,3,2.9689426571073665,-0.7696633663979008
Not Placed,0,Mechanical,8.74,3,2.0720766701756395,1.1107028766353069
Not Placed,0,ECE,6.71,1,-0.5482568385998493,-2.7220511447693556
Not Placed,0,CSE,6.97,1,0.4242752744668731,-2.754351293009264
Not Placed,0,CSE,7.34,1,0.9976713425187648,-1.444156887777873
Placed,1,ECE,7.47,3,2.315452233732747,-1.1399907803362879
Placed,1,CSE,8.68,2,1.5741210500389307,1.8899710467188355
Not Placed,0,Civil,6.5,1,-0.6065853097843532,-2.7217149701397707
Not Placed,0,ENTC,7.67,1,0.2672523382349135,-0.9605072905724474
Placed,1,ECE,7.23,3,1.1664288413627775,-0.1351256430597243
Placed,1,ECE,9.15,3,2.407750371534541,0.3832412783420328
Placed,1,Civil,8.45,3,2.9135560727153966,1.0623924925218389
Placed,1,IT,7.9,1,-0.273584045791231,-0.011680947392443087
Not Placed,0,IT,8.52,1,0.5379423461428711,-1.226298963954344
Not Placed,0,ENTC,6.58,0,-3.1229377183443336,0.48075734092191524
Placed,1,IT,9.42,2,1.0568387120826646,2.0683368763734578
Not Placed,0,ECE,6.98,0,-2.3219785035277867,-1.1033695177960419
Placed,1,CSE,8.77,3,1.8730500808656085,-0.011871453002051615
Placed,1,CSE,8.17,3,1.4550284596893883,0.463443466548125
Placed,1,CSE,7.92,1,1.6702159449698983,-0.9451444531883517
Placed,1,ENTC,8.73,3,3.592524501236354,0.08358288619166276
Placed,1,IT,8.55,1,0.24187370684535173,-0.8011921004643208
Placed,1,IT,7.79,3,5.115170431748792,-1.8730032017824867
Placed,1,CSE,7.34,1,-0.45724031154658185,-1.2956660361686803
Not Placed,0,IT,7.8,0,-2.1777355106864755,0.9589153190906343
Not Placed,0,ECE,7.61,0,-1.8745146060984716,1.0660005686570149
Placed,1,Civil,8.0,3,1.7233252255351577,-0.4090275183624704
Placed,1,ENTC,8.57,2,-0.9935214535225833,1.0292101598418308
Not Placed,0,ECE,8.1,1,-0.6382250311490028,-0.941029561542715
Placed,1,CSE,7.86,1,0.20406526801717675,0.040601985022097865
Not Placed,0,Civil,7.14,3,1.7398644507686696,-1.568827270814211
Placed,1,Mechanical,7.98,2,-0.908842062738456,1.5241636879537968
Not Placed,0,ENTC,6.26,1,-0.852067561549095,-2.401033209365464
Placed,1,CSE,7.02,0,-1.1847518823281462,-0.08791817045775235
Placed,1,IT,8.22,2,0.21383120378259113,0.9353267093418366
Placed,1,IT,8.45,3,2.6446338646338052,-0.6630108132741093
Not Placed,0,CSE,7.68,2,-0.5643253170992468,1.008289208174559
Not Placed,0,IT,7.87,0,-1.5011108883739253,-0.4496776869996147
Not Placed,0,Mechanical,8.01,2,-0.8537699984540006,1.3967808710915322
Placed,1,IT,8.28,2,-0.6269487050238415,1.5348684590233643
Not Placed,0,CSE,7.53,0,-1.8605907702589735,1.8713583110351915
Not Placed,0,Mechanical,6.86,0,-2.121493378590065,-0.1492098543773688
Not Placed,0,Civil,8.03,2,-1.3785919320934548,2.9991998802567603
Placed,1,CSE,9.36,2,0.48221046846217147,1.598037679086597
Not Placed,0,CSE,6.92,2,-0.8655274759005774,2.42417104923285
Not Placed,0,ENTC,7.59,1,-0.2585722050569966,-0.9401067816003754
Not Placed,0,Civil,7.37,0,-1.8848775927821502,0.9111699983851966
Placed,1,ECE,9.75,3,3.9399107603864443,0.6718240026024923
Not Placed,0,CSE,6.88,0,-3.0726447971067254,1.47645768156777
Placed,1,ECE,7.56,2,-0.9930680700377399,1.7463101305321593
Not Placed,0,ENTC,7.39,0,-1.2727830240850637,-0.8408861600912181
Not Placed,0,IT,6.63,0,-1.8544181300463254,-1.5619298197653997
Not Placed,0,CSE,6.59,0,-0.6757307168842992,-0.283009989122354
Placed,1,Mechanical,8.18,2,-0.7654793809542307,1.5630604630823022
Placed,1,ECE,8.3,3,2.1601781558580266,-0.28621422630451837
Placed,1,IT,7.22,3,3.015538595484308,-0.7972035994854734
Placed,1,ENTC,8.9,2,-0.9905723917458532,4.258943256980801
Not Placed,0,ECE,5.79,0,-1.9132033854188082,-1.0206780857136344
Not Placed,0,CSE,6.63,0,-1.0955099817159646,0.04315715192124652
Not Placed,0,CSE,7.0,1,-0.6945761291754867,-0.3535591550671698
Not Placed,0,CSE,7.69,1,-1.1057057513592061,-1.794412625724909
Not Placed,0,Civil,7.32,0,-1.9246824693120177,-1.3212401643727907
Not Placed,0,IT,7.53,1,-0.007135591148436706,-0.3096100874728487
Placed,1,ENTC,8.11,3,2.290324011394169,-0.6969044749595733
Placed,1,CSE,8.94,3,3.617592156861029,-1.320174661220442
Placed,1,Mechanical,8.38,3,1.2308594745650991,0.19661313882271655
Not Placed,0,Civil,7.75,2,-1.55603305482833,1.4200053090153406
Not Placed,0,Civil,7.63,2,-0.44955900656450215,0.5771388097059834
Placed,1,Mechanical,8.64,1,0.5665354076334954,0.2569823668367745
Placed,1,CSE,9.3,3,2.3732946658755547,-1.4848539946216313
Not Placed,0,CSE,8.24,2,-0.626667428642881,1.420604802049757
Not Placed,0,CSE,7.28,0,-3.101947932033654,0.9663222786990725
Placed,1,ECE,7.92,2,-0.2759981508000868,2.177018254930861
Placed,1,CSE,8.19,3,1.6658119303810208,0.012761647254924399
Not Placed,0,CSE,7.23,0,-2.368514831384078,0.35037055193348465
Placed,1,IT,8.44,1,1.3753076334943406,-0.28589593709302086
Not Placed,0,ENTC,7.92,2,-0.1412871812796114,-0.007765918876246327
Not Placed,0,IT,8.69,2,-0.9367534600356241,1.9670196983280241
Not Placed,0,CSE,6.87,0,-2.500258518940307,-1.494343117746015
Not Placed,0,ECE,6.22,2,-0.604252965281082,0.3115165838458936
Placed,1,CSE,7.37,1,1.3998921790363534,-0.32178425213775225
Not Placed,0,Mechanical,7.72,2,-0.8018005875910003,0.41848277413324586
Not Placed,0,ECE,6.17,1,0.37101409630769117,-2.9150695073458115
Not Placed,0,ENTC,7.18,0,-1.7746998616726233,-1.3725868750630643
Placed,1,CSE,8.79,3,2.9947747535541476,1.481889685842554
Placed,1,IT,8.15,3,2.8126091985283854,-0.2898990147705737
Not Placed,0,ENTC,7.82,2,-2.1833140275925382,2.2339858177238394
Placed,1,IT,6.8,3,2.9767322700320276,-1.0996217014624585
Placed,1,ENTC,8.76,2,0.012333653345383874,2.0889742727908334
Not Placed,0,Civil,7.35,2,0.2549999884425555,0.6662834868335484
Placed,1,CSE,7.78,3,2.5043715734646534,0.022831693018860677
Not Placed,0,ENTC,8.05,2,-0.7579305734254453,0.9208529221373398
Not Placed,0,CSE,7.85,1,-0.3665649208568159,-0.4928768138260712
Placed,1,CSE,8.97,3,3.0326118768409462,1.5134875015333673
Placed,1,CSE,8.19,3,2.441640874470421,2.2132625027404034
Not Placed,0,ECE,7.99,2,-1.3506991088704927,1.3835298940450136
Placed,1,Civil,7.63,3,1.7697527757395968,-1.1470778471378855
Not Placed,0,CSE,8.07,3,1.4408914621801039,0.6480171967701839
Not Placed,0,ECE,7.52,0,-3.4301172421816566,0.09247447236466363
Placed,1,CSE,7.86,1,0.7176398858336568,-0.5508678775189425
Placed,1,CSE,7.41,1,0.7143099009162363,-0.7893843975545364
Not Placed,0,ECE,7.28,1,-0.8996384027593213,-0.5945861134791952
Not Placed,0,ENTC,6.92,0,-3.189259941009072,0.4198234948539861
Not Placed,0,ECE,7.47,0,-2.1844989627227265,-0.5420672997599365
Not Placed,0,Civil,7.41,0,-1.2708451832868857,0.11149284130647935
Placed,1,IT,9.25,2,1.7100436523643177,1.4410250370452427
Placed,1,CSE,8.54,3,2.326159609859137,0.7827973324193293
Placed,1,CSE,7.59,0,-2.9524981282359852,-0.7055709575783121
Not Placed,0,ENTC,7.34,0,-1.9331686953498568,-1.4045415775554522
Not Placed,0,IT,8.22,0,-3.281563290111445,0.5685931988328019
Placed,1,IT,9.35,3,2.5879182579830258,0.8592130537581398
Placed,1,ENTC,8.38,3,2.7663426013185832,-0.6245676055295405
Not Placed,0,CSE,6.24,1,-0.8253249724016503,-3.1482073249825304
Placed,1,ECE,8.43,2,1.052152925489626,1.239492069423995
Placed,1,Civil,8.58,2,1.0483663421264053,1.765192416614182
Placed,1,CSE,9.57,3,1.782551398142889,1.0452096857079143
Placed,1,CSE,7.49,2,0.10244375706324302,1.8009514665883448
Not Placed,0,Civil,7.82,1,0.3018997180338207,0.0982970214507799
Not Placed,0,ENTC,8.08,1,-0.01929879211772462,0.054278318801014934
Not Placed,0,IT,7.05,0,-1.6337573041760243,-1.3224280003387123
Not Placed,0,ENTC,6.97,0,-2.614109061311058,-0.13222271790082893
Not Placed,0,CSE,8.04,3,2.1289336069984715,-0.030017394014430196
Not Placed,0,ENTC,6.39,1,-0.7150933211814778,-0.27265890606923654
Placed,1,ECE,6.58,3,1.304222788490992,-1.2816837770441092
Not Placed,0,CSE,8.39,3,1.4426440867264878,-0.26858919936565273
Not Placed,0,ENTC,8.12,2,0.5786477029522566,0.6797868884265704
Placed,1,IT,8.76,3,4.002352274460697,-0.26201476135538887
Placed,1,Mechanical,8.09,3,2.595369189078146,0.7343496423192599
Not Placed,0,ENTC,7.71,2,-0.8165787170712009,0.6543240937604033
Not Placed,0,Civil,8.8,3,3.8210315663662437,-0.422718235208136
Not Placed,0,IT,7.34,2,-0.3492429016144449,0.012777371957052058
Not Placed,0,CSE,7.42,0,-2.9567376482969707,-0.3670691509715201
Placed,1,IT,7.65,2,-0.6574196080943258,2.7332301409271533
Not Placed,0,CSE,8.08,2,-0.7922797851502978,0.7134998036560299
Placed,1,CSE,7.64,3,2.4478607703264657,-1.8473261206141924
Not Placed,0,ECE,6.44,0,-2.4143769757225026,-2.4218187103978384
Not Placed,0,CSE,7.47,1,-0.19719354744064133,-0.8017893254501823
Not Placed,0,Civil,7.67,1,-1.1254259107468185,-1.692010515721195
Placed,1,CSE,7.8,3,3.5671440188230212,0.3629511934471814
Placed,1,CSE,7.32,1,-0.9735170036075459,0.5078786202830826
Placed,1,ECE,8.13,2,0.8231425817266658,2.2500782937934303
Not Placed,0,CSE,6.33,1,0.9791979102744435,-1.294944510875499
Placed,1,ECE,8.05,2,0.33537485729357003,0.4836297504251889
Placed,1,ECE,9.22,3,3.9743797925838593,0.37042684448377916
Not Placed,0,ECE,7.18,0,-1.1848129325219352,-0.44012070603019765
Not Placed,0,ECE,7.75,1,0.9091744855881678,-0.25978173668687954
Placed,1,ENTC,7.49,3,3.172146393912143,-2.042263964206311
Not Placed,0,Civil,7.5,1,-1.180492338378647,-0.7376750869401623
Not Placed,0,IT,6.83,1,-0.2022284635425588,-1.1341734870345626
Placed,1,CSE,9.39,2,-0.15848259111656862,2.2536696443857167
Not Placed,0,ENTC,8.03,3,1.4773274572400887,-1.2117368823366441
Placed,1,IT,7.13,2,-0.9228029482662016,1.7064750527941988
Not Placed,0,CSE,7.03,1,0.39567584731820293,-0.8955203344864601
Not Placed,0,ECE,7.75,2,-1.0194090032590424,0.9662570093599963
Not Placed,0,IT,5.86,1,0.7254909257444866,-1.2612810910025587
Not Placed,0,CSE,8.59,2,1.0847490948308975,0.4611718978428785
Placed,1,ENTC,7.26,2,-0.04173151725854172,0.143524948467277
Placed,1,IT,8.03,2,1.1449625633984641,2.692566437772674
Placed,1,IT,8.07,1,0.8795920718581257,-0.15685733237442204
Not Placed,0,ENTC,8.52,2,0.5556720416700216,0.7796172760077176
Placed,1,ENTC,8.12,2,-0.6468959611646803,2.672696100207114
Placed,1,ECE,8.33,3,2.818709890044379,-0.4942556260286669
Placed,1,CSE,8.57,2,-0.09147046975928924,2.2170461054818538
Not Placed,0,IT,7.42,1,0.19771540527444265,-0.28012231957085937
Placed,1,ENTC,9.53,2,0.6761781999109056,1.8458259822316112
Placed,1,CSE,8.0,2,0.5585868178274253,0.20601661506709554
Not Placed,0,Mechanical,7.68,0,-1.9857837140702708,1.6819309480158449
Not Placed,0,ENTC,6.99,1,-0.27695148404470765,-1.4781869467194066
Placed,1,IT,7.52,1,0.5563472432935992,-0.28581748757281983
Not Placed,0,ECE,8.04,1,-0.5894501342322166,-0.5934510034244384
Placed,1,Mechanical,7.78,2,1.0383841752681509,0.9493847950388973
Placed,1,Mechanical,9.25,3,2.664463370216121,-1.3764000914630672
Placed,1,ECE,7.37,2,-0.323991640953986,1.825602616143591
Placed,1,IT,8.28,3,1.7156561313595167,-0.7935392751482282
Not Placed,0,ECE,6.74,0,-2.485451479337676,0.9120380656945388
Placed,1,ECE,9.56,3,2.2728300417695224,1.2947282325226837
Not Placed,0,ECE,6.69,0,-2.5188366318471225,1.048291220871271
Placed,1,CSE,9.46,3,3.862518824225917,-0.46311351424273894
Not Placed,0,Mechanical,7.58,1,-0.5188378831966647,-0.581163387974566
Not Placed,0,CSE,5.8,1,-2.165377792814256,-3.187095217301293
Not Placed,0,CSE,8.85,2,0.3970402301391468,2.5880019128636276
Placed,1,CSE,7.77,2,0.10787098563124972,0.7976274554004176
Placed,1,CSE,7.31,2,-0.5275847246723568,1.8402410609597823
Not Placed,0,CSE,8.25,2,-0.5104629962473671,1.4858798891029585
Not Placed,0,CSE,8.26,0,-1.4714347652957849,1.3107696447144337
Placed,1,CSE,8.05,2,0.891521210867118,1.5687072890866638
Not Placed,0,IT,8.66,2,-0.19826830268347084,0.9245930402792144
Placed,1,CSE,7.91,3,3.141797019018191,-2.378033987929263
Not Placed,0,IT,8.25,0,-1.9214003302015314,0.20444312673170675
Not Placed,0,CSE,7.26,0,-1.0903891622416595,-0.13906027244691802
Not Placed,0,CSE,8.35,3,1.9180700333719867,-0.08126024998202856
Not Placed,0,CSE,7.26,0,-2.6668233368661056,-1.7056426004856744
Not Placed,0,ECE,6.74,0,-1.9240351881671787,-1.5777585093294892
Not Placed,0,CSE,7.52,1,0.27782230054535817,-1.677809829752526
Placed,1,ECE,7.47,1,1.2603235164133095,-0.9076526187654492
Placed,1,IT,8.49,2,0.3282692897968305,1.1593156939562705
Not Placed,0,CSE,6.46,0,-1.6867157313285612,-0.5037588021987857
Placed,1,IT,8.63,3,2.5288655281523296,0.8947689917812639
Not Placed,0,CSE,7.17,1,-0.3994297752598047,-3.5167146883789675
Not Placed,0,ECE,5.6,0,-1.6095011024495043,-1.6076403925931586
Not Placed,0,ENTC,6.67,1,-1.1445464803251102,-1.1903015031733102
Not Placed,0,CSE,7.44,0,-1.3833367377844383,-0.507486867385671
Placed,1,CSE,8.08,3,2.8812634024619235,1.2893799853001768
Not Placed,0,CSE,7.59,1,0.40153165562107274,-0.8667425447667859
Not Placed,0,Civil,6.67,0,-1.9370738898221571,-0.7846648843194802
Not Placed,0,IT,7.04,0,-1.2488236401402382,-0.3421825278272742
Not Placed,0,IT,6.69,3,1.821310658049458,-1.4908981783866584
Not Placed,0,IT,7.92,1,-0.5970411131209141,-0.09094622174156095
Placed,1,Civil,7.62,1,-0.5831116523779714,-0.5774959444791763
Not Placed,0,Mechanical,8.22,0,-2.0256197726608534,0.2880895938881509
Not Placed,0,CSE,6.2,1,-1.067661362098696,-2.192093342530965
Not Placed,0,IT,7.25,0,-1.566641750549667,-0.2558683847563511
Placed,1,ENTC,9.42,3,1.9998734081302805,0.7937972722764906
Placed,1,CSE,8.24,2,0.7214079945684488,0.9709510382868081
Placed,1,IT,7.45,1,1.4806602920052772,-2.3920386434947725
Not Placed,0,CSE,6.86,3,2.402454957475593,-1.932404194330463
Placed,1,CSE,8.64,3,1.6766119661667536,0.09881088627011883
Placed,1,CSE,9.0,2,0.14887701598752823,1.176549578107212
Not Placed,0,ECE,6.72,1,-0.9683757618602257,-0.3441930042140195
Not Placed,0,ECE,6.8,0,-2.3562415426479686,-1.773812560575059
Placed,1,CSE,7.94,3,3.0982563899224984,-1.7448720581170019
Placed,1,IT,8.02,3,4.156874805051191,-2.2136420803233885
Not Placed,0,IT,8.11,3,1.237602855203749,-1.4602871987221926
Placed,1,Mechanical,9.27,3,4.414305144052122,0.31105167646341864
Not Placed,0,IT,6.87,1,1.0724639473594755,-2.6680591399240368
Placed,1,CSE,7.73,2,-0.20085078729041628,0.0333922758895755
Not Placed,0,IT,8.31,0,-1.6057075807256262,-0.06534994618357057
Not Placed,0,CSE,8.3,1,1.0986444984492074,-0.00935048366702443
Not Placed,0,CSE,7.15,1,-0.5463879198988851,-0.5371637903633204
Not Placed,0,CSE,7.18,0,-2.530658411266502,-1.6035252203745933
Placed,1,ECE,7.31,2,0.31893546723528077,1.1976363821004992
Not Placed,0,CSE,9.15,2,-0.0030740446189063673,3.0380835292503607
Not Placed,0,ENTC,6.87,0,-3.6911999791780525,0.3896036791909143
Not Placed,0,ECE,7.42,0,-1.1093506090611056,-0.7257912480453074
Placed,1,CSE,8.36,2,0.547038969984928,0.9918818119263468
Not Placed,0,ENTC,6.77,1,0.6787180258411818,-2.7684961512267585
Not Placed,0,Civil,7.92,0,-1.3812339460952983,-0.6627836353659128
Not Placed,0,IT,6.09,0,-1.595515817652818,-0.9787205524815743
Not Placed,0,ECE,7.86,2,-0.7378085988595622,0.5111149992225757
Not Placed,0,ECE,7.74,0,-1.9774357748604714,1.7582456867977652
Placed,1,ECE,7.84,2,1.1774870061280625,0.41551072164293545
Not Placed,0,IT,6.96,0,-1.23247373196788,-0.7145612276352945
Not Placed,0,IT,7.89,1,-1.0668134279854857,-0.7195119306074218
Not Placed,0,CSE,7.67,1,-0.08113913236822981,-1.0522845232754106
Placed,1,IT,8.8,3,1.8941008665814227,0.13613406147200355
Not Placed,0,CSE,8.24,1,-0.3397241565544741,-0.251318706616119
Not Placed,0,Mechanical,6.47,3,0.9929997524610189,-1.1202780167329691
Not Placed,0,CSE,6.99,1,-0.6375269259936899,-1.4087005125709986
Placed,1,CSE,7.18,1,0.5114603435336422,-0.174267761885317
Placed,1,CSE,7.85,1,0.7574462972192351,-1.6573922860819206
Placed,1,CSE,7.56,2,-0.5921750871825121,2.5003620732825556
Placed,1,ENTC,7.55,3,2.2175676417895023,0.13592279775391042
Placed,1,ENTC,10.0,3,3.197694056781235,0.8213493312483207
Not Placed,0,CSE,7.26,1,1.2162111418181347,-2.2185610066319588
Placed,1,CSE,8.88,2,0.9304664100408786,1.4091964407247095
Not Placed,0,IT,7.57,0,-2.4060012909941073,0.301023903847067
Not Placed,0,Civil,5.85,1,1.2689009416592443,-2.52935170837532
Not Placed,0,CSE,7.86,0,-2.386707461173257,-0.09460936848551811
Placed,1,CSE,8.65,3,3.1482116886145834,-0.8460279690985215
Not Placed,0,CSE,8.24,2,-0.5981865706407836,1.601211724618445
Not Placed,0,IT,7.92,0,-2.2112820775167346,-0.30996458814755984
Not Placed,0,CSE,7.72,1,-0.3443474957739382,-0.6962625222478163
Placed,1,Civil,7.28,2,0.3319492162655148,1.5132649642477465
Placed,1,IT,8.46,3,4.988366637148324,-0.1725376999388358
Not Placed,0,CSE,7.33,0,-1.6667877390187498,-0.8107402205084422
Not Placed,0,IT,7.16,1,0.5529843473591589,-1.2101773282591306
Placed,1,CSE,8.05,3,1.7949166163209218,1.4347975711898566
Not Placed,0,Civil,7.44,0,-1.5683982859459784,0.6803754211672086
Placed,1,ECE,8.79,3,2.653081606014917,0.9970997680443544
Placed,1,Mechanical,8.1,3,1.415851353717304,-0.6513935130275703
Not Placed,0,Mechanical,7.04,1,1.6997698734063702,-2.54975102296759
Not Placed,0,ECE,6.73,0,-1.915381870225157,-1.2474807646118926
Placed,1,CSE,7.21,3,2.9575140380693066,-0.7656032893423044
Not Placed,0,CSE,9.69,3,3.7248154383318113,0.19600818609312998
Not Placed,0,ECE,7.5,0,-2.1204160699104033,0.43464310041875176
Not Placed,0,ECE,8.34,0,-2.2704971089338204,1.1086879408638877
Placed,1,ECE,6.59,1,1.0993060137601725,-2.038220666326789
Not Placed,0,CSE,6.78,1,-0.9752047700389787,-0.4299427476124502
Not Placed,0,ECE,7.54,0,-0.87072592454939,-0.018491281153253034
Placed,1,IT,9.15,1,1.4145214474398,-0.28464899344132677
Not Placed,0,CSE,6.6,0,-2.6505173604394443,-2.9069453112655728
Placed,1,CSE,7.16,2,-0.24740617174432955,0.8944507690177029
Placed,1,CSE,8.47,2,-0.7738707142585202,3.8119275709924847
Placed,1,CSE,9.05,3,4.145928638728245,0.823238570361092
Not Placed,0,ENTC,8.07,2,0.44473287461632377,0.34214670545497816
Placed,1,ENTC,8.27,3,2.22387469491914,0.11847266082779803
Not Placed,0,CSE,6.94,0,-1.8244246886911468,-1.9715499990330838
Not Placed,0,CSE,6.58,2,-0.9106841873336871,0.7945593273523475
Not Placed,0,IT,6.73,0,-2.1359542733867327,1.9405052280971538
Not Placed,0,IT,6.96,1,0.3492677159406404,-2.3451844243592053
Not Placed,0,CSE,7.89,2,-0.3594509367289822,0.8576329409839094
Not Placed,0,ENTC,6.66,0,-4.150261569349478,-0.7457624028607776
Not Placed,0,ENTC,7.91,2,0.3219782566603571,1.7293462946322753
Not Placed,0,CSE,7.43,2,0.5118971534711756,0.11098117292248538
Placed,1,Mechanical,7.22,3,3.0628788360023576,0.43771506616719413
Placed,1,CSE,8.45,2,-0.35001030507505415,3.158336905188284
Not Placed,0,ENTC,6.88,1,-0.015355134009772784,-1.0812803555042472
Placed,1,CSE,8.92,3,1.5581261341146575,0.9474855797750035
Placed,1,ECE,8.41,1,-0.5042135999537998,0.3041876184349261
Not Placed,0,CSE,6.86,1,-0.021199531943565865,-1.5055645308653698
Not Placed,0,IT,8.72,3,1.4677553472936449,0.04746788843235028
Placed,1,CSE,6.76,0,-1.6425222593910664,0.416784750268532
Not Placed,0,ECE,8.8,3,2.671621118085813,-1.3541119344035317
Placed,1,Mechanical,7.98,3,2.445011644999615,-0.9196107150902222
Not Placed,0,ECE,6.36,0,-3.0024604265559534,1.1044556824279388
Not Placed,0,ENTC,6.6,1,0.2990210079967831,-0.39350945576942514
Not Placed,0,IT,7.36,1,-0.9211520327647993,-2.0783310933628827
Placed,1,ENTC,8.44,1,1.4843111552403492,-1.3341173470759433
Not Placed,0,ENTC,7.55,1,-0.9416808535120524,-0.6180797463726718
Placed,1,CSE,7.53,3,1.3195621285604169,-0.8571570601208288
Not Placed,0,CSE,7.73,2,-1.7098860364778579,2.1927528245920014
Not Placed,0,IT,6.0,0,-2.146288057610226,-1.472226457885165
Placed,1,IT,8.4,2,0.02375461821587711,1.5443259850566742
Placed,1,IT,8.84,2,2.0318233085303876,2.0545506936155764
Not Placed,0,ENTC,8.37,2,-0.8515625742922336,4.142431032638802
Placed,1,ENTC,7.34,3,1.761787343061538,-0.9482395388145086
Not Placed,0,IT,6.95,0,-3.2352614412247314,0.6528941519903677
Not Placed,0,Mechanical,6.78,2,-0.16458513750751094,0.07048401156299795
Not Placed,0,ENTC,6.74,0,-2.4835724372190957,0.36631769315639506
Placed,1,CSE,9.62,3,2.3898632980693173,0.24222418398608564
Placed,1,Civil,7.63,2,0.6920673130575234,1.895716239160773
Not Placed,0,Mechanical,8.47,1,2.3250250071854257,-2.6160516546263404
Not Placed,0,CSE,8.42,2,-0.5831107071083024,2.1558575123509987
Not Placed,0,Civil,7.82,0,-1.1093757148239158,0.21123191357685792
Not Placed,0,CSE,6.91,1,-0.26308566556021634,-0.7914323447620722
Placed,1,IT,8.14,1,0.15350396732731775,-0.5248070928869573
Not Placed,0,IT,6.78,1,-0.04661989468876683,-2.711588896039465
Placed,1,ECE,8.21,3,3.269100556877787,-1.0370487411244567
Not Placed,0,Civil,6.82,0,-2.955417749816976,-1.0243776375303038
Not Placed,0,CSE,7.33,0,-1.2167276707059227,0.24025272471219566
Not Placed,0,CSE,7.33,1,-0.43997645816237085,-1.395119735879049
Not Placed,0,CSE,8.89,1,-0.571335265806046,0.12467482562285503
Not Placed,0,ENTC,5.63,0,-2.784208606440454,-3.2872026178283185
Placed,1,IT,9.68,3,1.9050106422241888,0.6539642635136969
Not Placed,0,ECE,7.01,0,-1.2953181223608445,0.06230893625250676
Placed,1,ECE,7.6,1,1.077743804356935,-0.38453221916657393
Placed,1,IT,8.05,1,-0.41342536312121936,-0.1453515053304308
Placed,1,Civil,7.98,3,5.860322678488954,-3.783694102392832
Placed,1,Civil,8.42,2,0.7345376732530905,2.076468186812781
Placed,1,CSE,8.22,2,-0.4912901273592963,1.2561370004618433
Placed,1,ECE,9.43,3,6.113983109674322,0.16872645328780617
Placed,1,ENTC,8.32,2,1.2555600323244556,0.8972724982616958
Not Placed,0,IT,7.6,2,-0.9098585165821533,1.4701035215941503
Not Placed,0,IT,7.23,2,-0.1828434357844869,0.2912537389936205
Placed,1,ECE,7.21,1,1.1884396167420015,-1.9787394518857935
Placed,1,CSE,8.8,3,2.4767943672399912,1.0403682702750647
Placed,1,ECE,9.19,2,0.18792180402740216,1.3357538249075296
Placed,1,CSE,8.55,3,3.414265143478377,-0.86026387438643
Not Placed,0,ECE,5.01,0,-2.8068805119483833,-3.504704885709661
Not Placed,0,IT,5.79,0,-1.3815964951361268,-0.7981581066317069
Not Placed,0,IT,7.69,0,-2.078174510419202,1.199583381445064
Placed,1,CSE,7.56,2,-0.9995085490218801,2.394294671213855
Not Placed,0,CSE,7.72,0,-2.228999921534583,0.5910055997277682
Not Placed,0,ENTC,8.76,2,0.031301756868083556,0.20971291560085692
Placed,1,ENTC,8.72,3,3.027268825257448,-0.1432277226473858
Placed,1,CSE,7.85,0,-2.077703332321046,2.0884183349333103
Not Placed,0,ECE,6.4,0,-3.847616275281214,-1.6712015255015549
Not Placed,0,CSE,6.66,0,-3.671904296283247,0.6562176937071772
Placed,1,CSE,7.76,1,0.6600067474301312,0.1119179541906721
Placed,1,Civil,8.05,3,2.2103492406572123,-0.045911860284256055
Not Placed,0,CSE,6.67,1,-0.8863080734822099,-1.1831109132735922
Not Placed,0,ENTC,8.26,3,1.885704945176001,1.3510594364483208
Not Placed,0,IT,6.21,0,-1.8713340313664584,-0.9700029382214539
Not Placed,0,CSE,5.44,0,-2.931298572972955,-1.0168592551611888
Placed,1,ECE,6.96,1,0.04348380524821946,-0.8748230088211082
Placed,1,ENTC,8.87,2,-0.011266983664463173,1.9206661955868458
Placed,1,ECE,8.99,3,2.076447033332251,-0.5834089916422316
Not Placed,0,Mechanical,6.34,0,-3.099444335188661,-2.872919888387441
Not Placed,0,ENTC,6.41,2,-0.8404772866356022,-0.03603019127789337
Placed,1,ECE,8.35,2,0.8473727807552367,1.2474632015065745
Not Placed,0,CSE,7.33,0,-3.602923707431493,-0.2959622712110869
Placed,1,CSE,8.86,3,2.7637326512717495,0.07121252721836402
Not Placed,0,ECE,8.33,1,0.7110551673687435,-0.7450126505094546
Placed,1,ECE,8.48,2,1.0410001125516337,0.9950873596188674
Placed,1,CSE,7.0,3,2.0543748280527474,-1.7584320343431434
Placed,1,CSE,8.08,2,1.041398442997478,1.3830624086313263
Placed,1,IT,9.41,2,0.8577152094114328,1.606672214080273
Not Placed,0,IT,7.82,0,-2.5470261898042805,-0.07235228072326895
Placed,1,CSE,7.66,2,0.7443502654380024,1.1795053187212188
Placed,1,ENTC,7.33,1,0.539910993005849,-0.6243912527768815
Not Placed,0,ENTC,6.34,0,-3.4743317486301852,0.46284593857456385
Not Placed,0,Civil,6.77,1,0.3957459566250571,-3.208379288510969
Not Placed,0,ECE,6.94,0,-1.3980158765848978,0.8013656304454349
Not Placed,0,CSE,6.3,0,-1.4455856052976668,0.8159649435625421
Not Placed,0,ECE,6.39,1,-1.0987346299108833,-1.1054008904308839
Not Placed,0,ENTC,5.62,0,-3.870921120745316,-0.43222146743983775
Not Placed,0,ECE,7.03,0,-2.0076700800488796,-0.8472119379401286
Placed,1,CSE,8.27,2,1.487925828120317,1.1844234546654138
Not Placed,0,ECE,7.43,1,-0.3820735841638481,-0.936381437145243
Placed,1,IT,7.43,2,-0.7159279287012955,0.621695088559106
Placed,1,CSE,8.35,2,0.12127246360364397,0.2784041486815477
Placed,1,IT,9.14,3,3.0228932350170123,-0.20332166900717621
Placed,1,CSE,9.63,3,3.12891371411463,-0.8095248916974098
Not Placed,0,Mechanical,7.82,1,-0.40426723040083695,-0.4744169648348543
Not Placed,0,IT,7.46,0,-2.3151178580350926,-1.2311141053139423
Placed,1,IT,7.35,3,4.078243516122723,-1.7550582658425957
Placed,1,ENTC,8.2,1,1.4537000988582354,-0.36372922693869153
Placed,1,Mechanical,7.57,2,0.4842413752354888,1.2287804647876526
Not Placed,0,CSE,7.57,0,-1.4524336820701547,-0.31128315998815137
Placed,1,CSE,7.63,3,1.5101301620505496,-0.885092544418127
Not Placed,0,CSE,6.9,0,-1.8533417599626771,-0.40186921189471403
Not Placed,0,ECE,5.72,0,-1.7474732397369732,-0.42375490081758116
Not Placed,0,ENTC,7.13,1,0.9749501061420733,-1.4157559845593652
Placed,1,IT,8.94,3,2.137658067792554,-0.27067761020423525
Not Placed,0,Mechanical,8.9,2,-0.04423772522234787,1.0498002209940431
Placed,1,ECE,8.5,2,0.5294537226498794,0.8215205090496402
Not Placed,0,ENTC,7.28,2,0.17562419853446248,0.8401013182332134
Not Placed,0,IT,7.03,0,-2.1143933928328353,0.6172708787873485
Placed,1,Mechanical,9.08,2,1.1353478673208874,0.5222082472745214
Not Placed,0,CSE,6.78,1,-1.078055979554092,-3.241553737485401
Placed,1,CSE,7.73,3,3.0509181853258265,-1.4843129819650047
Placed,1,CSE,9.14,3,1.8138298041923122,1.1443186843865905
Not Placed,0,CSE,7.81,1,-0.46732742627984925,-0.7655212911882425
Placed,1,IT,7.45,2,-0.1399654991136823,1.137214193433047
Not Placed,0,IT,8.69,0,-2.1840589616195825,1.0433086033659846
Not Placed,0,CSE,7.76,1,0.2716744943419563,-1.8797476495727155
Not Placed,0,CSE,7.87,1,-0.19855665231680003,-1.0236581216463005
Placed,1,ECE,8.99,3,2.891219513361618,-0.12436042576549444
Not Placed,0,ENTC,5.54,1,-1.5966565836764801,-2.5845728134513597
Not Placed,0,ECE,8.01,2,1.2433056009125167,0.9414328167910726
Not Placed,0,IT,7.05,1,0.050421443434490176,-1.1786846170531673
Not Placed,0,CSE,7.52,2,-1.424974164154725,1.723744548625694
Placed,1,ECE,7.8,2,0.9363247646083669,1.199741391984389
Not Placed,0,ENTC,7.13,0,-3.2161786556620204,-0.26082683889821234
Placed,1,CSE,7.89,2,0.6803252759830547,1.0931684877259507
Placed,1,Mechanical,8.03,1,1.8742689742401453,-1.1975791112367011
Placed,1,ENTC,7.87,3,2.2897359668748765,-0.5552964335832674
Not Placed,0,Mechanical,7.79,1,-0.1490945291151978,-0.3992148980452905
Placed,1,ECE,7.6,1,0.12844900382929503,0.2039089495924382
Placed,1,CSE,7.62,2,0.22685261217105462,0.7663241042919017
Not Placed,0,Civil,7.77,1,-0.21856946822278822,0.05418316188701021
Not Placed,0,Mechanical,6.9,0,-2.1368843678896927,-2.3855898894102014
Placed,1,ENTC,8.78,3,2.338302026359401,0.026013519007962227
Placed,1,Mechanical,7.62,3,3.2666406788468616,-0.8955959058120868
Placed,1,Mechanical,7.36,3,1.6327642145840802,-1.273421001336409
Not Placed,0,ENTC,8.04,0,-1.255810051867852,-0.7712978689536567
Not Placed,0,IT,7.6,2,-1.0571983994932532,0.7155209219542304
Placed,1,CSE,8.76,2,1.5380969325389193,1.3084739000275285
Not Placed,0,ECE,8.46,2,-0.7888208042179254,0.9771731440704754
Not Placed,0,ENTC,7.78,0,-2.264867589874254,2.0428003465398255
Placed,1,CSE,8.5,3,2.250792268618911,1.6658602097637885
Not Placed,0,CSE,7.9,2,0.5795117317838916,1.4486624422479302
Not Placed,0,Civil,6.72,1,-1.219513224650197,-1.2563720520707966
Not Placed,0,CSE,8.46,2,0.19960592812049796,0.5834873192017674
Not Placed,0,IT,6.08,0,-2.2477831478172443,-1.97185572424244
Not Placed,0,ECE,5.0,0,-4.808032682697695,-2.2405821973919906
Not Placed,0,CSE,8.29,2,-0.5180896474237462,0.8065931982270448
Placed,1,CSE,8.08,3,4.16766093463423,-0.9835914236359329
Not Placed,0,ECE,8.02,0,-1.1977158541712318,0.4685605160619402
Placed,1,Civil,8.88,3,5.436373444569923,-3.0662609558619796
Not Placed,0,CSE,7.68,0,-2.0473299788001724,1.708348164360301
Not Placed,0,CSE,7.38,0,-1.6798281042196461,-0.4025701506072777
Not Placed,0,CSE,8.38,2,-0.9597248251578646,1.3068768371235837
Not Placed,0,ECE,7.09,2,-1.1711277004599352,1.4496879434329617
Not Placed,0,CSE,7.5,0,-2.8817320153489536,0.47748650366976164
Placed,1,CSE,7.91,1,1.2258733605726568,-2.8415538108225906
Not Placed,0,ECE,7.98,0,-1.0258719454725704,0.685323149683689
Not Placed,0,Civil,7.42,1,-0.6528477546223862,-1.249813478069598
Not Placed,0,CSE,7.28,1,0.47738314102124013,-0.5132422968640087
Not Placed,0,ECE,6.75,0,-2.0384649618333692,-0.6239904125021095
Not Placed,0,ENTC,7.03,0,-1.0714458620194445,0.17843278116833006
Placed,1,IT,9.25,2,1.787055149800095,2.695589042621257
Not Placed,0,ENTC,7.47,1,0.4507760824345374,-2.276153116201874
Placed,1,CSE,7.86,3,1.4317168294020506,0.525929709400643
Not Placed,0,IT,6.43,0,-2.471216243648598,1.343193006470387
Placed,1,IT,9.88,3,3.759223737004389,-0.017456031528593347
Not Placed,0,IT,6.97,1,-0.5498013087604077,-1.0356919150045674
Not Placed,0,ENTC,6.7,0,-1.5809902802207552,-0.956096803424437
Placed,1,ECE,7.65,1,1.2995898100432592,-1.0154928755329442
Not Placed,0,ENTC,6.94,1,0.6033982872050091,-3.130864225464344
Placed,1,ENTC,8.01,2,0.0992350052073609,1.769088609394234
Not Placed,0,CSE,6.42,1,-0.6103873662935457,-1.7238177445427836
Not Placed,0,Civil,8.67,2,0.9898396252723687,0.5079530555156
Placed,1,Mechanical,8.5,2,1.6221603815463874,1.6167583511488341
Not Placed,0,CSE,7.6,2,-0.5435875265558916,1.1151618671781125
Not Placed,0,ENTC,6.29,0,-1.8373492365648658,-0.33334790375513124
Not Placed,0,ENTC,7.01,0,-2.4313450966986196,1.4338412557640108
Not Placed,0,CSE,7.75,0,-2.2979532337808743,-0.7178290430051287
Not Placed,0,IT,6.67,0,-3.874564092331662,-0.08930242988794257
Not Placed,0,CSE,6.81,1,-0.6547657257848156,-1.5659907943936395
Not Placed,0,Civil,8.59,2,1.2499034129710618,1.1210967839703367
Placed,1,ECE,7.83,1,0.9359759256475754,-0.37730296526169405
Not Placed,0,ENTC,7.8,0,-1.2101720497086432,-0.009294796234704387
Placed,1,Mechanical,8.15,2,0.1296319246572006,1.610073784876863
Placed,1,IT,7.56,1,-0.1081735043781726,-0.7176431538740107
Placed,1,Civil,7.65,3,1.6919964229097433,1.0987117797779118
Placed,1,CSE,8.09,2,-0.7578711335566233,2.693303577158093
Placed,1,ENTC,8.39,2,0.9063566791747026,1.1660056383785713
Not Placed,0,CSE,8.12,1,-0.5443879069698339,-1.9006264140778226
Placed,1,CSE,8.94,3,2.5322085629961726,0.314074050332727
Placed,1,CSE,7.72,3,2.516698407854708,-0.9426401102173985
Not Placed,0,CSE,6.55,1,-0.6173671238882186,-0.6940184223484698
Placed,1,IT,8.63,3,2.2867481343362956,-2.2421055062247426
Placed,1,CSE,7.49,1,1.1390124042964442,-1.5571053521284886
Not Placed,0,ECE,7.05,0,-1.5976635324715265,0.12375956916496604
Placed,1,Mechanical,8.31,3,2.1534908841604112,1.8840468685656442
Not Placed,0,IT,8.02,0,-2.789151889455605,0.3050502552913088
Not Placed,0,IT,6.61,0,-1.3457266692219425,0.32198554829417525
Placed,1,ECE,8.27,3,1.5406257685283589,-1.0301067981325587
Placed,1,ECE,9.29,2,0.9779177327477603,2.392770209148454
Placed,1,ECE,7.98,3,2.3376080822118124,-1.574203064830878
Not Placed,0,Civil,7.48,1,1.5410666753143767,-1.9396021459978814
Not Placed,0,CSE,6.28,0,-1.6310325613919947,-1.1236185991728802
Placed,1,CSE,9.44,3,2.6184812692376305,0.4938655096276355
Not Placed,0,Mechanical,7.26,0,-0.8262024391856927,-0.4124123450188001
Not Placed,0,ECE,6.5,0,-1.241015831064941,0.2946207432182384
Placed,1,CSE,7.79,1,1.552961030323361,-1.2238963180304372
Placed,1,Civil,8.56,3,2.4516462841453035,-0.3414336520520525
Not Placed,0,CSE,8.75,2,1.7504302736552275,1.3811295579028455
Not Placed,0,IT,7.13,0,-2.6036120670829734,0.37188667869141234
Placed,1,IT,7.62,2,-0.20369986487445527,0.4918625727596799
Placed,1,ENTC,7.7,2,1.2415599024369244,0.7163991390403565
Placed,1,Mechanical,8.53,3,2.2506105513717514,1.305155507603963
Placed,1,CSE,8.2,2,1.4500567811726224,1.430071265213723
Not Placed,0,CSE,7.93,3,1.6506808978050567,-1.1188009489648882
Not Placed,0,ECE,8.48,2,0.4091380559322846,0.8792215569407453
Not Placed,0,IT,6.54,0,-1.4343941178834536,0.3393441445249563
Placed,1,ENTC,8.06,3,2.48925980357666,-0.8870349399947901
Placed,1,CSE,7.89,2,-1.022518585782809,0.6712600244370609
Not Placed,0,Mechanical,7.66,0,-1.2356038359140025,0.5934661303686413
Placed,1,ENTC,7.49,1,0.2897843681551371,0.1593148627586075
Placed,1,CSE,7.81,3,2.1024713817344454,-0.32708749769513284
Not Placed,0,ECE,7.22,1,-0.24190622619941343,-1.839305518657708
Not Placed,0,ENTC,10.0,0,-2.3039397508798225,1.4625021062301233
Placed,1,CSE,8.86,2,2.048932116820815,2.5919304560247527
Placed,1,CSE,8.63,2,-0.19201449702721704,1.0139364067799244
Placed,1,ENTC,7.25,3,1.8836688886582154,-0.43557261686750764
Not Placed,0,ECE,6.89,0,-3.913037426528232,0.15210494234218186
Not Placed,0,ENTC,7.52,2,0.6820825783292499,0.6946545614955311
Placed,1,CSE,7.8,2,0.3006695186255688,1.1471744994018618
Placed,1,ECE,6.47,1,-0.5530679757174767,-0.6937425101195736
Placed,1,ECE,8.11,3,1.417227003778874,0.6934722855834524
Placed,1,CSE,8.62,2,1.645909681489831,2.275770035294265
Not Placed,0,CSE,5.8,0,-2.6745407168026207,-2.285121606402388
Placed,1,CSE,6.93,3,2.331713927634541,1.1280210584218353
Placed,1,ENTC,8.74,3,3.2025911669653153,0.9435486541331404
Not Placed,0,IT,8.02,1,0.8134792740507362,-2.537498986400961
Not Placed,0,Mechanical,6.96,1,0.7470548823893646,-1.7056733894491314
Placed,1,CSE,8.33,3,4.1766761896085525,1.3044372431061864
Not Placed,0,ENTC,7.19,1,-0.10234603252273607,-0.531526561502992
Not Placed,0,IT,7.5,1,-0.2860130590590191,-1.2726918342266653
Placed,1,ENTC,6.73,2,0.5515818604414344,0.5274175551856108
Not Placed,0,CSE,7.71,1,-0.6315959244292332,-1.3814310084152317
Placed,1,ECE,8.57,3,1.619870290114551,-0.21841600705198772
Placed,1,Civil,7.29,1,1.8505198244413912,-1.6232534506346854
Placed,1,IT,8.25,2,0.5424717927130158,1.6998829026015823
Not Placed,0,IT,7.66,2,0.28262356246793824,0.47123800623063655
Placed,1,IT,8.62,3,2.3021520705628773,0.4567060962502037
Not Placed,0,CSE,7.31,2,-0.7024621801643882,1.6711875737493063
Placed,1,ENTC,9.02,2,0.17563942206017488,2.717198980909346
Placed,1,IT,8.28,2,0.38264751444047546,1.7650717439816739
Not Placed,0,ENTC,7.91,1,-0.18844629177169728,-1.1854688392756296
Not Placed,0,CSE,7.94,3,1.2938292793473318,-0.1859182381215339
Not Placed,0,Civil,7.3,1,0.23296486039611103,-0.38256273601223517
Placed,1,CSE,7.25,2,-0.28547415474067095,0.31339214485842964
Not Placed,0,Civil,7.92,3,1.3890668278887557,-0.21801904017005308
Not Placed,0,CSE,6.68,0,-2.476012227087741,-1.7633364285502364
Not Placed,0,Civil,7.19,0,-2.0402071760977463,0.6103353500133295
Not Placed,0,ECE,6.9,0,-1.336336961573393,-1.0241749072635515
Placed,1,CSE,8.19,2,0.7831360742844009,0.9757388281711037
Not Placed,0,ENTC,8.2,2,-0.3907433134013104,1.231926282443104
Placed,1,CSE,8.78,2,-0.787023858406032,2.153302943261717
Not Placed,0,CSE,7.42,0,-1.691766229746542,0.46282887865217354
Not Placed,0,CSE,7.01,0,-2.9076874125520766,-1.164943270664126
Not Placed,0,Mechanical,6.45,0,-3.091899124784866,0.2893966503633525
Not Placed,0,ENTC,7.93,1,-0.10454623813354082,-0.701055528205689
Placed,1,IT,8.89,3,3.844337860563848,1.3453122207437336
Not Placed,0,ENTC,7.64,1,-0.7837884182653697,-0.6255040368626407
Not Placed,0,CSE,7.72,3,1.5285869578696076,-0.7230408675797924
Not Placed,0,IT,7.69,2,-1.9353337626905625,2.41158053960089
Placed,1,IT,7.92,2,0.49104989929214926,0.13192178062317805
Not Placed,0,IT,8.55,3,1.9966221845047265,0.09088659288424769
Placed,1,ECE,9.33,2,0.17550299821980414,1.7352870764153223
Not Placed,0,CSE,8.12,0,-1.3055893209263494,0.23414684942876884
Not Placed,0,IT,8.18,1,-0.4945368425608909,0.09822002305089061
Not Placed,0,CSE,7.5,1,0.5215694591738805,-1.1839611637624983
Not Placed,0,Mechanical,7.61,0,-1.5586904299994169,0.6273964706202099
Not Placed,0,ECE,7.6,0,-1.1795224941587141,0.2257803053279898
Not Placed,0,CSE,7.39,0,-1.988748155757683,1.3626432752917776
Placed,1,ENTC,7.81,3,2.056470780225994,0.9387988498448665
Placed,1,IT,8.23,2,0.3943468266040982,1.7599917577418538
Not Placed,0,Mechanical,7.75,0,-1.1644004330636515,-0.21657335212729387
Placed,1,IT,7.46,3,1.7742005390507174,-0.1196604081584267
Placed,1,IT,7.81,2,-0.3786732549291831,1.5432735390860282
Not Placed,0,CSE,6.88,0,-3.823901612890099,-0.9661223243683728
Placed,1,IT,8.38,3,1.9079199984314144,0.31623839156976363
Placed,1,IT,7.35,2,0.45880109046151374,0.5379638639453288
Not Placed,0,ENTC,6.72,1,-0.825107829742118,-3.2840897499345116
Not Placed,0,CSE,8.09,2,0.8008825048178222,0.9987647787703189
Not Placed,0,IT,8.13,1,-0.40891642259727445,-1.6171927177012064
Not Placed,0,ECE,6.97,2,-0.1102059735934318,0.2322581159595255
Placed,1,ECE,8.23,2,1.3510866435156719,2.014824309870294
Not Placed,0,Mechanical,8.24,1,-0.059564661479834725,0.05293241187550329
Placed,1,IT,9.38,2,2.044297395270375,3.7656390315111445
Not Placed,0,Mechanical,7.5,1,-0.39408136266975924,-0.39490940637202376
Placed,1,ECE,7.65,1,0.5948496303892442,-0.5535171699603813
Not Placed,0,CSE,7.18,1,-0.719530142593278,0.039173677628687786
Not Placed,0,CSE,8.12,2,-0.4632191576764044,1.9008333256307854
Not Placed,0,CSE,7.7,2,-1.2078701800211844,2.4203294448101174
Not Placed,0,IT,8.54,2,0.4573518549697878,1.3486404989678613
Placed,1,ECE,7.33,0,-1.3324888887083006,1.0012007250202701
Not Placed,0,ECE,8.1,2,0.3848539349830032,1.7362336619995709
Placed,1,IT,7.5,2,0.4140708312007102,1.7053817933831001
Not Placed,0,CSE,6.13,1,0.13726259453872824,-1.0990207412166892
Not Placed,0,Mechanical,8.23,2,0.4054015279383263,0.9431350368061165
Not Placed,0,CSE,6.21,0,-3.7923201581172794,-0.6649173302920697
Placed,1,CSE,7.56,1,-0.4551588389296176,-0.512957420383375
Not Placed,0,Civil,7.58,0,-1.4313079666062143,-1.0535951401661934
Not Placed,0,IT,7.69,3,2.3183208907342046,-2.125041720134455
Placed,1,ECE,7.74,2,1.8347277960575665,1.792751928386603
Placed,1,ENTC,7.73,1,1.2439005136262562,-2.5012660974166967
Not Placed,0,CSE,8.01,2,0.16998019327151387,0.20184766170979643
Not Placed,0,CSE,7.61,1,0.4968261300422791,0.22115374762828321
Placed,1,Mechanical,9.92,3,2.0488571244988276,1.350604065381292
Not Placed,0,IT,7.41,2,-0.6682457465923458,0.876405128340795
Not Placed,0,IT,6.66,0,-2.265630886420929,-0.8639643878601061
Not Placed,0,CSE,6.5,0,-2.7910843543706574,-1.1170961445603704
Placed,1,ENTC,8.26,3,1.410850733405835,-0.34828507271749737
Not Placed,0,CSE,6.35,1,-0.13623892289898068,-0.5026256498328959
Not Placed,0,CSE,6.67,1,-0.10715895210478421,-0.16723625126155822
Not Placed,0,CSE,6.55,0,-1.5814383337352582,-0.7362402799364884
Placed,1,CSE,8.09,3,2.5409088980356485,-0.7910269471006142
Placed,1,ECE,8.83,2,1.4212704739045792,2.568860852668186
Not Placed,0,Mechanical,6.9,0,-1.0265354690535102,-0.5940414523953769
Not Placed,0,CSE,8.06,3,1.6990804083460573,-1.5130615974195591
Not Placed,0,ECE,5.46,0,-3.5401526239819012,0.32523323529582965
Not Placed,0,ECE,7.07,1,-1.6536174959026901,-2.046834274951963
Placed,1,ENTC,8.21,3,2.750307139107354,-2.29914917434819
Placed,1,CSE,7.43,1,0.5598511159234146,-0.5432255855378667
Placed,1,IT,8.54,3,1.631003243225806,-0.11396354498372419
Not Placed,0,ECE,5.8,0,-3.171044238021479,-1.3666443104129653
Not Placed,0,ECE,7.08,0,-2.027712294735923,-1.0161514740317148
Placed,1,ECE,8.08,2,-0.5566780539933079,1.2515088820392672
Placed,1,CSE,8.07,3,3.1894322052722353,-0.19319945812019523
Not Placed,0,IT,8.14,2,-0.5485988216810043,-0.18679577266267766
Placed,1,IT,7.88,2,-0.20034539462758078,3.5345773971084924
Placed,1,IT,6.73,1,0.710518767864195,-2.6628897201505173
Not Placed,0,IT,7.04,1,-0.9769876061882814,-0.1516623916155201
Placed,1,CSE,9.67,3,4.008315129890871,1.5535707935509364
Not Placed,0,IT,6.63,1,-1.0564381500119786,-1.732161625760077
Not Placed,0,CSE,6.5,1,0.3271146444001376,-0.903058648606317
Not Placed,0,Civil,8.28,2,-0.6798508203277411,2.7178144929859256
Placed,1,CSE,6.8,2,0.33450571735535656,1.7854250645904859
Placed,1,CSE,9.22,2,0.8487087793510159,2.2839911889516653
Placed,1,ECE,10.0,3,2.6119394791339716,0.8747315938631289
Not Placed,0,CSE,7.5,1,0.3545792477479634,-0.33231771943913213
Placed,1,IT,7.96,0,-2.380883423681158,0.7395051552575667
Not Placed,0,CSE,6.15,0,-2.6619750014619306,0.34921869942348455
Not Placed,0,CSE,8.58,2,-0.9902142663715113,1.080412578162793
Not Placed,0,CSE,5.8,0,-2.06789741856162,-1.7719358343226805
Placed,1,IT,6.56,2,-1.4455885642694,1.608425355159062
Not Placed,0,CSE,7.8,1,0.3809850079066938,-1.0055841960929335
Not Placed,0,IT,8.17,1,-0.39159648090999527,-0.45090518539188834
Not Placed,0,CSE,6.44,1,-1.4584897036244482,-2.022583410429653
Not Placed,0,ECE,7.24,2,0.3935613437535486,1.7275912656243215
Not Placed,0,CSE,6.29,0,-3.183341850490078,0.27111436137591916
Not Placed,0,CSE,7.43,0,-2.368386461768436,0.8915808103284595
Not Placed,0,IT,7.02,1,-0.10876789290607058,-1.2650497322387622
Not Placed,0,ECE,7.16,0,-3.609694526596327,-0.6844762540240046
Placed,1,CSE,8.25,2,-0.49024089771234924,1.01765137833937
Not Placed,0,ENTC,7.94,0,-1.377893201461129,-0.8923118840573632
Placed,1,CSE,8.18,3,1.5411024622211729,-0.0732988260784278
Not Placed,0,Civil,7.59,0,-1.760098643409155,1.0191660374768614
Not Placed,0,CSE,8.31,1,-0.24497196916473726,-1.3606084427537029
Not Placed,0,ENTC,7.67,3,2.2426898646862106,-1.9695050837976464
Not Placed,0,CSE,7.28,1,-0.5060093220715677,-2.1248888787326417
Not Placed,0,CSE,8.18,2,-0.38548427520096773,1.4835440300251859
Not Placed,0,ENTC,7.34,3,2.1547734243687704,-0.36459474920463303
Placed,1,Civil,7.42,2,0.050124884595348654,0.5025340553584808
Placed,1,ENTC,8.61,2,0.7657136337286395,0.37154286751153437
Not Placed,0,CSE,8.53,2,-0.177899657681967,1.6791587055738704
Placed,1,CSE,7.45,3,1.9542743741736952,1.3623960943381261
Placed,1,IT,8.44,3,1.6357838277952235,1.0191549189549955
Not Placed,0,ECE,6.61,1,-0.7159834544700088,-0.2206484037665044
Not Placed,0,CSE,7.45,2,-1.670616733828327,2.1155077308399046
Placed,1,CSE,7.06,1,1.2460679532895218,-0.5728469788714244
Not Placed,0,IT,7.7,3,1.7051966380196162,-1.2667965885471844
Placed,1,Mechanical,8.32,2,0.1565638080483595,3.469421935547049
Placed,1,IT,8.17,3,2.033218623009913,-0.8188454775865684
Not Placed,0,CSE,8.06,0,-2.744255198364725,-1.3165475600702732
Not Placed,0,IT,7.82,0,-1.9043701476389772,1.531031960250157
Not Placed,0,CSE,7.56,2,-0.3098809507654133,0.45572655361761666
Placed,1,IT,8.72,3,2.6016313358228174,2.053349368379785
Not Placed,0,ENTC,6.39,1,-0.7383493110315253,-1.0962681242298125
Not Placed,0,CSE,7.13,2,-0.4588939374094219,0.013953352843667671
Not Placed,0,IT,8.05,2,-1.451608576096571,1.6521197467498585
Placed,1,IT,9.0,3,3.2841524157977253,1.0818594586492678
Not Placed,0,CSE,7.41,1,-0.3255504262894415,-0.09215204559618549
Placed,1,ECE,7.48,2,1.2404907990370506,1.3756692190513218
Not Placed,0,IT,6.6,1,-0.10251232113216714,-0.9153960879163475
Not Placed,0,ECE,7.24,0,-1.6101123313178722,0.5856446161446516
Placed,1,CSE,8.3,2,0.7104580884141874,0.7536105312012921
Placed,1,IT,9.04,3,2.1526859724542025,-1.4374455489843263
Placed,1,CSE,7.45,1,0.800824363735384,-1.3699240859049522
Not Placed,0,CSE,7.02,1,-1.5090735957764037,-1.4673629825481829
Not Placed,0,CSE,7.76,2,0.49423224932540344,0.738320571313901
Not Placed,0,CSE,6.33,0,-3.475444275422168,0.8613700777665165
Not Placed,0,ENTC,8.75,1,0.0968717225838653,-1.0988259044169733
Placed,1,IT,6.65,1,1.4768969403399705,-2.7064723839476
Not Placed,0,CSE,7.97,0,-2.615022146050305,1.5309202289860129
Placed,1,CSE,7.95,3,2.687683498322076,0.1882612635529875
Placed,1,CSE,8.23,3,4.126556381782251,-0.40516043431936755
Not Placed,0,CSE,7.92,2,-1.2420415338486948,1.2690390825184432
Not Placed,0,CSE,7.7,0,-2.4503946611241627,-0.7419480091063141
Not Placed,0,ECE,8.06,3,1.4772437635826097,0.41654132102829294
Placed,1,ECE,8.41,2,0.29942916090184063,1.6144609843142834
Placed,1,IT,9.23,3,2.6570947598245755,0.7285612021278807
Not Placed,0,CSE,6.76,1,1.513020071922702,-2.0090426518952706
Not Placed,0,ENTC,6.14,0,-2.1350210481108323,-0.8294602459126579
Placed,1,CSE,6.39,0,-1.9677468250759513,1.8159991307641323
Not Placed,0,ECE,6.16,0,-1.7645021840348118,0.04512145082379811
Placed,1,ECE,6.68,3,2.3585579598243043,-2.205416451209545
Not Placed,0,CSE,6.57,2,-0.556865376495942,-0.009644722017034917
Placed,1,IT,7.35,3,2.250051795495327,-2.6815964184766754
Placed,1,ECE,8.43,2,1.7875640564008877,1.6431772591897087
Placed,1,CSE,8.23,3,2.973004705661657,-2.4432877472103685
Not Placed,0,IT,7.17,2,-0.0697180951265162,0.47908295592187383
Placed,1,IT,7.24,3,1.655195471762485,-0.45565048602507663
Placed,1,IT,9.41,3,3.0610122982653216,0.14780523818499916
Not Placed,0,CSE,8.21,2,1.4942025748110719,1.333617717515221
Not Placed,0,IT,7.85,1,0.27403117547367795,-0.3666682481573892
Not Placed,0,ENTC,7.8,0,-1.626846844719447,0.6494449398735571
Placed,1,Civil,7.45,0,-1.1318957601966333,0.24722774141269377
Placed,1,Civil,9.4,3,5.936121853560828,-1.2115676762665089
Placed,1,CSE,7.54,3,2.5762417560868482,-0.3397599660022334
Not Placed,0,CSE,7.83,1,-1.2557913989025642,-1.5981338698869778
Not Placed,0,Mechanical,6.3,0,-2.047055211405262,1.3393977088741618
Placed,1,ECE,7.16,3,1.3995677880418687,-0.492914241069592
Placed,1,CSE,7.23,1,0.09908526450738195,-0.732132663596937
Not Placed,0,ENTC,8.11,3,1.2653000088676176,-0.15833241970841952
Placed,1,CSE,7.04,2,0.14762250757068165,0.6414308823479694
Placed,1,ECE,7.74,3,2.410502255746587,-0.23495644055048925
Not Placed,0,Civil,7.18,1,-0.07511176555477572,-1.8382249335636038
Not Placed,0,Civil,6.76,1,-0.031818179807281084,-2.0450661927789415
Not Placed,0,CSE,6.73,2,-1.8711050035472228,2.3739496035940246
Not Placed,0,IT,7.55,2,-0.9647454013968221,0.7162625589475665
Not Placed,0,ECE,7.79,2,-1.2059543512033177,2.223883805685093
Not Placed,0,ECE,7.54,1,0.11946199576044056,-0.6769216009212349
Not Placed,0,CSE,6.99,1,-1.434544359066111,-0.9687723802464426
Not Placed,0,CSE,7.58,0,-1.7705069703550138,1.4269115659738654
Placed,1,ECE,7.43,2,0.4555514253462866,0.09362377319829117
Not Placed,0,CSE,6.81,1,-1.3276147159306466,-1.3380334168167458
Not Placed,0,Civil,7.77,0,-2.931558614017397,0.11831603112270055
Placed,1,ENTC,9.24,2,0.7581242077262342,1.282451786751751
Placed,1,CSE,7.57,2,0.4957429014839129,0.3567904206403519
Not Placed,0,CSE,6.46,0,-2.66691257733676,-0.2372569350968493
Not Placed,0,CSE,8.95,2,0.7879619307411394,0.6138356186791738
Placed,1,CSE,8.77,2,0.2318162009843284,1.6587587325931001
Not Placed,0,IT,8.92,2,-1.0094340359907181,1.8822263729301854
Not Placed,0,ECE,7.66,0,-2.907682154926232,0.6988939533308867
Not Placed,0,ENTC,7.03,0,-2.1450191056589776,1.4942632089499488
Placed,1,CSE,6.94,3,2.6111698986023306,-0.9525532541084765
Placed,1,Mechanical,8.67,2,0.1344885679128987,1.1790417160704096
Placed,1,Civil,9.06,3,1.6220309534452568,0.40493666934270117
Not Placed,0,ENTC,6.92,0,-1.6370580502254553,-0.5303282963183013
Not Placed,0,Mechanical,5.56,1,1.2255272994773998,-2.9342672756231303
Not Placed,0,CSE,7.68,0,-3.4491003150019943,-0.21909564217604288
Not Placed,0,Mechanical,6.93,0,-3.167891633620204,-1.3092032513254155
Not Placed,0,Civil,7.1,0,-0.9190180491555844,-0.7085544293299217
Not Placed,0,ECE,7.5,2,-0.06537094696113845,0.9990377536837143
Placed,1,IT,8.05,2,-0.062251431685306946,0.6632463570668004
Not Placed,0,IT,7.04,1,-0.7679970428022351,-2.0271176171988423
Not Placed,0,CSE,7.82,0,-2.9068400118429714,1.262711809277007
Not Placed,0,ENTC,7.59,2,-0.35571160834203297,1.7735512444873753
Not Placed,0,CSE,5.74,0,-3.0045296739477294,-0.584531288891532
Placed,1,ENTC,8.16,3,2.220225526174108,0.5273093974097888
Not Placed,0,ENTC,7.32,0,-3.687603409703315,0.8156857328280016
Not Placed,0,IT,6.63,0,-2.2574207543625455,-1.8273658082299893
Placed,1,IT,7.08,1,-0.7981873193193952,-0.7620589078822111
Not Placed,0,ECE,7.87,1,-1.491408567541281,-1.3290707155960666
Placed,1,CSE,7.74,0,-1.8416838307182082,-1.049188222098583
Placed,1,Civil,8.25,2,0.04776721071877028,0.7105509835327183
Placed,1,Mechanical,8.07,3,2.3163987443333567,-1.611170418449208
Not Placed,0,CSE,6.7,1,-0.25293824990848457,-1.5961138799812784
Not Placed,0,ECE,5.19,0,-4.121002017554833,-1.2252442272170285
Not Placed,0,ENTC,7.8,1,-0.9003279199480277,-0.9840954403751921
Placed,1,Mechanical,8.24,2,-0.16849016747508036,1.2033575129705414
Not Placed,0,CSE,7.53,1,-0.13791486390902008,-0.9951506223220202
Not Placed,0,Civil,8.26,2,-0.7677890228277272,0.6158638447681832
Not Placed,0,CSE,6.85,0,-2.8587235672610167,0.0014377292337758695
Not Placed,0,IT,7.41,1,-0.7555691795169439,-0.3343095835244989
Not Placed,0,CSE,6.92,2,-0.6278156033316833,0.5676913197707893
Placed,1,ENTC,8.29,2,0.8400651014041055,1.8084907639555077
Not Placed,0,Civil,6.93,1,-0.8822446738231025,-0.025801916885138734
Placed,1,IT,9.45,2,1.6571442633117166,2.296711531012477
Not Placed,0,CSE,7.27,1,-0.34829738900508433,-0.9017327488073094
Placed,1,ECE,8.38,2,1.3835201260128,2.1695596403388255
Not Placed,0,Mechanical,7.28,0,-2.2233804215968567,0.08805047660207536
Not Placed,0,ECE,8.84,3,1.5619827279195824,0.6269175780121526
Not Placed,0,CSE,8.8,2,0.5190023467034979,2.112000841318232
Not Placed,0,Mechanical,7.42,2,-1.1771768591059146,1.4765579478192212
Placed,1,ECE,7.93,2,0.2876042212994429,2.2130601953064626
Placed,1,Mechanical,8.78,3,3.0968547573206715,0.3380267606996039
Placed,1,ENTC,7.96,3,1.1973499586157634,0.08577663827512111
Placed,1,IT,6.92,3,2.2992447576566244,-0.9901610069876889
Not Placed,0,Civil,7.76,0,-2.5218576664355448,1.870875533873692
Not Placed,0,CSE,7.06,2,-0.9974963419474951,1.3536670606385297
Placed,1,Civil,7.83,2,0.6449835170604535,2.0239841406745116
Placed,1,IT,7.03,1,1.571341830344997,-2.6832082118896525
Not Placed,0,ENTC,8.02,1,-0.005731450413543326,0.1271603266294787
Not Placed,0,CSE,6.18,0,-4.30740108162713,-0.07008680740763501
Not Placed,0,IT,6.75,0,-3.5944339959271314,-1.4637511680847357
Not Placed,0,Civil,7.03,1,-2.0063776439303047,-2.808681302933304
Placed,1,CSE,7.56,2,0.6613831007043482,0.9113191204769622
Not Placed,0,IT,6.41,3,1.7159164601840964,-1.8816190096025303
Not Placed,0,Mechanical,6.95,0,-2.2394910126250385,-1.0943302275072875
Not Placed,0,CSE,8.36,2,1.0803959878396017,1.0119959340247913
Placed,1,CSE,8.46,3,3.002601447963118,-0.1096248138938844
Not Placed,0,Civil,5.55,0,-3.614888750243169,-1.1717147724505965
Not Placed,0,CSE,7.2,1,1.5236863440849941,-1.623970248457632
Placed,1,IT,8.78,2,0.31628391992220495,1.9978265111265692
Not Placed,0,ECE,8.03,0,-1.6512215204483072,0.16646984107097557
Placed,1,ECE,8.05,3,3.0159581843420322,-1.137855393919402
Not Placed,0,IT,8.18,1,-0.6194999357225667,-1.1703871984295082
Not Placed,0,CSE,6.88,0,-3.269716053511293,-0.45249601005268286
Placed,1,CSE,7.88,2,-0.44133935813314995,0.4561478047620438
Not Placed,0,IT,8.1,2,-0.7552010216975006,1.1509919138811284
Not Placed,0,CSE,7.79,2,-0.5086442785610426,0.7535370994247832
Placed,1,Mechanical,7.37,1,0.6485621562291173,-0.36129214355426403
Not Placed,0,CSE,7.66,2,-0.7610808548074475,0.31629769335415714
Not Placed,0,CSE,6.73,1,1.3716671413117236,-3.392995020849808
Placed,1,Civil,8.22,2,0.12359856725320288,1.7962092457563799
Not Placed,0,CSE,6.48,0,-2.3191360542829402,-1.3198809328411727
Placed,1,Civil,7.01,3,1.5848731493128332,0.15826760074062207
Not Placed,0,Mechanical,8.28,3,1.4226203855509831,-0.8237285888580845
Placed,1,CSE,7.95,3,1.134622126561337,-0.06472271239530594
Placed,1,CSE,7.29,2,0.16152010063418945,1.4113992924093701
Not Placed,0,IT,6.24,1,0.2230523534190649,-2.397959700079413
Not Placed,0,IT,7.66,2,-0.6415816670495585,0.48898284142779536
Not Placed,0,CSE,7.16,0,-2.230150102440293,0.5920848974103322
Not Placed,0,CSE,8.11,1,-0.44088924709261357,0.25998458844478434
Not Placed,0,CSE,7.26,1,-0.3375924136326359,-0.47861472255668436
Not Placed,0,ENTC,6.21,0,-2.132060324610049,-0.6240152529162089
Not Placed,0,CSE,6.52,0,-1.5505253672947026,-1.276755597062952
Not Placed,0,CSE,7.34,2,-1.2607723309380374,1.6850616780765095
Not Placed,0,IT,7.79,1,0.3960865825903509,-1.2258873299767858
Not Placed,0,CSE,6.71,0,-2.2158222199311393,0.8372890260446086
Not Placed,0,ENTC,7.06,0,-3.208173175457146,-0.13061802615902796
Not Placed,0,ECE,8.37,2,0.2013432858828708,0.807817539117952
Not Placed,0,CSE,8.64,2,-0.8805739653199322,1.6473144516666303
Not Placed,0,CSE,7.94,0,-1.0959360238451092,0.5393864994932245
Not Placed,0,CSE,7.46,0,-1.4485202888531705,-0.16039815479675795
Not Placed,0,Mechanical,7.17,2,-0.13129960880458022,0.8315804697757936
Placed,1,CSE,8.16,2,-0.11739171251725213,2.240701557252143
Not Placed,0,ECE,7.43,1,-0.6506628131261141,-1.2173851960048556
Not Placed,0,IT,8.48,2,0.7293990452908808,1.0534918138525502
Placed,1,CSE,8.53,2,0.6027062909238486,0.7277456232622448
Placed,1,CSE,8.05,3,2.1447275839832494,1.418205387781146
Not Placed,0,IT,7.28,0,-2.985462682069828,1.1124864781612946
Not Placed,0,ECE,7.34,2,0.4463256769162608,0.3981254911893919
Not Placed,0,CSE,6.3,0,-3.494621335117121,0.5287621321956587
Not Placed,0,IT,7.66,0,-1.4260741010043105,0.3991290356998044
Not Placed,0,Civil,7.63,1,-0.9336341125808548,-0.3370388876886295
Not Placed,0,IT,6.53,0,-1.3992698434555175,0.38816713417357235
Placed,1,Mechanical,9.71,3,1.4963590372005504,0.0920156922405741
Placed,1,CSE,8.17,3,1.2187456029895758,0.36744597579939103
Not Placed,0,CSE,6.99,0,-1.4168201998859853,-0.5152166335179031
Placed,1,IT,9.45,2,-1.3709639964306355,2.9336073984197184
Not Placed,0,ECE,7.28,0,-1.552061853793757,0.2153821766544768
Placed,1,ENTC,8.41,3,1.8665139058746956,0.5205187579608656
Not Placed,0,ECE,7.77,1,-0.023419316315578753,-0.11629196020051362
Placed,1,CSE,7.31,1,0.7628758862290617,-1.378779252740069
Not Placed,0,IT,7.41,0,-1.9188920436566554,-1.2174572911145418
Not Placed,0,ENTC,8.92,2,0.6658559154590297,0.07190835069780424
Not Placed,0,Mechanical,8.44,2,-0.41013680648120526,-0.14837627802768916
Not Placed,0,CSE,7.6,2,-1.1025196603848548,0.6892154732271211
Not Placed,0,ENTC,5.96,0,-3.089378374832973,-0.853445247609958
Not Placed,0,ECE,7.96,1,0.136036937848135,-0.45584775994921783
Not Placed,0,CSE,6.64,0,-3.1736363147379625,0.18145286129364807
Not Placed,0,ECE,8.16,1,0.47313146034238995,-0.867680330809987
Not Placed,0,IT,7.09,0,-1.0411168326336078,0.04822421857709112
Not Placed,0,IT,7.18,2,0.11601428124000451,0.7912155640431263
Not Placed,0,ECE,7.16,1,-1.596179400671949,-1.868307577672581
Placed,1,Civil,8.57,3,2.185015768474736,1.047768448104124
Not Placed,0,CSE,6.2,0,-2.0808111724692857,-1.4777650318288085
Placed,1,IT,8.33,2,0.20356709511220394,-0.028103773897739284
Placed,1,IT,7.99,2,1.801412413779936,2.4645362536439963
Not Placed,0,CSE,7.64,0,-2.4714377623319552,0.38105154261843266
Not Placed,0,ECE,7.32,2,-0.8425673252393712,0.6348215655678537
Placed,1,IT,8.11,3,1.6626708757603412,0.08396942713936568
Not Placed,0,IT,7.33,1,-0.5673049498574348,-1.3791766578088567
Not Placed,0,ECE,7.32,0,-2.3196228345160326,0.9871935831369678
Placed,1,IT,7.75,3,2.47925314983936,-1.8960680294025802
Not Placed,0,CSE,9.16,2,0.40459015323288183,0.9803612308778289
Not Placed,0,ENTC,6.41,0,-3.220585282033637,-1.4609954866068473
Not Placed,0,IT,8.13,0,-2.176741151772888,0.26046234413545466
Placed,1,CSE,7.58,3,1.981111009478257,-0.7729516119762674
Not Placed,0,IT,7.51,0,-2.2662177717894902,-0.950220062890484
Not Placed,0,CSE,6.4,0,-1.829251680222645,-0.32553949900658985
Not Placed,0,Mechanical,6.21,0,-1.8817321345452889,-1.4754344849593013
Not Placed,0,ECE,7.99,0,-2.5383463339150154,2.023522105296042
Placed,1,IT,6.62,1,-0.12476259982960701,-1.4597072937451347
Placed,1,IT,8.56,2,0.5660315642895054,1.401726149229391
Not Placed,0,CSE,6.84,3,1.0906867446437087,0.02004837783959028
Not Placed,0,Mechanical,8.17,2,0.9101314476744978,0.5077949536896254
Not Placed,0,ENTC,7.21,1,1.0983185226458114,-2.1201347357976896
Not Placed,0,ECE,7.17,0,-1.8763899273642743,-1.7178736819474056
Not Placed,0,IT,6.92,1,0.9948291037270249,-1.2026697143595433
Placed,1,Mechanical,8.07,3,1.5880646859764322,-0.15957222029730186
Not Placed,0,ENTC,8.31,2,0.8769820444241063,0.49770855965712435
Not Placed,0,CSE,7.43,1,0.026770468775444086,-2.0408761660752104
Not Placed,0,CSE,8.2,0,-2.7228057768570193,1.5925135123286869
Not Placed,0,CSE,7.71,0,-1.123385814320955,0.3012390167517582
Not Placed,0,ECE,6.57,1,-1.0338993115673314,-3.4314390232447405
Not Placed,0,CSE,8.02,0,-2.696922863711791,-0.33905992067625723
Not Placed,0,IT,7.44,0,-1.5899333044899975,-1.3519404957665893
Not Placed,0,ECE,5.48,0,-3.3200913380803896,0.9787372179391516
Not Placed,0,ECE,7.37,0,-3.0069169888065463,0.6511964632984122
Not Placed,0,CSE,6.26,2,-1.000367022537913,2.3914074798686347
Not Placed,0,CSE,6.65,1,-1.332372701245063,-2.0264168359391235
Placed,1,IT,7.49,2,-0.4444798376396187,0.8310519963218935
Not Placed,0,CSE,7.64,0,-2.738580986245472,-0.02568385382159908
Placed,1,ENTC,6.99,0,-2.753170286796521,0.6436621709398027
Not Placed,0,ECE,8.15,0,-1.6826272029038654,0.5250149645356873
Not Placed,0,Mechanical,7.6,2,-0.6614752628098655,0.9553159342100244
Not Placed,0,ECE,7.34,2,-1.4138648141591366,1.8113307408002213
Not Placed,0,ENTC,7.74,1,0.6742440159821381,-1.688603028194815
Placed,1,CSE,8.72,2,1.041014676120362,2.8232197473306586
Not Placed,0,IT,5.87,0,-3.5722903495377967,-1.5795981230165965
Placed,1,Mechanical,8.8,3,2.4514231153766692,1.0561610436347404
Not Placed,0,ECE,7.18,0,-2.781026952107125,1.3526434034942916
Placed,1,Mechanical,7.04,3,1.8917574483126705,-1.636863712696103
Placed,1,ECE,7.36,2,0.9367147049688885,1.4800866691578025
Not Placed,0,CSE,6.95,1,0.05289235743453254,-1.8595498485833624
Not Placed,0,IT,6.82,0,-2.0946304130812248,0.043067567260538696
Placed,1,CSE,8.42,2,-0.5270949798271792,1.0185814928773407
Not Placed,0,ECE,7.84,2,-0.795894471861493,0.4269548843733541
Not Placed,0,Civil,6.07,0,-3.0316274831817385,-2.500120377591953
Placed,1,ENTC,8.27,3,1.967283116374702,1.0247038822650638
Not Placed,0,CSE,8.15,0,-2.245860199603515,1.1722984186678937
Not Placed,0,CSE,6.44,1,-0.2320235504892076,-2.654193696072996
Placed,1,IT,7.85,2,-0.25610605429015176,1.4545099055843764
Placed,1,CSE,8.23,3,2.4530643685494553,0.48233959957279215
Placed,1,Civil,6.34,2,-0.7730939066316436,-0.3246215640888812
Not Placed,0,ENTC,7.94,1,0.20051059778728222,-1.5567988451506938
Not Placed,0,CSE,7.13,1,-0.250588738442349,-1.348485094065103
Not Placed,0,Mechanical,8.16,2,0.2511428241827486,0.8360026348755889
Not Placed,0,IT,6.91,0,-2.997673304263398,-1.208286669096508
Placed,1,Civil,8.59,2,-0.12111818756155913,0.40575465844987196
Placed,1,ECE,7.49,1,1.2896946095414692,-0.31159852873472127
Not Placed,0,IT,7.18,1,0.28736103180661166,-2.3131014871819957
Not Placed,0,ECE,7.09,0,-2.233020946318216,-1.280926925978594
Placed,1,IT,8.44,3,2.3863410478872256,1.2300588267945956
Not Placed,0,ECE,7.09,1,0.34072055385200695,-1.45357765179129
Not Placed,0,CSE,8.6,2,-1.4048042896715158,2.6500718773141116
Placed,1,IT,7.88,1,0.7751558763632255,-0.07757680336993299
Not Placed,0,ECE,6.52,0,-2.3684400901458194,-0.04039478377608346
Not Placed,0,CSE,7.72,1,1.273182787319996,-2.904524297553735
Placed,1,IT,7.74,2,0.5764490309833274,0.9263448729979725
Not Placed,0,ENTC,6.49,1,0.82044557415141,-2.207370553299077
Not Placed,0,CSE,7.71,1,-0.5335132329222275,-0.46557860452992567
Placed,1,ECE,8.16,1,-0.771835623036594,0.2606324754865924
Placed,1,ECE,8.66,2,0.9293009551361248,0.9166214163138122
Placed,1,IT,8.62,3,2.6111343128042384,0.6649825655379031
Placed,1,Civil,9.73,3,4.109749503578289,0.670319094548429
Placed,1,CSE,7.7,2,-0.13239927488079223,2.20777772641461
Not Placed,0,IT,8.17,3,1.3344475970071954,-0.29037387362301365
Not Placed,0,CSE,7.18,0,-2.5595461355586426,0.6254268946215646
Placed,1,ECE,9.3,2,-0.9432377943984659,4.12161059446641
Not Placed,0,IT,6.94,1,-0.7115876330591304,-1.8257832516144434
Placed,1,CSE,9.26,3,5.792299173122041,-0.06609104107662073
Placed,1,CSE,9.15,3,2.5607955600065493,1.6432848590038065
Placed,1,ECE,7.03,2,-0.7186796017396969,1.390818645475975
Placed,1,CSE,8.58,2,-0.07439020093182779,0.8032027333273404
Not Placed,0,CSE,8.09,1,0.31706399925674544,-0.2263936500000152
Placed,1,CSE,7.35,0,-1.63833638994725,-0.1497406550211046
Placed,1,CSE,7.58,0,-1.4931675255608252,0.7723635401143155
Not Placed,0,ECE,7.93,1,-0.8353737579099884,-0.9386078410401834
Not Placed,0,CSE,8.01,1,-0.5863874208519558,-2.16111618110701
Placed,1,CSE,8.97,2,0.7201752248947408,1.5766986402271528
Placed,1,CSE,8.19,2,-0.33032395706042694,2.90489621917659
Not Placed,0,ECE,7.05,2,-0.31543683016899043,1.1987783118278361
Placed,1,CSE,8.33,1,0.24402417521977515,0.007147158899303785
Not Placed,0,CSE,6.21,1,-1.25652160020648,-2.5955309051097446
Placed,1,ECE,7.37,2,-0.5212943088833989,1.497321922129293
Not Placed,0,ECE,7.45,1,-0.47445918913880225,-1.1454477397123146
Placed,1,IT,8.26,2,0.4659338218180584,1.0424983546053255
Placed,1,CSE,9.21,1,1.4651228516917498,-0.5580270723342763
Not Placed,0,CSE,7.89,2,-0.20083203389144114,0.025242069942803393
Not Placed,0,ENTC,7.39,0,-2.284385002954149,-0.41082638139818206
Not Placed,0,CSE,7.11,2,-0.8691365845550052,0.2477741247432996
Not Placed,0,CSE,8.41,2,0.263669804085145,1.8393098868234417
Placed,1,CSE,7.53,3,2.365765662436699,-0.18508006935055127
Not Placed,0,CSE,7.27,0,-1.742154054142566,1.1926417844394261
Placed,1,ENTC,8.51,3,2.907607813690447,0.06452190210410014
Not Placed,0,CSE,8.69,1,-0.21894087876358714,-2.096636063418499
Not Placed,0,CSE,6.88,0,-1.572779495859697,-0.5568309637052236
Not Placed,0,ECE,6.43,0,-2.1069586295765204,0.9656109452268276
Placed,1,ECE,7.62,2,-0.8814374567639809,1.7085831316317042
Not Placed,0,Civil,6.73,0,-1.5398614401326214,-1.3433627283676937
Not Placed,0,ECE,6.61,1,-0.02674644632909119,-0.3129572244423676
Not Placed,0,CSE,6.82,0,-1.702149839648807,-1.2682041141043618
Placed,1,IT,8.59,3,4.888309666508016,0.28364896101273596
Placed,1,Civil,8.25,3,3.8301400780633736,-0.46986339019582263
Placed,1,ECE,9.79,3,3.1039284291900633,2.5818271198145712
Not Placed,0,IT,7.15,0,-1.3606644262504497,0.1736589426952627
Not Placed,0,CSE,8.83,0,-1.6658529555258754,-0.25730506185451185
Not Placed,0,CSE,8.12,1,0.09318027417419472,-0.44891085964312244
Placed,1,IT,7.23,2,-0.12195478188653067,0.2068488471868433
Not Placed,0,ENTC,7.58,1,0.5323277383807836,-1.7588697141446945
Not Placed,0,ECE,7.22,0,-2.0882725189509603,-0.30212782874137484
Not Placed,0,CSE,7.92,0,-2.3650070400501897,-0.35331020491853654
Placed,1,Civil,8.54,2,2.0597499321448263,1.8459335979184697
Not Placed,0,Civil,7.39,2,0.5895779296099101,0.07448701564104629
Not Placed,0,CSE,8.42,1,-0.8771478053138657,-0.005406800785045463
Placed,1,CSE,8.78,3,2.0761363463780778,-0.22953111001572807
Placed,1,Mechanical,8.97,2,1.3134748064985493,0.6537055032248926
Not Placed,0,CSE,6.7,2,-0.30455991254645504,0.3866264682088668
Not Placed,0,Civil,7.66,2,1.0053838294585604,1.0621823705326787
Not Placed,0,IT,8.3,2,0.6235480132133423,0.10589864597322729
Not Placed,0,ECE,6.78,0,-3.068154822000209,0.5561981914073596
Not Placed,0,ECE,6.59,1,0.038598975901269206,-0.26067044078668083
Not Placed,0,CSE,7.68,0,-1.8055169043994543,-0.202402420588423
Not Placed,0,ECE,7.35,0,-3.081526075927698,-0.10341816815580653
Not Placed,0,IT,7.55,1,-0.44453277961725757,-0.530849101225492
Placed,1,CSE,7.3,1,0.2758715074315651,-0.6271795266606929
Placed,1,CSE,9.54,3,4.393034072562686,0.406628810728128
Placed,1,IT,7.31,2,-0.40080145465600925,0.24348324616266317
Not Placed,0,IT,8.2,1,0.2721079331998856,-1.4704593514111053
Placed,1,CSE,8.14,1,0.27003713021024334,-1.0375087836967842
Not Placed,0,IT,6.26,0,-2.8981949593568688,-0.26822458080639494
Placed,1,IT,8.95,2,0.368821018055279,0.2775998624274221
Placed,1,IT,8.23,3,1.6620193324907553,0.28467989290591045
Placed,1,ENTC,7.83,2,0.0027716279222035523,0.9693764220203631
Placed,1,IT,8.6,2,1.2417917575849862,0.6247942095965295
Placed,1,ECE,7.66,2,0.13989149114228852,1.3975219379626937
Not Placed,0,IT,8.45,2,-0.3957863367865689,1.243422570603723
Not Placed,0,IT,6.11,0,-2.0386538983486555,0.44958642613194855
Not Placed,0,CSE,8.39,2,0.7414845582465543,0.4277042454525
Not Placed,0,CSE,7.86,1,-0.8324401581388706,-0.7832867369209723
Placed,1,CSE,7.87,3,1.7770976732942734,0.5225700200433089
Not Placed,0,ECE,6.98,0,-3.5315308998617883,0.028317909412994367
Placed,1,CSE,7.51,2,-0.29566355650486986,1.1340004360442448
Not Placed,0,IT,7.49,1,0.4497472728259868,-0.7106565657216913
Placed,1,ENTC,6.73,3,1.5148035887127398,-0.22001666165780448
Placed,1,IT,8.0,2,-0.9808189766215795,1.5668114689555355
Not Placed,0,ENTC,9.04,2,-0.4542437013490515,0.3947043512016249
Not Placed,0,ECE,6.49,0,-1.442457170500374,0.26236470978212856
Placed,1,CSE,8.12,3,1.1494121005946007,0.38411571724858623
Not Placed,0,CSE,7.34,0,-1.643753498814384,0.19474707556848497
Not Placed,0,CSE,7.24,0,-3.1199607883779534,-0.07002207258072535
Not Placed,0,ECE,7.76,1,-0.41333410600864073,-0.5804373832595467
Not Placed,0,Civil,7.78,2,-0.6341728075800283,1.216682701736568
Placed,1,CSE,7.86,3,1.958937885937815,-0.5915219446730715
Not Placed,0,Civil,6.74,0,-1.3984784262974517,-0.8877131934822984
Not Placed,0,IT,8.63,0,-1.5156669159703406,-0.10711449846125128
Not Placed,0,IT,7.77,0,-1.091499162009293,0.3794549630211932
Not Placed,0,CSE,8.2,2,0.9605774032239748,0.5762512532758899
Not Placed,0,Civil,8.73,1,-0.30717559828144186,-0.2359698667947965
Not Placed,0,CSE,6.07,0,-2.800047845267929,-2.208826686469034
Placed,1,ENTC,8.24,3,3.5012836796665083,-2.287514451219888
Not Placed,0,CSE,7.56,2,-1.017915198903135,1.0694245218427434
Placed,1,Mechanical,8.57,3,2.206511098899248,-0.10194464882698198
Placed,1,ENTC,7.02,3,1.7218727455734761,-0.7322797749746122
Not Placed,0,ECE,8.5,3,2.0499566195803394,-0.8875930758913088
Not Placed,0,ECE,6.8,0,-2.2832295118566335,1.102958758897919
Not Placed,0,CSE,8.04,2,0.6078590318389759,1.0299078441593617
Not Placed,0,Civil,7.94,0,-1.800547326192275,1.1440500597332581
Not Placed,0,CSE,7.57,3,0.7582502899372616,-0.40490473877232047
Not Placed,0,CSE,6.82,0,-1.9143287447957735,-0.5502447408948336
Not Placed,0,Mechanical,7.39,1,-0.9116713750557225,-1.585220094130906
Placed,1,ECE,8.48,3,1.6057125375259096,-0.1084068927938074
Placed,1,CSE,8.96,3,2.079393813646881,0.6412137640309276
Not Placed,0,ECE,9.36,1,0.8973062278726759,-0.7934214422476827
Placed,1,CSE,8.15,2,-0.2115206147412819,1.0962682309117595
Placed,1,CSE,7.91,3,1.813501047143083,-1.4834692259846924
Placed,1,IT,8.08,2,0.14013813818072576,0.42148949271728225
Placed,1,Mechanical,9.34,3,2.4258902809159872,1.0782629898619123
Placed,1,ECE,8.14,2,0.9468723131246135,0.93554648143947
Placed,1,ENTC,7.77,1,1.2203610772580258,-0.044130369686668884
Not Placed,0,CSE,7.47,1,0.3616353539267949,0.1480871860444489
Not Placed,0,Civil,7.56,0,-1.7211558524480772,0.18260903032454837
Not Placed,0,CSE,8.03,2,0.5903555640675405,0.8358811036227151
Placed,1,CSE,7.06,0,-2.4370945854213684,2.0192508594655596
Not Placed,0,Civil,7.17,0,-1.3518402434792747,-0.14267334188787392
Placed,1,ECE,7.65,1,0.6023713688649324,0.21469387793266959
Not Placed,0,Civil,7.32,3,1.4319557371603289,0.023107181290493203
Not Placed,0,ECE,8.21,2,-0.11086327836470461,1.281801601678242
Placed,1,CSE,8.27,3,3.6070430375762164,-1.9597316049841822
Not Placed,0,CSE,7.92,0,-1.9737662629698474,1.3234572621866325
Not Placed,0,Mechanical,8.12,2,1.1689795152670697,1.4171687302481117
Not Placed,0,CSE,7.8,1,-0.4503208056615861,-1.5280117971763514
Not Placed,0,ECE,5.0,0,-1.5924065702676449,-0.9160168007217091
Not Placed,0,IT,6.96,1,-0.7631665880059263,-1.0707668881173151
Not Placed,0,CSE,8.3,1,0.7044083511259535,-0.575478364235289
Placed,1,ENTC,6.99,3,2.3618485623970265,-2.013462833730205
Not Placed,0,Civil,8.43,0,-1.1131945504944625,0.21202993518155727
Not Placed,0,CSE,8.47,1,-0.1599711750849572,-1.0986095521028918
Placed,1,IT,7.47,1,-0.14037626769501074,0.14482123051313933
Not Placed,0,IT,7.2,2,-0.6075232850067376,1.0233697631971228
Not Placed,0,IT,7.71,0,-2.029377380874984,-0.5191673947000747
Placed,1,ENTC,7.66,3,1.5997242146755037,0.9801978692687572
Placed,1,CSE,8.23,2,0.9362163437595721,0.09273696158155068
Placed,1,CSE,5.71,1,-0.15173391919846577,-1.3594569802653127
Not Placed,0,ENTC,7.08,2,1.0013801925133652,0.24273719633551605
Not Placed,0,ENTC,6.84,1,-0.3736984264154436,-1.7305219788052113
Not Placed,0,CSE,5.56,1,-0.5231076914275792,-0.8861465198993985
Not Placed,0,Mechanical,7.28,0,-1.989615350145517,-0.18705019838648027
Not Placed,0,CSE,6.43,0,-1.8214610868220247,-1.661335452741991
Not Placed,0,CSE,7.37,2,0.575028261305152,1.9129483992177088
Placed,1,Mechanical,7.29,1,0.6359827213480208,-0.18936804482538036
Not Placed,0,IT,8.09,2,0.6211616787550279,0.8580344162073097
Not Placed,0,Civil,7.49,1,-0.1136556807742931,-0.8537524738800224
Not Placed,0,ECE,6.26,0,-2.378479923378118,-1.7521374362188578
Placed,1,Mechanical,7.99,3,1.383759117434715,-0.8925412264370046
Placed,1,IT,9.76,2,-0.70568929345271,1.1915217604595798
Placed,1,CSE,8.61,3,1.4464448056919739,0.4912535593209781
Placed,1,Mechanical,8.28,3,3.7192681116364206,-2.0362368332908907
Not Placed,0,ENTC,7.53,1,0.19202986612423048,-0.903750020456154
Not Placed,0,Mechanical,7.28,0,-1.4197170214765578,-1.0858705881397237
Not Placed,0,CSE,7.22,2,-0.06785359695389737,0.5119685039547831
Not Placed,0,ECE,7.9,0,-1.527068057819727,1.2088574651793003
Not Placed,0,CSE,6.73,0,-2.3047094903139387,-0.20733358147082528
Not Placed,0,CSE,7.89,1,-0.5985115896072156,-0.39767246710470433
Not Placed,0,CSE,7.14,0,-1.9092834806448942,1.2983562865101619
Placed,1,ECE,6.24,1,1.0007493086246706,-0.14561355973079182
Not Placed,0,CSE,7.12,0,-3.3644487626222963,-1.344671287201309
Placed,1,CSE,8.76,3,2.119779847560946,0.8404744927975074
Placed,1,ENTC,7.82,1,1.2121989008022702,-0.36592448710941133
Not Placed,0,Civil,5.0,0,-4.499876866994711,-2.335938865599437
Not Placed,0,CSE,7.13,2,-0.9073259268962528,0.9488039995472349
Not Placed,0,ENTC,8.47,2,0.5245874930091682,1.0018213305671142
Not Placed,0,Mechanical,7.45,1,0.4107145499348258,-2.1991476890889996
Not Placed,0,CSE,8.15,1,-0.05511218302552658,-0.08218564220856633
Placed,1,ECE,7.36,1,0.9222701203365444,-1.684272845234361
Placed,1,Civil,7.86,2,0.3772526925726847,1.0583579784544943
Not Placed,0,ENTC,7.73,2,0.6641544119909684,-0.11621412613620226
Not Placed,0,IT,7.15,1,1.1138766915569638,-2.6009577681646325
Placed,1,ECE,8.19,2,0.6653165212344418,0.5332087235191919
Not Placed,0,ENTC,9.0,1,-0.8866212093774904,-0.25712091125752295
Placed,1,ECE,8.03,2,0.3318598379834354,2.0240263221282353
Placed,1,IT,7.79,3,3.2408706800934364,-0.8498600339240165
Not Placed,0,IT,6.98,0,-1.8019865690148853,-0.525280513008899
Not Placed,0,ENTC,8.5,2,-1.9931788701538302,2.2022856459486557
Not Placed,0,CSE,7.27,0,-2.1434944130632116,-0.40419275830887647
Placed,1,Civil,8.18,1,0.6619556912000785,0.26641926597712273
Placed,1,CSE,8.35,3,1.290190937695917,-0.329095631845161
Placed,1,ENTC,8.54,3,2.8196730264181586,-0.2717575817637366
Placed,1,IT,8.56,2,0.7722221063234819,2.187445810558647
Not Placed,0,ENTC,8.52,1,0.8884383990694823,-1.6726908749295883
Not Placed,0,Mechanical,6.63,1,-0.35585365503288124,-1.5114336537592277
Not Placed,0,CSE,6.97,1,0.539389977486394,-0.776089332183283
Not Placed,0,CSE,6.53,2,-0.5877768632256783,-0.05942851891776053
Not Placed,0,Mechanical,6.48,0,-3.0360255947509054,-1.0072253855971252
Placed,1,ENTC,9.0,3,4.570830728335628,-0.18967988568512636
Placed,1,ECE,6.86,1,1.5911326458595798,-1.6134339099525477
Placed,1,CSE,6.74,1,-0.6594635207977452,-0.6628675278704825
Placed,1,Mechanical,7.65,3,2.5109360594797456,-2.4344544932187926
Not Placed,0,ENTC,7.07,3,1.911175496580708,-2.586698332072253
Placed,1,CSE,9.62,3,4.536091894088154,0.7500472999587682
Not Placed,0,CSE,7.47,0,-3.0722814215975376,0.8488241781782448
Not Placed,0,IT,8.08,0,-1.9745404543841325,0.5910833991178762
Placed,1,ENTC,7.04,2,0.3882843130228833,1.1525185619645346
Not Placed,0,ENTC,6.29,0,-2.9519164914934404,-0.5121242010266337
Not Placed,0,CSE,7.08,0,-1.7699347403858126,0.3858681926673796
Not Placed,0,CSE,7.09,2,0.30152354274108145,1.0123547415278489
Not Placed,0,CSE,7.08,2,-1.0686545342060199,1.515299829525633
Not Placed,0,IT,6.34,1,-0.513690873634823,-2.2559314956718435
Placed,1,Civil,7.82,3,1.3555546263124876,-0.5710338939394307
Not Placed,0,ENTC,7.41,0,-2.9576326205905157,-0.8870006829719795
Not Placed,0,CSE,6.39,1,-1.3733960128748859,-1.8745287331595957
Not Placed,0,IT,7.79,0,-1.9098920461123845,-1.1178127043691464
Not Placed,0,IT,8.35,3,1.4472588103618491,-0.10008976772114139
Not Placed,0,ECE,8.72,2,1.1809290632317342,1.1917825760385676
Not Placed,0,IT,5.64,1,-0.7664764016478215,-2.3190392505798454
Not Placed,0,CSE,7.08,0,-1.437274843639998,-0.1529201022546273
Not Placed,0,Civil,6.53,1,0.9858091729484069,-1.960239434872918
Not Placed,0,ECE,7.15,1,-0.35161046290882414,-0.38841526538991217
Not Placed,0,ENTC,8.88,2,-0.49085971278101187,1.2473562685720838
Not Placed,0,IT,7.08,1,0.14832009426432888,-0.38067478361626356
Not Placed,0,CSE,7.3,1,-1.5690770506980434,-2.4012743645866665
Not Placed,0,Mechanical,7.0,0,-3.145200431375458,0.5161488866563311
Not Placed,0,ENTC,9.08,1,1.0672826818959558,0.05736368608303021
Not Placed,0,ECE,5.75,0,-1.8981248465357003,-1.6540251509997728
Placed,1,ECE,7.23,2,0.5700960385163564,0.10046107525603815
Placed,1,CSE,6.96,3,1.3111308128619363,0.1256980195252178
Not Placed,0,ECE,6.24,0,-1.6434572341258857,-0.0028044422815575484
Not Placed,0,IT,8.64,2,0.4814871113611155,1.9055060147196559
Not Placed,0,IT,6.17,0,-3.16105604734474,-0.5180939346747725
Placed,1,CSE,7.31,3,1.2822013372166212,-0.4869557218077776
Not Placed,0,IT,7.63,1,0.4513492770244952,0.31190133663299835
Not Placed,0,CSE,7.06,0,-1.3762088916155164,0.543602582895218
Not Placed,0,IT,6.23,1,1.3299262616624177,-1.0743138139573751
Placed,1,CSE,7.56,1,0.7268262112108914,-0.6644392404198053
Placed,1,Mechanical,7.05,1,1.2931615622599384,-0.8914028641435507
Not Placed,0,Civil,8.39,2,0.06573951653604795,-0.4829291117071091
Not Placed,0,IT,8.14,3,1.9489139849926154,-0.5718566999760581
Not Placed,0,CSE,9.35,2,0.30609032573385725,0.8237936600400144
Not Placed,0,ENTC,7.79,0,-3.0355545086150926,1.0041101503437508
Placed,1,IT,8.2,3,2.7855243666917975,-1.287661864442612
Not Placed,0,ENTC,7.39,1,0.9951542561724217,-0.5072332526275067
Placed,1,IT,9.15,3,3.6308603194815166,2.5762949336713756
Placed,1,ECE,7.71,3,1.4465802902691662,-0.39480421956963097
Not Placed,0,CSE,7.61,1,1.5238889653119327,-2.1435808752143983
Placed,1,ENTC,8.16,3,2.4713731704113124,-1.756801726126035
Placed,1,CSE,7.15,1,0.6009561754356589,-0.8573882158580283
Placed,1,IT,7.28,1,-0.04100898943725228,-0.8773195957793598
Placed,1,CSE,8.16,2,1.550650314735421,1.5600778846370327
Placed,1,CSE,8.32,3,3.0359582679073434,-0.942349407402403
Placed,1,Civil,8.21,2,0.6482243647955988,1.6507144398475366
Not Placed,0,CSE,7.63,0,-1.6111016231600852,-0.4705989117010689
Not Placed,0,IT,7.93,0,-1.7599411126451725,0.5248126143127679
Placed,1,CSE,8.52,3,2.2512334571257213,0.42524850503489764
Placed,1,CSE,6.77,3,2.351994209062651,-1.9655851093416994
Not Placed,0,Mechanical,7.7,0,-1.3254616477156562,-0.40070622084409696
Not Placed,0,ENTC,5.23,0,-4.961002448217552,-2.2306020580824737
Placed,1,IT,8.33,2,0.6082447575775044,1.2573391924860657
Not Placed,0,ECE,7.03,0,-1.1325540556105123,-0.5983120273046997
Placed,1,ECE,7.06,2,-0.5220616732720973,0.8302548681935422
Not Placed,0,CSE,7.6,2,-1.3395166828456095,1.9702197079245523
Placed,1,ECE,8.23,3,1.5988772616989095,-0.7265510157845219
Placed,1,CSE,9.73,3,2.5080188679413076,0.5799928811337514
Placed,1,CSE,6.38,3,2.3706310648334328,-1.0046829540858595
Not Placed,0,CSE,6.98,1,0.9660112158227279,-2.2442318598953386
Not Placed,0,CSE,7.89,0,-1.6556534763752033,-0.019498174802684856
Not Placed,0,ECE,7.08,1,-0.613705271792024,-1.0584924703922636
Placed,1,CSE,8.41,3,2.103448265131112,-0.24767627912106593
Placed,1,ECE,7.56,3,1.9965270053486281,-1.21550544959417
Not Placed,0,CSE,8.45,0,-0.8324110060984459,0.1081855534237997
Not Placed,0,ECE,7.49,0,-1.510978097695055,0.910060332937146
Placed,1,CSE,8.16,2,0.541641695149599,0.3469537412016721
Not Placed,0,CSE,6.89,1,-1.145567252195918,-1.211198086134477
Not Placed,0,CSE,9.35,1,-0.0860541017911421,0.035435355540947726
Placed,1,CSE,6.26,1,-0.4875482312370146,-0.8272027801876635
Not Placed,0,IT,7.1,0,-3.730703405377754,-0.736977649930821
Not Placed,0,CSE,6.49,0,-3.2981766561152206,0.13820102524272163
Not Placed,0,IT,8.38,1,1.0031224306850866,-0.24469218113768998
Not Placed,0,CSE,8.16,2,1.0821122455467558,0.39809322722119084
Placed,1,CSE,6.66,1,1.0994423807992058,-3.03721878128536
Placed,1,ECE,8.55,3,2.539130187622364,0.9825379826806124
Not Placed,0,Civil,7.11,0,-2.618395923886054,0.3994817068367191
Not Placed,0,Mechanical,8.03,2,-0.8387328347131072,1.2463058534117117
Placed,1,Civil,8.23,3,1.8093493271492314,-1.5309294967168436
Not Placed,0,Civil,7.49,2,-0.47656909258938657,0.7281040256414517
Not Placed,0,IT,8.47,2,-1.4084633070707566,2.545270728691579
Placed,1,CSE,7.58,1,0.982401676398411,-0.6478094649113826
Placed,1,CSE,7.99,3,2.332442263599818,-0.5222600608461996
Not Placed,0,IT,7.47,0,-1.0844021394819439,-0.5783246836084991
Not Placed,0,ENTC,6.11,0,-1.888805701714105,0.6446588717584666
Not Placed,0,Mechanical,7.59,1,1.0283537448751006,-0.1096287051042511
Not Placed,0,ECE,6.96,0,-2.971817284844988,0.3563828739690959
Placed,1,Mechanical,8.88,3,1.7865941202112232,0.0754297811308907
Not Placed,0,ECE,6.54,2,-0.7273145879095764,0.3903485396260745
Placed,1,CSE,8.74,3,2.5911580772355975,-0.788246626878829
Not Placed,0,IT,7.55,0,-1.4280624445820937,1.0555838067216625
Not Placed,0,Civil,8.05,2,1.3179826140581397,1.1123076706087027
Placed,1,ECE,6.53,1,-0.7859587470601664,-1.8218156625908892
Placed,1,CSE,7.44,1,0.7728151010095408,-0.7207013795824375
Not Placed,0,IT,7.14,0,-2.7211617553144585,1.1499466161410252
Placed,1,ENTC,9.49,3,3.995995065299715,2.588560792693383
Not Placed,0,ENTC,7.11,1,0.6271725995536465,-0.19111643586475502
Placed,1,CSE,8.68,3,1.7552918911428552,0.9610637734546963
Placed,1,Civil,8.69,3,1.9278712793522301,1.274020028944085
Placed,1,CSE,8.67,3,2.676210403054136,0.6412426994424155
Not Placed,0,Civil,7.2,2,0.7589081563167677,0.49547025833162817
Not Placed,0,ECE,9.23,2,-1.2575560013148213,1.1555230119812647
Placed,1,ENTC,9.41,2,1.376933576323481,1.7302209579331422
Placed,1,Mechanical,8.01,3,3.526328275430832,0.1468073972323444
Not Placed,0,ENTC,7.3,2,-0.7995733612071191,0.4851289169889231
Not Placed,0,CSE,6.97,1,-1.127429758912394,-1.8029072900250351
Not Placed,0,Mechanical,8.1,0,-1.8617841584556392,1.3661235159572
Placed,1,CSE,7.76,1,0.6801825918540626,-1.8797210107331215
Placed,1,IT,7.86,1,0.6830162283396504,-0.19208699739041676
Placed,1,ECE,6.55,1,1.9931730731841781,-2.7721684879310287
Not Placed,0,CSE,7.73,1,0.5350186450721245,-1.3786283128723704
Placed,1,CSE,8.67,3,3.0217574967962277,-1.149983796257501
Not Placed,0,CSE,8.39,2,-1.1504628913416226,1.845902444951528
Not Placed,0,IT,7.35,2,0.022391202623779152,1.2974614415292982
Not Placed,0,IT,7.61,3,1.6546769073039684,-1.692945226057665
Placed,1,ENTC,6.45,2,1.5262113450707377,1.073241454649052
Not Placed,0,CSE,7.13,2,-0.12431957799105209,-0.019585870517773107
Not Placed,0,ECE,7.41,1,1.6450362284466624,-2.1645640683212872
Not Placed,0,CSE,8.24,1,-0.806921137039204,0.6372473901356309
Placed,1,CSE,7.1,1,0.8377407788001119,-0.7407794094545008
Not Placed,0,CSE,6.82,1,-0.10943918018818087,-2.1973991665242627
Not Placed,0,CSE,8.34,1,0.03986400781640166,-0.4440236527184129
Not Placed,0,Mechanical,7.34,0,-2.1903069738660683,0.9546966625711699
Placed,1,Civil,6.99,3,1.9147238180883133,0.08374463640587715
Placed,1,CSE,8.39,1,1.295899186724388,-0.7331086328344834
Not Placed,0,IT,8.09,1,0.655926153612238,-0.13530203142222708
Not Placed,0,ECE,7.52,2,-0.9231537563133941,0.4199924886176894
Not Placed,0,CSE,7.4,0,-1.9539192555100602,-0.5288760191199732
Not Placed,0,CSE,8.02,1,-0.4173135136136254,-1.2239224343493804
Not Placed,0,CSE,8.16,2,0.20517769060108865,0.044102155904857096
Placed,1,ECE,7.88,3,1.7839084371445864,-0.308519892764256
Placed,1,CSE,7.8,2,0.537391384632247,1.1670417169793337
Not Placed,0,Mechanical,7.18,0,-2.410451950965704,0.4413566563730525
Placed,1,CSE,7.24,2,-1.7765889781140387,2.4194720545874184
Placed,1,CSE,7.55,1,0.06728467265495354,-2.3811663362772344
Placed,1,Mechanical,6.88,3,2.1232197814799676,-0.18330836093017394
Not Placed,0,CSE,6.78,0,-1.7510243621905426,-0.6236568448456662
Placed,1,IT,7.62,0,-1.2332913721991425,0.6368641086523893
Not Placed,0,IT,8.54,3,1.6257775648977604,0.03519571721208392
Not Placed,0,ECE,5.94,0,-1.6007111774084928,0.30840660399506
Not Placed,0,CSE,7.37,2,0.3277348733496693,0.9042954557396974
Placed,1,CSE,7.93,3,2.3688323232774673,0.6076596556525716
Placed,1,IT,8.61,3,2.8850755242623016,-0.7767628061204019
Placed,1,IT,9.23,3,3.8195069603002003,-1.613264024179147
Not Placed,0,CSE,7.48,0,-1.7783254052679578,0.7998319061152718
Placed,1,CSE,9.38,3,3.7913719942030637,1.46707594750071
Placed,1,CSE,8.09,2,1.7982373855779847,1.4301806816277225
Placed,1,CSE,8.39,0,-1.5311445814164182,0.542218882685541
Not Placed,0,ENTC,6.79,0,-1.2807870864582103,-0.547065282073343
Not Placed,0,ECE,8.09,1,0.5649589829972728,-0.24801224288092025
Not Placed,0,ECE,8.47,0,-1.7683337705090638,0.44901465240964233
Not Placed,0,CSE,7.11,0,-2.230174184887863,-1.0678195239542656
Not Placed,0,IT,5.49,0,-2.844097597123433,-2.6109721214565984
Not Placed,0,ECE,7.83,2,0.12278093642604848,1.6610523407333408
Not Placed,0,IT,7.52,3,1.5620375281962489,-0.7950543815775227
Placed,1,ECE,8.84,3,2.5750236080708047,-0.033381925294589526
Not Placed,0,CSE,7.24,2,-1.8511241517972439,2.1690703543480954
Not Placed,0,ECE,7.1,0,-1.512572706023078,1.0208945531063616
Not Placed,0,Mechanical,6.7,1,0.2703649284098557,-2.2260415322157705
Placed,1,CSE,7.16,1,0.5344301633631522,-0.20176156516000174
Placed,1,IT,9.97,2,-0.7695644791199706,2.536542616253526
Not Placed,0,Mechanical,6.35,1,0.36077605536975554,-0.5354038881576517
Not Placed,0,CSE,6.57,2,-0.2800832353947423,0.4237831773534432
Placed,1,CSE,7.65,2,0.1778990837587408,0.9454466774148252
Placed,1,CSE,9.38,2,0.5451813764329051,0.630250689592442
Not Placed,0,CSE,8.33,3,2.6593100004970505,-0.579561419588663
Placed,1,CSE,9.02,1,2.0375668245152547,-1.2698788250360065
Not Placed,0,ENTC,7.37,1,-0.8940397858934216,-0.4175198406189813
Not Placed,0,ECE,6.52,0,-3.8302752196484953,0.1425385301260459
Not Placed,0,CSE,7.32,0,-1.5133115101326824,-1.3448322394538084
Placed,1,ENTC,7.59,2,-1.2380290160842855,1.5474808509323559
Placed,1,ENTC,7.71,2,0.924545726123035,1.357204789545741
Not Placed,0,IT,7.52,0,-1.7411945510831472,-0.2447350867453894
Placed,1,ECE,8.2,3,2.057767715887465,-0.21431531162175327
Not Placed,0,IT,7.09,3,2.1410667860782535,-1.9336073726112681
Not Placed,0,CSE,6.91,0,-1.506034132316206,-0.8206329372258696
Not Placed,0,ENTC,6.68,2,-1.6254110695483477,1.5972863343290635
Not Placed,0,ENTC,7.87,2,-0.17033990871520974,1.5817097827256874
Not Placed,0,Mechanical,7.79,1,-0.8944139350400048,-0.8464403556310491
Not Placed,0,CSE,8.63,3,2.714516225162764,-0.9520199088182761
Placed,1,IT,9.01,3,1.6699078518930268,0.4401006767052408
Not Placed,0,IT,6.67,1,-1.0062143705344913,-2.2410717605253367
Placed,1,CSE,7.72,2,-0.92389313348437,2.591476212437922
Not Placed,0,CSE,7.53,2,-0.7138761494786929,0.19415618729978826
Not Placed,0,CSE,6.39,0,-2.7160091959353565,-0.011496102814021386
Not Placed,0,ECE,7.25,0,-1.005462697869016,-0.41461908912669004
Placed,1,IT,9.03,3,2.7336128857688426,1.8381178143554227
Not Placed,0,IT,7.16,2,-1.6944613053269866,2.2538466630159637
Not Placed,0,IT,7.02,0,-1.5998602064277345,-1.4377152323821598
Not Placed,0,ENTC,7.66,2,-1.237490938657232,0.9199649161342229
Placed,1,CSE,8.47,3,2.3350013106080096,0.7965753963288758
Not Placed,0,IT,7.44,0,-3.029690193370958,-0.07535195175684556
Placed,1,CSE,7.81,1,0.7860373517664494,-0.28201321834786075
Not Placed,0,CSE,5.76,0,-2.477441777448352,-1.5412553254884813
Placed,1,CSE,8.19,3,2.7353413130778557,-0.1533910171277752
Not Placed,0,ENTC,7.89,2,-1.101546124204226,2.3657285838076705
Not Placed,0,CSE,8.45,2,-0.07332111201711032,0.9847414381727506
Not Placed,0,IT,6.11,1,-1.2672209740423197,-0.9679554531371677
Not Placed,0,CSE,7.44,2,0.5006506369253215,0.5897775867700517
Placed,1,IT,8.52,1,0.26850211794950346,-0.5039341982880318
Not Placed,0,Mechanical,7.23,0,-1.3954566765093546,-0.4874769409965483
Not Placed,0,ECE,7.74,1,-0.6645417217543576,-1.1733069422517284
Not Placed,0,CSE,7.35,3,2.1872949743219428,-1.0938913911734833
Placed,1,CSE,7.37,2,1.0057144762865025,0.7457277023950192
Not Placed,0,CSE,8.69,2,-1.33437577730572,1.4335275030633186
Placed,1,CSE,6.49,3,1.5514795604118998,-1.060142267340809
Placed,1,CSE,7.66,3,2.1233496963144693,-1.8626535411546288
Placed,1,ENTC,7.91,3,1.6214595995689807,-0.8677205858362198
Placed,1,ENTC,8.5,3,2.9159622704614216,-0.8796410806032626
Not Placed,0,CSE,7.6,1,1.4648835288217754,-3.2310423998195
Placed,1,ENTC,8.52,1,0.7913876531904911,-0.26089615310460207
Placed,1,IT,7.65,3,1.9730283029330906,0.2114952858368464
Placed,1,IT,7.8,1,1.3105015446945503,-1.1040717283993253
Placed,1,IT,7.77,2,0.20964141269754707,2.1952695470823236
Placed,1,CSE,8.26,3,2.616082454282082,-0.34823021019013506
Placed,1,CSE,8.16,1,0.8661501747011293,-0.4341251092072421
Not Placed,0,Mechanical,6.75,2,0.4155063077057014,0.31038242293800267
Placed,1,CSE,7.88,3,1.4398176496381963,0.5382631304360289
Not Placed,0,CSE,8.16,2,-0.41559294645034184,2.6910396430619277
Placed,1,IT,8.94,3,3.484064571350173,1.064299257774009
Not Placed,0,IT,6.84,2,-0.820419108118653,0.7088166959857153
Not Placed,0,IT,8.16,2,0.46338450967180744,0.9767184074528905
Not Placed,0,IT,7.4,1,0.6148215340882673,-1.7144813092524003
Not Placed,0,CSE,7.86,2,0.689411600804273,0.3398429070417652
Not Placed,0,IT,6.79,0,-2.364885780432225,-0.876309963754646
Not Placed,0,IT,7.69,2,-0.9100143481808218,1.6731034645265515
Not Placed,0,ECE,7.97,2,-0.5052855228994395,2.0597922231704286
Not Placed,0,Civil,6.88,2,-0.38652359093441285,0.7028904144199192
Not Placed,0,IT,8.93,3,3.081523251128631,-0.12167014306167107
Not Placed,0,ECE,6.39,0,-1.8362173983152947,-1.1429754252451747
Placed,1,ECE,8.16,2,0.009389994238211965,0.9043462773698265
Not Placed,0,ECE,5.64,0,-3.798998243097385,-1.6835550697094122
Not Placed,0,ECE,7.48,0,-2.4683738153658417,-0.20450816013139114
Placed,1,CSE,8.11,3,2.0133533698914823,-0.297003077077837
Not Placed,0,Mechanical,8.31,0,-1.7520290666863847,-0.2531741809788158
Placed,1,IT,7.61,2,0.06862730799644319,0.4049390613861849
Not Placed,0,CSE,7.49,1,0.9535813484995532,-1.2735836954542856
Not Placed,0,ECE,8.18,1,-0.018765526155055702,-0.2817679266103698
Placed,1,Mechanical,8.51,3,3.3352627925557807,-1.0641149720426657
Placed,1,CSE,8.87,2,-0.21110053078897498,2.3462605713206566
Not Placed,0,Civil,6.6,0,-2.5529235053660524,0.3812520778112064
Not Placed,0,ECE,7.53,0,-3.261404445192952,1.131583923644809
Not Placed,0,ECE,5.84,1,-0.4233453231274453,-1.9833061879837441
Not Placed,0,ENTC,6.54,0,-3.4416913807631517,0.5726597723946532
Placed,1,ENTC,7.1,3,1.79811874910641,-0.7239111946822244
Placed,1,CSE,8.44,3,3.4189813320202616,-0.3886162817927312
Not Placed,0,ENTC,7.29,1,-0.06052850645223444,-0.3535672784747136
Not Placed,0,IT,7.45,0,-1.1947810544188655,0.5087629073701084
Not Placed,0,Civil,7.96,0,-2.8376174393835543,0.2368377691878645
Not Placed,0,ENTC,7.13,1,-0.18900594473690915,-0.6718085703256282
Not Placed,0,ECE,6.0,0,-2.0995123589063303,-0.6981892374349508
Not Placed,0,IT,7.07,1,-0.11180865440259048,-0.9427729156024187
Not Placed,0,CSE,7.6,1,0.47519143833871663,-0.6062755514006928
Not Placed,0,CSE,8.1,2,-1.066241524383476,1.0531029547328017
Not Placed,0,CSE,7.52,2,-0.39584671009095646,0.6685142879323018
Placed,1,ECE,8.08,2,1.5220240852943623,1.7162908621204138
Placed,1,Mechanical,8.49,3,3.578223250053965,0.014789886928012086
Placed,1,ECE,8.65,3,2.405410672861603,0.2991482164151688
Not Placed,0,CSE,7.85,1,0.20585504013990163,-0.7600595606126989
Not Placed,0,Civil,6.73,0,-1.6296891200004122,0.8035757280779929
Not Placed,0,Mechanical,6.64,1,0.7011384686450279,-2.3054183697273274
Not Placed,0,ECE,6.72,1,-0.14508867096869066,-3.318975764517582
Not Placed,0,CSE,6.79,0,-2.780073511359946,1.1823789299479772
Not Placed,0,ECE,7.78,0,-2.2943086435560884,2.306326963973466
Placed,1,CSE,9.3,3,2.037754325737101,1.1893604029400888
Placed,1,IT,7.88,2,0.6097833978580736,1.5574067288370936
Not Placed,0,ECE,7.63,3,2.541358225087176,0.49504569552047817
Placed,1,ECE,8.52,2,-0.12575981735686284,1.7955268798474986
Placed,1,CSE,7.0,2,-0.9516262262257104,1.7547416113158998
Placed,1,Mechanical,8.59,2,-1.0982167874314723,1.8886142886930148
Placed,1,Mechanical,8.52,2,0.5373819679342661,1.5853741331455844
Not Placed,0,ECE,7.75,1,0.09978991893450914,-1.034664235016121
Not Placed,0,IT,9.48,2,-0.6938897788624607,0.9749569969263057
Placed,1,IT,8.65,3,4.305716406385184,-1.64498288886045
Not Placed,0,ECE,7.74,2,-1.9877291708681044,2.3134906732852953
Not Placed,0,ENTC,7.58,1,-1.153538632233649,-1.2380859254716614
Not Placed,0,CSE,7.33,2,-0.04983283754785652,1.2885868748996834
Not Placed,0,IT,7.59,1,0.3382837667713358,-0.9403702052723892
Not Placed,0,IT,7.61,0,-1.8308219257360439,1.6406611359900538
Not Placed,0,IT,7.43,0,-3.4705427487384632,0.521360380910082
Not Placed,0,ECE,7.52,2,-1.3442101016103658,2.1614220756150564
Placed,1,CSE,6.69,3,2.200566143754621,-0.5010001101893806
Placed,1,IT,7.22,0,-2.8031697931787303,0.8432613133463945
Not Placed,0,CSE,6.34,1,-0.000476568870391509,-1.365745804197042
Not Placed,0,Mechanical,8.05,2,0.24727364828916812,0.4970224292523059
Not Placed,0,CSE,7.77,1,0.7862479550609579,-0.0381912576579942
Placed,1,IT,7.6,3,1.8713658732441643,-0.1483192862403137
Placed,1,CSE,8.45,2,0.518078109086173,1.0417858255332761
Not Placed,0,Mechanical,6.97,1,0.2240611778699001,-2.2200101902915157
Not Placed,0,IT,7.1,0,-1.0854329570001526,-0.9118777999504436
Not Placed,0,IT,6.44,0,-3.2383349327020463,-0.4869894531334284
Placed,1,CSE,8.57,2,0.9610243714132777,0.6529893278419682
Not Placed,0,CSE,8.21,1,0.8955352297079203,-0.24190874958180542
Not Placed,0,Mechanical,8.83,0,-2.406815663166115,1.3181301997617598
Not Placed,0,ECE,9.05,2,0.53901602557869,0.7841341248066294
Not Placed,0,IT,7.34,1,-0.33740149070590103,-1.9901828874497909
Not Placed,0,Mechanical,7.1,1,-0.4390423661687047,-0.803061097354051
Placed,1,ECE,6.17,1,0.1913327064437576,-1.3083992211172868
Not Placed,0,CSE,6.77,1,0.272123576322842,-0.9462630918873602
Not Placed,0,CSE,7.42,0,-1.4192986043441673,0.45206340912975224
Not Placed,0,ECE,5.95,0,-2.686314050577266,0.0444526818727845
Not Placed,0,Mechanical,6.78,0,-3.870981661291674,0.06332638219564128
Placed,1,IT,7.63,3,2.028036105860983,0.18942415960864017
Placed,1,CSE,8.46,2,-0.08221609465341011,0.19914166920406745
Placed,1,Civil,7.09,3,1.624767325122002,0.8832347212182792
Placed,1,CSE,7.81,1,0.7272306578449181,-0.0319095087961338
Placed,1,IT,9.28,3,2.925222827027936,1.1148941355952233
Not Placed,0,IT,6.16,0,-2.477533147769057,0.19694712636150635
Placed,1,ECE,8.62,3,3.1780137378169186,0.7074670486033009
Not Placed,0,ECE,8.02,1,0.5370185663838343,-0.3003960924208428
Placed,1,IT,8.78,2,1.5218859645054572,2.2413575865090247
Not Placed,0,IT,8.52,2,-1.5609492620872698,1.6950106031517675
Not Placed,0,CSE,7.14,2,0.524124414777818,0.8568468109693844
Placed,1,ECE,7.7,2,1.338435681908488,1.6253134780542802
Placed,1,IT,6.46,1,-0.46276326779468974,-0.6192783413560816
Not Placed,0,CSE,7.26,2,-0.8246401640466773,1.21476131677174
Not Placed,0,CSE,7.72,0,-2.1738803370879087,0.5316121445524661
Not Placed,0,IT,7.96,2,0.10286844099782647,-0.07258536954459929
Placed,1,CSE,8.37,2,-1.3862261989936997,3.7030957675580427
Placed,1,Mechanical,9.05,2,1.084929711896548,1.2007762498812462
Not Placed,0,Mechanical,7.33,0,-2.4255695205961807,-1.4294583803645304
Placed,1,CSE,8.67,3,3.283177050925658,-3.094858610911422
Placed,1,Mechanical,7.93,3,3.1632298895905433,-1.8325892279235656
Not Placed,0,ECE,6.59,0,-3.213512452393606,0.49434277351066325
Placed,1,Civil,7.57,3,1.961027503387569,-0.7090833053976926
Not Placed,0,Civil,7.8,2,-0.8210096970558606,1.3569670033827
Not Placed,0,ECE,6.99,0,-1.6553328918915877,-0.166808326020088
Not Placed,0,CSE,6.82,0,-1.8572838651986936,-0.1740609568745209
Placed,1,IT,6.79,1,1.4660057608340835,-1.5727164136399128
Placed,1,CSE,7.24,2,0.3658399710763902,1.6572628572660888
Not Placed,0,CSE,6.97,2,-0.1404543488034088,0.07500452339408446
Placed,1,ECE,8.75,2,-1.2747407683905398,2.0122875289897415
Not Placed,0,IT,5.62,0,-3.899469029531529,-0.9815122496129318
Not Placed,0,ENTC,7.79,1,-0.6317840680269524,0.125492479319975
Not Placed,0,Civil,8.15,2,0.5530228996863444,0.5381824998744095
Not Placed,0,IT,6.88,1,-0.3079936042473461,-3.1897821162617332
Not Placed,0,ECE,7.5,0,-1.3025511079352519,0.7387556934747056
Placed,1,ENTC,7.41,3,2.7312550870005423,-1.3236892475708826
Not Placed,0,CSE,7.63,1,-1.1229400957181621,-1.0003749073883825
Not Placed,0,Civil,8.26,2,-0.47468997158448756,0.5104836001729287
Placed,1,CSE,8.19,3,1.8803013407183116,-0.008170487008749004
Placed,1,CSE,7.19,1,0.12988082254051092,-0.9780943445512462
Not Placed,0,CSE,6.42,0,-3.3277889143507338,0.03406465682630547
Placed,1,CSE,7.84,3,2.4877925575840445,-1.441325037111092
Placed,1,CSE,7.14,2,-1.0845903473788971,1.0713869609754938
Not Placed,0,ENTC,7.25,1,-0.9299395187127432,-0.442969553501034
Not Placed,0,ECE,7.89,2,-0.7114895454085288,1.076729057696888
Placed,1,CSE,7.33,2,-0.8508249428889517,0.3661975118391063
Not Placed,0,CSE,7.96,0,-2.409737188427226,0.929723552470755
Placed,1,CSE,9.84,3,2.7823123412388813,1.3191369596684834
Not Placed,0,CSE,8.28,1,-1.124758897242086,-0.44451120242446446
Placed,1,CSE,8.84,2,1.623342062779617,3.2068232077154293
Placed,1,CSE,8.13,3,2.383462287192648,-0.15216135933093095
Not Placed,0,ENTC,7.77,1,0.5821746885018787,-0.20782024892273607
Not Placed,0,Mechanical,8.15,2,0.23155940938555755,1.1678935441924223
Placed,1,CSE,8.11,3,3.691240099064536,-1.6584129685252338
Not Placed,0,ECE,8.43,2,-1.0580967866489854,2.5297619505971722
Not Placed,0,Civil,7.75,1,0.5870683522328612,-0.6536130938246877
Not Placed,0,IT,6.59,1,0.11968384054698133,-1.830335345837486
Placed,1,IT,6.45,3,1.4386427117812184,-1.1208799274668833
Not Placed,0,IT,8.09,0,-1.797344378620502,1.2371001818962932
Not Placed,0,CSE,6.74,0,-2.326001481824682,0.07522148613400176
Placed,1,CSE,8.28,3,2.5974440973994075,-0.6594105993085925
Placed,1,CSE,8.84,2,0.8972808045729767,1.9638274250983434
Not Placed,0,CSE,7.51,2,-0.3770814305158935,0.6364903173302195
Placed,1,IT,8.73,2,0.8245039838099044,1.0029542210773637
Not Placed,0,CSE,7.92,1,0.6771437145783451,-0.17627031852812147
Not Placed,0,IT,7.72,0,-2.266478455458256,1.9559814038239502
Not Placed,0,CSE,7.76,2,-0.5807209705153256,0.5718002003822478
Placed,1,CSE,6.99,2,0.26784596950089734,0.10878830155965195
Not Placed,0,IT,6.89,0,-1.2974540127606684,-0.3235247989250424
Not Placed,0,IT,6.3,0,-1.5769934485676111,-0.4810394046288846
Not Placed,0,ECE,7.08,0,-3.6532727083892214,-0.9714576307784545
Placed,1,CSE,9.52,3,2.0619466021531356,0.29330512911578477
Not Placed,0,ECE,6.43,1,0.30687520231302495,-1.8077343849408312
Placed,1,ENTC,6.7,1,0.6673482342388991,-1.1267087957023425
Placed,1,CSE,7.02,2,1.1998414843349716,1.2161139118285964
Not Placed,0,IT,7.06,1,-0.7818629227350646,-0.9664800565689206
Placed,1,ECE,7.93,2,-0.2928673871089048,1.3974061172909709
Not Placed,0,IT,7.18,1,-0.6541038212187541,0.17422182195638725
Not Placed,0,ENTC,7.53,1,0.12669125932968875,-0.7282728520058062
Not Placed,0,ENTC,6.98,0,-1.9391733478944702,-1.6593084444752917
Placed,1,CSE,7.3,3,2.832432578469143,-2.4286678313597014
Not Placed,0,CSE,7.65,0,-2.7030442604006164,1.028669709283127
Not Placed,0,ECE,7.59,2,-0.09349247337138288,0.565977449812923
Placed,1,CSE,9.38,2,1.3453883079836255,1.8928260593961246
Not Placed,0,IT,7.68,1,1.4290672027541396,-0.5520116520244371
Placed,1,ENTC,7.52,3,2.013888978327762,0.00819108524335573
Not Placed,0,CSE,5.58,0,-4.40592707857516,-1.7866132134230275
Placed,1,Mechanical,7.9,2,-0.9719547779636825,1.2784849316056606
Not Placed,0,ENTC,6.02,0,-3.0173291683020156,-0.26217221762461873
Not Placed,0,CSE,8.17,3,1.6683289482870327,-0.1687008818169769
Placed,1,CSE,7.82,1,0.5906238005853365,0.03790289431123596
Not Placed,0,CSE,8.38,2,-1.3417868434861882,1.7753172208477908
Not Placed,0,ENTC,7.16,1,-0.9665132570236931,-1.5739209136044414
Not Placed,0,IT,7.72,3,1.2267461141451574,0.06447190563386149
Not Placed,0,CSE,8.27,1,-0.2076993684877904,0.009283352050888117
Not Placed,0,ECE,6.91,1,-0.6587184529263376,-2.011323444059832
Not Placed,0,IT,8.22,1,0.45196712266742517,-1.1139175957475167
Placed,1,IT,8.18,1,0.911758472400469,-0.6046456819278488
Placed,1,ENTC,7.59,3,1.555899557589572,0.8739648436617722
Placed,1,CSE,9.04,3,3.796370370528647,-0.4446128285147246
Not Placed,0,CSE,8.14,1,-0.3859806246740969,-0.13117452512693534
Not Placed,0,CSE,6.28,1,-1.649066683529232,-2.1293445465304255
Placed,1,CSE,8.54,3,1.6174650962469357,-0.135349646076463
Not Placed,0,CSE,7.14,0,-0.9013940449849682,-0.019105690205032836
Placed,1,CSE,8.38,3,2.6628396014407616,0.5961785574581412
Placed,1,Civil,7.95,3,2.0184916668816246,0.41795570275527544
Not Placed,0,IT,5.45,0,-1.4007712184982908,-0.817313768320319
Not Placed,0,CSE,8.21,1,1.2020734212708264,-0.2080121671010907
Not Placed,0,Mechanical,7.51,2,1.0555371706837235,1.7849577826307788
Not Placed,0,IT,7.31,2,0.4952025376838024,-3.5640022894212944e-05
Not Placed,0,Civil,7.34,1,0.2452383431392955,-1.9048962269167145
Placed,1,CSE,8.37,3,3.6362846522081584,0.5858693488040749
Not Placed,0,IT,6.92,0,-3.0146968720765295,2.2008046930338243
Placed,1,IT,8.65,3,2.610536860597527,-0.22697023140299447
Not Placed,0,CSE,6.41,1,0.39566216403930926,-1.4759135215857915
Placed,1,Mechanical,7.95,3,3.7720372721052424,-1.6100350269522115
Not Placed,0,Civil,8.36,1,-1.2460832044807229,-1.5708337111315491
Placed,1,CSE,8.34,1,0.9995811393562741,-0.04611696396375245
Not Placed,0,IT,7.86,1,-0.32004598730974265,0.13608511104876633
Placed,1,CSE,7.52,3,4.106514826589602,-0.9050927059113747
Not Placed,0,CSE,7.23,0,-3.1212350121699965,-2.0407360650529496
Not Placed,0,CSE,6.66,0,-2.375873034107167,0.10636688993088121
Not Placed,0,IT,7.12,0,-3.1498153899077264,0.275609445176485
Not Placed,0,CSE,6.88,0,-3.824433300697304,-0.2222018284593294
Placed,1,CSE,6.74,2,0.042969287162503644,1.8493447097389535
Placed,1,ECE,9.23,2,1.5477315534931915,1.542064964201603
Not Placed,0,CSE,6.24,0,-1.7310467775564449,0.04540575642594126
Placed,1,IT,8.66,3,2.4718053413529115,0.4437144014728301
Not Placed,0,IT,6.65,1,0.520515491631263,-1.5194785237553996
Not Placed,0,ECE,6.83,0,-3.1589938911922824,-2.261960061192942
Not Placed,0,ECE,6.82,2,-0.09965583115978893,0.1827216832424865
Not Placed,0,IT,6.76,0,-1.4466085252540688,0.12699831197905623
Not Placed,0,Mechanical,8.48,2,-0.03921733697346328,-0.06753875099996638
Placed,1,ECE,8.2,3,3.4580441162984252,0.486201093778477
Not Placed,0,IT,7.5,1,0.6142175295779236,-0.43736450212780176
Placed,1,CSE,10.0,3,5.084475400942437,1.0738067206571469
Not Placed,0,Civil,7.69,1,-0.6567995825966864,-0.467771595108807
Not Placed,0,CSE,7.75,0,-1.673753146787233,-0.28351711156591874
Not Placed,0,CSE,7.12,1,0.20113395018161295,-1.9298203993948673
Not Placed,0,CSE,7.02,2,0.8081626658544967,0.507439085032436
Not Placed,0,IT,7.25,2,-1.1436968923652513,0.8041938699915159
Placed,1,ENTC,8.42,2,0.6852205492601419,1.1115765931019643
Not Placed,0,ENTC,8.19,3,0.9904610546688778,-0.08992898941559227
Placed,1,ENTC,8.8,1,0.5026115417764969,-1.036102137849146
Not Placed,0,ECE,7.09,1,-0.9567138739498048,-1.268110807605194
Placed,1,ECE,8.2,2,-0.9387140003308665,1.4545476384067846
Not Placed,0,CSE,7.96,3,2.8383586488724903,-1.37823715276604
Not Placed,0,Mechanical,8.07,1,-0.8635583182803989,-1.141946201316294
Not Placed,0,IT,6.97,1,1.0595806715784108,-2.3959117005687727
Not Placed,0,CSE,6.82,0,-3.1910994237238186,1.1682044146631
Placed,1,Civil,8.16,2,-1.0426505846320782,1.6035210927970995
Not Placed,0,Civil,8.44,3,2.113286690071773,-0.7170903317774514
Not Placed,0,CSE,7.17,1,-0.8048993453114842,-1.031738171738217
Placed,1,CSE,8.22,3,2.5862856818448505,-0.8844190830783525
Placed,1,IT,8.72,2,2.1719379490772273,2.792952574911416
Placed,1,ECE,7.39,2,0.8321809759784565,1.216216117042353
Not Placed,0,IT,6.48,0,-3.044924175078032,-0.8270042928210563
Not Placed,0,CSE,6.58,1,0.6970410848838431,-1.2453129708453279
Not Placed,0,CSE,7.12,2,-0.625490615301834,1.0854881868533808
Placed,1,Mechanical,7.32,1,0.6093642620829446,-1.9843594417018384
Placed,1,Civil,7.67,3,1.8732349720519594,-0.39934570169474415
Placed,1,Civil,7.69,1,0.16330777669104224,0.45006251105214673
Not Placed,0,ENTC,7.47,1,-0.6905854676881255,-0.08072430860222712
Not Placed,0,CSE,8.28,2,-0.37711657239763285,0.8731400895792168
Placed,1,IT,7.05,3,2.3324620381119856,-2.93245257654426
Placed,1,CSE,8.77,2,1.3514360420986244,0.9524509442646838
Not Placed,0,CSE,8.5,2,1.0239154340437988,0.6949700086100615
Not Placed,0,ECE,8.44,2,-0.4943911015935528,0.7975160323295037
Not Placed,0,CSE,7.14,0,-1.661470424745503,0.024910733297047738
Not Placed,0,Mechanical,7.6,1,-1.062520069991625,-0.8370117848999803
Placed,1,CSE,8.31,3,1.814737268618812,0.80182894787491
Not Placed,0,CSE,7.53,1,-0.45109159022474427,-0.8307503568631122
Not Placed,0,ENTC,7.11,1,-0.7825823063510379,-0.1557174769597926
Not Placed,0,ECE,7.07,1,0.5592074191001689,-1.1610198117643111
Not Placed,0,CSE,7.11,1,0.049628331803535826,-1.2045914102984243
Not Placed,0,ECE,6.71,0,-1.6457919830050403,1.1938851044513743
Not Placed,0,CSE,10.0,3,4.443189045892288,-2.125268318445374
Not Placed,0,IT,6.04,0,-3.266665253973702,-0.9716912594037194
Placed,1,CSE,6.87,1,-1.0859301994623853,-1.7786768827327324
Placed,1,Mechanical,8.21,2,1.4100381868107141,1.0337883591638717
Not Placed,0,IT,7.12,0,-3.827256123023822,-0.9196120492599645
Not Placed,0,CSE,7.4,0,-1.0980306261731485,-0.46895117366598915
Not Placed,0,CSE,8.04,2,-0.7570865965865509,1.0185592151115972
Placed,1,CSE,8.58,2,-0.09898312314842621,1.992090082059166
Not Placed,0,Civil,7.47,2,0.411786926709858,0.3260046361877637
Not Placed,0,CSE,8.48,2,0.7432169538721384,0.2594791743337695
Not Placed,0,ENTC,6.26,2,-0.6442007372488218,0.603649108791238
Not Placed,0,ENTC,7.18,0,-1.177586759463884,-1.0962493687167736
Placed,1,CSE,8.12,1,0.8431631535345359,0.24640190713086085
Placed,1,ENTC,9.38,3,4.213946739992584,-1.1489848461369347
Not Placed,0,Civil,6.88,2,-0.2886336407883531,0.29753158570341365
Not Placed,0,Civil,6.73,0,-4.161595238729068,-0.18521178298530155
Not Placed,0,ECE,7.99,2,-1.1124255770294345,0.8509904170843584
Placed,1,IT,7.75,3,1.5795204803124419,-0.7486552628729469
Not Placed,0,IT,7.09,1,-0.7672287401385067,-0.3186183988689746
Not Placed,0,CSE,6.67,0,-1.7117573049131942,1.1145357770723414
Not Placed,0,ECE,7.26,1,0.025334551895664914,-1.5194267184901047
Not Placed,0,CSE,8.14,3,2.0312338558736296,-2.570356265709507
Not Placed,0,ECE,7.42,2,-0.23325105513002728,1.2986458978864388
Placed,1,ENTC,8.7,1,0.741988785645874,-0.7562887251580628
Placed,1,IT,7.58,3,1.9136306689912495,-0.202849106228553
Placed,1,Mechanical,8.21,3,4.564179118500974,-0.7049060456706113
Not Placed,0,IT,7.94,2,1.4276699820915826,1.1686835464105567
Placed,1,CSE,7.36,2,0.29072391236197503,0.20575475835547485
Not Placed,0,ENTC,8.41,2,0.8895421436094376,0.5682964408692118
Not Placed,0,IT,6.67,0,-2.666477935969374,0.3125009489329714
Not Placed,0,CSE,7.23,0,-2.2157741246616416,-0.31449705007485446
Not Placed,0,Civil,7.35,1,0.045905649986961804,-2.2372790155533573
Placed,1,Mechanical,8.02,3,2.3024004032430128,-2.1713134429556393
Not Placed,0,ENTC,8.24,2,0.26694485653884403,1.862220958743977
Not Placed,0,IT,7.01,0,-1.636450218137185,-1.3576903797911795
Not Placed,0,CSE,6.89,2,-0.4971485483027549,0.691855562632128
Placed,1,CSE,7.77,3,2.912506398837307,-2.2323194090943868
Not Placed,0,IT,6.39,0,-2.639739020320633,-0.9793716098108239
Placed,1,Civil,8.56,2,0.7006950951150805,0.5741682237019337
Placed,1,IT,7.51,2,-0.8154584531286712,0.8072411815803959
Not Placed,0,ENTC,6.71,0,-1.3629418034825835,-0.6428610552162605
Not Placed,0,IT,6.69,0,-1.0880629682244498,-0.7710393413035509
Placed,1,CSE,7.97,3,2.023198666491173,-0.1019164644466559
Placed,1,IT,7.94,1,0.4992236762996788,-0.8348232684765247
Placed,1,IT,7.05,2,-0.04130244777998832,0.8783192119508565
Not Placed,0,CSE,7.6,1,-0.08405049219274444,-1.634142896328944
Not Placed,0,Mechanical,6.74,0,-1.7878866946818113,1.8259682062293963
Not Placed,0,ECE,7.48,2,-1.7771779490568107,1.548902826230229
Placed,1,ECE,8.95,2,0.9117983849049592,2.261574961177796
Placed,1,CSE,9.51,3,3.7906774223964637,0.15881376580027942
Not Placed,0,ECE,7.52,3,1.5386562793303473,-0.5491430385245225
Not Placed,0,ECE,8.07,0,-1.5629532778076554,0.8504183819565676
Placed,1,CSE,8.03,3,2.5724539819464916,0.4134603196517286
Not Placed,0,ECE,6.24,0,-3.861631552993811,-0.8542396652589384
Placed,1,Mechanical,6.72,1,0.38915871432675664,-0.8484351686694522
Not Placed,0,Civil,5.73,0,-3.135830678475102,-1.0708208947357505
Not Placed,0,Civil,8.08,0,-2.475662241875849,1.4703769989629598
Not Placed,0,CSE,9.35,2,-0.0858623571442093,0.7259220825041262
Placed,1,IT,8.61,2,-0.8040361038467684,1.2117915157845836
Placed,1,CSE,7.74,1,-0.08532355891203716,-0.665929321526445
Not Placed,0,IT,7.62,1,-0.7831143394311656,-0.650189180202586
Not Placed,0,CSE,7.4,1,-0.29963815017428136,-0.018729562136337197
Placed,1,CSE,8.6,2,0.5700649511425827,0.7641480955984636
Placed,1,ECE,7.88,3,1.2595471125284343,-0.3440296726167061
Placed,1,CSE,7.75,2,-0.7293050243756946,1.2293212570250798
Not Placed,0,ECE,6.76,1,-1.4605817807631132,-2.3388696926160155
Placed,1,Civil,8.21,3,3.9122934528750553,-2.7297330458564417
Placed,1,IT,7.57,3,1.269826782736444,-0.07445603203955586
Placed,1,IT,8.04,2,1.6361987131786313,2.983082523482371
Not Placed,0,ECE,8.55,2,-0.374697862222274,0.2672824344110001
Placed,1,CSE,6.31,1,1.4926761174929157,-3.4532699860406595
Not Placed,0,CSE,7.45,2,-1.3476971374596174,1.7583715213627424
Not Placed,0,Mechanical,7.33,2,-0.20625049568933793,1.1737060635169625
Not Placed,0,IT,7.25,0,-3.679954224829538,-0.2870056952171455
Not Placed,0,CSE,6.75,0,-2.0081709662052902,-0.49655504184124977
Placed,1,Civil,7.08,2,0.5075793905085977,0.43359035632532134
Not Placed,0,CSE,6.77,0,-1.359966502534923,0.11509587494304792
Placed,1,CSE,8.4,3,3.484615145585356,1.7355539009062813
Placed,1,IT,8.02,2,1.2175819648204105,0.9648457352175076
Placed,1,CSE,7.96,2,1.7094199847069598,1.4283033794959337
Not Placed,0,IT,6.06,1,-0.08594379893063242,-1.6364941319595119
Not Placed,0,CSE,9.36,0,-1.1560799743216155,0.5348682102740295
Not Placed,0,ECE,7.35,1,0.4541633758109389,-0.3962486890259925
Placed,1,Civil,9.18,3,1.513062524396646,0.5900280164850558
Not Placed,0,ECE,8.34,2,0.4397811901418842,0.49679166852324713
Placed,1,IT,7.5,2,-0.9324960059065414,1.6578424409203023
Placed,1,ENTC,9.44,3,3.229364980472238,0.43573854894571845
Placed,1,CSE,8.18,3,2.3246807451306086,0.852069548151157
Not Placed,0,ECE,7.51,1,1.32910933860535,-1.4011574055380456
Not Placed,0,CSE,7.37,2,-1.4373793487483537,3.574989199783715
Placed,1,ENTC,8.58,1,1.6189580799590748,-1.201330562212261
Not Placed,0,Mechanical,7.24,1,0.19206646967398752,-0.7603447127976485
Not Placed,0,IT,7.38,0,-0.9859836296167076,0.36864975479965295
Not Placed,0,CSE,7.19,1,0.409311393218701,-1.4233472439132084
Not Placed,0,CSE,7.06,1,0.1822008802347789,-0.563305531430009
Not Placed,0,CSE,7.11,0,-2.076257398721363,0.47198181338427947
Placed,1,CSE,9.21,3,3.1585508513508276,1.701174794171429
Not Placed,0,ECE,8.56,0,-2.3050412811715715,1.047435520581033
Not Placed,0,CSE,7.9,3,1.576032494226613,-0.21337149349459303
Not Placed,0,IT,7.23,0,-1.9665664212337648,0.2631159325424534
Not Placed,0,ENTC,7.23,0,-3.012439128090242,1.0881831515580986
Not Placed,0,ECE,7.39,0,-2.677137802606742,1.3624107822605294
Placed,1,CSE,9.22,3,1.8911461348075944,-1.6080406810886454
Not Placed,0,Civil,7.95,2,0.5198161324434143,0.19753857696880978
Not Placed,0,Mechanical,8.34,2,-0.2661969705591914,0.616803828678679
Placed,1,Civil,7.87,1,0.289814635189675,-0.39150016579508196
Not Placed,0,CSE,6.95,1,-1.6813104859348607,-2.4922906196689376
Placed,1,CSE,7.79,1,0.9155787326273768,-1.4254783478593847
Not Placed,0,IT,6.79,0,-1.1543001471156185,-0.04953551025845732
Not Placed,0,Civil,8.72,1,-0.7062548854209221,-1.0881049469909043
Not Placed,0,Mechanical,7.06,2,-0.9139827409205651,0.5410493282612585
Not Placed,0,ENTC,7.21,1,-1.037991539883708,-0.8585199753578622
Not Placed,0,CSE,8.39,1,0.5196099607937753,-1.8330371519389017
Placed,1,CSE,7.11,2,-1.094504667672146,1.447559221537163
Not Placed,0,ECE,7.51,0,-1.9529129777533145,-1.9233541828448646
Not Placed,0,IT,5.46,0,-2.319644413211007,-0.33314526586753385
Placed,1,CSE,7.43,1,-0.3487221141887585,-0.18073331988115582
Not Placed,0,ECE,8.21,2,-0.9823669477333509,0.9066014730196389
Placed,1,ENTC,7.17,0,-1.7743022099307635,1.4127017760518046
Not Placed,0,CSE,8.18,2,0.9070222203760626,1.1229546327329538
Placed,1,ENTC,7.69,2,1.3746557423246542,1.0033478586623095
Not Placed,0,IT,8.62,3,2.2758200954403676,-0.022121307105794574
Not Placed,0,CSE,7.08,0,-2.3864157534155894,0.8794300999623661
Placed,1,IT,7.49,2,0.34109260147770204,0.5708576402569446
Not Placed,0,CSE,6.45,1,-0.6971037475956106,-2.2160902126109696
Not Placed,0,CSE,7.62,0,-1.2608975601361034,-0.5825040445256598
Not Placed,0,CSE,7.34,0,-1.5612793527816136,-0.39999992601567597
Placed,1,CSE,8.52,3,2.5339265003943834,0.062154185475683514
Placed,1,CSE,7.17,2,1.5883840419779922,1.6405341850311348
Not Placed,0,CSE,7.34,0,-2.3894596542341286,-0.7934197905302192
Placed,1,ENTC,7.13,1,-0.9890819179703189,-1.3533422341576131
Not Placed,0,IT,7.72,0,-1.7309626339077395,0.681379873425351
Placed,1,CSE,9.39,3,2.235159858713099,0.7531437118225685
Not Placed,0,IT,5.0,0,-3.564721967582646,0.4299660675828408
Not Placed,0,IT,7.66,0,-1.111488589534252,0.4272656144659943
Not Placed,0,ECE,8.7,0,-1.918766550524295,-0.01164646882814242
Not Placed,0,Mechanical,7.26,3,1.6969797972668303,-1.967876881905464
Placed,1,CSE,8.15,2,0.0867322388451373,0.4269421045065797
Placed,1,CSE,8.7,3,5.882733481313869,-0.010264120825216386
Placed,1,IT,7.47,3,3.451873226112453,-0.67330826180538
Not Placed,0,IT,7.15,1,0.501459694377554,-1.2333728168782196
Not Placed,0,Mechanical,8.5,0,-2.2368544274448463,0.5437937740824743
Not Placed,0,CSE,8.12,2,0.22398492238683773,0.4361796805236394
Not Placed,0,ECE,7.65,0,-2.725603487923379,0.7989962992414119
Not Placed,0,Mechanical,8.22,1,-0.16685519613801753,-0.21250742967886677
Placed,1,ECE,8.52,2,0.6092905912848492,0.9218575914024019
Placed,1,IT,7.65,3,2.8158998328241647,-0.44668622551704124
Not Placed,0,ECE,7.96,0,-1.426700867483107,1.089775401979584
Not Placed,0,ENTC,8.14,1,1.0905228747751743,-2.129690717773662
Not Placed,0,CSE,7.31,2,-0.07959484072729911,0.3410308551851816
Placed,1,ECE,8.71,2,-0.05820487349598071,0.43024672688342597
Not Placed,0,CSE,6.82,1,-0.4621925533242543,-2.130045228848234
Not Placed,0,CSE,7.59,1,0.14367831057585567,-1.7625183137524316
Placed,1,ECE,8.35,3,2.5256208500611694,0.4930428209852284
Not Placed,0,CSE,6.8,1,-0.0006459090616774093,-0.9650019597937837
Not Placed,0,CSE,8.44,1,0.7497115531468769,-1.7337464425060711
Placed,1,CSE,7.86,0,-1.130764284630142,-0.013447297460998887
Placed,1,ECE,8.83,1,0.22954166560389272,-0.37340628593636477
Not Placed,0,Mechanical,8.22,0,-1.2672505425494265,0.6003933581128547
Not Placed,0,ECE,7.56,2,-0.22416771325957177,0.9113143198063405
Not Placed,0,ECE,7.9,3,1.4923709436536217,-0.8055216684760086
Placed,1,CSE,7.93,2,-1.2713934508550049,0.9450453235119497
Placed,1,ECE,9.42,3,3.047512719271287,-0.5304485697920449
Not Placed,0,IT,7.77,1,-0.06465412574176893,-0.20773482574459382
Not Placed,0,CSE,7.58,2,-0.07248217603253221,1.1202070263382122
Not Placed,0,ECE,7.53,1,-0.28959885181158235,-0.705595904093119
Not Placed,0,IT,7.86,1,0.02526817904880283,-0.7125615071669471
Not Placed,0,Mechanical,6.74,0,-2.795752859163314,1.029594925930317
Not Placed,0,CSE,7.37,2,-0.4992432524894328,1.0455011465983983
Not Placed,0,ECE,6.84,0,-2.5374443733048766,-0.30109960308019296
Not Placed,0,CSE,6.95,2,-1.2173095570301506,0.971108318839869
Placed,1,ENTC,8.38,3,1.4830474612612434,-0.3540603715914225
Placed,1,ECE,7.72,1,-0.8037971035464319,-0.4206758852270519
Not Placed,0,IT,7.07,0,-2.211647865502684,0.07801404074321738
Placed,1,Mechanical,7.57,1,0.5603756020482983,-1.050556795604676
Not Placed,0,ECE,7.49,0,-1.8348309523339401,0.6692714991553472
Placed,1,CSE,7.74,3,2.7438673553485406,-1.1243608151071212
Placed,1,ECE,6.42,3,2.8908277959027537,-1.381617405181618
Not Placed,0,CSE,6.77,0,-2.6062645879494837,-0.1296919765055639
Placed,1,ENTC,6.47,2,-0.16700273415072853,0.46621351121389454
Not Placed,0,CSE,6.94,1,0.9682937017218904,-0.9842753919604277
Not Placed,0,ENTC,7.09,2,-0.9029107061240924,0.5801961487895997
Not Placed,0,CSE,6.82,0,-2.3036475036719453,-1.2829451534069047
Not Placed,0,ENTC,8.35,1,-0.7729473140699303,0.18888191489082462
Placed,1,Mechanical,9.26,3,3.2942358757390267,0.010359373080114472
Not Placed,0,Civil,8.4,3,1.986092343843952,-1.4918225796158846
Not Placed,0,ENTC,7.22,2,-0.18194330709539633,1.4755683244897464
Not Placed,0,ECE,7.88,1,0.8321384481150426,-2.2079718754209354
Placed,1,CSE,7.64,0,-2.089278978715805,0.5066551551570184
Not Placed,0,IT,7.18,1,-0.10735029876614711,-0.3902795551516955
Not Placed,0,CSE,8.83,2,-0.3158081500464914,0.4273011678063169
Placed,1,CSE,9.41,2,1.3188307410997788,0.7998214035188207
Not Placed,0,IT,6.45,0,-2.225450558756709,-2.42960431639352
Not Placed,0,ECE,8.92,2,0.43082698154498833,2.317412226935732
Not Placed,0,IT,7.2,1,-0.04474713452533997,-0.6495979906439396
Not Placed,0,ECE,7.48,0,-2.164683309921817,0.5808614143734465
Placed,1,CSE,7.94,3,1.4743820359954443,0.553080540568471
Placed,1,Mechanical,9.02,3,2.238909960963256,0.5814536659691187
Not Placed,0,CSE,7.94,2,0.9799671759749548,0.2547773556019208
Placed,1,IT,8.05,2,0.19947240518201356,0.8587154181626329
Placed,1,CSE,8.43,3,2.0999732032642733,1.0581966250491435
Placed,1,CSE,8.56,3,2.679560617369162,0.9153033615594439
Placed,1,IT,8.13,2,-0.04630889676150916,0.7261853687846003
Not Placed,0,ECE,8.56,2,0.47010371244863136,0.6939363619933624
Not Placed,0,Mechanical,7.19,0,-1.5728699047358794,0.2703218459766928
Not Placed,0,ENTC,6.23,1,-0.7014243410027311,-0.836739315780911
Not Placed,0,IT,9.25,2,-0.28814278263315496,0.2830283270313838
Not Placed,0,CSE,6.82,1,-1.1534938606852252,-0.5206537288206081
Not Placed,0,CSE,7.25,2,-0.7541817077667262,0.018437468379571345
Not Placed,0,ECE,7.42,1,1.35537632119249,-0.11245167885525437
Not Placed,0,Civil,7.27,2,-1.0617827612471606,1.236790154764459
Not Placed,0,IT,7.08,2,0.12393072101569723,-0.17678039359661835
Not Placed,0,CSE,8.09,2,-0.29161132080269747,1.0030686597153753
Not Placed,0,Civil,8.1,2,-0.8437232605987903,3.265338578316132
Placed,1,IT,8.23,2,-0.2971080826314466,0.5266113146935372
Not Placed,0,Civil,8.17,1,1.2674122897092657,-0.9740663289671951
Not Placed,0,CSE,7.35,1,0.3578135952296672,-2.657506011994167
Not Placed,0,ECE,7.34,0,-1.635124789946773,-0.6746726790930632
Not Placed,0,CSE,8.65,3,1.9107897219870158,-1.0365549870769681
Not Placed,0,ENTC,7.26,1,1.3761278173928484,-1.6078311426755256
Not Placed,0,Mechanical,7.24,0,-1.7620160861041971,-0.21598914739605787
Placed,1,IT,8.49,3,1.9328458158472468,1.7666314281394329
Not Placed,0,ENTC,7.68,1,1.264797892290622,-0.09771727611282749
Not Placed,0,IT,7.27,1,0.511200687505482,-1.1554772393830846
Not Placed,0,CSE,7.28,1,0.0754668679688367,-1.9862323388244547
Placed,1,CSE,8.66,3,2.793890597191312,-0.4884674844110846
Placed,1,ECE,8.2,3,3.7507077528219708,-0.8561427770838297
Not Placed,0,CSE,7.9,1,0.32872926086439513,-1.5476671283993189
Not Placed,0,CSE,6.71,0,-1.6197760653655182,-0.24021440915128792
Placed,1,IT,7.9,3,1.648243203630853,0.015762450318725973
Not Placed,0,CSE,7.52,0,-1.0302461851689906,0.5205052778965256
Not Placed,0,IT,6.92,0,-2.0472636848435375,-1.2005715690131824
Not Placed,0,CSE,7.19,0,-2.489181492048358,1.9294848361474455
Placed,1,ENTC,8.29,3,3.3983499008454356,1.406869085576718
Placed,1,CSE,8.76,3,2.6742091230532123,1.1276045563986874
Not Placed,0,Mechanical,6.8,0,-3.7510676760176724,0.7744789729389487
Not Placed,0,CSE,6.91,0,-1.250909363050671,0.8764663382494113
Not Placed,0,CSE,8.29,2,0.7507846629040741,1.628346199263042
Placed,1,IT,7.35,1,0.663537310100307,-0.346415732938582
Not Placed,0,IT,8.17,2,0.3141516564217328,0.5463853006924653
Placed,1,ECE,7.34,1,-0.24830619911038712,-1.5220911000337443
Placed,1,CSE,8.19,2,1.3149751539799215,1.8741404743574488
Not Placed,0,CSE,6.53,1,-0.3483356814643191,-1.6586897988907021
Placed,1,CSE,8.17,1,-0.5394980334862333,-1.1358286444485621
Not Placed,0,ENTC,5.92,1,-0.6652563910256297,-1.8371387210088155
Placed,1,CSE,8.49,2,-0.29789065437136153,1.1977703115946896
Not Placed,0,IT,7.67,2,-0.957281893923142,0.6717696993974219
Placed,1,CSE,8.08,2,-0.02971671222120875,2.05667769053114
Not Placed,0,CSE,7.9,1,0.12237691008023963,-2.043225932620828
Not Placed,0,Civil,6.25,0,-3.286825630220367,1.1756202125491457
Not Placed,0,IT,8.86,2,-1.1701976103079754,1.796424607112394
Placed,1,CSE,7.98,3,1.8123890158573166,-0.6092004457934076
Not Placed,0,CSE,8.34,0,-1.4793753093914594,0.6603775164078791
Not Placed,0,Civil,7.02,2,-1.1313529299870968,1.2340604720049109
Not Placed,0,IT,7.9,0,-2.367104749696456,-0.4820545924530168
Not Placed,0,ENTC,6.59,0,-2.049241937945442,0.8542868732756258
Placed,1,ECE,7.83,3,5.475047642670287,-2.728296533278872
Not Placed,0,CSE,6.9,0,-1.6190734291748317,-0.919511903442152
Placed,1,ENTC,10.0,3,2.776727907214452,1.971715638191157
Not Placed,0,CSE,8.21,0,-1.5674003443854754,-0.599067822320016
Placed,1,IT,8.83,2,1.1296875669166604,2.0219222257542415
Placed,1,CSE,7.49,1,0.7001291628288228,-2.820469237480182
Not Placed,0,CSE,8.04,1,0.06761840247806528,-0.7661606734187608
Placed,1,CSE,8.47,3,2.7859592267181927,-2.941779300998185
Not Placed,0,ENTC,6.79,0,-1.5683374334225817,0.04251230316138354
Not Placed,0,ECE,7.13,0,-2.9161177216885643,1.972795102633461
Placed,1,ENTC,8.53,3,2.4384842295823357,1.180984831948729
Not Placed,0,CSE,7.51,1,0.9562262339673785,-0.16615206411220745
Not Placed,0,CSE,7.06,1,-1.5753512076059122,-2.1209614247291593
Not Placed,0,IT,7.16,0,-3.1895734159693583,0.3463115249353223
Not Placed,0,ENTC,6.66,0,-2.0296040212306816,-1.7190338092758684
Not Placed,0,IT,6.03,2,-0.7296047264471232,0.42930034777105014
Not Placed,0,CSE,6.26,0,-1.7554368226543409,-0.43800156369397475
Placed,1,ECE,7.74,1,0.5134189972157225,-0.29908178617354086
Not Placed,0,ENTC,8.27,2,-0.5005683930503151,1.0819470808951803
Not Placed,0,IT,9.84,2,-0.6914973373135861,2.1327330083292857
Not Placed,0,ECE,7.66,1,-0.58373781721443,-0.22089238503303193
Not Placed,0,IT,6.61,1,-0.14908434345114224,-1.589838860094332
Not Placed,0,ENTC,7.68,0,-2.0868178443410295,0.6101984989329147
Placed,1,ECE,8.3,3,3.8014963983137724,-1.0100702174335359
Placed,1,ENTC,8.58,2,0.7936171308081854,1.3846808170855684
Placed,1,IT,8.49,3,3.4066530824831567,0.18885532626773638
Placed,1,CSE,8.19,3,2.8724007185698497,-2.2669518229809547
Not Placed,0,CSE,7.78,0,-1.9725787373772368,1.0272537509137245
Placed,1,CSE,8.33,2,0.9190813230089055,0.2354309782139225
Not Placed,0,Civil,6.69,3,2.499119075293251,-2.596800274798476
Not Placed,0,IT,5.99,0,-2.218192455561969,-0.37950448491332606
Placed,1,ECE,9.48,3,4.780560145612179,-0.5296751734541318
Placed,1,IT,7.66,3,1.392357065600468,-0.10852662457240557
Placed,1,CSE,8.15,2,-0.04173102708034523,1.0798093366080286
Not Placed,0,CSE,5.32,0,-2.3958508009471395,-0.7145522343767186
Not Placed,0,CSE,9.01,2,-0.7025494898049214,1.328398346864608
Placed,1,ECE,8.68,2,0.15953689406904448,-0.020553802306497608
Not Placed,0,Civil,6.37,1,-0.4922054875647622,-1.7366788905125352
Not Placed,0,ENTC,7.43,2,-0.2781219059496068,0.8934146673343866
Not Placed,0,Civil,7.93,1,0.19844478744163924,-1.546215667890353
Not Placed,0,IT,6.63,1,1.0075564855367438,-0.15112901201433665
Placed,1,Civil,8.12,3,2.2518581938761937,-0.0872763915673488
Placed,1,CSE,8.59,1,0.7799451302260394,-0.41466895873228576
Not Placed,0,IT,7.98,2,-0.4142571607312137,0.8069049696985859
Not Placed,0,CSE,6.37,0,-1.6742458226000485,-1.0218441991021234
Not Placed,0,CSE,6.82,1,-0.1823939192438388,-0.7347261937414069
Not Placed,0,ENTC,7.59,0,-1.383873244573685,-0.09604816254522244
Not Placed,0,IT,7.49,2,-0.11233828547286118,0.06203266830624751
Not Placed,0,CSE,7.51,2,-0.7397220596050539,2.2727228195657956
Not Placed,0,CSE,7.48,0,-1.6612314283840475,-1.0383953070544707
Not Placed,0,IT,6.17,0,-3.0241572178695253,-1.5535015882792558
Not Placed,0,Mechanical,8.38,2,-0.5200006538793993,0.24622121974223932
Placed,1,CSE,8.23,3,1.4546729375193148,0.42858063939124946
Placed,1,CSE,8.14,3,2.183087537508985,-0.09088056571629904
Not Placed,0,ENTC,8.07,1,0.5643190432580345,-0.6612523941824124
Placed,1,Mechanical,7.46,1,1.5417926638719635,-0.8139974005576535
Placed,1,CSE,7.18,3,1.0945870345702025,0.22235280305472388
Not Placed,0,IT,6.84,2,0.713351418319214,-0.24454671899807545
Placed,1,Civil,9.01,3,2.0778541225175595,1.408252495854752
Placed,1,CSE,7.68,1,0.7630587982586194,-1.202476605049718
Not Placed,0,IT,6.29,0,-1.762975723214439,-0.18263204904482386
Not Placed,0,IT,7.68,2,1.1967507516094422,1.5276419492904343
Not Placed,0,IT,5.93,1,-0.6433579648480927,-2.947845008733673
Placed,1,Civil,7.91,3,1.8411285793628263,0.6404846143452091
Not Placed,0,Civil,7.82,2,-0.9965830872457239,0.6446056075288881
Not Placed,0,CSE,7.24,1,0.8550563287433564,-1.0027347441852232
Not Placed,0,ECE,6.9,0,-3.6116434580848513,-1.6954986422090443
Not Placed,0,ENTC,8.18,2,0.5218502508623986,0.7776332760010166
Placed,1,CSE,7.63,3,2.3941342191735875,-0.2485843490459591
Not Placed,0,ECE,6.05,0,-2.2369836720402585,0.11625403964473291
Placed,1,Civil,8.72,1,1.4401744462721318,-0.48843181123207713
Not Placed,0,IT,6.9,1,-0.884905720605162,-2.0846133110551617
Not Placed,0,IT,6.58,3,0.9649330661213027,-0.618319911975639
Placed,1,ENTC,8.85,2,0.7183555324798068,2.4129119781235007
Placed,1,ECE,8.6,3,2.2519079312966985,-0.2499446286745286
Not Placed,0,IT,7.34,2,-0.568926654285466,1.7216007905526258
Not Placed,0,CSE,6.64,0,-1.507078782179225,0.01700767432954658
Not Placed,0,ECE,6.93,2,-0.4561788882325572,1.719714856648697
Not Placed,0,CSE,7.33,1,-0.40359525418785863,-0.8549132726484502
Placed,1,Mechanical,8.73,3,2.8418921187065003,-0.3499632733510541
Placed,1,ENTC,8.8,3,4.3968902943882,-1.5494286608770669
Placed,1,CSE,7.84,2,0.15810266599416348,0.28842721705824553
Not Placed,0,ECE,8.25,1,0.4624972686992303,-0.4492700457587485
Placed,1,ECE,7.52,3,2.874430564785862,0.8637765732652567
Placed,1,IT,6.96,1,1.9814574716583446,-2.3448711480545064
Not Placed,0,CSE,6.42,2,-0.7893453874573313,0.31175150033234195
Placed,1,CSE,7.97,2,0.8647726105440807,0.5298817441124841
Placed,1,Mechanical,8.47,2,-1.2327240584218693,1.356783181673964
Not Placed,0,Mechanical,7.27,0,-2.3026242204471834,-0.275215716492215
Placed,1,IT,8.71,2,-0.7374942312640377,2.4375116452753463
Not Placed,0,ENTC,7.37,2,-0.6058833521724288,0.25394499904716006
Placed,1,ECE,7.77,3,2.9613305896487456,-0.6887904801155323
Not Placed,0,IT,7.51,2,-1.4109842669248331,1.2364042420123666
Placed,1,CSE,8.75,2,0.8020689254314544,1.560540504351678
Placed,1,Mechanical,8.12,3,1.4165850392940849,-0.395077493765496
Not Placed,0,CSE,7.65,0,-1.5150629749622335,1.1101408987295789
Placed,1,ECE,7.77,1,0.976869922917154,-0.5362598762984129
Not Placed,0,CSE,6.69,0,-3.0191220855911585,1.398844903268354
Not Placed,0,ECE,5.8,0,-2.741117072586309,-1.417512887439828
Not Placed,0,CSE,7.25,0,-2.8509759271368007,0.2126297334231718
Placed,1,CSE,7.54,2,-0.5243837343652585,0.9117513624634797
Placed,1,Mechanical,8.15,2,0.2395224139528226,0.9673254221282692
Not Placed,0,CSE,7.56,1,-0.9621014464809579,-1.6989983293040611
Not Placed,0,IT,7.3,1,-0.7598164657938269,-1.3352121531983072
Not Placed,0,CSE,5.19,1,0.009140028311937649,-2.63765147822002
Placed,1,ENTC,8.15,1,1.4731694763701655,-1.3809697882486252
Not Placed,0,CSE,7.88,0,-1.7763384319552717,1.6603739420940191
Not Placed,0,ENTC,8.39,0,-1.7744017711316005,0.025937876426117425
Not Placed,0,CSE,7.72,3,1.920193545074137,-2.1861300173485425
Placed,1,ECE,8.67,2,0.9995414239609807,0.32353908863049846
Placed,1,Mechanical,7.23,1,0.9834446553594587,-1.4961857616439491
Placed,1,CSE,7.67,3,2.1969040682898067,0.5276579663151961
Not Placed,0,ECE,7.9,2,-0.24207085132870182,0.35860814219836223
Placed,1,ECE,8.26,1,0.740867033694012,-0.05233550788831227
Not Placed,0,ENTC,8.05,2,0.1983285466628833,2.03773229212659
Placed,1,CSE,8.11,3,1.661891964238416,-0.219176799497598
Not Placed,0,ECE,7.93,1,-0.07623794756703874,-0.7513435803126204
Placed,1,CSE,7.54,1,1.5014104723401542,-1.9488434857921413
Placed,1,CSE,8.47,1,-0.8548090107858723,-0.09282218855773168
Not Placed,0,CSE,6.28,0,-1.8613571471216253,-0.09516086455350665
Not Placed,0,CSE,7.17,0,-1.0978089625979774,-0.21676508004822997
Placed,1,IT,9.05,3,3.800578183997829,0.26148053359438145
Not Placed,0,ENTC,7.13,2,-0.8842269626543311,0.9471742983543794
Placed,1,ECE,7.63,0,-1.0288155898724782,-0.4425351261032779
Placed,1,IT,8.88,2,0.7395508208979655,0.6211106826970325
Not Placed,0,CSE,7.59,3,1.407714529723346,-1.0668733803631216
Placed,1,ECE,6.99,3,3.0618970764742537,-2.369254712771672
Placed,1,CSE,8.72,3,4.102354497637182,-2.030427937296827
Placed,1,ECE,7.45,1,0.9645583609311345,-0.20409850055452664
Not Placed,0,CSE,7.51,0,-1.5408198305505099,0.1610910517015965
Not Placed,0,ENTC,6.02,0,-2.5466406184254318,-1.0430102455754147
Not Placed,0,IT,7.59,1,-0.5274130137399237,-1.5157417175532462
Not Placed,0,ECE,8.28,0,-3.0689291533938126,1.663163275092862
Not Placed,0,CSE,7.33,0,-1.6944412088275365,-0.19675854439865242
Not Placed,0,CSE,6.61,1,-0.022601979502234967,-2.370664096570378
Not Placed,0,Civil,7.29,0,-2.480556775511065,1.7530437582754943
Not Placed,0,Mechanical,7.18,3,0.9750828890571689,-0.890943970477384
Not Placed,0,IT,7.48,2,-0.894803176022817,0.9301130152032853
Not Placed,0,IT,7.26,2,-1.1002568737186034,0.8316364439816802
Placed,1,Mechanical,9.11,3,3.464781035865497,-0.16680648006321058
Placed,1,IT,7.96,3,2.419450150604782,-2.535255144871889
Not Placed,0,Mechanical,6.22,0,-1.905961332069973,-0.2165839949585851
Placed,1,CSE,7.76,3,1.6679038806381998,-0.9321848721472266
Not Placed,0,CSE,7.67,2,1.6068539058349907,1.8698660033620735
Not Placed,0,IT,8.72,2,-0.6696554331554434,0.652742061292831
Not Placed,0,CSE,7.57,3,1.2165620903300864,-0.8083620091517418
Placed,1,IT,7.54,3,1.917022614460298,-0.6850163111731238
Placed,1,CSE,9.28,3,2.57137633726939,1.6948741838675874
Not Placed,0,Mechanical,6.79,0,-3.1429494349851597,-0.6143383027842384
Not Placed,0,CSE,8.38,2,-1.0935635472975624,2.753513250866497
Not Placed,0,ECE,7.75,2,0.11323138017801634,0.14017375125438014
Placed,1,IT,7.27,1,-0.1613958961212166,-0.4670281823658856
Not Placed,0,ECE,7.15,2,0.4569465163400578,0.5257488207203879
Not Placed,0,CSE,8.85,2,-1.558136597362569,2.7238718555324355
Not Placed,0,ECE,8.1,2,-0.077114614474541,2.1609703830942713
Not Placed,0,ENTC,8.21,1,-0.09302316616419366,-0.35007160396119086
Not Placed,0,Mechanical,8.46,1,1.2568331986361774,-0.26961563698119917
Placed,1,Mechanical,7.99,1,0.2866336065445278,0.13153593195300475
Placed,1,CSE,6.8,1,0.6221231307968155,-2.2083500461859726
Not Placed,0,IT,6.36,0,-3.8023477665982495,-0.7202875935969277
Not Placed,0,IT,9.01,0,-1.3268405261027945,0.7056398199326017
Not Placed,0,ECE,7.88,3,1.959840653439605,-1.1886758381060893
Placed,1,IT,7.77,2,0.45298945734926477,1.5707720403705614
Placed,1,ENTC,9.23,2,1.089487689565399,0.9052986405167319
Not Placed,0,Civil,6.8,0,-2.9931676517225876,-0.132020321465982
Not Placed,0,IT,5.56,0,-2.4374305605348323,-2.1792159032607463
Not Placed,0,CSE,6.16,2,-0.6807771302364524,0.8374415155032607
Not Placed,0,CSE,7.25,2,-0.5390807211324863,0.17132805520467242
Placed,1,CSE,7.8,3,2.241302390407117,-0.3348446874873097
Placed,1,CSE,8.88,3,3.6670880176179494,-0.43021318190848357
Placed,1,IT,8.42,3,3.002073769859024,-0.03278138949042415
Not Placed,0,Mechanical,5.52,0,-2.263366715931748,-2.3517896627072243
Placed,1,ECE,10.0,3,5.742116739819277,0.711028672885421
Not Placed,0,IT,7.35,0,-3.0162967421921842,-0.15572164974859584
Placed,1,IT,8.74,3,1.9415537244405294,-1.2758198112092205
Placed,1,ENTC,8.16,1,1.4908421805145267,0.022363935322063197
Not Placed,0,IT,7.7,1,-0.7871146770512364,-0.5729161085271246
Not Placed,0,Mechanical,7.5,1,-0.6431163548070863,0.030048678957706187
Placed,1,CSE,6.75,3,1.1767412892838243,0.001630148747839569
Placed,1,Civil,6.61,3,2.060043369340126,-1.0629100682969463
Placed,1,ENTC,7.56,1,1.1105864510168604,-1.4914945845693386
Not Placed,0,Mechanical,6.52,1,-0.1407059570407838,-1.5675054763428093
Placed,1,ENTC,9.1,2,1.9968179742531764,2.3755244309263808
Placed,1,CSE,7.78,3,2.092580758887242,-1.5740258022584306
Placed,1,IT,9.48,3,3.088365029913556,1.1016175755012925
Not Placed,0,ECE,7.33,0,-2.3501540682505055,0.01833734243698842
Not Placed,0,ECE,7.2,0,-2.7046717443967676,-1.0227296966623352
Placed,1,CSE,8.2,3,3.7612651759858413,-0.44526601289310225
Not Placed,0,CSE,7.48,3,1.8630687202889296,-2.1110323490037715
Placed,1,CSE,8.53,3,3.8346238879876835,1.1157855101372811
Placed,1,CSE,8.92,2,2.019027524405395,1.8624164205618061
Not Placed,0,IT,8.63,2,0.704949497368269,1.7575091759247206
Placed,1,CSE,8.86,0,-1.6376918010514674,1.2058231433531448
Not Placed,0,CSE,8.39,2,0.061583678013772826,1.1107643973665247
Not Placed,0,Mechanical,7.23,0,-3.0983958556683224,0.2885131095212474
Not Placed,0,CSE,8.67,3,4.523328117278202,-2.429539313204461
Not Placed,0,Mechanical,8.29,1,-0.845732401055853,-0.32536568828572787
Not Placed,0,Civil,7.17,1,-1.3995976389767426,-1.2394054986202812
Not Placed,0,IT,7.28,2,-0.4897711283583799,0.9370771139844899
Not Placed,0,ECE,7.62,0,-2.629036504486788,0.48525582791109134
Not Placed,0,CSE,8.64,2,-1.3818868883672293,1.7307851921802855
Not Placed,0,Mechanical,7.8,3,2.241005993006316,-2.657954144965541
Placed,1,CSE,7.7,3,2.306431676961257,-2.066410851965077
Placed,1,IT,7.56,1,0.4572386693956191,0.11148674483312088
Placed,1,IT,7.4,2,0.7187335835657203,0.4541105983987302
Not Placed,0,ECE,6.71,0,-2.713263506441612,-0.07550124529294325
Not Placed,0,IT,8.38,1,1.5640428609393648,-2.483556679501617
Not Placed,0,CSE,6.84,1,-1.3251974294227462,-1.5903604642044928
Placed,1,Mechanical,7.76,3,1.4596869283516116,0.7798310984574804
Not Placed,0,IT,7.35,1,-0.05771123920976489,-0.3582752687736079
Placed,1,ECE,8.35,3,2.772991634717121,0.9554772365511627
Not Placed,0,ECE,7.41,3,1.1289396626497865,0.12227145924622516
Not Placed,0,CSE,6.84,1,-0.8491942540575265,0.1280921285880238
Placed,1,IT,8.54,3,2.244872981334968,-0.04885743318619547
Not Placed,0,IT,7.0,2,-0.2179701631454963,0.6394487531524996
Placed,1,Civil,7.83,3,2.431971560504038,0.025036957524886116
Placed,1,ECE,8.78,3,2.927307171759083,0.6192696824395654
Not Placed,0,CSE,7.08,0,-3.322896681885045,0.3097489643491789
Not Placed,0,ENTC,7.61,2,-0.8605475543381572,0.7508122889375941
Not Placed,0,IT,7.33,0,-3.7757302132928032,-0.1551580563441338
Not Placed,0,IT,7.81,0,-2.0454867091335416,1.3454601835444826
Placed,1,IT,7.64,2,-0.20398296282939407,0.600325589322856
Placed,1,ENTC,8.48,2,0.8393193999167432,1.2998936229548044
Not Placed,0,CSE,7.17,1,-0.9257782763509591,-0.8862220681227797
Not Placed,0,ECE,8.78,3,2.0553688817214066,-0.4882153146247602
Placed,1,CSE,9.06,2,1.1101941205839505,0.714671202561461
Placed,1,ENTC,7.92,0,-1.8872058793976108,0.4151549119943551
Not Placed,0,ENTC,7.03,0,-2.876783450220053,0.4650100512140935
Not Placed,0,CSE,7.67,0,-2.2619267688937956,1.7090111719763594
Not Placed,0,IT,7.59,2,-1.1533042235187108,0.6617734419351737
Placed,1,ECE,9.21,2,0.9396296759437799,0.8673665738025917
Placed,1,CSE,7.61,3,2.0529643814619347,1.7640370457777592
Placed,1,IT,8.88,1,1.578198975751636,-0.8137640308384863
Not Placed,0,ECE,7.79,2,-1.549272175051985,1.526461969812048
Placed,1,CSE,7.74,1,1.3913394979618885,-0.5293058189794768
Placed,1,ENTC,7.4,1,0.9573987558971817,-0.08478042908220351
Not Placed,0,CSE,7.48,0,-1.3773501622426927,-0.21110359912649101
Not Placed,0,CSE,8.46,3,2.532935655073891,-0.9157905612943764
Placed,1,ECE,7.08,1,0.8925403181483867,-1.145021007280892
Not Placed,0,ECE,8.52,2,0.42764879359084645,1.3886897892568761
Placed,1,CSE,8.92,2,0.6713374143940104,0.9775970596470833
Not Placed,0,CSE,7.2,0,-1.3053838699776652,0.18251396546423895
Placed,1,IT,8.73,3,2.587081031182516,1.7071846237099986
Not Placed,0,CSE,8.59,2,-0.8993823648426398,4.371356152197266
Not Placed,0,Civil,8.44,3,1.7876133059807788,0.07292059749975804
Placed,1,IT,7.16,2,-1.4348367327575375,3.137446067874418
Placed,1,CSE,7.6,1,-0.3871428925956812,0.3600399260354987
Placed,1,IT,7.6,3,2.9442002186829024,-1.361098678950669
Placed,1,CSE,9.48,2,1.9951782222913934,2.050312055015885
Not Placed,0,ENTC,7.69,2,1.0575109735017778,0.29809576350463807
Placed,1,CSE,7.54,2,1.6011232395627597,1.3570553237461476
Not Placed,0,IT,6.72,1,-0.6469742142231628,-1.1606124204856976
Not Placed,0,CSE,6.87,0,-2.940482919530022,-2.564244544095348
Not Placed,0,IT,7.12,2,0.5769734703320385,0.5866059166655657
Placed,1,CSE,8.01,2,-0.14211724529076553,0.43637952656922674
Not Placed,0,ENTC,6.49,0,-3.2622192406689874,0.6978656032613749
Not Placed,0,CSE,7.13,0,-1.8814929713682227,0.5395616578116136
Not Placed,0,CSE,6.12,0,-2.523585743276412,-1.4850148329045816
Placed,1,CSE,8.89,3,2.3908808195264766,0.14121406365854666
Placed,1,Mechanical,7.79,3,1.7186624876032979,-0.6596935673106387
Not Placed,0,IT,7.96,2,0.5721762218486517,1.4710330130500056
Not Placed,0,CSE,6.77,2,-0.28336349775171377,0.5969995060556774
Not Placed,0,IT,8.69,2,0.8997282327244016,0.3948214697000731
Placed,1,IT,8.98,3,2.5599456852728877,0.9758256246954007
Not Placed,0,CSE,7.76,0,-1.5333751314782786,0.8849466184715529
Not Placed,0,ECE,7.29,0,-0.866133157546017,0.07454672248245423
Placed,1,IT,8.17,3,2.0605014061049367,0.8342259802439272
Placed,1,Civil,8.32,2,1.7291926698602982,1.3265586221657673
Placed,1,CSE,8.44,2,0.14203953753543316,0.34858355463365287
Not Placed,0,ENTC,8.26,0,-1.3130812231491804,0.7597660993382337
Placed,1,CSE,8.52,3,2.7310849166962883,-0.050073918154138926
Not Placed,0,CSE,7.11,1,-1.7692730260884197,-2.2429376425854954
Placed,1,ECE,8.48,2,-1.1707904486971388,0.9410378329326852
Not Placed,0,CSE,7.31,0,-2.1864852090390796,0.17078113977425907
Not Placed,0,CSE,5.57,0,-3.500065808609476,0.6254524826545811
Not Placed,0,ENTC,7.31,0,-2.352484644749893,2.2182737367991736
Not Placed,0,ECE,7.23,2,0.19458636716155014,1.3452290032501744
Not Placed,0,ENTC,7.9,1,-1.0977776133245174,-1.4210967857956662
Not Placed,0,IT,8.41,2,-0.6649773627645428,0.772095019177852
Placed,1,ECE,7.86,3,2.21932626593763,0.7212278731560579
Placed,1,ECE,9.41,2,0.7726556240156627,2.173247314436174
Not Placed,0,ECE,7.25,1,-1.0112948790769716,-2.2459845063093593
Not Placed,0,ECE,6.01,1,-1.0259017980993117,-1.1279436687927276
Not Placed,0,ECE,7.94,0,-1.5691269458032349,1.0941682313213914
Not Placed,0,ENTC,7.24,0,-2.698893901605199,0.6030286635555371
Not Placed,0,CSE,6.78,1,-0.7674238868276206,-0.770707573025758
Not Placed,0,IT,7.45,0,-2.444650103515323,1.7389260211259554
Not Placed,0,IT,7.03,1,1.8153612759967195,-1.7689565334057755
Not Placed,0,IT,7.12,1,-0.25924591651441153,-2.000509192743835
Placed,1,ECE,8.99,2,1.6268994785832458,1.1930315305992936
Placed,1,CSE,7.81,3,2.5529027854836137,1.4593815220621562
Not Placed,0,CSE,7.47,1,0.6261393345308021,-2.008545423369641
Placed,1,Mechanical,9.06,3,2.417270575515747,1.0954594674642475
Not Placed,0,Mechanical,7.45,2,1.1729360623319203,0.35806501803843
Not Placed,0,CSE,6.65,1,0.1422055601504463,-0.9785017002383241
Not Placed,0,CSE,6.57,1,0.3086490642698127,-1.3084276741799417
Not Placed,0,CSE,7.63,2,-0.282712956872196,1.449322069128433
Not Placed,0,CSE,6.3,0,-3.0257059953114864,0.5731930535824912
Not Placed,0,CSE,6.7,0,-2.946959476357463,0.7298828739305495
Not Placed,0,IT,7.38,1,0.5389994862905296,-0.06127471765853564
Not Placed,0,ENTC,8.66,0,-1.894756063377086,1.297775293845933
Placed,1,CSE,8.8,2,-0.8968998254211733,1.6058910865783573
Placed,1,CSE,8.26,3,2.040574968175307,0.8212198580625647
Not Placed,0,ECE,7.7,1,-0.5406123500137519,-0.22506061321048712
Not Placed,0,CSE,7.22,1,-0.5249833111744204,0.08700228682383107
Placed,1,CSE,8.03,3,2.5025893713409726,-1.5670707351228053
Placed,1,CSE,9.21,3,3.6015226803609974,0.2830078916072439
Placed,1,IT,7.82,3,2.040776789642137,1.0170059502232836
Not Placed,0,CSE,7.31,0,-1.8014136654616615,0.9673154402634421
Placed,1,CSE,7.57,2,-0.25096109139273415,1.7063505986708032
Not Placed,0,IT,7.47,0,-1.808030834712863,0.9530455104969681
Placed,1,ENTC,8.17,2,0.5889201132165786,0.8175879583420774
Not Placed,0,ENTC,7.05,0,-1.3274307159023975,1.180248766943498
Not Placed,0,CSE,8.05,1,0.14086375391541103,-0.17866851329987618
Placed,1,ENTC,8.18,2,0.49204072415519484,1.055397605851428
Not Placed,0,CSE,7.99,0,-1.1657828264029362,0.4467691604448696
Not Placed,0,IT,6.78,0,-2.3302287981074024,1.7141342926963483
Placed,1,CSE,7.57,3,2.177629823355526,-1.2600765182374802
Not Placed,0,CSE,7.25,0,-1.492166602332069,0.09810632330814292
Placed,1,CSE,7.64,2,1.1314839836228308,0.5175116662631672
Placed,1,Civil,7.13,2,-0.08863391186174867,1.5612224171449427
Not Placed,0,CSE,8.76,3,1.2988468987866533,0.5397182982903318
Not Placed,0,IT,7.86,1,-0.3504406781667186,0.020141661131791003
Not Placed,0,IT,6.32,0,-1.5505500992331223,0.6736821616128835
Not Placed,0,Mechanical,6.57,0,-1.1314068589354644,0.04776160505824184
Placed,1,IT,8.72,3,3.086640229186466,0.7561380457472195
Not Placed,0,Mechanical,7.55,0,-2.011546022887632,1.937329061877549
Not Placed,0,IT,7.37,2,-0.9680959236004252,0.49929687473341866
Placed,1,ENTC,8.66,2,0.6851912567205356,0.16539158852282285
Placed,1,CSE,7.57,1,0.7913496134528507,-0.5530521430439478
Not Placed,0,CSE,6.68,0,-1.9014971899986182,-0.20138214274529134
Not Placed,0,IT,6.74,0,-1.3707832610794646,-0.7490732821004791
Placed,1,IT,8.23,3,1.4229363697100432,-0.4830231014929126
Placed,1,IT,9.43,2,-0.5428243365589953,1.8319892723527802
Placed,1,IT,8.41,1,1.508518239124346,-1.8221547406639622
Not Placed,0,ECE,7.38,2,-0.9790806738327443,1.3318650850014044
Placed,1,CSE,7.51,1,1.4849548731413516,-1.4588130251564908
Not Placed,0,CSE,7.74,3,1.585975235821754,-0.5210848985311957
Not Placed,0,ECE,5.98,0,-2.931706065399759,-1.5434296516523252
Not Placed,0,ENTC,7.72,1,0.9881095892090442,-1.1473504806280639
Not Placed,0,Civil,8.2,1,-0.6097893839595613,-1.438857074758584
Placed,1,CSE,9.21,2,0.4038691257463394,0.7963574863561186
Placed,1,CSE,8.63,3,1.949342627616639,1.072992145472809
Placed,1,Civil,9.34,3,2.5535553470162116,0.24363426673001826
Not Placed,0,Civil,9.13,2,-0.2944198936323111,1.4563502829116663
Not Placed,0,Mechanical,8.89,2,-1.2464127639807465,1.9345738642403478
Not Placed,0,ECE,7.72,2,0.4559413691621209,1.0693407132677055
Placed,1,ECE,7.99,3,2.392396999522434,-0.8139993963786276
Not Placed,0,Mechanical,6.28,0,-1.6489100207200673,-0.6281633525745309
Placed,1,CSE,7.81,3,2.5614473795801693,-1.254622356428888
Not Placed,0,IT,8.18,1,0.9263332672034483,-1.2428913762010823
Not Placed,0,Civil,7.46,1,0.8486586293438227,-0.8923285443332684
Not Placed,0,ENTC,6.39,0,-2.6842155731345607,-1.589610938600829
Placed,1,IT,9.05,2,1.3465239855966946,3.958507383663437
Not Placed,0,IT,8.05,1,0.5101109375491634,0.21434069747558115
Placed,1,Mechanical,9.16,2,-0.05510469928908847,1.7858252086139998
Placed,1,CSE,8.33,3,2.1692622254073393,-1.618165171761551
Placed,1,ECE,8.86,2,1.9114550400592296,3.13789459488273
Placed,1,IT,8.69,1,1.2148335009702933,0.16546171945763058
Placed,1,IT,7.12,2,-0.15016858619309126,0.8906311702751373
Placed,1,ENTC,7.27,2,-0.714567242529209,1.8906242733536727
Not Placed,0,Civil,7.34,0,-1.8471217643092503,-0.7515248054894192
Not Placed,0,CSE,6.88,1,-0.013892268078197961,0.06879729510420113
Placed,1,IT,9.2,2,0.6413936163759295,3.205160195956789
Placed,1,CSE,7.74,0,-1.4661026885601207,1.035354669876322
Not Placed,0,IT,8.09,2,-0.9030922714323082,2.3651336097524704
Not Placed,0,Civil,6.57,0,-2.398461656361277,-2.714371439366699
Not Placed,0,CSE,8.4,2,-1.567240600323813,1.6825780375971462
Not Placed,0,Civil,7.35,0,-1.2970805475915796,0.7667320681367137
Not Placed,0,Mechanical,8.77,0,-2.8064961977532574,2.123274987544718
Not Placed,0,CSE,7.12,0,-2.83750773124197,1.6231924501813528
Placed,1,IT,8.83,2,1.6331419899263109,1.2636240468188902
Not Placed,0,Civil,8.5,1,0.7176258515361268,-1.1559400437502012
Not Placed,0,IT,7.3,1,-1.1669037081339872,-2.130878659130449
Placed,1,Mechanical,8.91,2,0.6548881821800953,1.742653723832568
Placed,1,CSE,8.68,2,0.575262153566781,2.793325208185328
Placed,1,CSE,8.12,3,2.8290738949895182,0.8541057727292939
Not Placed,0,CSE,6.86,0,-1.1987060014611832,-0.010306632755676887
Placed,1,CSE,8.38,2,-0.6965652895741312,1.6327687160785476
Placed,1,ECE,7.76,3,1.0308621508312512,0.03672447740027385
Not Placed,0,CSE,7.74,2,-1.2086462907256912,1.0276343254872624
Not Placed,0,CSE,7.76,1,-0.9639049223135537,-0.35274772971843543
Placed,1,CSE,7.67,3,1.6022877384382646,-0.8384289351106299
Not Placed,0,CSE,6.96,0,-1.618180455048794,1.0323899125138125
Not Placed,0,Mechanical,6.41,1,0.03101277300418593,-1.36335020847802
Not Placed,0,Mechanical,6.24,0,-1.780535564386024,-0.7087877532216613
Not Placed,0,ECE,7.95,2,0.6399201994599195,0.09067978176184616
Not Placed,0,Civil,5.64,0,-2.4037967631761967,-0.9394250390720572
Not Placed,0,CSE,8.32,2,-0.7431852485601413,0.529483418871008
Not Placed,0,IT,8.13,3,2.33688669839836,-0.9661681920737236
Not Placed,0,IT,7.44,1,-0.5063745633223186,-1.7824110711105783
Not Placed,0,ENTC,8.57,0,-2.430690450578722,1.0975275900271344
Placed,1,CSE,7.48,1,-0.9113825540836203,0.2627831625128501
Placed,1,Mechanical,8.06,3,1.397403010138317,-0.48666107804327785
Not Placed,0,CSE,6.04,0,-2.8702466474615935,2.002797305424486
Not Placed,0,IT,5.79,0,-3.686645475242377,-0.9400803667212363
Placed,1,CSE,7.5,3,2.2817510854750838,0.3857234623181432
Not Placed,0,ECE,8.06,1,0.6664828282730458,-0.41604693656983854
Not Placed,0,CSE,8.51,1,-0.014414079233915205,-0.2779081464042464
Not Placed,0,ENTC,7.55,1,1.4109622797592951,-0.852351604800506
Placed,1,ECE,7.91,3,4.44422465482826,-0.8573390908952996
Placed,1,CSE,8.37,2,-0.39787693614004055,1.5009850841282062
Not Placed,0,ECE,7.59,0,-1.5711182976792608,0.693476851380799
Placed,1,CSE,8.2,3,4.19275976069889,0.940814705352694
Not Placed,0,ENTC,6.74,1,-0.6208549513926233,-1.810107486608794
Not Placed,0,CSE,6.29,0,-3.2110657611503615,-1.6367019129940366
Not Placed,0,ECE,7.25,2,-0.617421386593183,0.6023945254936465
Placed,1,CSE,8.36,3,2.724142358044196,-0.512417221025188
Not Placed,0,IT,7.1,1,0.17906212160438087,-0.5909178723963404
Not Placed,0,ECE,8.25,1,1.0292281388791102,-0.8591136456522201
Not Placed,0,CSE,6.83,0,-2.3773953827489143,-1.3624750870206603
Not Placed,0,ECE,7.2,2,-0.9741386558939797,0.3962666087617287
Placed,1,CSE,7.91,3,3.147464794309182,-2.7613560734035225
Placed,1,IT,7.13,1,-0.00956619639798372,-1.51191854491504
Not Placed,0,IT,7.28,3,1.577793843207644,-2.0575337669419445
Not Placed,0,ECE,5.48,0,-2.040902569682608,-1.3568625954419695
Not Placed,0,CSE,8.41,2,-0.9280142527683123,0.8525272417837669
Not Placed,0,CSE,7.6,0,-1.8285064473845898,0.14720003320079383
Not Placed,0,IT,6.9,0,-1.8412833531645236,0.09754760339556046
Placed,1,CSE,9.26,3,3.106851927348246,0.8017802983489237
Placed,1,ECE,7.03,1,-0.04461751213352962,-0.9709310132957364
Placed,1,Mechanical,7.26,0,-2.2942044198421074,1.4075419709153745
Not Placed,0,CSE,6.88,0,-1.8537127848886772,0.3088163311410756
Placed,1,CSE,8.64,3,6.009135514170591,-0.3166178578479532
Placed,1,CSE,8.92,2,0.2950278880571521,2.198061122028456
Not Placed,0,ECE,8.83,1,0.41033868784965377,-0.8939134839436161
Placed,1,ENTC,8.83,3,2.7343021677452493,0.5589894543160665
Placed,1,CSE,7.19,1,-1.2358181129061283,-0.5240256109556718
Placed,1,ECE,9.12,2,-1.8026250062169542,2.421287976076708
Not Placed,0,CSE,7.53,0,-2.3690650098470907,-1.2789866217610286
Not Placed,0,IT,6.39,0,-1.924927859754129,1.9764790223396322
Not Placed,0,IT,7.34,0,-2.298707915208302,1.1195808601426667
Placed,1,IT,7.98,3,2.6560778000005985,-0.3296749739994104
Not Placed,0,CSE,7.15,1,0.010682708433888884,-1.7106186103985042
Not Placed,0,IT,7.82,1,0.4768351883772026,-3.043729284813631
Not Placed,0,IT,8.16,2,-0.6708801734159224,1.7954494937002627
Placed,1,IT,8.05,2,0.7019513470617719,1.5897722815053756
Placed,1,IT,8.26,3,3.3648881028866584,0.09180561218408761
Placed,1,CSE,7.55,2,-0.8478220410077645,3.732525736107918
Not Placed,0,ENTC,7.08,3,2.0266081568591843,-1.674322660349848
Not Placed,0,CSE,6.45,1,-0.8160720460619746,-3.6179308007652824
Not Placed,0,IT,7.63,1,0.6871129786911542,0.263772499937851
Placed,1,CSE,7.24,2,-0.9572856498701057,0.8626580308066332
Not Placed,0,CSE,7.6,0,-1.8817408989001554,0.6389694344078447
Not Placed,0,IT,5.94,1,-0.4377991565148177,-1.5263917144512962
Placed,1,CSE,6.41,1,1.734038811878309,-1.9236281456046735
Placed,1,CSE,8.13,3,1.3082586499289985,0.009710783507712324
Not Placed,0,CSE,6.31,1,-0.8114036304519618,-2.3218787541480483
Not Placed,0,ECE,7.54,1,0.11952773447637333,-1.9695891009767734
Not Placed,0,CSE,6.99,2,0.3625576780504954,0.49997735712550023
Not Placed,0,IT,6.94,1,-1.006279000929892,-1.2417314217342668
Placed,1,IT,7.77,3,1.8372023644337327,-0.0295929028490321
Placed,1,Mechanical,7.72,2,0.9417633847999229,1.2546124729236714
Not Placed,0,ECE,8.16,1,0.28487769873088215,-1.611184432642955
Not Placed,0,ECE,6.76,0,-2.529833606276302,0.058724356989534085
Not Placed,0,Mechanical,6.95,1,0.18020963351576985,-1.7342920126350558
Placed,1,CSE,8.65,2,1.2745513836260722,1.1948522948933649
Not Placed,0,IT,7.51,2,0.27273616679841894,0.8373012346577575
Placed,1,ECE,8.01,2,0.9821347247844312,1.1447884308414136
Not Placed,0,IT,7.28,1,-0.47869502743508036,-0.49716956771511667
Placed,1,ECE,8.09,2,0.4072423508262213,0.6479331924096431
Not Placed,0,CSE,5.58,0,-1.999228491437132,-1.7890632707213832
Placed,1,IT,8.68,2,1.0610539768862097,1.749230827539828
Not Placed,0,IT,7.31,1,1.0371501995332884,-0.5707214726764323
Not Placed,0,CSE,6.64,0,-3.0299893367724215,0.8217136734326956
Placed,1,ECE,6.8,1,0.5198144696290551,-0.8289278887310926
Not Placed,0,IT,7.48,0,-1.87819298707282,0.37263400128016133
Not Placed,0,IT,7.61,1,1.6346821028451584,-1.4274743063977309
Not Placed,0,CSE,7.82,0,-2.0052613781116557,0.9682851434022732
Placed,1,ENTC,6.69,0,-2.135364829662591,-0.8256636111638703
Not Placed,0,ENTC,8.44,3,1.427649277939444,-0.0440679444642013
Not Placed,0,ECE,7.25,1,-0.536378742675692,0.2275967260880889
Not Placed,0,CSE,7.21,0,-1.5275620501444227,0.17660561739713992
Not Placed,0,CSE,7.51,1,1.114268884628863,-1.1721816361711883
Not Placed,0,CSE,8.26,2,-0.778588183866144,1.3935022351931539
Not Placed,0,IT,7.67,2,0.515144596315882,0.5186373605667225
Not Placed,0,IT,7.24,0,-2.063450453677918,-0.47670882174542695
Placed,1,Mechanical,7.42,3,1.7913031906518797,0.33807651703356423
Placed,1,CSE,8.74,2,0.05605543300011029,1.758506944836669
Placed,1,IT,8.6,3,2.7946321336399573,2.8977478122671285
Not Placed,0,CSE,8.01,1,-0.929360404199444,-2.3629417771262693
Placed,1,CSE,7.83,2,0.29466846621875087,1.0919955606736946
Placed,1,CSE,9.67,3,2.2784995678762496,1.3866015467949262
Placed,1,ECE,8.09,2,0.1280168303667135,0.185899705689692
Placed,1,ENTC,7.85,2,1.094552399684465,0.6637748825914366
Not Placed,0,ECE,7.53,0,-1.1190185486235313,0.38814642047580256
Placed,1,Mechanical,8.0,3,2.4268366438792563,1.979099677327806
Not Placed,0,CSE,5.11,0,-4.729049568445032,-1.459181809826498
Placed,1,ECE,8.57,3,1.794493839020793,1.0500879225164523
Not Placed,0,Mechanical,6.62,1,-0.9178719782099674,-0.40795644721436586
Not Placed,0,CSE,7.09,0,-2.6004459861963793,1.8857506617631223
Not Placed,0,ENTC,6.51,1,-1.6843398114795216,-1.7733571813993179
Placed,1,Civil,7.07,3,1.7814322066043367,-1.3015999291206901
Placed,1,ECE,7.41,1,-0.12170086850152323,-0.42044461081840556
Not Placed,0,IT,8.46,1,0.7043057038515155,-0.8379539406950667
Placed,1,CSE,8.8,2,1.1302256347020252,1.788637756747029
Placed,1,ECE,9.35,3,5.092308514391482,-0.5133948601027187
Placed,1,Mechanical,7.79,1,1.1339242744214313,-3.428435379559039
Placed,1,IT,7.51,1,1.112238815283308,-0.5750567144212457
Placed,1,CSE,8.36,3,3.5155460645613537,-1.3202640353451027
Placed,1,CSE,6.97,0,-1.4008281224066883,1.0469679308317534
Not Placed,0,CSE,6.88,0,-2.340531454908493,0.5150868086800618
Placed,1,ENTC,7.39,3,5.049403327077795,0.28296130435026867
Placed,1,CSE,7.67,2,0.3514853827132475,0.8823362525323365
Not Placed,0,CSE,5.94,0,-3.408106339804629,-0.004577805694107834
Placed,1,ECE,8.61,3,1.403385414404853,-0.9340035997656841
Placed,1,CSE,7.9,2,-1.4618301739170385,1.3906360190650622
Placed,1,ECE,8.38,2,1.381457084815268,1.386836344068282
Not Placed,0,IT,6.37,0,-2.733264458110215,-0.29690253617470297
Placed,1,IT,7.13,1,0.5680420788444107,-0.6941616060579913
Not Placed,0,ENTC,7.09,0,-2.781496876349953,-1.085548886024956
Not Placed,0,CSE,7.53,0,-1.420268948832885,0.731380383841879
Not Placed,0,CSE,7.67,2,-0.6467309520638722,1.323583191964076
Placed,1,CSE,8.44,3,1.6343334316885045,0.7902067910977436
Not Placed,0,ECE,7.78,2,-0.37528219157224096,0.9828686625716005
Not Placed,0,IT,7.07,3,1.0640410043900086,-0.24176207739143046
Placed,1,CSE,9.56,3,2.8091908451038416,1.223206074445513
Not Placed,0,IT,7.47,1,0.3857938510561826,-0.9604357445511084
Not Placed,0,Mechanical,6.93,0,-2.0571085726145397,-0.9307695140107479
Not Placed,0,CSE,6.1,0,-0.8662544697707614,-0.16554797353226064
Not Placed,0,ENTC,7.78,2,0.6654859452099254,0.7719565375535413
Placed,1,ECE,8.29,2,-0.32005016973316114,2.3698414437830504
Not Placed,0,ENTC,6.73,0,-2.195312528913905,-1.0144521834654878
Not Placed,0,CSE,8.23,2,1.1284885879106945,0.5295891318812023
Not Placed,0,IT,7.77,0,-3.0179777657201434,-0.051649392640305
Not Placed,0,Mechanical,6.19,0,-2.1823802940709687,-0.15468712231976442
Placed,1,Mechanical,8.23,2,0.011204872742587994,0.17308190756052
Not Placed,0,Mechanical,7.47,0,-2.9348573927420762,-0.7978574830330698
Not Placed,0,Civil,6.74,0,-2.91014388961516,1.6410283348229295
Not Placed,0,ECE,8.51,2,0.14460452000882326,0.7140580763048047
Placed,1,CSE,8.5,2,-0.20844413371915807,1.2703669202515837
Not Placed,0,ENTC,6.72,0,-2.8777392245133884,0.9163578245287745
Placed,1,IT,7.95,2,-0.4963958566430722,1.6542073779982154
Placed,1,ENTC,7.87,2,1.0243982587091365,0.7365189029373255
Placed,1,ENTC,7.64,1,0.7957956404775333,-1.05773266508813
Not Placed,0,CSE,7.26,0,-1.5431670848038865,0.4040112471755237
Not Placed,0,CSE,7.57,1,1.530448431199706,-1.7045756396757583
Not Placed,0,ECE,8.5,3,1.678168335691795,-0.47046143726959694
Not Placed,0,Mechanical,8.05,2,-1.2449003382483341,0.6518708170097843
Not Placed,0,IT,6.06,0,-2.4676206253262665,-0.2492909251452302
Not Placed,0,CSE,5.88,0,-4.38622980470169,-0.721976732276252
Not Placed,0,ECE,6.12,1,-0.8710491496585858,-2.821047179158841
Not Placed,0,ENTC,6.55,0,-2.3870857208514793,-0.7112569031389103
Placed,1,ECE,7.06,1,1.9871445032499824,-3.0057167863706367
Not Placed,0,ECE,7.32,0,-1.298809430269591,-0.07505382894814967
Placed,1,IT,7.64,2,-0.754589507476002,1.1524018881991034
Placed,1,CSE,7.67,1,0.5175416807801791,-1.0898343129645778
Placed,1,Mechanical,7.66,3,2.8037606201613934,-2.3041410730917704
Placed,1,CSE,8.67,3,4.978785318511491,-1.0909084831710019
Not Placed,0,CSE,6.27,0,-1.9241205309515776,-1.7378130256478495
Not Placed,0,CSE,7.98,1,-0.9843940354510659,-0.4680671388344264
Not Placed,0,CSE,7.98,2,0.2655122321602937,1.0545786594760294
Placed,1,CSE,6.63,3,1.4481935576908613,-0.9677637911510463
Not Placed,0,ENTC,8.15,3,1.1885924167334296,0.30410630009862577
Not Placed,0,CSE,8.02,1,-0.6573975429716346,0.4269478347370898
Not Placed,0,ECE,7.66,1,0.1832117838460421,-1.2082157000009695
Not Placed,0,CSE,5.64,2,-0.4243287386161631,-0.007415347919217214
Placed,1,Mechanical,8.52,2,0.521201052032847,1.6635818137267995
Not Placed,0,IT,7.89,0,-2.1259900049463436,-1.2626231832277501
Not Placed,0,IT,8.04,2,-1.2998041167559389,1.0385398656721982
Not Placed,0,CSE,5.0,1,-0.6195917635292659,-2.526594530385929
Not Placed,0,Civil,7.25,0,-0.7801759850746066,0.07359042945778724
Not Placed,0,ECE,6.48,0,-3.3723419215861523,-0.9598986355910093
Placed,1,ECE,8.8,3,3.049717037864558,0.16693876049351053
Placed,1,CSE,6.76,1,0.3041354654802207,0.34788816679141654
Not Placed,0,CSE,8.96,0,-2.3711127427457837,1.2850024511840543
Placed,1,Civil,8.51,3,1.3286877782183435,0.28776498028678443
Placed,1,CSE,7.89,0,-2.3446325709892606,2.162523667413424
Placed,1,ECE,8.67,2,0.07811382437982094,2.186952728996093
Not Placed,0,ENTC,6.9,1,-1.0308276459759955,-1.9795743158707901
Not Placed,0,ECE,7.05,2,-0.06348449352768859,0.5326580648535509
Not Placed,0,CSE,8.48,0,-1.18473656157901,0.2651467992682347
Not Placed,0,CSE,6.9,0,-3.013023332019002,0.002858994980157302
Not Placed,0,IT,6.57,1,1.480665884078531,-2.782394717245285
Not Placed,0,Civil,7.43,3,2.3216109074615847,-1.8947521376662029
Not Placed,0,ENTC,6.95,0,-1.7779046371343736,-0.7363632524255858
Not Placed,0,CSE,9.29,2,1.739364528477539,1.8663354974956625
Placed,1,Mechanical,8.36,2,-0.26206502621840605,1.185437103543312
Placed,1,IT,7.21,2,-0.37177427699303167,1.128610918008985
Not Placed,0,IT,6.85,1,-0.6133840281614609,-0.4660491597837211
Placed,1,IT,7.99,1,0.7181019940196642,0.1781319024158383
Not Placed,0,Mechanical,8.71,0,-1.6327935047581337,0.7138797975165491
Placed,1,IT,7.95,1,0.9423760396995131,-0.4906188221159159
Not Placed,0,IT,6.89,3,2.936904725945927,-1.58132823371067
Not Placed,0,IT,6.48,2,-1.2248875494880866,1.3376346146387639
Not Placed,0,CSE,7.38,0,-1.593426891673441,0.8711616659900759
Placed,1,CSE,7.97,3,2.569100770188399,-0.9537064298322399
Not Placed,0,CSE,7.3,0,-2.3657952853257016,0.3595691213359813
Placed,1,ENTC,8.56,2,-0.2373225366205824,3.0042107606276134
Not Placed,0,Civil,8.15,2,-1.6797144629006189,2.512617083053714
Not Placed,0,CSE,7.9,2,0.834611901004157,-0.014116637421826056
Not Placed,0,Civil,8.13,2,-0.8267201996288522,1.0663202896649924
Not Placed,0,ENTC,6.52,0,-3.032834400136455,1.2505601132471285
Placed,1,Mechanical,7.28,2,0.1661227588772641,1.451434680576273
Not Placed,0,IT,6.82,0,-2.385833596780502,-0.17542002015092897
Not Placed,0,ENTC,8.03,1,0.4572103724034859,-1.3704265422899105
Not Placed,0,ECE,6.83,1,-0.4677708619776444,-1.19714667661753
Placed,1,IT,7.77,2,1.0554721991520957,1.167891393006278
Not Placed,0,ENTC,7.56,0,-1.188036801354858,0.20487116197447447
Placed,1,CSE,8.21,3,1.3033849636591934,0.17243694298742862
Not Placed,0,ENTC,6.68,0,-3.1319353023353056,1.0566206988859757
Placed,1,ECE,8.08,3,2.380173807324039,-0.5391629031771167
Not Placed,0,CSE,6.79,1,-0.9590630714171092,-0.3385773199854987
Not Placed,0,IT,6.88,1,-0.8910848131375813,-1.4695296446629522
Not Placed,0,Mechanical,7.58,1,0.07201807486393089,-1.3456514345894808
Not Placed,0,IT,8.72,3,2.207347212441453,-3.145327448985608
Not Placed,0,ENTC,6.98,1,-1.1338589305963944,-0.886733635865681
Not Placed,0,ECE,6.19,0,-2.3353305803849786,-0.4501451724031185
Not Placed,0,IT,6.9,2,0.08761016045174903,-0.23526478477051424
Not Placed,0,CSE,7.37,1,0.15468464874125867,-0.8439347447418813
Placed,1,Civil,9.29,3,2.9916865720128287,0.7896200989761686
Placed,1,Mechanical,8.03,2,0.885854437811305,0.36051165488769654
Placed,1,IT,7.06,2,-0.3051419777903037,0.10646872003049825
Not Placed,0,IT,7.58,1,-0.2664251204496911,-1.0131917262620782
Placed,1,IT,9.04,3,3.311725231003527,-0.6773562172894598
Not Placed,0,ENTC,7.5,1,-0.37951295855981965,-1.7093438239005403
Not Placed,0,IT,7.51,2,-0.262151714609941,0.7917277868078012
Not Placed,0,IT,7.36,2,-0.3971047410023205,1.2204180878910331
Placed,1,CSE,8.29,2,-1.0087111749682982,2.068990616481413
Not Placed,0,Civil,7.25,0,-1.740110927015761,0.6574394774976619
Placed,1,CSE,8.44,3,1.483609992832796,-1.0250860190135942
Placed,1,ECE,8.6,3,4.452798188110393,-1.4998994555247964
Not Placed,0,IT,8.22,1,0.8115577236687493,-0.2724186101042932
Not Placed,0,ECE,7.51,1,-0.8379864276474587,-0.8218581673063521
Not Placed,0,ECE,6.51,0,-2.0328295625998263,-0.00457600116455656
Not Placed,0,Mechanical,7.51,0,-2.4094981035417495,1.4762173557820923
Placed,1,ECE,7.13,1,1.330935135922407,-1.5232384895241406
Placed,1,IT,7.04,2,-1.1779331003504767,1.0607044459953179
Not Placed,0,CSE,7.5,0,-3.0147600364556797,-0.04889671104649936
Placed,1,IT,8.11,2,0.8856194149198351,0.6199391988032563
Placed,1,CSE,7.17,2,-0.24292044112318792,0.9760537964309213
Not Placed,0,Civil,6.53,3,2.2599236097782467,-3.329751225871108
Not Placed,0,CSE,6.89,1,-0.5909714089114327,-1.714601156731623
Placed,1,Mechanical,9.14,3,5.221504165699381,-0.9403868864155134
Placed,1,IT,8.17,3,2.4105480462397337,0.400235334841801
Not Placed,0,Mechanical,6.89,2,-1.3618092585669648,1.1503568191256601
Placed,1,Mechanical,8.8,3,4.8600002256338035,-1.3425049286799997
Placed,1,ECE,7.5,3,3.2164965210052063,-1.5737257444949406
Placed,1,IT,9.64,3,2.1586750695751546,0.22906714530982986
Placed,1,Mechanical,7.92,3,1.0789547967240896,-0.8618578006094693
Placed,1,Mechanical,8.18,3,1.672950490957357,0.7310077815058387
Placed,1,IT,8.41,2,0.427747534592477,1.0696355310164767
Placed,1,Civil,8.96,3,3.555802038515973,0.9063950393460387
Placed,1,Mechanical,7.33,3,3.448242052024804,-0.9625204939015307
Not Placed,0,IT,8.89,3,2.164148661011572,-1.4280499578209545
Not Placed,0,CSE,7.17,0,-0.9730515422111559,-0.18225691751058887
Placed,1,CSE,7.39,1,-0.30743514381757314,-1.5193357132028928
Not Placed,0,CSE,7.71,2,-1.2188891236478305,3.1536175821391845
Not Placed,0,Mechanical,8.48,1,1.0562080727937986,-0.34563967846206056
Placed,1,Mechanical,7.42,1,0.5847086608681963,-0.48127334912362874
Placed,1,IT,9.1,3,3.47754577215735,1.7656809513624083
Placed,1,CSE,8.83,3,2.12028325887587,1.5621063270652178
Placed,1,CSE,7.73,2,-0.823119046739292,0.6026388042639194
Not Placed,0,CSE,6.88,1,-0.027286219191875915,-0.7258832874194561
Placed,1,ECE,8.55,3,2.417015488553127,-0.5843245310993852
Not Placed,0,ECE,5.92,0,-2.2704297381785565,-1.702957547576141
Placed,1,CSE,8.33,2,1.7726779934689465,1.5691546885487517
Not Placed,0,CSE,7.0,2,-0.703868981249947,1.3329319194929967
Placed,1,Mechanical,8.77,3,1.7612445271586235,-0.1839523939482501
Not Placed,0,CSE,6.52,2,-0.061016273907794474,0.3281656326213252
Not Placed,0,CSE,7.14,2,-1.6420483349925834,2.7505479702471876
Not Placed,0,Civil,8.07,2,0.3601568025225295,1.2165758708263918
Not Placed,0,Mechanical,8.21,0,-2.059473482003884,0.43882052481620065
Placed,1,ECE,7.17,2,-0.046883994845810094,1.3664515916130393
Not Placed,0,CSE,7.42,1,-0.014759976177985246,-1.6212894463118397
Not Placed,0,ECE,8.51,1,-0.874245837008581,-1.0593237044504757
Placed,1,ECE,8.56,2,-0.7074439398772718,1.9772771499848332
Not Placed,0,CSE,7.4,2,-1.787627479126522,1.6552190685899797
Not Placed,0,IT,7.18,1,-0.25031787648622933,-0.5195855757462519
Not Placed,0,CSE,6.54,1,-1.1339849421945547,-1.2381148860458349
Placed,1,CSE,7.92,2,1.2507929212770208,0.8419686482568207
Not Placed,0,Civil,8.39,2,-1.63162775437987,2.6788145440510487
Not Placed,0,ECE,7.83,0,-1.6770934730920106,-1.582940353829096
Placed,1,IT,6.91,1,0.28224957089006847,-2.365025759235727
Placed,1,CSE,9.22,3,2.938917931514773,0.5756931516604945
Not Placed,0,CSE,5.91,0,-3.676454018289857,1.6214940734482328
Placed,1,CSE,8.45,2,-0.17664114439609027,1.6585442068854992
Not Placed,0,IT,7.88,0,-2.4234202612734044,1.1452963260954698
Not Placed,0,Civil,8.1,2,-1.2165461848352659,0.860361739891094
Not Placed,0,Mechanical,7.03,1,-1.1492168692813831,-2.2865462643997017
Not Placed,0,Mechanical,7.57,1,-0.38507289420347335,-0.372181337113196
Not Placed,0,CSE,7.95,2,0.07554334055452396,0.6136738205142669
Not Placed,0,ENTC,7.63,1,1.1372141232074835,-2.0261580345053676
Not Placed,0,ECE,6.18,0,-0.6341132692743505,-0.5262228614493548
Placed,1,CSE,9.16,2,1.1446900909078466,1.0463759021464552
Placed,1,IT,8.25,3,1.8773802219759124,-0.39237456059546555
Not Placed,0,IT,7.73,1,1.6024893784665641,-1.739269279352914
Placed,1,CSE,7.78,1,-0.10434975659368788,-0.8012613758168028
Placed,1,Mechanical,9.13,3,4.755389445129336,-0.2615691807460217
Not Placed,0,ECE,7.07,0,-2.0770952800757008,-1.1808467585935116
Not Placed,0,Civil,6.88,1,0.5384175073795131,-0.4774704973768944
Not Placed,0,CSE,8.42,3,2.5086149623888154,-2.2790648215285056
Not Placed,0,IT,8.09,2,-0.9885844175657043,2.4927870866543964
Placed,1,CSE,6.84,2,0.3077798722989256,-0.27392713800656054
Placed,1,IT,8.63,2,0.12644972384699035,2.56732107901711
Placed,1,Mechanical,7.95,1,-0.36496998349454957,-1.7676606100104784
Not Placed,0,CSE,6.94,1,1.3487221909322802,-1.8310280043932285
Placed,1,IT,8.12,3,1.6878820818681153,0.5967975095931751
Not Placed,0,CSE,7.99,0,-2.949397930464162,0.634693551437792
Placed,1,ENTC,7.63,3,1.591049292326552,0.8317998321711445
Not Placed,0,CSE,8.03,2,-1.591396733403313,1.6194070525411641
Not Placed,0,IT,8.23,1,-0.303598573982243,0.17829803179306244
Placed,1,ENTC,8.48,3,3.3597677229768252,-0.6571332876211877
Not Placed,0,IT,7.79,0,-2.3541606522518967,0.30030995150495715
Placed,1,ECE,7.47,2,1.4434994177352385,1.7795702348663034
Placed,1,ECE,7.9,1,-0.7863400092289263,-0.15113016186611541
Not Placed,0,IT,8.71,0,-2.888333067223462,0.957993403633403
Not Placed,0,CSE,8.24,1,-1.176935533564953,-0.712698444825333
Not Placed,0,IT,7.42,0,-1.822275147292503,-0.4292112188857016
Not Placed,0,CSE,7.75,0,-1.8583138360256093,0.9580752475875617
Not Placed,0,ECE,9.12,2,1.4200649809529826,0.6696039207101148
Placed,1,CSE,8.34,2,1.2048292414169988,0.9420476640298656
Not Placed,0,IT,7.83,2,-0.7038481459061551,1.0515414731006858
Placed,1,ECE,8.67,2,1.1816562548462521,2.1635504167089326
Not Placed,0,ENTC,7.24,1,-0.20229312055863186,-1.5809572628318727
Not Placed,0,Mechanical,7.98,2,-1.6342777453563846,1.886809768305393
Placed,1,Mechanical,9.29,3,4.081646231197441,0.18026820937788024
Placed,1,CSE,8.26,2,0.09220004022918932,1.7398508344560801
Placed,1,CSE,9.08,2,1.8744550264373936,1.8479284850971982
Placed,1,ECE,7.63,2,-0.6285409906438043,2.2463395921574745
Not Placed,0,ENTC,7.3,0,-1.815155834993998,1.18967348535149
Placed,1,CSE,8.69,3,3.0847641987255545,-2.058834950674859
Not Placed,0,Civil,6.15,0,-2.574996585510723,0.36426075791697765
Placed,1,ECE,7.85,2,0.06538081895393816,0.2690405398351797
Not Placed,0,CSE,8.58,2,1.6841822988939568,1.5347881312738814
Placed,1,ENTC,8.18,2,0.810084027259184,1.6754221012461115
Not Placed,0,IT,5.91,1,-0.786827226090748,-2.7966483015571257
Not Placed,0,Civil,6.56,2,-0.19995609090697125,1.966104655352464
Not Placed,0,CSE,7.6,0,-2.372399655627228,1.73300850662637
Not Placed,0,ECE,8.1,0,-1.1807463506795002,0.5901479987920499
Placed,1,ECE,8.14,3,4.8282583396266165,-1.4389798365827327
Not Placed,0,IT,7.69,1,0.018571501994767186,-0.7643160688796674
Placed,1,ECE,8.32,2,0.8480622896803094,1.937063656095218
Placed,1,CSE,8.07,3,1.7696767519602328,-0.4635786829895029
Not Placed,0,CSE,7.59,1,1.2321621325617138,-1.568416043309033
Not Placed,0,IT,8.16,2,-0.7240088391236971,1.5565059696343309
Not Placed,0,ENTC,7.15,0,-0.8587546260274723,-0.34840512395315215
Placed,1,Mechanical,8.24,2,0.25360181766021184,0.4708210651050168
Not Placed,0,IT,6.98,0,-2.717945108187741,0.6156013619269425
Not Placed,0,ENTC,8.11,2,-0.21436816149227408,0.08511345755849303
Not Placed,0,Mechanical,8.09,2,1.3272563667206363,1.750960429811687
Not Placed,0,IT,7.45,2,-0.35304533315655856,0.6863396928102644
Placed,1,Civil,8.24,3,2.335768384755041,-2.521460411735662
Placed,1,IT,9.01,3,2.2884112063998017,-0.5422339388132241
Not Placed,0,ENTC,6.83,1,-0.8525694810152068,-1.5921094232657955
Not Placed,0,CSE,8.51,1,0.15339299697382683,-0.16956361220906832
Placed,1,Civil,8.62,3,1.3378951676384694,-0.338149302396587
Placed,1,CSE,7.52,2,0.6195318191770091,1.4341056983390381
Placed,1,CSE,8.38,2,-0.9834576552494289,3.312246456655115
Not Placed,0,ENTC,7.48,0,-2.5101034453610067,0.7009089453527722
Placed,1,ECE,8.77,3,1.767863418882912,0.9167465956150846
Not Placed,0,ECE,5.37,0,-2.457019469660478,-3.9437759986115726
Not Placed,0,ECE,8.93,2,0.05908490604601882,0.19689352892833414
Not Placed,0,ECE,6.75,1,0.14735693765443444,-1.1130700723728626
Placed,1,IT,7.78,3,1.0561262657524373,0.12164598491964182
Not Placed,0,IT,7.01,1,0.13462404248920387,-1.9637348018912495
Placed,1,IT,8.97,2,-0.012232844335811328,1.8713004891005407
Not Placed,0,IT,7.51,0,-1.8560808659672154,0.4606621371071635
Not Placed,0,ENTC,7.24,3,2.9856226535378885,-1.6291650856437923
Not Placed,0,CSE,8.65,0,-1.6231367496650881,0.5236095919322686
Not Placed,0,CSE,8.32,1,1.2367834795575776,-1.724044007730255
Placed,1,IT,7.42,3,3.0481660379719884,0.2964667110807532
Not Placed,0,Mechanical,6.86,1,0.013076129139269579,-0.6711303741106158
Not Placed,0,IT,6.74,1,0.4234908408904612,-2.4563273614394343
Placed,1,IT,8.78,3,3.432573661163615,-0.4396979283859198
Not Placed,0,ENTC,8.06,3,1.9734424484557882,-0.22797947600634066
Not Placed,0,IT,7.85,1,1.1086535858838977,0.2073370630762944
Placed,1,ENTC,8.12,2,-0.577517321426209,2.304121197560109
Not Placed,0,CSE,6.04,0,-3.3135644474055974,0.6598515627026387
Not Placed,0,ENTC,7.42,1,-1.256735352391363,-1.412267584995499
Not Placed,0,IT,7.45,0,-2.9667501173834427,0.9603124777993506
Not Placed,0,CSE,8.53,2,1.1029229559175007,0.6941007534951166
Placed,1,CSE,6.45,3,2.812125897577855,-1.334076247293242
Not Placed,0,ECE,8.6,1,0.5265754032548495,0.08031442825413308
Placed,1,ENTC,9.23,3,2.570736797753867,0.6055167424549642
Not Placed,0,CSE,6.24,0,-3.24919784000938,0.36160157171447094
Not Placed,0,ECE,7.71,2,-0.22652341031716863,0.9066823904034802
Placed,1,IT,8.12,3,1.4095545511959677,0.3926157488058719
Placed,1,ENTC,8.44,2,0.5945949684161989,0.6204386785920504
Not Placed,0,Civil,5.86,0,-2.2053200006829266,-2.26721201884109
Not Placed,0,IT,7.99,1,-1.0688243862759685,-0.5811030571045098
Placed,1,IT,7.51,1,0.4671122619155304,0.20536719369825185
Not Placed,0,ENTC,7.46,1,0.021236278911569897,-1.9109556691322438
Not Placed,0,Mechanical,9.46,3,2.977063623940336,-1.4308472158280927
Not Placed,0,ECE,7.52,1,-0.625088097331714,-1.2569800692797874
Placed,1,CSE,8.08,2,0.7239126488185721,2.17102842001882
Not Placed,0,ENTC,7.6,2,-0.2515193240850813,0.8845214612260299
Placed,1,CSE,7.91,1,0.5928050500574782,-0.3341342681297452
Not Placed,0,Civil,8.17,2,-0.5504797426092177,2.4166234136471325
Not Placed,0,ENTC,8.46,2,-0.48777216588923206,1.1231796712804245
Not Placed,0,Mechanical,7.04,0,-1.3549507129111387,-0.6158838481394272
Placed,1,Mechanical,7.83,0,-2.1651632207321736,1.6372566105205761
Not Placed,0,Civil,7.86,1,0.0709448218299011,-1.3046582299240466
Not Placed,0,IT,6.3,0,-2.707733580820731,-1.445365410360802
Placed,1,Mechanical,6.89,1,0.09980794177256243,-1.9337527097311515
Placed,1,CSE,8.46,2,0.11977899861061722,1.556464079635096
Not Placed,0,CSE,7.31,0,-1.8320075666596856,-0.07099887826968611
Not Placed,0,CSE,9.92,3,1.9533697672087098,0.4867000940051437
Not Placed,0,CSE,8.52,2,0.18979543934250653,1.633145970481919
Not Placed,0,CSE,8.08,0,-1.528422603307372,0.2799177458618556
Placed,1,CSE,8.98,2,0.6630661834326339,1.8249333464658304
Not Placed,0,IT,8.36,2,-1.5392513892547817,4.183208528594011
Not Placed,0,CSE,7.86,0,-1.2579418337011312,0.989261563600647
Not Placed,0,CSE,6.5,2,-0.052736421401996636,0.7011598738928897
Not Placed,0,ECE,8.27,2,-1.2688672128072485,1.8279720223389306
Not Placed,0,ECE,8.89,2,-0.3370424242772491,0.7302206569898061
Not Placed,0,ECE,7.2,0,-1.926630773804068,-1.0242827148325788
Not Placed,0,ENTC,6.15,2,0.37093897370063356,0.14013024134772634
Not Placed,0,ECE,6.79,0,-3.5502893940978475,-0.7631231373011967
Not Placed,0,CSE,9.2,2,0.4676143112333585,1.3184204320541486
Not Placed,0,CSE,7.77,3,1.6463966076774268,0.08141299866297041
Placed,1,CSE,8.94,2,1.6621927267067307,1.02924472150485
Placed,1,IT,7.72,3,1.6631112961238326,0.8471948027549586
Not Placed,0,Mechanical,7.28,0,-3.031460162890584,0.18827049973015852
Not Placed,0,IT,9.51,2,1.3981034385469824,1.3592230668118515
Not Placed,0,Civil,7.38,1,-0.14416901037896407,-2.570341244871808
Not Placed,0,IT,7.49,1,0.6162195298964478,-0.2520963446368953
Placed,1,ECE,8.09,1,1.6873974676255112,-1.2088024189957918
Not Placed,0,CSE,7.45,1,0.14839267956012037,-2.261606861728007
Placed,1,Mechanical,8.36,3,2.202592326981215,0.3648394446841779
Placed,1,ENTC,8.08,2,0.49572140467169373,0.25264099953171426
Placed,1,IT,8.11,2,-0.7005517228359892,1.731192919905393
Not Placed,0,IT,7.18,0,-2.03367039500206,0.7669432705977579
Not Placed,0,ECE,6.29,0,-1.5161131960179095,0.06667213390011247
Not Placed,0,IT,6.99,0,-3.172642790981825,0.3343596399714825
Not Placed,0,IT,7.07,1,-1.0702820818901362,-1.6680715885330366
Placed,1,Civil,7.95,3,2.1612779465964236,0.7764647665787542
Placed,1,ECE,7.01,2,0.4194952287760044,0.9868316209215475
Not Placed,0,IT,6.45,0,-2.922024781061863,-1.0510160039210525
Not Placed,0,CSE,6.73,0,-1.1900939878707695,-0.8639086082166343
Not Placed,0,IT,8.03,0,-1.8807002751873017,1.6298842992275857
Not Placed,0,ENTC,8.28,0,-2.166882284077328,0.8354021757817295
Placed,1,IT,7.27,3,1.845001759316045,-0.9057058095985255
Not Placed,0,CSE,7.36,0,-3.5355750281474485,0.8906771798315923
Not Placed,0,CSE,8.22,3,1.9311588495569072,-0.24235139955207508
Placed,1,Civil,7.84,3,2.8734804062509367,-0.27673786765090164
Placed,1,IT,8.71,2,1.0840088089435338,1.1992378074388101
Placed,1,ECE,7.57,1,-0.17838539208888995,-0.8930077951933385
Not Placed,0,CSE,6.99,0,-1.2469653479025957,-0.8863938539121312
Not Placed,0,ENTC,8.62,0,-2.653872151658324,2.4105610607962737
Not Placed,0,IT,7.44,2,-0.6268164251767052,0.5403515943681717
Not Placed,0,Mechanical,7.03,1,0.4967848589678182,-1.7305604745602534
Placed,1,Civil,8.46,1,0.7251968534082391,-0.2104949325730284
Not Placed,0,IT,8.93,3,1.2786244528222677,-0.13329740691461972
Not Placed,0,CSE,7.86,1,-0.0625985286421834,-0.8551191949788594
Not Placed,0,Civil,6.85,0,-1.793658380986453,0.30845873222190145
Not Placed,0,CSE,9.0,2,-1.136197541445069,1.2037030580451384
Placed,1,ENTC,8.02,3,1.5896165612695605,-0.06449956226144277
Placed,1,ENTC,7.89,2,0.2730065771305422,2.349419666189647
Not Placed,0,CSE,7.36,3,2.349418265102046,-2.248583273986118
Not Placed,0,IT,8.66,1,0.08218599181919818,-0.6055548467182473
Not Placed,0,CSE,6.76,1,-1.3435569944643315,-2.1902226203695156
Placed,1,ECE,6.68,3,2.459100745610315,-0.10474292475118557
Placed,1,CSE,9.31,3,2.785881553273714,1.1330230557686392
Not Placed,0,ENTC,6.97,0,-3.447791600447554,-0.975922922644895
Placed,1,CSE,8.52,2,0.325624102076062,2.250206192887979
Not Placed,0,ENTC,8.87,2,-1.4825796510730949,1.0803349953941284
Not Placed,0,IT,7.88,0,-1.8780132883672465,-0.5657059268606988
Not Placed,0,CSE,6.95,0,-2.3039624443420506,0.07517649445194473
Placed,1,IT,8.24,2,-0.1874452859401492,0.5149167785178956
Placed,1,IT,8.88,3,4.454786252810652,-1.2752345882037524
Placed,1,CSE,7.99,3,2.3268322024162056,0.2063841218098128
Not Placed,0,Mechanical,7.07,0,-2.750305464292712,0.7306162472098736
Not Placed,0,CSE,7.96,0,-2.162590405548272,1.8790376539810294
Not Placed,0,CSE,6.52,0,-2.9899242935647874,-2.1557303577029585
Not Placed,0,ECE,6.87,0,-1.3393867393014567,-0.9677111950928157
Not Placed,0,ECE,7.48,0,-2.781407340028647,0.31011635253050174
Not Placed,0,CSE,7.75,2,0.08327284652426879,0.2922662588091854
Not Placed,0,CSE,6.68,0,-1.3071234524798663,-0.07458182298269816
Placed,1,CSE,7.91,2,-0.22591835891791723,0.7146624383825291
Placed,1,IT,8.14,3,1.599716240981375,0.5144896051537394
Not Placed,0,CSE,7.52,1,0.19320601620425443,-1.2594483405616428
Not Placed,0,IT,5.87,0,-2.4954980490749623,0.23197564262334985
Placed,1,ECE,7.79,1,1.2358345541919713,-1.1118906295892381
Placed,1,Mechanical,9.24,3,2.900403383432913,-0.014835717353451816
Placed,1,CSE,8.09,3,1.6297978327687244,0.7058865656519
Not Placed,0,CSE,7.71,0,-2.2945651876014264,2.044315723790356
Not Placed,0,Mechanical,7.38,0,-3.0912797396313123,-0.24141726871979685
Not Placed,0,CSE,8.19,2,-0.27934901795817835,0.06974727313249035
Not Placed,0,ECE,7.88,2,0.0676247527762868,0.5436650561570825
Placed,1,Mechanical,8.3,2,-0.3725124381323324,1.6197620176534337
Placed,1,ECE,6.77,1,0.9545309339850783,-2.4097076926474847
Placed,1,ENTC,7.8,3,2.386669659530726,-1.8761495052920598
Not Placed,0,CSE,7.31,1,0.9270296814481664,-0.20594632828955683
Placed,1,Civil,8.02,1,1.3146686447678495,-0.8491095415671044
Not Placed,0,ECE,6.05,1,-0.5457170055136712,-1.8260218553443681
Placed,1,IT,7.37,1,0.4691625317197541,0.07901317102558957
Placed,1,ECE,8.16,2,1.0040408586559473,0.5405067659221913
Not Placed,0,IT,8.3,2,-0.2215669495225154,0.7106889918523097
Not Placed,0,CSE,7.67,3,1.3907843198329628,0.35718662261396156
Not Placed,0,IT,5.86,0,-1.363255279721878,-1.2131710805647449
Not Placed,0,ECE,8.25,0,-2.025300242470825,-0.8578259144028767
Not Placed,0,CSE,9.05,3,2.10232688927758,0.9768014123766897
Not Placed,0,CSE,6.99,1,-0.8975787863352037,-1.2277179138403935
Placed,1,ECE,7.34,0,-1.8513005422582378,1.6619847252055353
Placed,1,CSE,8.39,3,2.603366163999179,0.04022630724071855
Placed,1,CSE,8.41,2,0.834579847342492,0.5935181077066973
Placed,1,CSE,8.63,3,3.5291312270766526,-0.9380758229543071
Placed,1,CSE,8.56,3,1.6455799896663146,1.0007365059547346
Not Placed,0,Mechanical,6.4,0,-1.2758064649453071,0.7836089962431027
Placed,1,CSE,7.29,3,1.9060466022130955,0.687745528384592
Placed,1,ECE,8.23,3,1.4267501753620107,0.1528411918130866
Not Placed,0,Mechanical,7.63,2,-1.304233349324255,2.007022823929831
Placed,1,ECE,8.01,2,0.4416277366421595,0.5356205713618188
Not Placed,0,CSE,7.59,0,-2.966339490028978,0.38092887646308415
Placed,1,CSE,7.33,1,-1.0994699172771594,-0.923387502660242
Not Placed,0,Mechanical,7.49,1,-0.5959265971699517,-0.3412082917131505
Not Placed,0,CSE,6.75,0,-2.9088170621599696,0.7789981914502926
Placed,1,CSE,7.09,1,-0.4905909793631192,0.008396273851860644
Not Placed,0,CSE,7.64,3,1.472203520946279,-0.8011507899781528
Not Placed,0,IT,7.66,1,-1.0505690518379456,-0.5527454416391131
Not Placed,0,ECE,8.18,2,-0.0014132225626685689,1.995372725663333
Not Placed,0,Civil,7.46,1,1.127170654163505,-1.7086567328112559
Not Placed,0,Civil,9.12,1,0.46815051692669063,-0.9869663564457933
Not Placed,0,ECE,8.75,2,1.2336251831023548,1.0031606662539876
Not Placed,0,Mechanical,7.27,1,0.2922718923198382,-2.0721760291892233
Placed,1,ENTC,7.87,2,1.6816694418567435,1.8004316358083994
Not Placed,0,Civil,8.73,2,-0.33865352931805887,0.43522877267852533
Not Placed,0,Mechanical,7.16,0,-1.9355713452001417,0.21524886094827128
Not Placed,0,Mechanical,7.06,3,2.4834864020774856,-0.8238589425463178
Placed,1,CSE,8.8,3,2.0223388601552603,0.16883047610007956
Not Placed,0,IT,8.29,3,2.348150885776923,-2.1096428019986644
Placed,1,IT,8.61,2,1.1864539084067072,0.653377953762889
Placed,1,ECE,7.97,3,2.1084408792488234,-1.2799033997470772
Not Placed,0,Civil,7.48,0,-1.4689638391179753,0.12337937218066908
Not Placed,0,Civil,6.56,0,-2.5291447448290247,1.5268491460579352
Placed,1,Mechanical,7.82,2,1.675354256220264,1.4719703638940296
Placed,1,ENTC,8.75,3,2.605861994243422,-0.10414071412722276
Placed,1,CSE,8.76,3,2.379479331451361,-1.6250892410645263
Placed,1,CSE,8.61,2,1.2498286506444087,1.2997464473914206
Not Placed,0,ECE,8.37,0,-1.014089713545324,-0.36532107959802823
Not Placed,0,IT,9.58,3,2.671626965436321,0.16224289292942784
Not Placed,0,ENTC,6.38,0,-1.5112780861106796,-0.15977089813843973
Placed,1,ECE,7.9,1,0.03791297388603865,-0.30786110658278476
Not Placed,0,IT,6.9,0,-1.0700628476408698,0.12567709547440858
Not Placed,0,ECE,9.02,2,-0.8145139809609075,0.3382152621628223
Not Placed,0,ECE,7.23,1,-0.07550664368957229,-0.07719068086256642
Placed,1,ENTC,8.56,2,1.8000746857010639,1.5276602635071366
Not Placed,0,ENTC,7.32,0,-3.0964393190601394,-0.819657714397912
Placed,1,CSE,8.06,1,1.7222487817252106,-2.945559690017171
Not Placed,0,ENTC,7.61,0,-2.955199381116153,-0.889246159102853
Not Placed,0,IT,7.69,2,-0.8358683559015236,1.5199008589399852
Not Placed,0,CSE,7.98,2,0.8645427888196744,-0.1056472849705416
Placed,1,CSE,8.48,3,1.538873115131299,0.3732683118015864
Not Placed,0,ENTC,7.61,0,-1.1894780178905984,0.2163600435608126
Not Placed,0,Mechanical,8.46,2,-0.6163701387961124,1.3019847162815308
Placed,1,IT,8.58,2,0.7363423537016608,1.3283682974385467
Not Placed,0,ENTC,7.35,1,0.0010693503344854339,-0.6711824156609865
Placed,1,Mechanical,9.3,3,3.9844579516414944,0.808179813764191
Not Placed,0,Civil,8.33,0,-1.1622299035341224,0.12386923527294333
Not Placed,0,CSE,7.33,1,0.10624709949355739,-0.379338375860067
Placed,1,IT,8.22,2,0.4853683740517979,0.6457270069060094
Placed,1,CSE,8.58,1,0.962088743098158,-0.5638388567861181
Placed,1,Mechanical,8.2,1,0.060639889762071325,-0.003153632787490099
Placed,1,CSE,7.87,3,2.071527469280256,-0.557097359175715
Not Placed,0,CSE,5.0,0,-2.8739191521524474,-3.5764689532752856
Not Placed,0,Civil,6.88,1,0.34225687355490453,-0.9573519947460483
Placed,1,CSE,8.28,2,0.859720553163615,0.9364153530955066
Not Placed,0,ECE,6.86,0,-1.5465883227708335,-0.9303795970288895
Not Placed,0,Civil,8.14,1,-0.6854127159312368,-0.6171823335519813
Not Placed,0,CSE,8.45,0,-2.1516964143919526,-0.2573950415205568
Not Placed,0,CSE,7.6,1,0.36628187816185515,-0.6911587444478778
Placed,1,CSE,6.2,1,-0.5306256240382324,-0.42568501477575016
Placed,1,ECE,7.07,2,0.06716398842347318,-0.09109923232392891
Not Placed,0,IT,8.28,2,-0.7427832010274971,-0.2198147141979497
Placed,1,IT,8.77,2,0.2863256016130695,3.1460443245462715
Not Placed,0,CSE,5.93,0,-2.90421355977853,-0.35685302678469244
Placed,1,CSE,7.77,1,0.19965414819722266,0.27463456246995055
Not Placed,0,ENTC,6.45,1,0.2992092195525562,-2.279838992507854
Not Placed,0,CSE,7.78,0,-2.409133679225886,1.6357550250967847
Placed,1,ENTC,7.57,3,2.491798877614155,-2.0046844595743605
Not Placed,0,Civil,9.71,2,-0.510771863648385,1.9243275084661937
Placed,1,ENTC,7.24,3,2.554214163529687,-2.6992104052594224
Placed,1,ECE,8.59,2,-0.09709459605666912,2.2060140439965963
Placed,1,IT,8.56,3,3.2070491478423864,-0.31715301778697735
Not Placed,0,CSE,7.53,2,-0.7733049818397971,0.4129751277889455
Placed,1,CSE,7.8,1,0.8218469843907297,-0.6530941596590063
Not Placed,0,CSE,7.7,0,-3.267182738605423,0.10080707240421331
Not Placed,0,Civil,7.07,1,-0.09851376916842079,-1.313059382125239
Not Placed,0,CSE,6.99,1,0.7265321827050983,-0.8475552739341056
Not Placed,0,IT,7.35,1,0.41646385397535435,-0.5755768325090895
Not Placed,0,ENTC,6.73,1,-0.6103138642915212,-0.7263481689313164
Placed,1,Civil,7.27,3,1.1567766409944027,0.017198693691670992
Placed,1,ENTC,7.53,2,1.2714828870569805,1.1594321239104255
Not Placed,0,IT,7.84,2,-0.187609610816443,0.31959647063212354
Not Placed,0,CSE,8.08,2,-0.9114811835706257,1.7956922557781934
Placed,1,CSE,7.53,3,1.7175692332644232,-0.47536180611975604
Not Placed,0,ECE,7.05,1,1.4646705532427902,-1.9095828677767905
Placed,1,ECE,8.06,3,1.3710514168555974,-1.3198527160045126
Placed,1,ENTC,8.37,1,0.8617689572279464,-1.3835067989246248
Not Placed,0,CSE,7.29,2,0.8626009948853396,0.497845790864485
Not Placed,0,Civil,6.86,0,-2.2894291733713077,0.23522693602050293
Placed,1,IT,7.32,3,2.2865403200953742,0.5021856173634576
Placed,1,IT,7.55,2,0.3619451085900666,2.178278841226499
Placed,1,ENTC,8.67,2,0.7216210033242038,0.44466499943923843
Not Placed,0,CSE,8.29,1,0.9129766893059817,0.3474134537365576
Placed,1,CSE,7.7,3,2.2594039358292792,-0.10952260329516389
Placed,1,CSE,9.32,2,-1.4080191724848723,2.703421854664836
Not Placed,0,IT,7.67,1,-0.1102237729043735,-0.9167183507394877
Not Placed,0,IT,8.9,2,1.1311181906815753,1.7145155296333288
Placed,1,ENTC,8.74,3,2.017425067796141,1.5704581795260382
Not Placed,0,CSE,8.68,2,-1.665565418771056,2.044844270420186
Not Placed,0,Civil,7.97,0,-1.589863288320745,-0.7765654557845388
Not Placed,0,ENTC,7.8,3,2.2374654800802793,-0.7971252762002908
Placed,1,ENTC,7.7,1,1.6395070730768593,-0.630750802029745
Not Placed,0,Mechanical,8.42,2,1.1004854436815334,1.4516542433079525
Not Placed,0,ECE,7.03,3,2.407896928685853,-0.7342240163705742
Placed,1,CSE,7.48,1,-0.17459102449087005,-1.3684894556081353
Placed,1,Mechanical,9.12,3,2.3434849784684224,0.4801360801413465
Not Placed,0,CSE,8.23,1,-0.5403307999695344,-0.13617796315112923
Not Placed,0,IT,8.51,1,-0.30708326179920165,-0.52688898037526
Not Placed,0,ECE,6.66,1,-0.4522267264748153,-0.9654840322202479
Not Placed,0,IT,7.33,0,-3.7422611476994607,-0.14446341502583931
Not Placed,0,ECE,7.98,1,0.44706874526517165,-0.38199972156854173
Placed,1,Civil,7.66,2,1.1021103118946372,0.6562578344543568
Not Placed,0,ECE,6.66,0,-1.61685738242704,-1.7948956956387725
Placed,1,IT,8.35,3,4.575840827647009,0.7758802254074759
Not Placed,0,IT,8.62,1,-0.6995728996656926,-1.0526200353984927
Not Placed,0,CSE,7.46,2,-0.01828925770340722,1.6449814264075833
Not Placed,0,IT,8.38,2,0.5690197438062389,2.466295707639289
Placed,1,CSE,9.42,2,0.8339258467828444,1.5058917474556883
Placed,1,ENTC,9.0,2,1.6585768159331813,1.7699223735452072
Not Placed,0,ECE,7.5,0,-1.348126735739625,-0.9885279022159401
Not Placed,0,ECE,6.76,1,-0.49142071937872445,-0.8567404037212263
Placed,1,CSE,7.9,3,1.7305664174961375,-1.0323191251421429
Placed,1,IT,9.69,3,3.3437946624809345,1.5555818742885128
Placed,1,ECE,8.84,3,1.4791771637038265,0.5814167338317788
Not Placed,0,CSE,7.69,0,-2.233090671609841,-0.3874748924892555
Placed,1,CSE,9.03,2,1.3447975139241093,2.4476946471146634
Placed,1,ECE,8.69,3,6.5318815010573505,0.8693684881247455
Not Placed,0,CSE,6.09,0,-2.1240464873062783,0.7109831412856576
Placed,1,IT,8.6,1,1.1476971456567604,0.11286773540264393
Not Placed,0,CSE,7.8,2,-1.6809858612325463,1.2954308615781795
Placed,1,CSE,6.96,1,0.32167360748625784,-1.294777775426799
Not Placed,0,ENTC,7.78,0,-1.9274520539509432,-0.5738026007697746
Not Placed,0,IT,8.05,1,-0.5874022681148645,-0.17121364286909038
Not Placed,0,Mechanical,7.03,0,-3.060752212429313,1.1808552570355717
Placed,1,CSE,7.6,1,-0.39411832888996157,-0.5113525191394999
Placed,1,IT,7.42,1,1.6509330904856379,-1.2233751625564675
Not Placed,0,IT,8.38,3,1.8024488883555945,-2.0548993879662163
Placed,1,Civil,7.44,1,-0.1805634156507469,-0.49382716962388307
Not Placed,0,CSE,6.26,2,-0.11652043607397625,-0.04048215269292129
Placed,1,ENTC,7.32,1,1.1396479918774205,-0.7794915885690102
Not Placed,0,Mechanical,6.9,0,-1.6003628573368185,0.8577178280241483
Placed,1,CSE,6.6,1,0.7979509921971895,-0.275850164373791
Placed,1,CSE,8.7,2,0.7222017774105589,0.6818517654696258
Not Placed,0,ECE,8.38,2,-0.6165640521431652,1.7817611030611593
Not Placed,0,ENTC,6.88,0,-2.627014449021735,-1.4772580663597379
Not Placed,0,CSE,6.62,1,-1.2998415524781675,-1.7513403232496483
Not Placed,0,Civil,7.61,0,-1.8802573214265195,1.5895901024092114
Not Placed,0,ECE,6.58,0,-3.7072644192879642,-0.8327951688106789
Placed,1,Mechanical,7.49,2,0.6260267263828089,0.2557860153730806
Not Placed,0,IT,7.76,1,0.82726359473509,-0.3892429988041022
Placed,1,CSE,7.96,2,0.0631638188660659,0.29914905271471653
Placed,1,IT,7.99,1,-0.6282747236762841,-0.3789160625424685
Not Placed,0,Mechanical,7.04,1,0.2100331066592895,-2.0852542719253098
Placed,1,CSE,7.76,2,-1.6507786416718317,2.540161835001092
Not Placed,0,ECE,8.79,0,-2.0908508010393545,1.9895149467153583
Not Placed,0,IT,5.92,1,-1.148068179778445,-1.1667331505403917
Not Placed,0,IT,7.98,1,-0.2535622801884567,-2.2280902437466534
Not Placed,0,CSE,6.7,2,-0.3404269997241001,0.3023142909551039
Placed,1,ENTC,8.89,2,0.7156337695871093,2.555319908255799
Placed,1,CSE,8.39,3,1.4604909395082588,0.20368730942131347
Placed,1,ENTC,8.37,3,2.2804790769697063,0.5664950366629915
Not Placed,0,ENTC,6.97,1,-1.0127884289646432,-1.0731467991130512
Not Placed,0,Civil,7.92,1,-0.9222899627558879,-0.9237579810100365
Not Placed,0,ECE,8.02,1,0.10998989920565705,-0.6982795827412719
Not Placed,0,ECE,5.68,1,-0.45985365537333667,-1.5846057079217855
Not Placed,0,ECE,7.82,1,-0.21087607830429417,-0.3894237535350134
Not Placed,0,IT,8.22,0,-1.2004541783302438,0.42040231357463176
Not Placed,0,CSE,6.5,1,0.26606968924667584,-2.0552382958262343
Not Placed,0,Mechanical,8.21,1,-0.4923763248114239,-0.11014412001229301
Placed,1,IT,7.78,0,-1.0914201293843067,0.08068710624463644
Placed,1,IT,8.87,2,0.8347051404709177,1.8155408560964852
Not Placed,0,ECE,7.35,2,0.2113800619116695,0.5071629922047136
Not Placed,0,ENTC,7.85,1,-0.7058384896640209,0.16111182109610528
Placed,1,CSE,7.99,0,-1.8636090179179476,0.8960201144376332
Not Placed,0,Mechanical,5.31,0,-1.8518330044056055,-1.6482658789971734
Not Placed,0,CSE,7.4,1,-0.4943071353735921,-2.0072074092654186
Not Placed,0,CSE,7.77,2,0.5516102177643956,0.24531486742159703
Not Placed,0,Civil,5.7,0,-4.53615226029524,-1.1425537049748378
Placed,1,CSE,8.27,2,0.4597138490733411,0.7889897538678816
Not Placed,0,ECE,7.77,1,0.6339441782725673,-0.7002850658844894
Placed,1,Civil,7.77,2,1.3482190186707033,1.8748633366012752
Placed,1,CSE,8.31,3,1.6025721309673935,0.7548614143197571
Not Placed,0,IT,7.35,1,1.3358132258617732,-1.4515820220630469
Placed,1,Civil,7.74,1,0.9646444153092302,-0.3020697723722554
Placed,1,CSE,8.44,3,1.8686396030568395,-1.126314751548163
Placed,1,Civil,7.75,2,-0.2177310165815139,0.8533057962121399
Not Placed,0,Mechanical,6.13,0,-3.5662300516934016,-0.924524318127776
Not Placed,0,ECE,7.74,1,0.6275508180068797,-0.2319522387663762
Not Placed,0,CSE,7.75,1,-0.07791953750962705,0.39525405077324305
Not Placed,0,CSE,8.47,2,-1.7474657759199936,1.9294131796087444
Not Placed,0,IT,7.41,1,-0.29420131115375964,-2.4409362462266992
Not Placed,0,CSE,6.87,3,1.69280738338771,-0.7892051906596345
Not Placed,0,ENTC,6.87,0,-2.972720127517881,-0.10377637500553243
Placed,1,Civil,8.93,2,-0.34018244451426666,3.2289162064508954
Placed,1,Civil,7.95,3,1.1251653793481131,0.3125849700334676
Placed,1,Civil,8.88,3,4.215171738825178,0.16456376013368446
Placed,1,IT,9.01,3,3.3509421964781905,1.0652880548882167
Not Placed,0,CSE,7.07,0,-1.8770952246811587,-0.21283718254420408
Not Placed,0,IT,7.0,0,-1.7508310661946407,-1.1123381420975857
Placed,1,ECE,7.59,2,0.3675038895248401,-0.017592192588422803
Not Placed,0,Civil,8.22,1,0.7363428683095342,-0.4777679275647917
Not Placed,0,Mechanical,6.51,0,-1.520056916036453,-1.030574242177232
Placed,1,Mechanical,8.09,3,4.7600409592267185,-0.7113209749233496
Placed,1,CSE,8.04,3,2.928312095136207,1.77027639934123
Not Placed,0,CSE,6.74,1,-1.6640273287434582,-2.8751323767952246
Not Placed,0,CSE,6.77,0,-1.3346767470957726,-0.08787948314311633
Not Placed,0,CSE,8.08,3,1.0717833496638522,-0.04685530119236417
Placed,1,CSE,9.46,3,4.683911766324905,2.9024764729264962
Not Placed,0,ENTC,7.45,0,-1.8641970485874406,0.6896821469342098
Not Placed,0,CSE,7.98,2,-1.2375785131918506,1.541719091726647
Not Placed,0,ECE,7.19,0,-1.4607397497157335,0.8431367267289686
Not Placed,0,Mechanical,7.9,1,-0.7227113419456465,0.31152346503250006
Placed,1,CSE,7.17,2,0.07303282679746569,1.3346134708887543
Placed,1,ECE,7.48,0,-1.2642299856048413,-0.7063907202227595
Placed,1,ENTC,9.78,3,2.2382349247729194,1.9819774362273712
Not Placed,0,Civil,7.79,0,-2.127213033811751,0.32994746096036004
Placed,1,IT,6.37,1,0.7183969145071737,-0.9142884684907614
Placed,1,ECE,8.25,0,-1.5428337891239938,0.8099908770639255
Placed,1,CSE,8.66,2,1.11204192104615,0.17908751917900606
Placed,1,CSE,8.27,2,-1.1946111909988761,1.1117517159075163
Placed,1,IT,7.55,1,0.7315739967416687,-0.810352795472369
Not Placed,0,ECE,6.92,3,2.207549440435425,-0.5006636294799145
Placed,1,CSE,6.94,1,1.2783654996848355,-0.9522031232408635
Not Placed,0,ECE,7.54,2,-0.6919819641203068,1.3016159752549006
Not Placed,0,CSE,7.39,1,-0.2868032975531546,-0.803748935461637
Not Placed,0,IT,7.23,2,-0.4851987978745185,1.2038421130640866
Placed,1,ENTC,8.73,2,-0.8611067886999104,0.8563128149455397
Not Placed,0,IT,8.48,3,2.969563982691035,-0.17994583164045813
Placed,1,CSE,8.78,3,6.0708408391984054,-1.2233890054060002
Not Placed,0,CSE,7.03,1,0.3117781838102741,-1.7563274853145323
Not Placed,0,CSE,6.92,0,-2.6023862358402163,0.18735112307999857
Not Placed,0,CSE,7.77,3,3.507824385107581,-1.2842630480784634
Not Placed,0,ENTC,8.05,2,-0.3829051760097438,0.5667197938196067
Not Placed,0,ECE,7.76,2,-1.0861925864883666,0.40136081755347924
Not Placed,0,IT,7.99,1,-0.7833830131515396,-0.6183775771418338
Placed,1,IT,9.05,2,1.3889776887614953,1.6389223941243365
Not Placed,0,ENTC,7.51,0,-3.3186547530021064,-0.10482047147498853
Placed,1,CSE,8.39,2,0.027861066151561635,2.3982994801492232
Placed,1,IT,8.14,3,2.1843472110680233,-1.3135962665800438
Placed,1,IT,7.78,3,3.273471530310691,-1.599679149163596
Placed,1,ENTC,8.35,0,-2.3876986176449213,1.8811055383400481
Not Placed,0,ENTC,7.05,1,1.1364838156971016,-2.3513001367568633
Not Placed,0,CSE,6.88,0,-2.126320484202485,0.6081923487900259
Not Placed,0,IT,8.07,1,-0.4711246542940887,-0.35865207836446733
Not Placed,0,ENTC,6.31,0,-3.8236592371104545,0.6406732246712443
Placed,1,IT,8.13,3,3.040330352576494,0.4342288658168268
Not Placed,0,CSE,6.74,1,0.9343897247256613,-0.37012317226078323
Not Placed,0,ENTC,8.99,3,2.2589650422999124,0.8670698031514515
Not Placed,0,CSE,7.36,1,0.19590854500551877,-1.6363108244497275
Placed,1,CSE,8.94,3,2.330103574297844,-0.6221889767481448
Not Placed,0,ECE,7.52,0,-1.4017478738039373,0.3240438331893439
Not Placed,0,ECE,7.48,2,0.6238091983142139,0.661408234533493
Not Placed,0,CSE,8.44,2,0.16362003458653976,1.7098960170528117
Not Placed,0,CSE,7.95,0,-1.5099831512009958,0.4409193878480912
Placed,1,CSE,7.64,2,0.5197712564437673,0.6173042882212264
Placed,1,CSE,7.36,1,1.4560238991481596,-2.609454561086165
Placed,1,CSE,7.36,2,-0.46026210465239237,0.40938394020186675
Placed,1,CSE,9.7,3,4.89474716404931,1.1895637767260432
Not Placed,0,CSE,6.28,0,-2.3318895276831646,-1.7978519065729912
Not Placed,0,CSE,6.68,0,-2.1830011636917117,1.5925674419713318
Not Placed,0,CSE,8.7,2,-0.5090179406100027,1.6324472934895597
Not Placed,0,ECE,8.64,2,-0.5555010336733637,2.111508197877227
Not Placed,0,ECE,6.92,1,-0.5889790393191334,-2.10527769572402
Not Placed,0,Civil,6.21,1,1.5140370177181424,-2.505773152947404
Placed,1,ECE,8.78,3,2.791275177505282,-0.38218292368972
Not Placed,0,ENTC,6.81,1,0.3859738901137921,-0.7235697583628619
Placed,1,IT,7.28,3,1.9048071043801884,0.6874177731253891
Placed,1,ENTC,7.78,3,1.797144472392384,0.6699930123742885
Not Placed,0,CSE,6.79,3,1.2398029403811481,-0.727360656606924
Placed,1,Mechanical,8.49,3,1.6701032495856154,0.29163933063129466
Not Placed,0,Civil,7.72,0,-2.0364089582852243,-1.1853467756601923
Not Placed,0,CSE,6.95,0,-2.3316312668207533,0.5754450341381953
Not Placed,0,Mechanical,7.03,0,-1.3942881765700568,0.49119925704366957
Not Placed,0,ECE,8.8,2,-1.373013701100408,1.798991963116141
Not Placed,0,ENTC,7.46,1,-0.6367105474396231,-0.9698775584991323
Placed,1,CSE,8.22,2,1.456521809033914,1.9440922226941941
Placed,1,CSE,7.69,3,2.4317023248018983,0.18037436137368368
Not Placed,0,ENTC,6.21,0,-1.1760725855342127,0.3738404618255192
Placed,1,IT,8.33,3,3.093413043005436,-1.35542244116139
Not Placed,0,CSE,8.61,2,0.23722956839508735,0.486710814067194
Placed,1,IT,9.27,2,0.44682041323281574,2.158635417716071
Not Placed,0,CSE,6.08,1,1.1944787689615288,-2.847127242236953
Not Placed,0,ECE,5.02,1,-1.725367176807697,-2.718325744961515
Placed,1,ENTC,8.24,2,1.2999715992405976,0.7289607496112386
Not Placed,0,Mechanical,7.19,2,-0.4209077505628401,0.4510110839918067
Placed,1,ECE,6.48,3,1.6960204561060312,-2.180437788656014
Not Placed,0,ECE,7.79,1,-0.4524411613153875,-0.6202809638947501
Not Placed,0,Civil,7.32,1,0.9665769197361759,-1.8566238242696684
Not Placed,0,CSE,6.62,1,0.36805559687479467,-2.635317302134954
Placed,1,ECE,7.63,3,1.5299455631336707,0.5003328392988031
Not Placed,0,Mechanical,8.18,2,-1.0824164509212955,1.0715240556865915
Not Placed,0,ENTC,7.85,1,-0.4534240010213225,-0.24418885205843574
Not Placed,0,ENTC,7.86,2,0.03096146491573737,1.0537435647258844
Placed,1,CSE,8.08,3,1.4775853766940095,0.4519389929931512
Not Placed,0,CSE,6.26,0,-1.884786322984699,-0.4367328513474778
Placed,1,ECE,7.66,2,0.2948927654832873,1.6916668084793292
Not Placed,0,ECE,7.9,2,-0.13363442927290792,-0.0346797100110208
Not Placed,0,CSE,7.38,0,-1.4404855540633974,-1.7810986282834014
Not Placed,0,IT,6.99,0,-2.786086010600017,0.6830060575001241
Not Placed,0,CSE,7.07,1,-0.8595228305123911,-0.36489808360644715
Not Placed,0,CSE,7.45,1,0.07026987688184781,-1.1014632339966386
Placed,1,IT,8.48,2,1.213812016361677,0.8793479381540912
Not Placed,0,CSE,9.0,2,0.09693736214576021,1.0937401994913232
Placed,1,IT,8.82,2,0.939527864810345,0.8657437524692329
Not Placed,0,IT,6.37,0,-3.1979376601200857,0.9477413523378055
Not Placed,0,ENTC,6.9,0,-2.815882256446714,-1.336604914235162
Not Placed,0,CSE,8.26,0,-2.2900749189043985,1.6686751728849603
Not Placed,0,ENTC,8.81,2,0.5767905254708235,0.48002360797576654
Placed,1,IT,6.88,2,0.9889735921253112,0.36970102024800333
Not Placed,0,CSE,7.86,0,-1.715752161221656,-0.412428811005617
Not Placed,0,IT,6.74,0,-2.792177724287566,0.3556391310339485
Placed,1,IT,7.94,2,1.7943651401525877,1.7715152615581933
Placed,1,IT,7.15,2,0.5505303096891035,0.5161979124912899
Not Placed,0,CSE,7.86,0,-1.2734368313987232,-0.07738257615224041
Placed,1,IT,6.67,0,-1.6364110226096285,0.7374263794406581
Not Placed,0,ENTC,6.31,1,0.5338277305082827,-1.1613474479572627
Placed,1,CSE,10.0,3,2.65394801021044,0.7040667389446374
Not Placed,0,CSE,7.76,1,0.48279273870012107,-1.6933773507504088
Not Placed,0,ENTC,9.51,2,-0.00409163079795328,1.9171579969812373
Placed,1,CSE,8.98,3,2.848772585612585,-0.7607417995534526
Not Placed,0,CSE,6.31,0,-4.024563231067536,-0.9867902393676017
Not Placed,0,CSE,8.01,0,-1.3815773152403423,1.209200131650377
Not Placed,0,ECE,6.6,1,-1.2980387244765546,-1.314125337658679
Not Placed,0,CSE,7.45,1,-0.04568786261312796,-3.1222874419923445
Not Placed,0,Civil,6.1,0,-1.3895126543933385,-1.1403856890268464
Not Placed,0,CSE,6.36,0,-2.026212202727017,-0.7572432441719743
Not Placed,0,CSE,6.97,2,-1.6678219261867875,2.7630339459925053
Not Placed,0,Mechanical,7.24,0,-3.7517302334533227,-0.32602486022713756
Placed,1,ECE,7.73,3,1.8090946656911866,1.210354816744999
Not Placed,0,Civil,6.82,2,-0.31190011997033334,0.2735310508227993
Not Placed,0,ENTC,7.83,2,0.12156804761428379,1.1637637260704674
Placed,1,CSE,8.67,2,1.1114868673984932,1.5049299505715068
Not Placed,0,ECE,7.93,2,0.8284896970609591,0.49234313268763513
Not Placed,0,CSE,7.64,2,-0.541410179212916,0.26731404027797495
Placed,1,IT,7.99,3,1.7442648222054857,-0.8009262991366038
Not Placed,0,CSE,6.48,1,-0.8485326724143473,-2.4112621077671545
Placed,1,CSE,8.51,1,0.5599827966338266,-1.0894312429085786
Not Placed,0,ECE,6.68,0,-1.9161036198752288,-0.5393136218359044
Placed,1,ECE,9.02,3,2.7210878303553567,0.9896072624183335
Not Placed,0,Civil,8.36,0,-2.3266394928978102,1.4194206892539816
Not Placed,0,IT,8.17,1,-1.0680512423699071,-0.9999682079963945
Not Placed,0,CSE,8.21,0,-1.5628960927612296,1.4583600678252966
Placed,1,CSE,7.7,2,0.9321845455487479,0.5636322549746509
Not Placed,0,CSE,7.03,1,0.44607701887605056,-0.48479609578140714
Not Placed,0,IT,6.9,0,-3.287965506849414,0.8247254796961538
Placed,1,CSE,9.19,3,3.135686326079508,1.6742583285317132
Not Placed,0,ECE,7.79,1,0.2142010629553314,-0.46749500801378396
Not Placed,0,CSE,6.75,1,-0.6938193302198475,-1.3134538531210271
Placed,1,ECE,8.14,3,2.4907524783344352,-0.09122384467522954
Placed,1,CSE,7.99,2,0.8713939212412511,0.8013754430989994
Not Placed,0,CSE,7.42,1,-0.20731911337253947,-0.7251999732295447
Not Placed,0,Mechanical,6.94,0,-2.4449187794357155,0.7722461596102332
Not Placed,0,IT,8.33,0,-1.2922954052796252,0.12020044632441285
Placed,1,CSE,8.5,3,3.051020747884168,-1.0849863859608968
Not Placed,0,Civil,7.97,1,0.61868389842695,-1.4707103161248347
Placed,1,IT,7.76,2,0.6048154105796234,1.2413605291667558
Not Placed,0,CSE,7.03,0,-1.5390813067868707,1.1167024853058771
Not Placed,0,CSE,8.11,2,0.8277005129047016,-0.1157491817591369
Not Placed,0,ECE,7.16,2,-0.5849794384523929,0.5889225017018858
Placed,1,ECE,6.62,3,2.569092164928332,-1.4988773346461173
Placed,1,ECE,8.66,3,1.8483703425394438,-0.6014352500032716
Not Placed,0,Civil,6.82,0,-2.6250968991317767,-1.3820369515808923
Not Placed,0,CSE,6.09,0,-2.750311754196263,-0.2872743091212865
Placed,1,CSE,8.81,2,1.0246812085406107,0.5882359099301007
Not Placed,0,Civil,6.22,1,0.5518205263330029,-1.8194546876988567
Not Placed,0,IT,7.37,1,-0.22523770443802565,-1.4199781569266388
Not Placed,0,Civil,6.77,0,-3.064168186279231,2.0733688877687597
Not Placed,0,Civil,7.08,1,-0.5244355528785755,-0.48281899960827246
Placed,1,Civil,9.59,3,4.1187050756184345,0.26945835067111107
Not Placed,0,IT,7.61,1,-0.538358315644212,0.015513915030746443
Placed,1,CSE,8.01,3,1.6584619125430664,0.0016627257350988447
Placed,1,ENTC,8.37,3,4.740389669490266,-1.0668052954490728
Not Placed,0,CSE,7.15,1,0.42747844296225945,-0.7391345453612052
Placed,1,ECE,8.61,3,1.855400654330498,0.8206710947549067
Placed,1,CSE,8.02,3,1.4613783093449346,-0.7125378827490996
Placed,1,IT,8.34,1,0.5719817939590386,-0.2131665014428172
Placed,1,Mechanical,7.08,1,0.029039816163458645,-0.9311825198486944
Not Placed,0,Civil,8.08,2,0.12646248213633968,1.3017361274857857
Placed,1,IT,7.69,2,0.06457155089660924,-0.14205650376869206
Placed,1,IT,8.66,2,-0.15171590073319646,2.2029339754041413
Not Placed,0,ECE,7.24,0,-2.1832441333438735,0.19876831129715236
Placed,1,IT,9.43,2,0.39797755170436483,1.1654791502264126
Placed,1,ECE,7.99,3,1.6956068754092122,0.03521987680495213
Not Placed,0,ECE,7.59,3,1.4532278673443773,-0.37874311989124226
Placed,1,CSE,7.49,3,1.5025203609718327,0.562076273750698
Not Placed,0,ENTC,7.69,2,0.41856379204217,0.6341518573929548
Not Placed,0,IT,7.17,0,-2.302267328580166,1.5238467179126913
Placed,1,CSE,8.27,1,0.4383194913559762,-0.14550161778603993
Not Placed,0,ENTC,7.69,0,-1.5544764827883115,0.027648117629431205
Placed,1,IT,9.35,2,0.7679843427298153,0.9537933236126543
Placed,1,CSE,7.33,3,2.883966137127647,-3.624625926488007
Placed,1,ECE,7.6,3,1.480018464951829,0.3286201189016627
Placed,1,CSE,7.33,1,-0.08131702583757834,-0.5998084798222596
Placed,1,CSE,9.29,2,0.5164591571116244,0.8592047303324566
Not Placed,0,ENTC,6.47,1,0.6934249253046165,-1.3109911071137597
Not Placed,0,CSE,7.78,0,-1.7123564357575103,0.635784858551143
Not Placed,0,CSE,7.97,2,-0.05150873030320603,0.9376779269820855
Not Placed,0,IT,6.74,1,0.9246891871700896,-0.8694191553439509
Placed,1,ECE,9.95,3,2.4663799725412408,1.320633222245828
Not Placed,0,CSE,6.91,1,-0.3169367741804631,-0.39813212824962657
Not Placed,0,Mechanical,7.73,2,0.03561336931298201,0.7939788968075066
Placed,1,IT,9.13,3,2.867222975544198,0.9540391778614106
Not Placed,0,ENTC,7.38,2,-0.8690816295694088,0.9983808095775422
Not Placed,0,ENTC,7.82,0,-1.9840555831881002,2.0044356843890507
Placed,1,ENTC,7.41,3,1.4223481373679172,-0.7370489682452641
Not Placed,0,ENTC,7.65,0,-1.262683088049002,0.3399705611256355
Not Placed,0,CSE,8.62,2,0.2109609237236502,2.591329500844139
Not Placed,0,CSE,7.34,0,-2.358519309583083,-1.1283810210995247
Not Placed,0,CSE,5.44,0,-2.7008371575068955,-2.200898330798144
Not Placed,0,CSE,7.67,2,-0.7635920614990187,1.0839145930536929
Placed,1,CSE,7.75,3,3.00424724565614,-1.0844568763694875
Not Placed,0,ECE,7.87,3,2.1603608145215034,-0.32404678540856957
Placed,1,CSE,7.54,1,-0.04833407709064111,-1.2924287110724286
Not Placed,0,Civil,6.97,0,-1.5440359399279076,0.8498857579135901
Placed,1,ECE,7.49,2,0.7428625737118612,0.27514223671992166
Placed,1,CSE,9.2,3,2.1277692389505907,-0.2942373087038273
Not Placed,0,CSE,7.66,1,-0.9548209052238523,-0.1895099862962214
Not Placed,0,ECE,8.25,2,0.5396243471264205,0.1678536503719932
Not Placed,0,CSE,6.82,0,-1.9713539870384322,-1.6644983758645464
Not Placed,0,CSE,7.45,2,-0.5481934099411367,1.4397578629049448
Not Placed,0,CSE,6.85,0,-2.748834658688568,1.1001193214219864
Placed,1,ECE,8.8,3,2.9277114846756267,-1.0450479936257155
Not Placed,0,CSE,6.38,0,-1.403902563881452,-1.670895021425433
Not Placed,0,CSE,8.02,2,0.0894525255318302,0.09050515114193958
Placed,1,IT,7.99,1,1.4675088639355138,-0.7886037498764198
Not Placed,0,CSE,7.93,1,1.1944150891838234,-0.9237334664416524
Not Placed,0,CSE,5.71,0,-3.0113820701270444,-1.494448626642085
Not Placed,0,ENTC,5.98,0,-2.9564710119018756,-2.2297961713440797
Placed,1,ECE,7.8,3,1.919344831714626,-1.3942018881706402
Not Placed,0,CSE,6.92,0,-1.801048302322919,0.4038784641411174
Not Placed,0,Civil,7.15,1,2.393716264313656,-3.445033143067088
Placed,1,ECE,7.34,3,3.7669147107178516,-2.0727534310615527
Placed,1,IT,6.8,2,-0.10672129357854955,0.6846159790914684
Not Placed,0,ENTC,6.66,0,-3.409002297370434,0.26609477352529876
Placed,1,ENTC,7.7,2,0.15288412570350182,0.49803808557208806
Not Placed,0,CSE,6.08,0,-2.480738612826091,-2.84892150583779
Placed,1,CSE,7.27,2,0.3681816842452306,0.14086697099004275
Placed,1,ENTC,7.13,3,1.9390324966562182,0.4364763843303926
Not Placed,0,IT,7.68,0,-1.1735716693400302,0.05123460107369043
Placed,1,CSE,9.73,3,3.1527394267049393,0.7868172369272833
Placed,1,ENTC,6.87,1,0.3269477631353845,-1.0635448806899377
Placed,1,ENTC,8.05,2,1.689346601945131,1.1804899323372884
Not Placed,0,ECE,7.89,2,-0.8947366360243152,0.8879395387659587
Placed,1,IT,8.18,3,1.8951977495193792,-0.4045877950385434
Not Placed,0,CSE,7.52,0,-1.4380194718843842,0.6127987172904166
Placed,1,Mechanical,8.93,3,2.0237258681225696,1.0877373490806537
Placed,1,ECE,8.28,3,1.656122371178724,0.114719144469864
Not Placed,0,ENTC,8.3,2,-0.471883930871448,0.9922491870403299
Not Placed,0,IT,6.5,0,-3.04582620881328,-0.3710394887956615
Not Placed,0,Civil,7.78,1,-0.346135984269069,-0.9616780796064002
Not Placed,0,CSE,7.27,3,1.3080173993182929,-0.06343249359652726
Not Placed,0,CSE,6.97,1,-0.30909333909519143,-0.5409930402667724
Placed,1,ENTC,7.17,3,1.4772826654046634,0.061354272098916425
Not Placed,0,CSE,7.65,3,1.297946500962978,-0.558224787955494
Placed,1,ECE,8.09,2,1.150374595976628,0.5800866855626088
Placed,1,CSE,8.53,3,1.9313738199807995,1.437964478891384
Not Placed,0,Mechanical,8.49,2,-1.5866991615395223,2.9137519356130213
Placed,1,IT,7.95,3,1.8303930102529993,0.42052907324146593
Placed,1,IT,7.75,3,2.6554027132230695,-2.824790433006428
Not Placed,0,ECE,7.42,2,-0.3017610786947001,1.3738636507193056
Not Placed,0,ENTC,7.49,1,-0.34664289098053896,-1.4066989545340634
Placed,1,Mechanical,7.04,3,2.4230274191288874,-2.610049739459723
Not Placed,0,CSE,7.34,2,0.6102304952493185,-0.1435458453057855
Not Placed,0,ENTC,8.0,1,1.0583484263261587,-1.5030634542037264
Placed,1,CSE,9.01,2,1.6274791167769866,1.70952180822568
Placed,1,CSE,7.57,2,0.17401461927729253,1.2608564226824566
Placed,1,IT,7.01,1,0.9392417734771508,-0.10216451772185914
Placed,1,CSE,8.52,3,2.5808693699825835,1.0314859901302245
Not Placed,0,IT,6.0,0,-4.502516501548652,-1.2129706168593304
Placed,1,CSE,8.59,3,5.235543134642209,-1.2129197545522112
Not Placed,0,CSE,6.48,0,-1.9204780561343837,-1.3689218534357104
Not Placed,0,Mechanical,8.26,2,-0.5739142132767052,0.42128307653902947
Not Placed,0,IT,7.3,0,-1.3177394808510425,0.32891302276761686
Placed,1,ENTC,7.97,2,-0.7241220783097709,1.2218894005619363
Placed,1,Mechanical,9.47,2,1.072100249001149,0.9314282392396691
Not Placed,0,CSE,6.99,0,-1.389281003334201,-0.2917945775504786
Not Placed,0,ECE,6.85,1,-0.784542431909144,-0.4683190618171495
Not Placed,0,CSE,7.77,2,-1.6110632480534792,1.8911427030324952
Placed,1,IT,9.0,2,0.0071790443380549025,2.889877661664678
Not Placed,0,ECE,7.85,0,-2.2417323380992564,1.7804072272498042
Placed,1,ECE,7.74,1,0.4670909807823347,-0.22966333935842623
Placed,1,CSE,7.84,1,0.6276221678560507,-0.42365597465570853
Not Placed,0,Mechanical,6.85,0,-3.840859737960448,-0.3848603992752203
Not Placed,0,ECE,7.85,1,0.2524411758086623,-2.198747032581469
Not Placed,0,CSE,7.37,0,-1.2447022675933168,0.6348964079406845
Placed,1,IT,8.82,3,2.6331998554562084,0.6070767270516136
Placed,1,Mechanical,8.38,3,4.020400703805114,-1.5343387536175552
Not Placed,0,Civil,6.57,0,-3.46814070455085,0.8437816998147396
Not Placed,0,ECE,7.46,1,-0.7793948511065353,-0.16886499642350822
Placed,1,ENTC,8.15,3,2.246539056169826,0.2675936130323087
Placed,1,CSE,6.87,1,1.5238461317586565,-1.6552344905578311
Placed,1,CSE,6.78,0,-1.5619818543315875,0.06978847527654924
Placed,1,Mechanical,7.31,1,1.0187441389553908,-1.6528909007477017
Placed,1,ECE,7.99,2,1.2013988443497825,0.9247006338952125
Placed,1,CSE,8.58,3,2.379571721003609,0.7170432390133535
Not Placed,0,ECE,7.9,1,1.0274048002832843,-1.7738531945635043
Placed,1,CSE,9.79,3,1.6648676004378353,0.35802244616316264
Not Placed,0,IT,7.12,2,0.7129425878428146,0.47842775906915713
Not Placed,0,ECE,8.33,1,-0.39453092981810733,-1.3219861970590914
Not Placed,0,IT,6.76,1,0.8812661107958427,-1.9635393153499632
Not Placed,0,CSE,9.07,2,-0.5354542053667092,0.340200917503459
Placed,1,IT,8.86,3,2.136642787663873,0.12563773862686792
Placed,1,CSE,8.3,3,2.1927151219224923,1.5554833298849493
Not Placed,0,Mechanical,6.22,1,0.28490899067825204,-1.5764126763335284
Placed,1,IT,8.3,1,0.9946902197642261,0.024909095925485406
Not Placed,0,CSE,7.0,0,-1.3476294044398258,-0.009067289634222092
Not Placed,0,ENTC,8.09,1,-0.19730361657644724,-1.7850886490788769
Not Placed,0,Mechanical,6.46,0,-3.6689873408801565,0.37389562966067635
Not Placed,0,ENTC,7.93,2,-0.5089853958300767,0.9384156496439708
Not Placed,0,Civil,7.4,0,-2.164084619214545,0.9432226020989805
Not Placed,0,ECE,7.04,1,-0.28532909001564555,-0.38671289577938783
Placed,1,ENTC,8.2,3,1.1060063784219447,-0.2506725585127559
Placed,1,CSE,7.66,1,1.6974247868285075,-1.4423266186944488
Not Placed,0,CSE,7.53,0,-2.7353533190186337,0.8687086835021802
Not Placed,0,CSE,8.33,1,1.4438128564693322,-1.0855961301380013
Placed,1,ENTC,9.32,3,4.611292600963215,-2.066243254904278
Not Placed,0,ECE,7.93,2,0.22037578944080632,1.758434858650185
Not Placed,0,ENTC,6.16,1,-1.6274266905534849,-3.13155719761224
Not Placed,0,ECE,6.38,1,0.5282366296010275,-1.136271563408631
Not Placed,0,ENTC,7.76,2,-1.5729283287266167,2.5972959582089663
Placed,1,IT,8.57,3,2.089673595460299,0.43404571729658104
Not Placed,0,CSE,7.81,1,0.5546118790062973,-0.9561725205652337
Not Placed,0,CSE,8.13,1,-0.7196962055504779,-0.8398991669105165
Not Placed,0,IT,7.65,0,-2.036586262116618,1.1700316795901853
Placed,1,Mechanical,8.52,3,2.7465449700444307,0.8960152806111278
Not Placed,0,CSE,8.22,2,-1.6058027955672725,3.2671600604941626
Not Placed,0,IT,6.83,0,-2.6016716153109227,1.6974215983659582
Not Placed,0,ECE,8.08,2,-1.1891820623394913,2.984156122806985
Not Placed,0,IT,6.39,0,-3.6068618497851874,-3.007259758760286
Not Placed,0,CSE,8.08,0,-1.73795227860811,0.41614607132247344
Not Placed,0,CSE,7.46,0,-2.216615768959706,-0.4949035872966985
Placed,1,IT,7.84,2,-0.1425525821630414,1.959780616190461
Placed,1,ENTC,7.98,3,2.568113754865511,-1.7684689876565878
Not Placed,0,CSE,7.94,1,-0.12114130664295404,-0.9478519815119875
Placed,1,CSE,8.9,1,1.0588888225165285,0.07015910033896067
Not Placed,0,IT,7.73,3,2.9427790970926764,-0.18017701887242998
Placed,1,CSE,7.86,3,3.0796111336755376,1.0091440548724473
Not Placed,0,CSE,8.83,2,-0.26860951375888015,0.9821583524450491
Not Placed,0,IT,9.31,1,-0.046251655197089556,0.3246497792166855
Not Placed,0,ECE,7.68,2,-0.19522490319656588,2.9892710187766913
Placed,1,CSE,7.26,1,0.053074956403790986,-0.2505795689742444
Placed,1,Mechanical,7.31,3,1.4790592374726206,-0.6726962593996029
Not Placed,0,ENTC,8.08,0,-2.4801206861072687,-0.5998219026875936
Not Placed,0,CSE,7.53,2,-0.1376487335705895,0.300546897244364
Not Placed,0,IT,6.21,0,-3.1468318196406897,-1.844761269772319
Placed,1,ENTC,8.65,3,2.859426324606291,-0.54303376726655
Not Placed,0,CSE,8.39,1,1.6722043564044808,-1.9744374700027911
Not Placed,0,ENTC,8.67,2,-0.41029676479480953,1.7523994839324442
Placed,1,CSE,8.84,3,1.5883387146416093,-0.04003133130436297
Not Placed,0,IT,7.86,1,-0.054995400108970194,-0.5972077901743702
Placed,1,ENTC,7.92,3,2.6495328084767555,1.71974814394515
Placed,1,ENTC,8.56,2,-0.1698882874348176,2.228575170235873
Not Placed,0,IT,6.67,0,-3.71522845285,0.10095723923001343
Not Placed,0,ECE,7.4,1,-0.48550059488396285,0.12189529641082358
Not Placed,0,CSE,7.65,0,-2.1408538471521634,-0.07667960111718339
Placed,1,ECE,8.48,2,0.6876855221781116,0.6586097495795845
Not Placed,0,Mechanical,7.24,0,-1.2175202387551973,-0.16183239836865565
Not Placed,0,CSE,7.09,2,-0.48147636178954634,0.544080575982681
Placed,1,IT,7.33,2,0.3473238534601509,-0.23244439876422396
Placed,1,IT,8.1,3,1.9543256116691095,-0.24190070669985353
Placed,1,Mechanical,7.64,1,0.1268899463594172,-1.1339840039082953
Not Placed,0,IT,6.47,1,0.3067429014173152,-1.626329991693421
Not Placed,0,ECE,6.63,0,-1.1923008756537148,-0.2428005476394731
Not Placed,0,ENTC,7.82,2,-1.0894078700914858,1.2449179263856234
Placed,1,ENTC,7.84,3,3.3185224180318538,1.0363195382570796
Placed,1,IT,7.72,2,0.6318541517330173,0.3809800270886076
Not Placed,0,IT,7.3,1,1.1489151533113378,-1.1394235838122755
Placed,1,Civil,8.37,3,1.777578545488872,0.5366868935049732
Placed,1,CSE,8.01,2,0.5498292174604328,0.3422216685989257
Not Placed,0,IT,7.98,1,0.22814470306102347,-0.7387943496820203
Not Placed,0,IT,8.01,1,2.3909679225193705,-3.530907663424252
Not Placed,0,ENTC,9.06,2,-1.2922727734016501,1.0434263156761225
Not Placed,0,Mechanical,6.83,0,-1.6085443864432465,-0.9297217808486968
Not Placed,0,CSE,7.34,1,-0.027091813561213953,-1.8651001684870012
Not Placed,0,CSE,7.41,0,-2.6458870331200344,-1.1694786228674945
Placed,1,ECE,8.77,2,0.3983720903823162,0.8637341508528361
Not Placed,0,IT,7.38,1,0.4770132615415125,-1.8216332662981467
Placed,1,Mechanical,7.03,1,0.00828951103980524,-1.051450275496242
Not Placed,0,CSE,7.61,1,0.30126235290658215,-1.6871633701091755
Not Placed,0,IT,7.79,0,-2.101078997121088,1.217589145979573
Placed,1,CSE,8.72,2,1.0166530881337503,1.1715627285631105
Placed,1,IT,7.38,2,0.633439361277873,-0.09263019747399849
Not Placed,0,CSE,7.12,0,-1.9731679299206315,0.4954307801796738
Not Placed,0,ECE,6.93,1,1.5537226228042749,-2.2859186348316523
Not Placed,0,CSE,7.41,2,-0.22069452893978886,0.2771074134398146
Placed,1,ECE,9.88,2,1.53726338174475,2.4319073367891786
Placed,1,IT,8.03,3,1.608910505743911,-0.6666925015898436
Placed,1,CSE,8.21,1,0.7905443038809838,-1.052662119885172
Placed,1,CSE,7.7,2,-0.27763342235068716,1.2940588210182602
Not Placed,0,CSE,7.82,0,-2.270014997043286,-0.2893798438419012
Placed,1,IT,8.37,2,0.4654807697291076,1.9068363785765183
Not Placed,0,ENTC,8.18,2,-0.32663485320019076,0.18296759180730154
Placed,1,IT,8.0,1,-0.313954535060476,-0.8035534906722931
Placed,1,IT,7.71,1,-0.07302865076771624,0.2890647667956091
Not Placed,0,CSE,7.4,1,-1.297357680545358,-2.74413188206383
Not Placed,0,ECE,8.06,1,0.25809522031255844,-1.08575340387653
Placed,1,IT,7.77,1,1.2951818461324454,-0.9635354715386658
Placed,1,IT,9.51,3,4.142040685341865,0.7863108265827681
Placed,1,CSE,8.59,3,2.1296348380376506,-0.49311942351751575
Not Placed,0,CSE,7.13,0,-1.6648040908481434,0.09217234167148373
Placed,1,IT,6.71,1,0.6670236021515966,-0.5649588384349241
Placed,1,ECE,7.36,3,3.68539256162757,0.7196244841361803
Not Placed,0,ECE,6.78,1,0.8633091752794293,-1.7453973494917157
Not Placed,0,IT,7.31,0,-2.761420869826866,1.2408609556978203
Placed,1,CSE,6.88,3,1.1283593073205955,-0.4763720944876602
Placed,1,CSE,7.42,1,0.5421605901221241,0.17218818954666804
Placed,1,Civil,7.43,1,0.5060034012997514,-1.7501802101407966
Not Placed,0,ENTC,7.83,0,-1.6653651893436863,0.49917490440855944
Not Placed,0,CSE,7.52,2,-1.788199311839497,2.490915660337037
Placed,1,Civil,6.93,1,1.1310553203261275,-2.4513141507507106
Placed,1,CSE,8.73,2,0.8067387250770875,0.7119654866915219
Not Placed,0,CSE,8.04,0,-1.3376417896057144,-0.4465015089823969
Not Placed,0,Civil,7.24,0,-3.1589173094928755,1.1508581227275423
Not Placed,0,ENTC,6.95,0,-3.4839109113403612,0.6542940222475784
Not Placed,0,CSE,6.45,0,-2.2516400190476067,-0.8262395646680806
Not Placed,0,ECE,6.39,1,-1.1201133004545278,-3.425137068783695
Placed,1,Civil,8.59,2,1.123225994000698,1.0274101096355595
Not Placed,0,IT,8.5,1,0.15178782966343363,-2.030331661875556
Not Placed,0,CSE,7.2,1,0.17683863347989912,-1.3203501719283879
Placed,1,CSE,8.86,3,3.446211170455028,0.11053986104671558
Not Placed,0,Civil,8.22,2,-0.6984608302743237,1.5688933905157911
Not Placed,0,IT,7.87,2,0.1770245576338984,0.09981060833465911
Placed,1,IT,8.43,2,1.3778494145027431,1.1441084925970224
Not Placed,0,CSE,8.23,2,0.04659431243418769,2.042208809221926
Not Placed,0,IT,7.83,1,-0.13212463553665427,-1.6713817112237879
Placed,1,ECE,7.5,3,2.2725941139455696,-1.0247455047667562
Not Placed,0,CSE,7.61,0,-2.8968324787994337,1.4902250884776393
Not Placed,0,ENTC,6.33,1,-0.8279039988461379,-0.9970077384136671
Not Placed,0,ENTC,7.02,1,-0.9275384891089771,-1.6630858272496911
Placed,1,CSE,9.23,3,1.617424241475119,0.09275313695401852
Not Placed,0,ENTC,7.0,1,0.8297542434558035,-0.8349781709637774
Not Placed,0,IT,6.13,0,-1.5981495592305253,0.07325894209882174
Not Placed,0,ECE,8.47,1,-0.39290553092971225,-0.28807623332277044
Placed,1,ECE,7.91,1,0.6233847262508725,-0.9345596579518426
Placed,1,CSE,7.96,2,-1.0026665488439788,2.145322708521658
Not Placed,0,IT,7.57,0,-2.7032680771784787,-1.6053719099033463
Placed,1,CSE,8.47,2,-0.6533437715994541,1.3567727575386619
Placed,1,CSE,9.0,3,3.25919913542908,0.7106061659627559
Placed,1,ECE,7.26,1,-0.3766979629562597,-0.503664659461001
Not Placed,0,IT,8.24,0,-2.0522120192737425,0.7236189499762306
Not Placed,0,IT,8.65,1,0.6888798760891792,-0.7192872576162591
Not Placed,0,Civil,7.21,0,-2.404537093208982,-0.13812522302556918
Placed,1,IT,8.98,3,1.1767221355610629,0.2182500427564606
Not Placed,0,Civil,8.65,2,-1.1319364789329904,0.7261423556403614
Not Placed,0,ECE,6.64,0,-3.703474896619839,1.070381914122642
Placed,1,ECE,9.06,3,2.14440473353012,-0.8363157050566363
Not Placed,0,CSE,6.69,0,-1.6970896172841015,0.6585305171651811
Not Placed,0,Mechanical,7.12,3,1.4892081788636076,-0.4486402249209894
Not Placed,0,Mechanical,8.28,0,-2.6879788230950727,1.900166658546081
Placed,1,ECE,8.59,3,1.8859706643211593,-0.45824093612938677
Not Placed,0,ECE,7.78,1,-0.6193988142299497,0.19444231155696468
Placed,1,CSE,7.16,1,0.5902747716088462,0.2030462373106398
Placed,1,IT,7.48,2,-0.2849622302898098,0.5226329674551506
Not Placed,0,Civil,7.38,1,-0.36301233667304195,-1.2957271667248458
Not Placed,0,IT,8.42,2,0.32598894601358414,1.5764802194326961
Placed,1,CSE,7.36,1,0.2665349555381304,0.11088644567757935
Not Placed,0,CSE,7.15,1,0.8625114258847599,-1.4458765191386498
Not Placed,0,ENTC,6.44,1,-0.09418855578755908,-0.49686729962873016
Not Placed,0,ENTC,7.19,0,-1.8112999471528295,-1.9019459082159176
Not Placed,0,ECE,7.6,0,-1.7760438268796634,-0.2114233452981574
Not Placed,0,IT,6.74,2,0.7426356750236578,0.1980599530778276
Not Placed,0,CSE,6.22,1,-0.03585286081090157,-2.0668623117236162
Not Placed,0,IT,8.53,1,1.4558420104034537,-1.2322366152642434
Not Placed,0,Civil,6.85,1,0.45806819444691643,-2.1787195333384797
Not Placed,0,IT,6.59,1,-1.0226179667140918,-1.2282861807130456
Not Placed,0,Civil,9.03,1,0.315436524133938,-0.10574788549524355
Placed,1,IT,8.42,3,2.712648482689262,0.40852730179043967
Not Placed,0,Mechanical,8.57,0,-1.513181603476408,0.8226144334496068
Not Placed,0,CSE,8.13,0,-1.4095670406208136,-1.0802810760777692
Placed,1,ENTC,8.81,2,1.0091570409433115,0.6734123781728608
Not Placed,0,ECE,8.45,2,-0.6751561471621466,2.1457992862948494
Not Placed,0,ENTC,7.41,2,0.06427621472760546,0.5458394226131954
Not Placed,0,ENTC,6.79,0,-1.5990961667849763,-1.1090817783631175
Not Placed,0,CSE,6.61,1,0.2904056950833658,-2.9105246197817363
Placed,1,Civil,7.58,1,-0.09923611069420618,-2.5053832683707253
Placed,1,ECE,6.77,1,0.7847665141034812,-2.6620927475455973
Not Placed,0,IT,7.02,0,-3.3656640996858744,0.8123248486333092
Placed,1,CSE,7.57,3,1.916338037956764,-0.2756808579552434
Placed,1,CSE,8.89,2,1.4332433133740565,1.291743962054493
Not Placed,0,Mechanical,6.42,0,-2.1122119456621404,-0.9532407804527242
Not Placed,0,ENTC,7.73,0,-1.4057995123212779,-0.4792225831393383
Not Placed,0,CSE,6.64,1,-1.111926139700586,-1.7028433378945038
Not Placed,0,ECE,7.23,0,-3.946972983864034,-1.2159402255080076
Placed,1,IT,8.49,2,-1.2234645090648233,2.9265839871947783
Not Placed,0,CSE,6.98,0,-2.336367281023661,-0.9450760098943647
Not Placed,0,ENTC,7.48,0,-3.1813345686658323,0.7330942477838305
Placed,1,IT,7.82,3,2.046267744959448,0.27559871246272194
Not Placed,0,CSE,8.3,2,-0.09147458302079654,3.0457492581661216
Not Placed,0,IT,7.23,2,0.06536835151388562,0.6267168269187633
Placed,1,IT,8.77,3,2.013318594780351,0.9625770205148094
Placed,1,IT,7.32,2,-0.572168909026484,0.42230347530031703
Placed,1,IT,8.11,3,2.268891183767852,1.1162989526981955
Not Placed,0,CSE,7.54,2,-0.5302021554749278,0.6983594115385883
Placed,1,Mechanical,8.33,2,0.4619932679984156,0.8558121206323883
Placed,1,IT,9.42,2,2.143552861410642,2.3915525486819678
Placed,1,Mechanical,7.46,3,1.6311356675639652,0.042963562604654566
Placed,1,ECE,7.69,2,-1.4511093448915395,1.8788009966594805
Placed,1,IT,7.33,2,1.6749423982262408,1.6935218996734214
Placed,1,CSE,7.2,2,0.8577859147905488,0.39556265901743815
Not Placed,0,IT,7.11,1,-0.6677499593780712,-0.692505924537369
Not Placed,0,ENTC,7.68,1,-1.264456455455967,-0.9761153846471149
Not Placed,0,ECE,7.04,2,-0.28517951413566356,0.16276774774708558
Not Placed,0,CSE,7.07,0,-1.4376851544234535,0.46935030963157715
Not Placed,0,IT,5.01,0,-1.602428480290334,-1.0706073803553042
Placed,1,IT,8.88,3,2.379241959322659,0.8933352229792111
Not Placed,0,ECE,9.1,3,2.045815379707408,0.7813963164861957
Placed,1,IT,8.25,3,2.433131753698138,-0.5267907975989058
Not Placed,0,CSE,6.96,1,-0.28792687325769334,-0.8638589157018765
Not Placed,0,ECE,6.63,0,-2.8584631863102867,0.70302595082859
Not Placed,0,ECE,6.37,0,-1.193376994082595,-0.39580282922350535
Placed,1,IT,8.24,1,0.33696686246870095,-0.8347229069778004
Placed,1,CSE,8.78,2,1.6977082496031795,1.6378257637824483
Placed,1,CSE,7.84,1,0.8811077974470399,-0.8086696339338721
Placed,1,ENTC,8.43,3,2.50139141375772,1.2336442864381327
Placed,1,CSE,8.08,2,-0.2295477881461287,2.406459897989734
Not Placed,0,CSE,7.04,1,-0.3608140213103626,-0.9047001464893126
Not Placed,0,IT,8.56,2,1.083797524016461,0.5324475499839996
Not Placed,0,ECE,8.5,1,0.8923993070184754,-0.9736854496588934
Not Placed,0,ECE,6.86,1,-0.636237300290587,-1.1746159949776245
Placed,1,ECE,8.39,1,0.17710224675824354,-0.7254702951234958
Not Placed,0,ECE,7.57,2,-1.045669973904096,2.1615817243630264
Not Placed,0,Mechanical,7.48,2,0.07157333846092352,0.8055960217302849
Placed,1,Mechanical,8.03,3,1.6311954545234346,0.8303056178822897
Not Placed,0,CSE,8.01,0,-1.5991876985168259,0.14474875348918892
Placed,1,IT,8.46,3,2.7631325147695436,-1.824620712931245
Not Placed,0,Mechanical,6.98,0,-2.0635429904355562,2.3231727200647856
Placed,1,ECE,8.18,2,0.936520020680594,0.8453559445117704
Not Placed,0,Civil,6.71,2,-1.124798549151802,1.365966016476898
Placed,1,CSE,7.55,2,0.8534725624724628,0.3069873800961256
Not Placed,0,Civil,7.6,2,0.993897667288086,0.3321704467124471
Placed,1,IT,8.52,3,1.8936002928800444,0.926215423144643
Placed,1,ECE,7.71,3,3.7811798392503237,0.1064318661438049
Not Placed,0,CSE,7.48,0,-3.304019552882466,-0.5825977018147029
Placed,1,IT,8.91,2,1.3636391725005936,2.2426073469165675
Not Placed,0,IT,7.34,0,-1.7433864328893856,-1.5213526442380114
Not Placed,0,IT,7.3,0,-1.4590434658479734,-0.12932706051392157
Not Placed,0,IT,6.1,1,-0.2490487903228114,-0.24054823088028782
Not Placed,0,Civil,7.52,1,0.24079242802047013,-1.198841311043691
Not Placed,0,Civil,6.9,0,-2.886571430725458,0.7626154560601599
Not Placed,0,Mechanical,7.49,0,-1.9837128697091462,1.0191523989204099
Not Placed,0,Civil,7.9,2,-0.49384187504032817,0.5022170479674918
Placed,1,ENTC,6.78,2,-0.22877068190456687,0.2789201271726123
Not Placed,0,Civil,7.0,1,1.7993681251916716,-3.612913806079754
Not Placed,0,IT,6.34,0,-4.275929544247418,-2.1961087270908686
Not Placed,0,CSE,7.27,2,-0.9753243717103706,0.7100344361703237
Not Placed,0,Mechanical,6.9,1,0.5541558192415486,-2.208191851054264
Placed,1,CSE,9.52,2,2.1450969750316187,2.5640050754675654
Placed,1,ECE,8.98,3,3.5845981668704106,1.6597317553477133
Not Placed,0,CSE,8.84,2,-0.007167949069742913,0.8875912197761178
Not Placed,0,CSE,6.6,0,-1.3729234167309083,-0.14388086776627326
Placed,1,CSE,7.55,2,1.0589284151776106,0.8976053579628707
Not Placed,0,ENTC,6.68,0,-1.7049870026926204,-0.898170849863357
Placed,1,CSE,9.27,2,1.3311876764086155,1.713676543295961
Placed,1,CSE,8.41,3,2.4633055824231067,-0.279833655881475
Not Placed,0,ECE,6.81,0,-2.506026747694999,-0.6010532863646775
Placed,1,CSE,8.01,3,1.5866480154658833,0.5618570865257544
Not Placed,0,CSE,6.44,0,-2.0210288675083015,-0.05321345398958868
Not Placed,0,ECE,7.58,0,-1.5258489594634126,0.8690688146673793
Not Placed,0,CSE,7.55,1,0.6694632196785775,-2.022958075344079
Placed,1,Civil,8.33,1,1.013919378102,-0.3782819274180215
Not Placed,0,CSE,8.54,1,-0.6423661894914918,-0.13779141807629847
Not Placed,0,Civil,7.72,0,-2.8644481916567175,0.8002268940282395
Not Placed,0,ENTC,7.51,2,-1.007867520314119,1.7127522129268968
Not Placed,0,Mechanical,5.0,0,-1.8664147494869037,-2.7922174321301476
Placed,1,ENTC,9.03,3,2.5633584354459296,1.1890068883710752
Placed,1,ECE,7.14,3,1.3890075577388425,0.004962961020079281
Not Placed,0,CSE,7.79,2,0.04882471318187267,0.012011233009448972
Placed,1,CSE,9.62,3,3.520189109167441,2.3830911082002935
Not Placed,0,IT,6.69,3,1.62716612144457,-0.7294013693455571
Not Placed,0,IT,7.72,2,0.3113118436201458,0.17469109609867295
Placed,1,IT,8.12,3,2.1668829413107704,0.11837878341128055
Not Placed,0,ENTC,8.63,2,-0.5288079375956386,0.9696398497394387
Not Placed,0,IT,7.7,0,-1.2245618308358377,0.2719268214144875
Placed,1,ECE,8.7,2,0.7103027565092888,0.9039601353411855
Not Placed,0,IT,7.35,2,0.5390055152082558,0.6747336454788155
Placed,1,IT,8.16,2,-0.0426103231551775,2.153973498998841
Placed,1,CSE,8.05,3,3.2591345227074404,-0.9268723450828186
Not Placed,0,Mechanical,7.62,0,-2.779083733009362,1.2148960296333122
Not Placed,0,CSE,7.97,2,0.8044645806815789,0.32713839037582076
Not Placed,0,Mechanical,6.96,0,-2.5419933804014314,-1.3669826659160376
Not Placed,0,IT,7.45,1,-0.07820170847736681,-0.313048115649077
Not Placed,0,CSE,6.61,0,-3.078152228782872,-1.011843048313681
Not Placed,0,IT,7.32,1,-0.6957839277317747,0.21646684515156045
Placed,1,CSE,8.67,3,1.6341511389369836,0.1727673962442403
Placed,1,IT,8.06,3,1.487983713593373,-0.1911378191292109
Not Placed,0,IT,7.96,3,3.1764388157621055,0.01017143107296748
Not Placed,0,ECE,6.34,2,-0.47624426515995905,0.8681313236078162
Not Placed,0,ECE,7.97,1,-0.8516749513340599,-0.8249609906413413
Not Placed,0,IT,7.65,2,-0.5266713802298683,0.12996135773893575
Placed,1,Mechanical,8.16,2,-0.8778735384728796,1.6851181603036305
Placed,1,ECE,8.88,3,2.69955053073175,1.010091420795118
Not Placed,0,CSE,7.35,0,-2.2354644884110906,0.39066550697859376
Not Placed,0,CSE,7.43,1,-0.007516549522748598,-2.925710544998754
Not Placed,0,CSE,8.48,2,-0.648552928559512,1.1005716561515158
Not Placed,0,ENTC,7.19,0,-2.717375814282729,2.6573687291204777
Not Placed,0,CSE,7.77,0,-2.9127057065035404,0.4161851812899581
Not Placed,0,IT,6.0,1,-0.4639629203661643,-1.5056767490909462
Not Placed,0,IT,7.44,1,1.563529002145439,-1.6460471207097727
Placed,1,CSE,8.81,3,3.2920709109508897,1.3620801119784094
Not Placed,0,CSE,7.99,0,-1.5111088301747053,0.11238212299279314
Placed,1,ECE,8.46,2,-0.30408181603399537,2.0699916308003288
Placed,1,Civil,8.51,2,0.6175291918987659,2.0069499817676064
Placed,1,CSE,8.85,3,3.1404424713208536,0.8597243464416375
Not Placed,0,CSE,7.4,2,-1.065213216939432,0.7988873695777698
Placed,1,IT,8.5,2,-0.3524408165166587,3.4123020993184747
Placed,1,CSE,9.61,2,0.9920198067894281,2.948505720037151
Placed,1,ECE,7.68,2,0.3062972802627759,0.25393213307358514
Not Placed,0,Civil,6.58,1,0.4070541662760006,-0.36850271880726376
Placed,1,ENTC,7.19,1,0.6846850840644305,-0.6375662409807081
Not Placed,0,IT,8.1,0,-0.9898076710187618,-0.34298420721300055
Not Placed,0,Mechanical,6.29,2,-1.0012828679516645,0.6250874524240817
Not Placed,0,ENTC,7.05,2,0.8692401728925223,-0.11756769182566391
Not Placed,0,IT,7.42,1,-0.9672374373337022,-0.9503399536042539
Not Placed,0,Civil,7.79,0,-2.2387819809131453,1.5248059941129066
Placed,1,ECE,9.23,2,1.9255162472272034,3.5323313852919216
Not Placed,0,ENTC,8.28,0,-2.8375531472820814,1.0617145130044763
Not Placed,0,CSE,6.75,2,-0.5224299047274069,0.5598580605142018
Placed,1,IT,10.0,3,3.5784747702032855,0.4308946680707942
Placed,1,ENTC,7.69,3,1.478269615433662,0.42951527889454294
Not Placed,0,CSE,6.27,0,-2.0141143383043545,-0.6420284744035136
Not Placed,0,Civil,6.82,0,-2.3557111363249135,0.10471427021459023
Not Placed,0,IT,6.82,1,-0.9000434586076324,-0.33971507104395066
Not Placed,0,CSE,6.55,0,-1.237843737915274,-0.311043304972085
Placed,1,ENTC,8.14,3,3.12966350087844,-0.8622150929651824
Not Placed,0,CSE,5.43,0,-1.755103606380348,-0.8534471175520328
Not Placed,0,CSE,8.53,0,-1.9718763091579414,0.6247729197902601
Placed,1,ECE,8.39,3,2.4010326187206097,-0.1329566296121427
Not Placed,0,ENTC,7.31,0,-4.44024602674956,-1.6506378390194445
Not Placed,0,CSE,8.48,1,0.4289768515359365,-0.49149473683838996
Not Placed,0,CSE,6.77,1,0.518890924663526,-2.643019975353148
Not Placed,0,ECE,6.98,0,-3.38396663888725,1.3904648849608188
Placed,1,CSE,8.17,2,1.102333681357761,2.5069342803304635
Not Placed,0,ENTC,7.52,1,0.12844036186235783,-0.6852126301884907
Placed,1,ECE,7.17,2,0.5209487846584779,1.6804564571169187
Not Placed,0,CSE,7.6,3,1.7760439866570708,-0.14763430364026756
Placed,1,IT,8.82,2,0.1962897831306951,1.1012944192350365
Placed,1,IT,8.79,3,2.8384868401154923,1.7066832576720807
Not Placed,0,CSE,8.06,1,0.7146224356548545,0.601547075514485
Placed,1,ECE,7.4,2,0.7940065789831778,2.0589444873107268
Not Placed,0,ENTC,8.14,0,-1.90298304758434,0.445877004277621
Not Placed,0,Civil,6.97,1,0.8052121548598317,-0.6925585552909952
Placed,1,ECE,8.69,2,0.9769074421249034,0.4098310843792809
Placed,1,ECE,8.51,3,2.6379444497998703,2.268964135127591
Placed,1,ECE,9.34,3,4.0921903247282305,0.07768813522596879
Not Placed,0,CSE,7.02,2,-0.5484876005589597,0.238332855079299
Not Placed,0,ECE,6.91,1,-0.4055253015611602,-0.27996924261581463
Not Placed,0,CSE,8.17,2,-1.1536746692605602,2.647561708981411
Not Placed,0,CSE,7.47,2,0.2140553935715155,0.2025740885346921
Placed,1,Mechanical,8.55,3,3.691312175514274,0.7589577527382658
Placed,1,CSE,8.82,2,0.9866099613040824,1.203804098781382
Placed,1,IT,9.15,2,0.7171355315801935,0.9551709734122734
Placed,1,CSE,7.75,3,1.6828885330537946,-0.5930047133984633
Not Placed,0,Civil,8.45,2,-1.2049888019711217,2.7154180694943038
Not Placed,0,IT,7.26,0,-1.3435848560170938,0.012235845859281494
Not Placed,0,Civil,7.88,0,-1.957286879581413,-1.0067437206807028
Placed,1,Civil,7.65,3,1.9062738278531248,0.8840591205472311
Not Placed,0,CSE,7.61,1,0.05055849214958559,-1.0419578443434123
Placed,1,CSE,9.25,2,1.3773472248880372,1.8385889011591903
Not Placed,0,IT,6.56,0,-1.9607377115968911,-0.2076963514260925
Not Placed,0,IT,7.7,1,0.2996350028857839,-1.9499105023819407
Not Placed,0,CSE,7.75,1,-0.20658017540425935,-1.3619613388335008
Placed,1,ENTC,8.25,1,1.070794603295918,0.03675722801721311
Not Placed,0,Civil,6.77,0,-2.414970469919201,-1.0362808110348825
Placed,1,IT,7.45,2,0.9265925196382606,0.8274073492196835
Not Placed,0,CSE,7.19,1,0.6110591616565807,-1.2803376262211068
Not Placed,0,CSE,5.79,1,0.000678207071091365,-1.7362315087642826
Placed,1,CSE,8.69,3,3.210232113502238,-0.446949679960017
Placed,1,CSE,6.45,3,2.7541491642931195,-1.018673957089843
Not Placed,0,Mechanical,6.34,0,-2.213791521333764,-0.49234445340505845
Placed,1,CSE,8.51,2,0.7124091249704078,2.231636078399745
Not Placed,0,IT,7.42,0,-1.8723779577938724,1.5240074680248814
Not Placed,0,ECE,7.44,1,-1.4807930566765073,-2.034049334201318
Not Placed,0,IT,7.46,0,-2.469099332913584,0.2476782702802505
Placed,1,Civil,8.61,3,2.894004337681468,-0.6318185307302918
Not Placed,0,Civil,7.23,2,-0.5518200761871916,1.3641894783182649
Not Placed,0,IT,8.21,1,-0.2662437791504921,-0.48468420896498815
Not Placed,0,CSE,6.73,0,-2.2701800019775016,0.07561021992781723
Not Placed,0,ENTC,7.98,2,-0.903076287404669,1.7738175031970302
Not Placed,0,CSE,8.47,2,0.6443779878869607,1.3274278903823529
Placed,1,CSE,8.89,3,4.082915365996573,0.21963822759529983
Not Placed,0,Civil,6.38,1,-0.5523866261422784,-1.8532758538233447
Placed,1,CSE,7.45,3,2.0824370177715688,0.21287710152696887
Not Placed,0,CSE,9.06,2,-1.165940773193746,3.116942835543409
Not Placed,0,IT,8.48,2,0.8212604319366551,0.8421935158843226
Not Placed,0,CSE,7.53,1,-0.1308074578966375,-0.41745083584311404
Placed,1,Mechanical,7.7,2,-0.170455768843824,1.31536716530566
Placed,1,ECE,7.95,2,0.5413517509971723,-0.12503116596877115
Not Placed,0,ECE,7.38,0,-1.6956605875381487,0.9522770563385559
Not Placed,0,IT,8.17,1,-0.32347612636085926,0.0832579808818128
Not Placed,0,Mechanical,8.12,2,-0.16266141656804106,2.4336490553096755
Not Placed,0,CSE,6.75,0,-2.6781407264515456,-0.2892065828381089
Not Placed,0,CSE,7.28,0,-2.592184559645358,2.0109433462530064
Not Placed,0,CSE,7.31,1,-0.2043861669624361,-0.9052903732954538
Not Placed,0,CSE,7.48,3,1.2821414936447517,-0.1226646362820139
Not Placed,0,CSE,7.93,2,-0.896962582692212,0.6386612962615599
Placed,1,CSE,7.85,3,2.2685436931684864,-0.28000715189775666
Not Placed,0,CSE,7.09,0,-1.6146342094218307,0.03206216635549863
Placed,1,CSE,8.84,2,0.46953254212782225,2.6517147678299073
Not Placed,0,ECE,7.7,3,1.8922446481856787,0.4871489701866237
Not Placed,0,CSE,8.94,2,0.1240503082427236,0.6998838533420115
Placed,1,Mechanical,8.92,2,1.411227027116383,0.8594429910323015
Not Placed,0,IT,6.8,0,-3.428319824827141,0.8998681587207746
Not Placed,0,IT,7.28,1,-0.9025088506202703,-0.09193858078680311
Not Placed,0,IT,7.35,1,-0.7967387681629579,-0.2638104554477206
Not Placed,0,IT,7.97,2,-0.7965840828809081,0.9513861324018456
Placed,1,CSE,8.32,1,-0.19358990741360738,-1.2916077729598936
Placed,1,IT,7.82,2,0.7591516288316936,1.028492265727885
Placed,1,IT,7.23,1,-0.5302547659123465,-0.9120397770358358
Placed,1,CSE,9.1,3,1.2918695271640124,-0.7300054350213757
Not Placed,0,CSE,7.33,0,-2.6343946219105043,1.3527880532907448
Placed,1,ECE,8.33,3,4.014390579966798,-0.8797862145047314
Not Placed,0,CSE,7.67,1,-0.8508624609854062,-0.9102711617985842
Not Placed,0,Civil,7.64,0,-1.0923261027612312,0.0605283891736301
Not Placed,0,IT,8.27,2,0.5108018908660082,0.42773184030700623
Placed,1,CSE,9.01,3,1.4178307510639379,0.1822487036582727
Placed,1,CSE,7.96,2,1.0505508235196763,0.7253524393166996
Not Placed,0,ENTC,7.28,2,-1.2976056405097123,0.6385875636468488
Placed,1,IT,8.96,3,3.1923490570678843,0.5550259976974006
Placed,1,Civil,8.12,2,-0.46121919183514076,3.3706208620453473
Not Placed,0,ECE,7.84,3,0.8551576928639025,-0.2753840351480807
Placed,1,CSE,8.57,2,0.1549512064502625,1.1157799704398048
Placed,1,CSE,7.97,2,-1.579816616377483,1.7357126236943474
Placed,1,CSE,9.79,3,4.293965028399494,0.8810219495672796
Not Placed,0,IT,7.7,0,-1.3393211496748356,-0.01826564277482456
Placed,1,Mechanical,8.68,3,2.5967066306571107,-0.1153961963924399
Not Placed,0,ENTC,8.08,1,0.7470024885085105,-0.9956031535042509
Not Placed,0,IT,8.07,2,-0.7168371243886852,0.45297483188750326
Not Placed,0,IT,7.39,3,1.0918350047999748,-0.09197264687181995
Not Placed,0,CSE,7.4,1,-1.0446900035571685,-0.7356040155979056
Not Placed,0,ENTC,8.12,1,-0.6940884281849935,-0.0789584830289752
Not Placed,0,CSE,6.96,0,-2.2403524569325404,-0.0020335524613856824
Not Placed,0,ECE,7.21,2,-1.3194182429882753,1.5266400798586515
Placed,1,IT,7.71,3,1.8873580824278609,0.20463557469300858
Not Placed,0,Mechanical,8.75,2,-0.11023036265082042,1.2617549260003387
Not Placed,0,IT,7.77,1,-0.23888607637638873,-1.3029579170849492
Placed,1,CSE,7.75,2,-0.14267175895340667,1.2198584580307499
Not Placed,0,Civil,6.8,1,-0.0019514548197200094,-1.054604185502998
Not Placed,0,ENTC,9.14,1,0.49269234879545376,-0.13038039725659667
Placed,1,CSE,8.64,2,1.2378343362273263,0.49857922021753653
Not Placed,0,Mechanical,8.74,1,0.37103298514192107,-0.1746970340344611
Not Placed,0,IT,6.47,1,-1.0021631296725435,-0.6304048257646306
Not Placed,0,IT,8.0,2,0.08758425552635003,1.4991009680833813
Not Placed,0,IT,6.9,0,-2.489091886027459,0.19868132321954968
Not Placed,0,CSE,8.36,3,2.49908025757764,-3.245985076138318
Placed,1,ECE,7.97,3,2.238498238883573,-0.019640069084068103
Placed,1,CSE,8.14,1,1.032497094721183,-1.170165832458094
Not Placed,0,CSE,7.09,3,1.4838282707249946,-0.829866287133909
Not Placed,0,ENTC,6.82,0,-1.0511559454050363,0.7879530851279354
Not Placed,0,CSE,7.16,1,0.48928271108721,-0.40842033233161235
Placed,1,IT,7.96,3,2.174263330027109,0.11886119627263603
Placed,1,CSE,7.49,3,2.2775180377094904,-1.7612626726983245
Placed,1,ENTC,7.92,3,1.5245183970491525,-0.6962631607831878
Not Placed,0,CSE,6.83,0,-0.890058243773017,-0.1525125300303492
Not Placed,0,Civil,7.69,3,2.7664889592678428,-1.625910521346641
Not Placed,0,Mechanical,8.89,0,-1.3049225519928955,0.876986797182157
Not Placed,0,ENTC,7.98,2,-0.5399130049666594,0.34749272032606937
Not Placed,0,ENTC,8.04,0,-2.717424856602063,1.8529381658537327
Not Placed,0,ECE,8.04,1,-0.12757630249478166,0.16975483548637713
Placed,1,Mechanical,7.26,2,-0.560549565820365,0.4430124466411181
Placed,1,ECE,9.09,2,1.5203116068479976,1.4295261523879785
Placed,1,CSE,8.0,2,0.7322605010833217,0.48112187344817336
Placed,1,IT,7.85,0,-1.2638137445862103,0.8920228597591313
Placed,1,ENTC,8.28,3,1.631457276780186,1.057549964788749
Placed,1,CSE,8.5,2,0.3971939414924566,0.753238062461022
Not Placed,0,ENTC,6.64,0,-1.7389586005737327,-1.5318675785240299
Not Placed,0,Civil,7.75,0,-1.7836276542443679,0.087514461328558
Placed,1,CSE,9.6,2,0.36835088398036464,2.303063022848407
Placed,1,CSE,9.11,2,0.8950993402620281,3.845883626545803
Not Placed,0,IT,7.61,1,0.865660385711015,-0.3173702117952525
Placed,1,CSE,8.32,3,4.133221270652746,-0.9025478604082644
Not Placed,0,ECE,7.42,1,-0.044527536637884425,-0.8563259378458448
Not Placed,0,CSE,8.0,1,1.086774061122924,-1.6470919072528016
Not Placed,0,CSE,7.31,1,-0.4739430057136096,-2.1880528744050545
Not Placed,0,CSE,7.3,0,-3.6099421036605888,-0.15647088696226774
Not Placed,0,CSE,7.2,3,1.6115841777286395,-1.6336764078915909
Placed,1,IT,9.13,3,2.6893932604935764,0.8878347215098497
Placed,1,IT,7.29,3,2.319587944253866,-0.8066318203621523
Placed,1,ENTC,8.67,2,-0.027006487958517955,1.2163948458945415
Not Placed,0,CSE,7.33,1,0.4105700420385155,-0.7065865659447135
Placed,1,IT,7.24,2,0.9565215721435213,1.4252918946503639
Not Placed,0,CSE,8.03,1,-0.4834216262691195,-0.1146244983601521
Not Placed,0,ECE,6.6,0,-2.9805845713626344,0.16820311359073759
Placed,1,ENTC,8.26,0,-1.7112508212101227,0.6569938983437452
Placed,1,CSE,7.58,2,0.7741521663698399,0.6987093947460613
Not Placed,0,CSE,7.23,1,-0.19761515175844438,-2.8244948785143764
Not Placed,0,ENTC,7.05,2,-0.948741355355425,2.128272757734737
Placed,1,Mechanical,9.38,3,4.256489778135095,2.726918736845048
Not Placed,0,ECE,7.67,0,-1.7143639803760176,-0.10255260768994257
Not Placed,0,ECE,7.63,2,-1.6581045995125687,1.2345504820204678
Placed,1,IT,8.44,3,1.9781307609554035,0.021775302159952936
Not Placed,0,CSE,6.98,0,-3.676357281799404,-0.30902385908317426
Placed,1,Mechanical,8.66,2,0.7585108582006522,1.207793919461491
Not Placed,0,IT,7.67,0,-3.396577853559369,-0.0378047324315992
Not Placed,0,CSE,6.52,0,-3.456216817696449,-0.4490673862969528
Not Placed,0,ECE,7.25,0,-1.5806821399353872,-0.5514337446527532
Not Placed,0,Mechanical,6.77,1,0.1205732938511192,-1.0712931232501393
Not Placed,0,IT,7.77,0,-3.0254283386192484,0.9955303494387922
Not Placed,0,Mechanical,7.03,1,0.7298097928906618,-1.102962253938063
Placed,1,CSE,6.93,3,1.7466046892783642,0.21016353534710042
Not Placed,0,Mechanical,7.95,2,0.05511589160699929,0.80610536799837
Not Placed,0,Mechanical,7.74,1,-0.4076283564785149,0.22707455885866817
Not Placed,0,ENTC,8.73,3,1.9441729696184182,0.579183647691989
Placed,1,Mechanical,8.69,2,-0.35980053219019137,2.782732017869361
Not Placed,0,Civil,7.75,1,0.6132717004704197,-0.6297043928530275
Not Placed,0,Mechanical,8.12,1,0.969035679019018,-0.4483725132166826
Placed,1,CSE,6.5,3,4.285294964764917,-3.6071040897385336
Placed,1,CSE,8.29,3,2.7525610154500324,-1.157818080806712
Placed,1,IT,8.05,2,-0.6700432761082898,0.6881787307669186
Not Placed,0,IT,8.51,0,-1.5860941066752101,0.21614502391998963
Placed,1,ECE,7.44,1,-0.03264460487874107,-0.4924112069429616
Not Placed,0,IT,7.45,1,-0.11656906262789614,-0.28200792247266476
Placed,1,Civil,7.45,1,0.7088793656003786,-0.18063729664726946
Not Placed,0,CSE,8.92,2,0.16375216501829326,1.7563330733475693
Not Placed,0,IT,7.94,0,-2.0300274473260314,1.225058215150174
Not Placed,0,CSE,6.43,0,-1.3324065038362833,-0.8845877420561322
Placed,1,IT,8.25,2,0.30609322663583355,1.0394292673451015
Not Placed,0,IT,7.31,1,-0.18830233298642848,-0.017097503087181498
Placed,1,ECE,8.62,2,-0.5110093344448646,1.3469448663302481
Placed,1,CSE,8.16,3,2.128003812646311,-0.833694461468551
Not Placed,0,ENTC,8.75,2,-1.0815965484106311,0.8638361806178816
Placed,1,CSE,8.58,3,2.748648073243576,1.2930758562356908
Not Placed,0,ECE,8.5,2,0.15762483681092004,0.5177286032575554
Not Placed,0,ECE,8.66,2,1.1396492450315188,1.1207127819291935
Not Placed,0,IT,8.39,3,1.2093447599204865,-0.6673396897723965
Not Placed,0,IT,7.11,2,-0.37051815835964763,0.38696168487021143
Not Placed,0,ENTC,6.73,0,-1.6789115909979504,0.2756963786539136
Not Placed,0,ECE,6.99,2,-1.1226061991704313,0.49673316724709965
Placed,1,IT,8.32,2,0.19893602945357994,0.5562546204552659
Not Placed,0,ECE,5.81,0,-1.3741854787771577,-1.2662153031594585
Not Placed,0,CSE,7.69,3,2.564153913574413,-1.6625721313374602
Placed,1,IT,7.47,3,3.4826820087942516,-3.3720082804929126
Placed,1,CSE,8.74,3,2.4745819708395342,-0.0429800998421098
Not Placed,0,ENTC,7.6,1,-0.16831772555065264,-1.389265289300925
Not Placed,0,CSE,7.39,0,-3.244378830665658,0.5402157124631147
Placed,1,CSE,8.82,3,1.9205414644579366,0.5993469344054272
Placed,1,IT,7.62,1,-0.8617856337852713,-0.4227527765633535
Not Placed,0,IT,7.48,2,-1.475481990688286,2.379454132210801
Placed,1,CSE,7.28,3,2.0031812437542498,-1.057518737725097
Not Placed,0,CSE,7.94,0,-2.0685239568912275,0.47815912999483456
Not Placed,0,ENTC,7.42,2,-1.1263783621070462,1.3552799722533018
Placed,1,ENTC,7.42,2,-1.4625601420081984,2.6474675300939854
Placed,1,IT,8.93,2,1.7798129722019809,1.888115489863774
Not Placed,0,IT,7.74,1,1.0097163106673748,-1.8914139040766373
Not Placed,0,CSE,7.32,0,-2.5044765408768566,0.6005719309534563
Not Placed,0,Mechanical,6.85,0,-2.0490870405079735,-1.1996374834556145
Placed,1,CSE,7.87,1,0.9589395326647836,-1.6621713539040976
Placed,1,ENTC,7.22,1,-0.5180371083805051,-2.0650592401322077
Not Placed,0,CSE,7.39,1,-0.7255714580238173,-2.197831736162393
Not Placed,0,ECE,6.98,0,-2.760140293038975,1.18110894740235
Not Placed,0,ECE,7.87,2,-0.4602612799898462,0.26519631102496743
Not Placed,0,ECE,6.59,0,-1.783363568938926,0.2816754703319739
Not Placed,0,CSE,8.05,2,-0.5863458171862032,0.3487162171566575
Not Placed,0,CSE,7.24,0,-2.500577653606276,0.8238787634929958
Not Placed,0,CSE,8.31,3,1.6054015872432867,0.2721238142659608
Not Placed,0,Civil,8.11,2,-0.5203267732729866,0.6163764456757985
Not Placed,0,CSE,7.79,0,-2.832570163892724,0.5185685983421978
Placed,1,ECE,8.42,3,2.4588293633353357,0.5203754895788838
Placed,1,Civil,9.02,3,4.932684921309005,0.5214110814670173
Placed,1,CSE,8.78,3,2.8527250832837567,1.333967292222304
Not Placed,0,CSE,6.59,0,-2.164454975253123,-0.07645107594152474
Not Placed,0,IT,7.19,3,2.169858207241491,-1.498571016625226
Placed,1,ENTC,7.29,2,0.2655714063760806,0.6103676735340205
Placed,1,Mechanical,8.24,3,1.9315768740743446,-0.3096583273042857
Not Placed,0,Civil,7.26,2,-0.7988081873811311,0.48882515549357186
Placed,1,IT,7.22,0,-1.3630865969485646,0.6173263046166168
Not Placed,0,Mechanical,7.08,1,0.24874348197348445,-0.8204175934867594
Not Placed,0,CSE,7.95,0,-1.1414743879648725,0.1863880413019936
Placed,1,ECE,8.24,2,0.6336694988714245,1.770629080899377
Not Placed,0,CSE,6.67,0,-1.5630521652553133,-0.3385111477037221
Placed,1,CSE,7.26,3,1.5878294290347368,-0.6521195743597149
Not Placed,0,ECE,6.09,0,-4.1371362911787735,-0.7204508536914402
Not Placed,0,CSE,5.67,1,-0.9726937984919405,-3.608951691293209
Placed,1,Civil,8.11,1,1.2315032472101197,-1.2305806926154033
Not Placed,0,CSE,7.97,1,0.37032430741672173,-1.711531455630429
Not Placed,0,Mechanical,7.85,1,0.1745707983268854,-0.2933180224756005
Placed,1,CSE,9.05,2,0.6068591112220033,2.910122615289536
Not Placed,0,IT,6.28,0,-3.423772619178374,-0.5245339861825573
Not Placed,0,CSE,5.93,0,-3.3158093701626705,-0.5195562774526746
Not Placed,0,ENTC,6.75,0,-2.794542394803928,-1.4507685971810813
Not Placed,0,ENTC,5.9,0,-1.4378708121537804,-0.5351663919856977
Not Placed,0,IT,7.18,0,-2.3796900601967397,-0.5041352958094509
Placed,1,CSE,8.2,1,1.0533148597284827,-1.0221244211551428
Placed,1,CSE,7.95,2,0.48124181565963803,1.6281709310511654
Placed,1,ECE,8.57,2,1.1990000081315708,0.5641422939385364
Placed,1,ECE,8.02,1,1.7921450911927563,-1.5011623062882111
Not Placed,0,ENTC,7.36,2,-0.2887424079103685,1.4070915234835208
Not Placed,0,CSE,7.25,0,-2.0347082910055927,0.03751357507214047
Placed,1,IT,8.07,3,3.4514598355172015,-0.6130933126972475
Not Placed,0,IT,6.4,1,-0.7238638507554992,-0.23532868315282354
Not Placed,0,Civil,5.0,0,-3.710412027066374,0.5747319380771824
Placed,1,CSE,8.03,1,0.08662519641718586,-1.3048756221511024
Not Placed,0,IT,7.9,1,0.1327103452077978,-0.8328086973986055
Placed,1,ENTC,9.03,2,0.6605655884897134,2.281164210369939
Placed,1,ECE,8.29,3,2.184261965170531,-0.33982662601886177
Not Placed,0,CSE,7.96,2,-0.8367490114982477,1.3820704052180315
Placed,1,IT,7.43,3,3.303485942760932,-1.850517826793044
Not Placed,0,ENTC,7.01,1,0.4542169380360146,-1.4677512656593752
Not Placed,0,ECE,7.46,2,-0.34579468578491784,1.5206498325989477
Not Placed,0,CSE,8.51,2,-0.5890532208835488,1.239685483820688
Placed,1,CSE,8.09,3,1.3926528250860677,-0.2652703199832788
Not Placed,0,CSE,8.49,2,-0.46220074002907724,1.8251686855329858
Placed,1,ECE,7.79,2,-0.08612059463883896,1.4365365733803193
Not Placed,0,CSE,6.94,0,-1.3887404086129045,-0.4137126644032853
Placed,1,CSE,8.69,1,0.5249873858704529,0.09692045092121454
Placed,1,CSE,8.61,3,2.3933715934966493,0.9341267837458
Placed,1,Civil,7.86,3,1.217021224991679,0.11406371934580993
Placed,1,CSE,8.17,1,0.874913437242551,-1.089634027701901
Placed,1,CSE,8.13,3,1.5626561790387814,0.15325902024357668
Not Placed,0,CSE,7.3,1,-0.5553114091500896,-0.7689826544218923
Not Placed,0,ECE,7.48,2,-0.3979917942583293,0.6808485751771329
Not Placed,0,Mechanical,6.93,0,-3.4310236955661937,0.2269798611191423
Not Placed,0,Civil,7.48,1,-0.2974951078332413,-0.7202416734939899
Not Placed,0,CSE,8.58,2,-0.7482257922442153,0.8862402007895824
Placed,1,CSE,8.41,3,1.5924948188363712,0.5779468063996698
Not Placed,0,CSE,8.17,0,-2.0845994627221827,1.9789970715643381
Not Placed,0,ENTC,8.52,2,-0.4373750762327531,2.853622849729328
Not Placed,0,ECE,7.39,0,-2.0861676227476353,0.059528577140305
Placed,1,CSE,6.7,3,4.3305304464859296,-1.9763650977230882
Not Placed,0,CSE,7.57,0,-1.2893493822373165,0.542729006194619
Not Placed,0,IT,7.63,2,-0.6687015182724257,0.8125868625340178
Placed,1,ECE,8.27,2,1.202015801123854,0.7690894766619253
Placed,1,CSE,8.13,1,0.6886378417368808,0.2369762599088167
Not Placed,0,CSE,8.56,2,0.11154975254629924,1.1016769535312734
Not Placed,0,IT,5.99,0,-4.317484877215756,-0.3129276415628856
Not Placed,0,IT,7.02,0,-3.127990961750284,-0.19827904108102842
Placed,1,IT,7.62,2,-0.23759635672867435,0.6221431703007276
Placed,1,ENTC,8.11,1,1.8581273968557186,-1.4017697634924853
Placed,1,ECE,9.48,2,1.2150070925379346,2.3104650222889322
Not Placed,0,CSE,6.87,2,0.3486574183479365,-0.2737204345009624
Placed,1,CSE,7.1,1,-0.48555417127687767,0.15072483541568626
Placed,1,Mechanical,7.34,1,-0.0024915147678751777,-0.5266946400993551
Not Placed,0,Mechanical,7.07,0,-2.315241406993447,-0.23642049406279778
Not Placed,0,ECE,6.94,0,-1.2779101766982697,-0.5253589216337846
Not Placed,0,ECE,7.74,3,1.1804858933745133,0.13610149630703233
Not Placed,0,ENTC,8.54,2,-0.9572334003775868,2.8262614987201027
Not Placed,0,ECE,7.8,2,-0.7226578336748543,0.7124709321597535
Not Placed,0,CSE,6.97,2,-0.8419198911612743,0.9186320599028132
Placed,1,CSE,7.53,2,0.5686951345956073,0.18800609660482961
Placed,1,IT,6.82,3,1.463266670992594,-1.3099409195282705
Placed,1,ENTC,8.54,2,1.162926774796982,1.6671350834049357
Placed,1,ECE,8.95,2,-1.6159593825011558,3.1609504770016215
Not Placed,0,Civil,6.34,0,-2.305653358012243,-0.8338573382155563
Placed,1,IT,7.89,1,1.5988360137993638,-1.0583289907577027
Not Placed,0,CSE,7.04,2,0.2100312977202955,-0.17094277498584234
Not Placed,0,ECE,7.75,2,0.14075007452359709,0.9264320714904727
Not Placed,0,Mechanical,7.63,0,-1.8620420586383464,0.3423887823018802
Not Placed,0,Mechanical,6.56,1,-0.6065186067216248,-1.3318961874306205
Placed,1,IT,8.73,3,1.534363678887808,-0.41990566253930284
Not Placed,0,Civil,7.57,1,-0.09416557127464306,-1.0207699042883525
Not Placed,0,Civil,7.3,2,-1.2194374026015329,1.1217431709698473
Placed,1,Civil,7.8,3,1.6198153495567031,-0.1143586680553847
Not Placed,0,ECE,6.96,1,-0.10210142521375531,0.1717650227383522
Not Placed,0,ENTC,7.54,1,-0.8779221685555499,-0.7555336123422479
Not Placed,0,IT,6.14,1,-0.9618633989958966,-1.2735811807900548
Not Placed,0,CSE,5.7,0,-3.2603189808207795,-1.600922808431914
Not Placed,0,IT,6.88,1,0.7295200160022118,-1.8082077959961278
Placed,1,CSE,7.25,1,-0.8021576433181247,0.19989210067315105
Not Placed,0,Civil,6.21,0,-4.081347282055894,-1.2991160911210835
Not Placed,0,ECE,7.28,2,-0.47436700013609223,0.29640553308788264
Not Placed,0,CSE,7.25,0,-3.2408627030513677,-0.0031124519457426127
Not Placed,0,ENTC,7.65,1,0.6626236278284549,-0.8387161289729099
Not Placed,0,CSE,8.22,3,1.9157294438173331,0.353474338667931
Placed,1,CSE,9.16,3,5.450642891830062,-1.6216201679968163
Placed,1,ECE,8.06,3,3.0755039515888267,-0.1706687821541945
Not Placed,0,CSE,6.86,1,0.4658071063844242,-3.1774690877234484
Not Placed,0,ECE,8.27,1,0.34334509920073897,-0.1961645666352782
Not Placed,0,ENTC,8.89,3,1.4851666185996004,-1.0124857766050304
Not Placed,0,CSE,6.75,2,-0.4111923385856484,0.6611177722221218
Placed,1,CSE,6.8,3,1.6994243794959998,0.1851552636784222
Not Placed,0,CSE,6.49,0,-4.017616597121122,-1.005026318971514
Not Placed,0,Mechanical,7.22,0,-2.9674263306902486,0.08489410323708506
Not Placed,0,CSE,8.02,2,0.2665435989433306,0.8365648518182404
Placed,1,ENTC,8.96,3,1.955897908322551,-0.016171486628987573
Placed,1,ECE,8.46,3,2.257328946568859,0.6309360217980534
Not Placed,0,IT,8.03,0,-1.7662762913899028,-0.8066174194186905
Not Placed,0,CSE,7.74,0,-2.290978861132757,0.6177404537225513
Not Placed,0,IT,8.03,2,-0.014911282837114,0.7807443695430952
Not Placed,0,IT,8.08,2,0.05362627760615667,0.4142697367168977
Placed,1,CSE,8.81,2,0.8909493340205284,2.2346841140148306
Not Placed,0,ECE,7.68,2,0.6574256527520356,1.956537352925845
Not Placed,0,ECE,7.92,2,-0.48936389055078366,0.4603081098740511
Placed,1,CSE,7.35,1,1.6414913513415947,-1.3942700232261902
Placed,1,CSE,7.8,1,0.7936867598010235,-0.2669823118026703
Placed,1,CSE,7.48,2,-0.15738644774296265,1.0964266661060373
Placed,1,Mechanical,6.69,0,-1.3794838835428034,0.4520266776090555
Not Placed,0,Civil,8.44,3,1.4470031724374277,-1.6746769527612662
Placed,1,ENTC,8.97,3,2.5621003374198965,0.3024214216758857
Placed,1,CSE,7.67,2,1.0643268320766797,1.3185598441889759
Placed,1,Mechanical,7.98,3,1.7249704184086894,0.6579771689880827
Placed,1,ENTC,8.43,2,1.4377222060008539,1.2587885369193192
Not Placed,0,IT,7.58,2,0.4103307460489261,-0.04612588278381014
Not Placed,0,CSE,7.86,2,-1.8027150355815205,3.713871822279663
Placed,1,CSE,7.52,0,-0.8947021020655976,-0.3864163269801218
Not Placed,0,ENTC,7.23,1,-0.18240192655754872,-1.4652595498843588
Placed,1,CSE,8.14,1,1.4566588715106594,-1.59723032877706
Placed,1,CSE,8.14,1,0.007849315019530569,0.2976698783092117
Not Placed,0,CSE,8.48,2,-1.1187738862034537,0.5588196456690986
Not Placed,0,CSE,7.7,2,0.6400864783799507,0.5576178030651074
Not Placed,0,ECE,6.68,0,-2.975297384780063,0.8824849587700105
Placed,1,CSE,8.64,3,2.1829909457273193,0.9952472518250179
Not Placed,0,CSE,7.08,2,-0.5678739865621164,0.9581009744942166
Not Placed,0,ECE,7.06,0,-2.081552281562407,-1.5786798551900896
Placed,1,Civil,7.25,3,3.1788145636790244,-0.9906346829496857
Not Placed,0,IT,6.22,1,0.9824480657468192,-0.9192778200031481
Placed,1,CSE,7.52,2,1.0105788758448635,1.4462238236411227
Placed,1,CSE,8.23,3,2.8414353742662986,1.3680225508728185
Not Placed,0,IT,7.33,0,-1.3410605496174568,-0.20634923128292848
Placed,1,Mechanical,8.84,2,0.7088595659210625,1.9780830860338152
Placed,1,Civil,8.78,1,1.3898850957380138,0.12289379596709826
Placed,1,CSE,8.46,3,4.10942622510391,-1.1518174282936884
Not Placed,0,CSE,6.06,0,-3.631371272526998,0.6373137212804241
Placed,1,IT,8.92,3,1.1950501776643585,0.31844049535986274
Not Placed,0,ECE,7.5,2,-1.1414539197508444,1.533450550532854
Placed,1,IT,9.13,3,2.23402928316882,1.7177283928798364
Not Placed,0,CSE,7.19,0,-2.3878770461056615,0.7546978887412088
Placed,1,IT,7.58,2,0.9283858911438838,0.5235245417401116
Placed,1,ECE,7.78,3,2.2224108861187633,-0.3597671968597365
Not Placed,0,Mechanical,6.91,0,-2.186994476127551,0.5262122722223962
Not Placed,0,IT,6.32,0,-1.9829369390130827,1.1125245754610105
Not Placed,0,ENTC,5.66,0,-2.147773770042654,-1.783795448273754
Placed,1,ENTC,10.0,3,3.78903763074892,0.4072774335176697
Not Placed,0,IT,6.28,0,-1.582570228550259,-0.29642902828555856
Not Placed,0,Mechanical,6.29,1,-0.6081138495783843,-2.935881917347824
Not Placed,0,ECE,8.19,1,1.1380019254336986,-1.8327796209099712
Not Placed,0,CSE,6.49,0,-4.353039586578716,-1.2909942672962453
Not Placed,0,ECE,6.33,2,-0.5593177493982942,1.9882715860198679
Not Placed,0,CSE,5.26,0,-3.7038827331590842,-0.6681534724811259
Placed,1,IT,7.95,2,1.6946299526384265,1.3152158648093066
Not Placed,0,CSE,6.79,1,1.0046909521443688,-3.2363488710243966
Not Placed,0,ENTC,8.25,1,-0.3123447438043646,-0.2283578904214776
Not Placed,0,Mechanical,7.64,1,0.041123435423598025,-0.08490863918028291
Not Placed,0,CSE,7.77,0,-0.8285957294717129,0.185568829322382
Placed,1,CSE,7.31,3,2.6783968949295387,1.2531432983989303
Not Placed,0,IT,7.47,1,0.5533083060754488,-1.2105630524898228
Not Placed,0,Civil,6.94,0,-2.2283382831887684,0.12564104328067505
Not Placed,0,CSE,7.02,0,-2.262756132464106,1.5370371580116005
Not Placed,0,Mechanical,6.77,0,-1.7443962062288279,-0.8211274559658555
Placed,1,IT,8.99,2,0.27038453054286643,1.6600520763773228
Not Placed,0,IT,7.36,2,-0.22161856129130855,1.0313765610932708
Not Placed,0,CSE,5.77,0,-3.038589084966161,-1.5928033215344084
Not Placed,0,CSE,7.92,0,-1.5913662062654816,-0.5873978867064761
Not Placed,0,CSE,7.02,0,-1.6135954909775159,-0.04836220956770777
Placed,1,Mechanical,7.66,3,1.4969003389790239,0.05731705151800148
Not Placed,0,CSE,7.47,0,-1.860972020650824,-0.16506979790945703
Placed,1,IT,8.97,3,3.857267203259702,0.953550350136872
Placed,1,ECE,7.37,1,1.04045627611853,-0.6317922372498147
Not Placed,0,CSE,8.39,2,1.2228418222840547,0.43605445558481576
Not Placed,0,ECE,8.3,3,1.527970256657548,0.39429953296173315
Not Placed,0,ENTC,6.54,0,-3.9085260048328765,-0.8007713771636423
Not Placed,0,Civil,7.86,1,1.3931648301353654,-1.2325191488892073
Placed,1,CSE,7.06,3,2.522797114289669,-0.28000529340912333
Not Placed,0,CSE,6.67,1,-0.2370054833435104,-0.8976872918135564
Not Placed,0,CSE,6.68,0,-4.1405636738734675,-0.9078579380131434
Not Placed,0,CSE,8.4,1,1.1897244012682073,-0.029225670920354697
Placed,1,CSE,9.95,2,1.4145920030567158,2.358355801377708
Not Placed,0,IT,7.02,1,0.2961493393237096,-0.6917347060375942
Placed,1,CSE,7.88,1,0.698873986054928,0.009686068598290873
Placed,1,Civil,7.96,2,0.8116335391847617,3.1119895442405308
Not Placed,0,Mechanical,7.25,0,-1.0958514392757164,-0.9341282185350822
Placed,1,IT,8.9,3,1.5375616611841456,0.4603517564330913
Placed,1,Civil,9.57,3,4.822386469750971,0.6639562260529829
Not Placed,0,ENTC,7.19,1,0.740050972862897,-0.5895486228342542
Placed,1,IT,9.17,2,0.8264260801634551,2.5303033733830573
Not Placed,0,Mechanical,7.24,0,-3.4892163778022947,0.48435268167661016
Not Placed,0,Civil,6.88,1,1.4561414553203258,-1.9613115426153456
Not Placed,0,ECE,7.58,0,-1.9921352140955801,1.2601748425136943
Not Placed,0,ENTC,8.44,2,-0.8025605804618677,1.6739008152082733
Not Placed,0,CSE,7.61,2,-0.7295014136267512,0.7306194925960778
Placed,1,CSE,8.33,2,-0.6272868605221033,0.8837944201747469
Not Placed,0,ENTC,7.89,0,-2.189237730741516,2.0749746678470222
Placed,1,CSE,8.85,1,0.8362296494188983,-0.7387748644273687
Placed,1,CSE,8.15,2,-0.39508809929331484,1.7557501656390642
Placed,1,ECE,9.0,3,2.477395035818998,-0.056881036182868244
Not Placed,0,ENTC,6.97,0,-1.2891362879314399,-0.6250638964624251
Not Placed,0,ENTC,7.53,3,1.8389470322816714,0.40633904691841394
Not Placed,0,IT,7.7,2,0.9239443126206002,-0.044188314780641176
Not Placed,0,CSE,6.97,1,-0.1930675594558708,-0.41910014748651236
Not Placed,0,IT,6.84,0,-2.79762667763488,0.63435402011148
Not Placed,0,ECE,8.02,2,-0.6868571594784609,1.4970142031311318
Not Placed,0,CSE,8.27,1,-0.5204325326528552,-0.8837349701638879
Placed,1,Civil,7.8,3,2.261075945427443,0.5301164997361557
Not Placed,0,ECE,8.6,1,0.15700126848542545,0.08526281872136048
Not Placed,0,CSE,6.76,0,-1.434043644742743,0.17002169930314012
Not Placed,0,ENTC,7.37,1,-0.23652438084705896,-1.395716997617735
Not Placed,0,IT,6.7,0,-4.328761045639852,0.04127817780768731
Placed,1,IT,7.82,2,-1.1788107129779115,1.2102772398221462
Not Placed,0,IT,8.11,1,-0.17721520823452386,-0.2724939063131782
Placed,1,ECE,8.84,2,1.1859883385057304,1.4355905816239494
Not Placed,0,Mechanical,6.7,2,0.5830452662586293,1.0051618345951412
Placed,1,CSE,8.02,1,1.261859351355932,-0.8351674354213506
Placed,1,ENTC,8.92,3,2.0131655837451543,1.0034126464329856
Not Placed,0,IT,6.85,0,-1.57548677852646,0.002299210795844662
Not Placed,0,CSE,6.65,1,-0.014701585499935783,-2.548682534567099
Not Placed,0,ECE,6.45,0,-2.8744777509164354,-0.11946073667547863
Placed,1,ENTC,8.23,1,0.8030753698210712,-0.4713360780291908
Not Placed,0,Civil,7.08,1,-0.867588546812935,-0.5324469358519669
Not Placed,0,ECE,8.11,1,0.35577054774685507,-1.0805040207954502
Not Placed,0,CSE,7.52,0,-1.6497752108257548,0.034087962092423305
Placed,1,IT,9.23,3,2.097044138067273,0.40747369026198244
Not Placed,0,CSE,8.37,3,2.0642480910050622,-1.144825393427257
Not Placed,0,Mechanical,7.02,1,-0.6312835990427184,-1.2759010412391583
Not Placed,0,ECE,7.44,1,0.2275704661757779,-1.309893113359309
Placed,1,CSE,8.37,2,1.1893737258082115,1.590895162518883
Not Placed,0,CSE,6.79,2,-0.768992025639276,0.5723384601277407
Placed,1,IT,8.7,2,1.046914843053219,2.142054239270486
Placed,1,ENTC,7.49,2,1.3861907354662768,1.554649106953141
Placed,1,CSE,8.39,2,-0.22203476799443927,1.7873046020486234
Not Placed,0,Civil,7.53,2,0.11775830688145174,0.23229496741747116
Placed,1,CSE,7.25,1,0.40486873691852543,-0.2807142083562994
Placed,1,ENTC,7.12,1,0.7400789720912379,0.1211313419024515
Placed,1,IT,9.17,3,2.364563424511245,-0.26058410659090536
Placed,1,IT,7.45,3,2.847492456940133,-1.2679453017844666
Placed,1,CSE,10.0,3,3.508018050429757,0.7269263617977951
Not Placed,0,IT,7.83,2,-1.623905037277348,2.040827996479858
Not Placed,0,Civil,6.98,0,-1.9956147507068533,-2.4617768912760383
Not Placed,0,ENTC,6.35,0,-4.3155161904200225,-0.7902507056428715
Placed,1,CSE,8.75,2,-0.8419236812534451,2.7202017474894182
Not Placed,0,CSE,7.54,0,-1.035493884408347,0.04855707144060527
Placed,1,CSE,8.4,3,1.8450097871437388,0.8636514396653978
Placed,1,ECE,9.67,2,0.4557099381009375,2.185025745851057
Placed,1,IT,8.27,3,2.7684255527624955,-1.7641615001643467
Placed,1,CSE,7.99,2,0.5534272539718745,0.5817999569496394
Placed,1,IT,8.74,3,2.6990805508546587,1.2089357103994967
Not Placed,0,Mechanical,8.38,3,2.0415696890463986,-1.933977292738561
Not Placed,0,CSE,6.63,1,0.5192531107957097,-0.4785600531083858
Not Placed,0,ECE,8.83,1,0.5975001357163244,-0.3444953247948852
Not Placed,0,Mechanical,7.66,0,-1.3901057851462373,0.1869647951731614
Not Placed,0,CSE,9.01,0,-1.2702657075358106,0.5469146425832396
Placed,1,IT,8.13,2,1.06469961510094,0.9167183189500572
Not Placed,0,CSE,8.71,2,0.6543757690322879,0.7701624195422225
Not Placed,0,ECE,7.51,0,-1.6118532542541648,0.10044052933088549
Not Placed,0,CSE,6.41,1,-1.1803866586644745,-1.9084621727718643
Placed,1,IT,8.18,1,1.5508962172689331,-1.2646100983968758
Not Placed,0,IT,8.53,2,-0.7059570526065413,0.6252027118893413
Placed,1,ECE,7.23,1,-0.30216950265070885,0.4275255261558699
Not Placed,0,ENTC,7.53,0,-2.4013193939237882,0.9688570793923479
Not Placed,0,IT,5.82,0,-2.9394207074261973,-2.4836865109620545
Placed,1,ENTC,7.57,2,-0.3165166737281609,1.6986271934295307
Not Placed,0,CSE,6.64,1,-0.36355124651690235,-2.8709482524532883
Not Placed,0,IT,8.14,1,-0.6667082106402399,-0.8734149186230625
Not Placed,0,CSE,7.98,2,-0.5579805704091839,1.1622741160241925
Not Placed,0,ENTC,7.71,1,-0.4061854217306837,-1.3233391009922193
Placed,1,ECE,8.82,2,1.103357322060536,0.836563949193236
Not Placed,0,CSE,7.9,0,-1.4144067907223568,-0.6058314973398783
Not Placed,0,CSE,7.86,2,0.6447404510130904,1.177568039299251
Placed,1,CSE,7.97,0,-1.4451236691741467,0.10930032780914349
Not Placed,0,CSE,7.2,1,-0.44289076457687837,-0.32766011279027696
Placed,1,CSE,8.54,3,1.4204924046739216,-0.040676559149636755
Not Placed,0,CSE,6.92,1,0.9682090054759377,-2.1322845943297972
Not Placed,0,CSE,8.06,2,0.8453170668413871,0.14624750748914372
Not Placed,0,IT,8.74,2,-0.2536444937645557,1.4838128898620917
Not Placed,0,CSE,6.83,0,-3.816150410878119,-0.044019701051501894
Not Placed,0,IT,6.56,0,-3.2729593877999306,-0.9137115151207962
Not Placed,0,ECE,6.81,1,-0.7218296231128187,-1.9820714492906164
Placed,1,CSE,9.24,3,3.052722355963854,0.3492635857109938
Not Placed,0,ECE,7.18,1,-0.3400087790947879,-0.3270901094253179
Placed,1,IT,6.68,2,-1.5475338898098037,1.786472709883752
Not Placed,0,CSE,8.01,2,1.1646083777259102,0.8882458108506277
Not Placed,0,IT,5.38,0,-4.396958617869437,-0.923056343704577
Not Placed,0,IT,6.89,1,-0.429652549610298,-0.3176248226516486
Not Placed,0,ENTC,8.9,3,2.3098724004120292,0.9402788977171296
Not Placed,0,IT,6.89,0,-2.0743173389526253,-0.5382085162053273
Not Placed,0,IT,7.48,1,0.6249986007477656,-1.06345376454196
Placed,1,CSE,7.95,3,3.009196109488888,-1.5550989296173994
Not Placed,0,CSE,7.95,1,0.7866140304682634,-0.08539240319163277
Not Placed,0,Mechanical,7.25,1,0.1904395397837079,-1.2178986960151015
Not Placed,0,Civil,8.16,0,-2.992678600633492,1.4369684258145623
Placed,1,CSE,8.93,1,1.9394004161379608,-1.2749491213810173
Not Placed,0,IT,6.8,1,-0.3537585553956817,-2.226110331001912
Not Placed,0,CSE,7.29,1,-0.7431516485911134,-0.40054304175685734
Not Placed,0,CSE,7.61,1,1.7389089605108514,-1.6469484405947177
Placed,1,CSE,8.29,1,0.7253993487575868,-1.0798213584613918
Not Placed,0,IT,7.73,1,0.14487711994850697,-0.3708535604866442
Placed,1,IT,7.59,2,1.0871955423525526,0.6368121027638959
Not Placed,0,IT,6.38,0,-1.891209045442915,-1.8838140432004764
Not Placed,0,CSE,6.74,0,-3.065556872873913,-0.38569159567528055
Not Placed,0,ECE,7.86,2,-0.09957074565674112,0.5264649791256557
Not Placed,0,Mechanical,7.26,0,-1.2459543647140752,-1.269389777131229
Not Placed,0,CSE,7.41,2,0.2953357525364,0.5421049849359652
Not Placed,0,ENTC,7.65,2,-0.8724478101379556,0.8717798329089244
Placed,1,CSE,9.69,3,4.725712810824019,1.013564287213358
Placed,1,IT,7.28,2,0.46330661056555017,1.104609269369569
Placed,1,ECE,8.88,3,3.13751073897685,1.20005270691889
Placed,1,IT,8.82,2,1.5136613127204355,1.0586642610104302
Not Placed,0,Mechanical,8.38,2,-0.18918796094453774,1.8787441382336465
Not Placed,0,Civil,6.98,0,-2.2719995877100305,0.8096921383669347
Placed,1,IT,7.82,2,-0.4916577619268054,2.330067578114264
Not Placed,0,IT,7.37,0,-1.1166853491404476,0.9133980221962428
Placed,1,IT,9.41,2,-0.5377536495769558,2.5293107588197308
Placed,1,Mechanical,8.05,2,1.052503593845711,0.5037335951985205
Not Placed,0,IT,7.52,1,-0.0028489923791441838,-0.02696621413366157
Placed,1,ENTC,9.22,2,2.2379214598062305,2.9045848178341247
Placed,1,CSE,7.4,1,1.319017437009193,-1.6619527871219428
Not Placed,0,ECE,8.17,2,1.1292576792592974,2.320469356617598
Not Placed,0,IT,8.3,1,0.22773582839990691,-0.05431192307905026
Not Placed,0,ENTC,8.0,2,0.2677090492258116,0.6041097640176787
Placed,1,ECE,7.61,2,1.2927653872008056,1.2039066203401863
Not Placed,0,IT,8.41,0,-1.8484741788321033,0.8170851269999861
Not Placed,0,CSE,7.16,0,-3.6181991627987817,0.3987407948648866
Placed,1,CSE,8.65,3,1.876925309131261,0.18899220364443467
Placed,1,CSE,7.46,1,-0.21949566182603042,-0.9432662906599291
Placed,1,ENTC,8.84,3,2.264697529569455,-0.8574814313286316
Placed,1,CSE,8.59,2,1.0419155774772249,0.5429843102633529
Placed,1,Mechanical,8.17,3,3.941709590102207,-1.061724299811805
Placed,1,IT,7.62,3,1.9935274962885858,-0.36133584392709567
Not Placed,0,Mechanical,8.64,0,-2.130530973153809,1.4435114825701914
Not Placed,0,Mechanical,8.19,2,-1.175770784438957,0.9255581405601576
Not Placed,0,ECE,5.0,0,-3.9751983470010237,-0.7566332915470776
Not Placed,0,Civil,7.0,1,-1.4358450083232521,-1.898998022151186
Not Placed,0,CSE,7.84,1,0.18648285167657083,-0.17164003208809475
Not Placed,0,ECE,7.94,3,2.395690927605842,-0.6163131419502321
Not Placed,0,IT,8.3,2,-0.027433539256802433,0.8003940683701465
Not Placed,0,CSE,9.02,2,0.3039695492629359,1.7944216795402774
Not Placed,0,CSE,8.2,1,-0.48411302208259277,-0.5277737312045951
Not Placed,0,Mechanical,5.93,0,-2.7803232261745627,0.4871829397578609
Not Placed,0,Civil,7.87,1,-1.8724247257896998,-2.6531036179639003
Placed,1,CSE,8.73,3,3.4178295613884373,0.6766508870151883
Not Placed,0,Mechanical,7.79,1,0.5594005405630413,-3.3064185940111757
Placed,1,ENTC,7.87,3,1.4718335373533606,-1.1681002514464995
Not Placed,0,ENTC,7.28,0,-2.5844043356154636,0.40998264102366366
Not Placed,0,IT,8.51,1,1.2687586306378482,-0.8577972252187928
Not Placed,0,CSE,7.4,1,-0.5433646667432529,-2.3612570660895296
Placed,1,CSE,8.2,3,4.847869570477457,-0.8944214972792411
Placed,1,ENTC,8.06,3,1.433072941563009,0.4956447708127797
Placed,1,ECE,7.75,2,0.5364205583505903,0.7536468814427248
Placed,1,ENTC,8.11,3,2.3955288729447712,0.47263685252189064
Placed,1,Civil,7.87,3,1.3080410079187395,0.623056280151817
Placed,1,CSE,8.79,3,2.4866287911144034,-0.4877478799016253
Not Placed,0,ENTC,8.28,1,1.0692975638104552,-0.8309220097863081
Placed,1,CSE,8.58,2,1.165258580717133,0.3705747019538595
Placed,1,ECE,7.05,2,-0.6182157843542663,1.423984902555057
Placed,1,CSE,7.0,2,0.8609329568742513,0.2693845972843023
Not Placed,0,Civil,7.75,2,-0.8139293244261857,1.2909165553759236
Not Placed,0,ENTC,8.34,2,0.8807556826662112,1.0286020197831018
Not Placed,0,ENTC,8.15,3,1.3962889338390567,-0.22479350703906142
Not Placed,0,CSE,7.06,2,-0.741068986513338,1.1444892607190742
Not Placed,0,CSE,8.36,3,1.5304311564126944,-1.6685642902103959
Not Placed,0,Mechanical,7.17,2,-0.8400474736443936,0.5921398249044367
Placed,1,Civil,8.27,1,0.07010619242136,-0.04592164722895656
Placed,1,Civil,7.94,3,2.0915266024451125,-0.7086218595376023
Not Placed,0,ENTC,7.51,0,-1.900645673637832,0.268531626550347
Not Placed,0,ENTC,7.24,0,-2.1254363763877477,0.6180024929606153
Not Placed,0,IT,7.81,2,0.04941857363279861,1.0726698942702453
Not Placed,0,ENTC,7.77,0,-1.426613250184768,0.7495091739797508
Placed,1,CSE,6.81,1,1.4688943078814152,-2.0356252830757957
Not Placed,0,Mechanical,8.21,2,-0.7442695475452711,0.27853942953272365
Not Placed,0,IT,8.68,2,-0.8144258580051904,0.9177295011621485
Placed,1,Civil,8.43,1,1.0944817545359533,0.1717485830926197
Placed,1,CSE,7.97,3,2.4225178494746933,-0.43972220085600083
Not Placed,0,IT,7.32,0,-1.5033854808386284,0.18385265449619917
Not Placed,0,ECE,7.81,2,-0.6349498888533309,0.8829760094387631
Placed,1,ECE,7.59,2,1.2012771122464825,0.9763765040975297
Placed,1,ENTC,7.81,3,2.830374780155596,-2.2887435509855614
Placed,1,ECE,8.5,2,-0.3212963437742435,1.347713193543214
Not Placed,0,CSE,7.61,2,-1.3265909158802482,0.9449972732556701
Not Placed,0,IT,6.14,0,-4.154966962012715,-0.11756839372199235
Not Placed,0,Mechanical,8.38,1,0.07203945202959722,-0.23533449484155944
Placed,1,Civil,8.04,1,0.6875245007604391,-1.3490353765352572
Not Placed,0,ENTC,7.83,3,2.2398496240306716,-0.8458425431952749
Placed,1,IT,6.7,2,0.20075134439776568,-0.25523707122129585
Not Placed,0,ENTC,6.99,0,-1.727449379856734,-1.1752823546316526
Placed,1,CSE,7.09,1,0.6793065177345023,0.299535196998478
Not Placed,0,Civil,7.2,1,0.8084909535169769,-0.12765317480552557
Not Placed,0,IT,7.28,0,-2.273651595501817,0.2294980757973454
Placed,1,IT,6.7,2,0.49642817317618426,0.7626360554321998
Placed,1,IT,9.53,2,-0.7167258948456983,1.4703141855770114
Placed,1,ENTC,8.98,3,2.278831644260986,1.2166062162815017
Placed,1,ECE,7.94,3,3.388918891860783,-0.40566860197421745
Not Placed,0,ECE,7.67,2,-1.0064784882589424,1.0292981392641265
Placed,1,CSE,9.25,3,2.3489335489855914,1.6452470244076194
Not Placed,0,Mechanical,9.08,3,1.5970502538873441,0.024692535727402754
Placed,1,CSE,7.07,3,2.3195695274233863,-1.520161173721535
Placed,1,IT,7.91,2,-0.37885276835974735,0.2916381037651267
Not Placed,0,ENTC,7.54,0,-1.7439483434798655,-0.494727905642143
Not Placed,0,CSE,7.47,1,0.5135122335631118,0.1893220396270743
Placed,1,ECE,7.56,3,1.848757470361011,-1.8067848903771073
Not Placed,0,CSE,7.63,1,0.7415033558991413,-0.15134767267859037
Placed,1,ECE,7.88,3,1.9339177889192627,-0.3734107164817555
Placed,1,IT,7.88,3,2.5359469594591277,-0.47474198785642613
Placed,1,CSE,8.92,3,2.4096159252213702,0.30361528855695596
Not Placed,0,CSE,7.01,1,-0.4597544735006639,0.07638141306782598
Placed,1,ENTC,8.52,2,0.5074865148856297,0.35964058410605754
Not Placed,0,CSE,6.79,1,-0.3361989171768904,-2.1423244260355188
Not Placed,0,CSE,7.9,2,-0.7873080670244615,0.9400351675900933
Not Placed,0,CSE,8.59,3,1.5511750448167445,-1.4747490685420042
Placed,1,CSE,8.18,1,0.40993329891330493,-0.24837056880859937
Placed,1,IT,7.43,3,1.0618418235113873,-0.1186242340937374
Not Placed,0,ECE,7.94,0,-1.3827234914466007,-0.32530954754865515
Placed,1,CSE,9.1,2,1.723628168998027,1.6335706446889036
Not Placed,0,CSE,7.2,0,-1.3532495249222378,-0.18594488104294307
Not Placed,0,CSE,8.18,3,1.8725239834698377,-0.9629538772598638
Not Placed,0,CSE,8.52,3,2.1204723518732442,-0.08257279854568955
Not Placed,0,ECE,7.37,1,0.3477457899508006,-2.2987364065621847
Placed,1,ECE,9.18,3,3.356707331634151,0.6968826331164032
Not Placed,0,ENTC,9.46,2,1.1049531128130163,1.6414395304457419
Placed,1,CSE,8.63,3,3.4678925957872226,-0.322338659378163
Placed,1,CSE,8.63,2,-0.48935283906234517,-0.026550225126440407
Not Placed,0,IT,6.23,1,0.2594613048321224,-1.8250155393037684
Not Placed,0,CSE,6.58,0,-2.641005413657793,0.41513019084871405
Placed,1,Mechanical,7.63,3,2.411874898678912,-0.060122137612413126
Not Placed,0,IT,7.14,0,-2.17395617742733,0.9441426475229551
Placed,1,IT,8.23,2,0.5488134237684114,2.3546831429749977
Not Placed,0,ECE,5.28,0,-3.251834260171752,-1.9399102366611713
Placed,1,CSE,8.23,2,-0.009103162616158062,0.41015780340957414
Not Placed,0,Mechanical,7.55,1,0.614982449669966,-1.8821820994804856
Not Placed,0,IT,7.24,0,-2.9615333398850905,0.9951293884897009
Placed,1,Mechanical,9.32,3,3.7527828006996407,1.0391805398470766
Placed,1,ECE,7.44,1,0.18884327460321526,-0.7388105778839883
Not Placed,0,ENTC,6.33,0,-2.244554665831397,1.3506609297326508
Placed,1,CSE,8.09,2,-0.16048076224899963,1.1644655561329262
Not Placed,0,CSE,8.02,2,-0.549604199626306,0.7147818865185253
Not Placed,0,IT,7.55,0,-0.8888641170667294,0.04083743386603222
Placed,1,ENTC,9.7,3,3.8557883954145895,0.43234570240401143
Not Placed,0,IT,7.88,1,0.20385203562823928,0.3809598250474636
Placed,1,CSE,8.56,2,0.43771795702885596,0.11680609038134475
Not Placed,0,CSE,7.97,1,-0.7723707393534864,-0.33558564776760363
Placed,1,Mechanical,8.78,3,4.12375423377941,-0.7937008668189546
Not Placed,0,CSE,7.42,1,-0.5391797629997023,-0.8237225911924408
Not Placed,0,CSE,6.8,0,-2.9162317589775553,-0.6248683968047124
Not Placed,0,ENTC,8.35,1,0.5879746757182925,-0.7226283717878104
Placed,1,Mechanical,7.95,3,2.0456194356985713,-0.14644748441322597
Not Placed,0,ENTC,8.38,1,-0.4087127542526737,-0.4948650747775191
Placed,1,CSE,7.18,3,1.5246681124804862,-0.5814566598604973
Not Placed,0,IT,8.11,2,-1.6002036166796454,1.894334492679489
Not Placed,0,IT,6.34,0,-2.335137741926496,-1.0227393456971925
Not Placed,0,CSE,7.29,0,-0.9521895367015146,-0.32163713451418674
Not Placed,0,CSE,7.1,1,0.8325703453586504,-2.116577736363271
Placed,1,CSE,8.12,3,2.3680029166379226,-0.5405930064166214
Not Placed,0,CSE,7.29,1,-0.090221083635072,-1.2246505942281047
Not Placed,0,CSE,6.53,0,-2.0464193025955972,-1.5150210659853562
Placed,1,ECE,7.22,3,1.5074161692614592,-2.121835821323424
Placed,1,IT,8.21,1,1.2697421798503419,-0.09883764469879665
Not Placed,0,Civil,7.81,1,-0.0007238747531987675,-1.8911547319727362
Placed,1,ENTC,7.07,0,-1.3937748539929746,0.18327939094782328
Placed,1,CSE,8.41,2,1.2941165632831215,0.64575363074622
Placed,1,CSE,9.03,3,3.641402389741255,-1.0211130762282716
Placed,1,Civil,8.47,1,1.1139881317644276,-1.3577004196521476
Not Placed,0,Civil,5.74,0,-1.4163412289593504,0.03500836301128373
Not Placed,0,CSE,7.9,1,0.558308105531541,-1.9392008958678713
Not Placed,0,IT,7.58,0,-1.5648103747259872,0.0845515306327375
Not Placed,0,Civil,5.97,0,-2.143197352601832,-2.3458214869780787
Not Placed,0,ECE,6.6,1,-0.867669671094556,-1.0902515745980703
Placed,1,ECE,8.38,3,2.1920817989931853,0.757359360515502
Placed,1,CSE,7.86,3,2.0654490081206736,-0.19002213616836522
Not Placed,0,ENTC,7.77,2,0.3760128038615201,-0.08487296759627523
Not Placed,0,CSE,7.15,0,-1.6402428080870224,-1.0500369195270811
Not Placed,0,CSE,8.62,2,0.20648490824546675,0.8913695965639725
Not Placed,0,ENTC,6.65,1,-0.42043115237754225,-0.6788708382388122
Not Placed,0,CSE,6.95,1,0.1793746018663691,-0.958264793990228
Placed,1,CSE,7.43,3,5.687151528193113,-1.331799694700618
Not Placed,0,ECE,6.4,1,-0.13201353650575925,-1.9118091889501503
Not Placed,0,ECE,6.95,1,-0.8648425509378375,-1.0554682576683514
Not Placed,0,Civil,8.6,2,0.7397210668801179,1.2114113000337843
Not Placed,0,CSE,6.98,0,-2.2034188413517644,0.8989871883161904
Not Placed,0,CSE,8.36,0,-1.8013571842976963,0.7857016620758639
Placed,1,CSE,8.24,2,-0.039035168285248945,2.2831399671427675
Not Placed,0,CSE,7.56,0,-1.2995174302303811,-0.17530278099159732
Placed,1,IT,6.49,1,-0.033918997081126945,-1.3031199630956996
Placed,1,ECE,7.75,1,0.10948899538697375,-0.6525937317280334
Not Placed,0,CSE,5.91,0,-3.1610307516699927,-0.058620272380162215
Placed,1,CSE,7.25,1,-0.4007238292734107,0.15980921933273043
Placed,1,IT,7.91,2,0.43110716755917267,1.4274536589557836
Placed,1,CSE,8.44,1,-0.15365712690345232,-0.5805167116378062
Placed,1,IT,7.57,2,-1.1303310009829635,0.973525071521766
Not Placed,0,ECE,7.18,0,-3.3599090928848834,0.5568930983383541
Not Placed,0,CSE,7.12,0,-2.6119065470620417,-0.39988402436653214
Not Placed,0,Mechanical,7.3,0,-2.4036332743508084,-0.17924409215369871
Not Placed,0,CSE,8.23,1,0.5398836359919582,-1.5062767843599711
Not Placed,0,ENTC,8.0,3,2.259049116318245,-0.5754053484501825
Not Placed,0,Mechanical,7.68,0,-1.9011132772134463,1.7771768838760775
Placed,1,Mechanical,8.24,3,2.2465118658324923,1.805258330221527
Not Placed,0,Mechanical,7.7,1,1.6682305660444465,-2.7437156371402724
Not Placed,0,CSE,6.57,0,-2.5920271087773132,-0.43645413522624865
Not Placed,0,CSE,6.76,0,-3.31444662261867,0.8796009512836722
Placed,1,ECE,8.21,3,2.108147779131232,-0.5392870434755499
Not Placed,0,CSE,6.53,0,-2.1632302938808317,-1.8117948651074869
Not Placed,0,ECE,7.38,1,1.2307446332225565,-1.2499031413443134
Placed,1,ECE,7.6,1,0.33906684001611426,-0.7557686176823705
Not Placed,0,IT,6.82,1,0.7505012597946256,-0.9564113594670283
Not Placed,0,IT,6.28,1,-0.5353703622122509,-2.0354278116136215
Not Placed,0,ECE,6.7,0,-1.9239985065426564,-1.12294275410317
Not Placed,0,ECE,6.16,0,-2.495308941917975,-0.9742680822601232
Not Placed,0,ENTC,8.22,2,0.30022136661352083,2.1091051944036443
Placed,1,ECE,8.04,1,0.8042670261219343,0.30715317833122474
Not Placed,0,IT,7.05,1,-0.9695320840660976,0.09995405876136787
Placed,1,IT,6.54,2,-0.2990405279193036,0.29147895176143507
Placed,1,CSE,8.69,2,1.4065996725452186,1.0375202557081054
Placed,1,CSE,8.07,3,3.6118730237172354,-1.962759573399979
Not Placed,0,ENTC,7.17,3,2.7650707201269995,-2.044472272312525
Placed,1,ECE,8.71,1,1.1631419597132164,-0.2552903296121766
Placed,1,Mechanical,7.82,3,3.1078305579303342,-0.8748030167290661
Placed,1,CSE,7.97,3,2.8627376111790257,-1.7088781902640475
Not Placed,0,CSE,6.81,0,-1.0819661220872898,-0.8408013397239938
Placed,1,CSE,6.41,1,-0.3183571268762975,-1.1755003312127352
Not Placed,0,IT,6.37,2,-0.8985738334918048,0.7857945615863596
Placed,1,IT,9.47,3,5.25595394283724,-0.032070323660951736
Not Placed,0,CSE,7.0,0,-2.934387586906511,-0.8866784458886908
Not Placed,0,CSE,7.76,2,-1.156897697532618,2.2819480205694935
Placed,1,IT,8.09,2,1.2500496510114711,1.503151272062379
Not Placed,0,ECE,7.68,2,-0.7895863216791337,1.0057212028877853
Not Placed,0,ECE,7.57,0,-2.2408336746580098,0.29337701966067325
Not Placed,0,IT,7.55,1,0.07759289324015275,-0.1318605306968253
Not Placed,0,ECE,8.11,1,-1.1335267232021706,-1.0614487636724457
Not Placed,0,IT,6.82,0,-1.6338269597007877,-0.3194268172523227
Not Placed,0,CSE,7.33,0,-1.7975238197992536,-1.5506136194089921
Not Placed,0,ECE,5.74,0,-2.2508562199680004,-1.5483222281268902
Not Placed,0,CSE,6.12,0,-3.132867208786108,-0.10656803285431721
Not Placed,0,ENTC,6.6,0,-2.113545919901486,-0.8091016128605582
Placed,1,CSE,8.43,1,1.6577804427822556,-1.730028320151416
Placed,1,IT,7.47,3,1.6408212496294803,-1.3033968678399621
Placed,1,CSE,8.29,3,3.9986156003170255,-2.0791551004045097
Placed,1,CSE,8.03,3,1.2408303429024645,0.3790321363532918
Not Placed,0,IT,7.92,3,2.3080790903168342,-0.222753601642243
Not Placed,0,CSE,6.9,0,-0.9564843238788934,-0.001345425477628588
Placed,1,IT,7.76,2,0.8042996399839581,0.6780903522406242
Not Placed,0,CSE,7.92,0,-0.7346419400345535,0.10106135046222278
Placed,1,ECE,9.57,3,3.9866132045521883,-0.22864836291264612
Not Placed,0,ENTC,7.41,2,-1.023367275449565,0.7462939192588636
Placed,1,Mechanical,8.32,2,0.035769583966916096,2.397662647319147
Placed,1,ECE,7.59,2,1.0799248442927625,1.0423141256962034
Not Placed,0,Mechanical,7.1,0,-3.7979688641514695,-0.2967995211299187
Placed,1,CSE,8.44,1,0.7310020752649339,-0.10887723546110929
Not Placed,0,ECE,9.31,0,-2.5065795121252163,1.2098983252910378
Not Placed,0,ENTC,7.92,2,-0.687672061915482,0.8797344689551025
Not Placed,0,ENTC,7.12,1,-0.7641430953640309,-0.6754860452363423
Placed,1,ENTC,8.1,2,-1.0879352411626226,3.1678398926439124
Not Placed,0,Mechanical,7.94,1,0.5708438297648806,-0.6463422388441961
Placed,1,CSE,9.58,2,-0.4881747214330849,3.4919833034724017
Placed,1,Civil,8.33,2,0.1680697403846837,0.9408803607124334
Placed,1,CSE,6.91,2,-0.5814611717386876,-0.22762860199103926
Placed,1,IT,8.78,3,3.7750899293327995,0.9351204247493801
Placed,1,IT,8.36,3,4.423424722774253,-0.10670895905529565
Not Placed,0,CSE,8.5,2,-0.3876391783681438,0.10224478930963771
Not Placed,0,IT,8.08,2,-0.2920524197049839,1.5407771930819387
Placed,1,IT,8.56,2,0.4376237867347069,1.4439538974246364
Placed,1,CSE,8.07,3,1.539643083825623,-0.3518356068175507
Not Placed,0,ECE,7.48,1,-0.8226148671111423,-1.3217837276792106
Not Placed,0,IT,7.81,1,-1.2785499499341584,-1.6775109853536214
Placed,1,CSE,7.6,2,0.5088886880541348,0.2738001206807668
Not Placed,0,ECE,7.99,1,0.7686452903381951,-0.5613844395817255
Placed,1,ENTC,7.77,2,-0.7409532388115512,1.1347651006977681
Placed,1,ECE,7.43,3,1.393644123528033,0.43983229014055475
Not Placed,0,CSE,7.55,2,-0.423077481367766,0.21009862021235787
Placed,1,Civil,7.7,3,3.1087612233052098,-0.3944972943866229
Not Placed,0,Mechanical,6.19,0,-1.9531027606563005,-0.5780320763428354
Placed,1,CSE,8.57,2,1.888099688707491,1.7823161773585305
Placed,1,IT,8.0,3,2.0782507521142914,-0.421987580055066
Not Placed,0,CSE,7.18,0,-2.598132356383213,0.20701285406455977
Placed,1,Mechanical,8.2,1,1.4395807649456664,-1.4514368416312793
Not Placed,0,ENTC,7.27,0,-1.49411799516467,-0.9889806932769737
Placed,1,Mechanical,7.27,3,1.275686527380889,0.28551066475210096
Not Placed,0,Civil,8.02,1,1.0396513123035913,-0.531258670353232
Not Placed,0,ECE,8.92,1,-0.16958592215687346,-0.8898027367763781
Not Placed,0,IT,7.94,1,0.3367157865104986,-0.30992529866908314
Not Placed,0,IT,7.04,0,-3.4269381032084505,-0.36314074909203653
Not Placed,0,IT,7.4,0,-3.26054335335513,1.436260109849845
Placed,1,IT,8.42,2,1.4081932497988228,1.2575785883464847
Placed,1,IT,8.04,3,2.6335599521902147,-1.628534961824398
Placed,1,CSE,8.52,2,0.4371144391498422,1.166467592360225
Not Placed,0,ENTC,8.03,0,-2.488469018827991,1.586317959611439
Not Placed,0,IT,8.36,2,0.22908820846953684,1.3270563532258872
Placed,1,ENTC,9.41,3,2.071730284265237,1.7339764334834198
Not Placed,0,Mechanical,6.55,0,-1.9815883343992757,-0.49576711901006165
Placed,1,IT,9.75,2,0.9486493256627582,3.6460228104128607
Not Placed,0,IT,8.5,2,-0.4740121539883914,0.40411598851835756
Placed,1,CSE,9.93,2,1.066816038857357,2.721897681134251
Not Placed,0,Mechanical,6.86,3,2.9150011191874476,-2.6855219389929275
Placed,1,ENTC,8.03,3,2.6892424836289432,-0.5538512033209338
Not Placed,0,IT,7.84,2,-1.5147433851824477,1.8623255899539766
Placed,1,ECE,8.45,3,1.8814005921145402,1.3365533048167177
Placed,1,ENTC,8.1,2,0.3160132530399106,1.227729725397726
Not Placed,0,CSE,8.0,1,-0.8302163622196196,-0.9662340225461198
Placed,1,ECE,8.36,2,1.7267753951501037,2.1826360382572774
Not Placed,0,CSE,7.61,1,-0.173685090057827,-1.2982744190080888
Not Placed,0,IT,7.26,1,0.963006462161173,-2.0970357123837897
Placed,1,Mechanical,8.09,1,-0.19175076115735085,0.19143337688158424
Not Placed,0,CSE,7.26,1,-0.626945670465089,-1.2806257557350258
Not Placed,0,ENTC,7.59,0,-2.4109578801263485,1.5495725049587337
Not Placed,0,ECE,6.48,0,-1.4777273166632945,-0.8524554973821308
Not Placed,0,CSE,7.75,0,-3.3542148895275163,0.03082932949072371
Not Placed,0,ECE,6.91,0,-2.589035520343284,0.969896509628764
Not Placed,0,IT,7.67,3,1.9101804408388277,0.43437096724672225
Not Placed,0,CSE,6.78,1,0.15575399858340827,-1.6976635531292186
Placed,1,CSE,7.68,0,-1.6569925761730748,0.7747073674158759
Placed,1,Mechanical,8.46,3,4.296642087437442,-0.1471097835761639
Placed,1,Mechanical,7.19,1,0.6332597956068384,-0.2282043789202416
Placed,1,CSE,6.91,2,1.247622156783949,0.5949228384472119
Placed,1,CSE,8.36,2,-0.18608511404627154,1.8518430002747055
Placed,1,Civil,8.48,3,3.221747424392576,1.6747002869151897
Not Placed,0,ECE,8.06,1,1.605371317525159,-1.8489188663800253
Placed,1,IT,7.3,2,-0.37009501993014726,2.094432873467535
Not Placed,0,CSE,7.16,0,-2.577459967096429,1.5086135691520892
Not Placed,0,CSE,7.42,2,-1.563300872366842,1.7750058898941716
Not Placed,0,CSE,7.65,2,0.16107708674142404,0.24318004806269777
Not Placed,0,CSE,6.23,0,-2.7666214511685303,-1.652002588828771
Not Placed,0,ENTC,6.86,1,0.5294771822172458,-1.506105618777644
Not Placed,0,ECE,8.76,2,0.027723527976378965,1.176509392055426
Not Placed,0,CSE,7.88,2,0.7278287978542887,1.8376735175835688
Placed,1,ENTC,8.74,3,2.1876298834674874,-0.9558590748180331
Placed,1,CSE,8.56,2,0.0019919608576998756,2.8342200607065937
Placed,1,ENTC,7.43,1,0.5848253829710338,-1.1309960910041412
Not Placed,0,IT,7.45,1,-0.7297058571852245,-0.45589294832950916
Not Placed,0,CSE,8.52,1,-0.6571095984529711,0.0455885022575248
Not Placed,0,CSE,8.34,0,-2.2101097583288682,1.0388297418474672
Placed,1,CSE,8.54,1,0.6240389432219378,-0.03829260722893515
Placed,1,ECE,7.69,2,-0.34744753129918154,1.659758822796584
Placed,1,CSE,7.82,1,-0.383900995551702,0.13075440429241655
Placed,1,CSE,7.48,3,2.6422313480387714,-2.5172865652514123
Not Placed,0,CSE,7.65,1,-0.7391875437551478,-0.16608138211452145
Placed,1,ECE,7.12,2,0.9690926266475736,0.5657898709103976
Placed,1,ECE,7.64,3,1.452943593032662,-1.6688346316310585
Placed,1,ENTC,7.56,2,0.697862340726285,0.011670379258152761
Not Placed,0,Mechanical,7.31,0,-1.49003914752889,0.5552670137039384
Placed,1,ENTC,8.37,3,2.747598832338716,0.9646847439049466
Not Placed,0,IT,6.5,2,-0.5585690914242422,0.7861529966479104
Not Placed,0,ENTC,7.99,1,-0.012541049833775858,-0.2303536978334078
Not Placed,0,CSE,6.92,0,-3.6970103523639986,-1.8175919046709261
Not Placed,0,ECE,6.98,0,-1.2539954588691418,-0.06314943414477706
Placed,1,Civil,7.05,1,1.0861228285582423,-1.5103366695979992
Placed,1,CSE,8.1,1,0.05736383839571411,0.351110660100173
Not Placed,0,CSE,5.78,0,-1.8878662582120938,-1.0787217100207178
Not Placed,0,IT,7.84,2,-0.9096636366950743,0.4636753174000783
Not Placed,0,Civil,7.74,1,0.46698767282804265,-1.3935227654783913
Not Placed,0,CSE,6.88,0,-3.1748236010699626,0.11372683327686217
Not Placed,0,ENTC,7.85,0,-1.3747433620978697,0.36781149520118356
Not Placed,0,IT,6.67,0,-3.154519093394284,-1.7012747641383639
Not Placed,0,IT,7.66,0,-2.729479350127458,0.6015594950266688
Not Placed,0,IT,6.64,1,-1.204688993262618,-2.734031950067321
Placed,1,ENTC,9.44,3,3.8882689675979276,0.9921672075948097
Placed,1,IT,8.43,3,1.7864911204330636,1.4132077366818399
Not Placed,0,Mechanical,7.91,1,0.9875087754582182,-1.5773361037515918
Not Placed,0,ECE,6.89,0,-3.392752991626561,0.8745757909009245
Not Placed,0,Mechanical,7.47,1,-1.1703815508354483,-1.9973908547486947
Placed,1,CSE,7.5,1,1.1966881808082575,-2.0400772171423918
Not Placed,0,CSE,7.91,2,-0.8704894910045975,0.5284042045063461
Placed,1,IT,8.04,3,1.354081480480478,0.01829825619132274
Not Placed,0,CSE,7.89,1,-0.18610644043577057,-1.0306950054040098
Not Placed,0,ECE,7.99,1,-0.6682267145040309,-0.3359328767544777
Not Placed,0,IT,7.56,0,-2.267311881584223,0.16037175179213067
Not Placed,0,Civil,7.99,2,-0.846494346866251,0.36860324044134096
Not Placed,0,IT,7.16,1,1.4326825645436951,-2.9527046484891857
Not Placed,0,CSE,6.8,0,-2.765425574768491,-1.6234685214509994
Placed,1,ECE,9.27,3,4.450495357544285,-1.4331706120577588
Not Placed,0,CSE,8.05,2,0.5137044879432865,0.6140177335898301
Placed,1,CSE,9.24,3,4.822863972082014,-0.2888950215711401
Not Placed,0,Civil,7.47,0,-1.5875778343124423,-0.7178647878249474
Not Placed,0,IT,9.75,2,-1.5921462938274054,2.019183810128397
Not Placed,0,CSE,7.77,0,-1.5082837698994986,-0.12858129391275191
Not Placed,0,IT,8.67,2,-0.5132070852440643,1.5487691557102325
Not Placed,0,IT,7.73,2,-0.950135191412837,0.5606644406338358
Not Placed,0,CSE,7.84,2,-1.117363173691816,1.2060819233765472
Not Placed,0,ENTC,7.6,2,-1.1384240617486043,2.2654817242628575
Not Placed,0,CSE,7.28,1,1.0289704573312166,-1.5165867063165828
Placed,1,CSE,8.53,3,5.387379031060897,-0.01459360549533079
Placed,1,IT,7.69,2,1.3052310066884818,1.738451873474333
Placed,1,Civil,8.41,3,1.5190994768418997,0.7337807034239
Not Placed,0,IT,8.47,0,-2.263794271626584,1.079520050038992
Placed,1,CSE,8.9,3,4.341868340017731,-0.8539931007708694
Placed,1,IT,8.06,3,3.273613028624935,0.384235307279435
Not Placed,0,IT,6.42,0,-2.439264906157735,-0.9313163167757483
Not Placed,0,IT,7.43,2,0.5230051738056682,0.3443024793125864
Placed,1,IT,7.68,2,-0.028112193346646448,0.9610114383290644
Not Placed,0,CSE,7.71,0,-1.8334038854788526,1.0669385656883876
Placed,1,CSE,8.82,2,1.1644107992482058,1.0850597587790636
Placed,1,ENTC,8.67,3,3.2275377208850307,1.3158671911814723
Not Placed,0,IT,7.58,1,-0.4035298532063169,-1.1830295982587034
Placed,1,CSE,9.77,3,1.4942440475127206,-0.1002108810346884
Not Placed,0,CSE,7.4,1,0.7255590981748226,-1.5126178861038027
Not Placed,0,CSE,7.47,1,-1.4255713147207028,-0.9576487805605606
Not Placed,0,IT,6.77,1,0.3955513663437591,-1.9629582364503333
Not Placed,0,IT,6.37,0,-3.0743359481954973,0.2211848387956722
Not Placed,0,IT,6.7,0,-1.4194016520445893,0.19739251915334388
Not Placed,0,CSE,8.56,3,1.7440351286967333,-1.8084368114699294
Placed,1,IT,8.33,2,1.3098804027122022,1.4810600941263228
Not Placed,0,CSE,6.95,0,-1.7785561062887427,0.33272295465205315
Not Placed,0,CSE,7.78,0,-1.5182487607361417,1.0835540981908969
Not Placed,0,CSE,8.39,1,0.4759498411855196,-1.283925537402096
Not Placed,0,IT,5.97,1,-0.3739716411043049,-1.2050515268152764
Placed,1,CSE,9.21,3,2.54853002398765,-0.24933595062184244
Not Placed,0,CSE,8.59,2,-0.3016983321546855,2.263715870349264
Not Placed,0,Civil,8.39,2,0.28993778657432134,1.045222484483285
Placed,1,IT,8.72,2,1.3032065262266945,4.037605273740631
Not Placed,0,IT,5.96,1,-0.8747136627292394,-2.68375300075237
Not Placed,0,ENTC,7.51,1,-0.9678514108633032,-1.1394241313915219
Not Placed,0,CSE,8.77,1,0.5184466484119754,-0.24667960720889007
Placed,1,IT,7.69,2,1.150092970268314,0.460983225969868
Placed,1,Mechanical,8.33,3,1.9225500830339035,0.29486776372844725
Not Placed,0,CSE,8.93,2,0.9956384126428028,0.057524909172914696
Not Placed,0,ECE,8.3,1,1.5721906081777561,0.16582816219023777
Placed,1,IT,7.48,2,0.7953657777162464,1.6457286445308423
Placed,1,CSE,8.19,3,2.686232492843116,-1.9029236641911567
Not Placed,0,CSE,6.28,2,-0.901319870988368,0.7692635880837412
Not Placed,0,ENTC,8.12,1,0.2807652353788706,-2.2021755784416515
Not Placed,0,CSE,8.34,1,-0.23496403287556203,0.08600503950830268
Placed,1,CSE,7.83,2,-0.619617842202043,1.7132903178336045
Placed,1,Civil,8.69,3,1.5645233885849064,-0.5064401839911633
Not Placed,0,Civil,7.94,2,-0.7935624552386007,0.7609520327998539
Not Placed,0,IT,7.82,1,-0.2940254696297042,-0.12477536261926712
Placed,1,CSE,9.26,2,1.4348261893853442,1.0877533391998
Not Placed,0,ECE,6.89,1,-0.2170188372252338,-0.7251834831269572
Not Placed,0,ENTC,8.88,0,-2.226146629821134,1.0033357686232862
Placed,1,Mechanical,8.82,3,3.0891174588219172,-0.110436296991563
Not Placed,0,ECE,8.42,0,-2.1459990289010813,0.14394085830722939
Placed,1,ECE,7.36,3,3.681080163538313,-0.13160287662445708
Not Placed,0,IT,7.99,2,0.41142551242233133,0.5606890702766423
Not Placed,0,CSE,7.02,1,-0.23835643467530454,-0.6410306808171472
Not Placed,0,ECE,7.22,1,-0.19773420454635995,-0.044537006506415164
Not Placed,0,ECE,7.81,2,0.4604731498823118,-0.12416995888410923
Not Placed,0,ECE,6.95,0,-2.9587321595850993,-0.6508899876683991
Not Placed,0,CSE,7.5,2,1.1106396869255093,0.6899537026715544
Not Placed,0,CSE,6.76,0,-1.4232253605885148,-0.9356147903179034
Placed,1,Civil,8.25,3,2.2484696183950965,-0.02055644080833846
Placed,1,CSE,9.09,3,4.811498227240003,1.218811704914051
Placed,1,ENTC,9.57,2,0.550547713367847,3.4889494038792823
Not Placed,0,ECE,6.82,1,-0.5435050241396427,-0.45305233226793196
Placed,1,CSE,6.97,2,-1.2310484721283983,3.2576260321098762
Placed,1,CSE,7.66,1,0.19683499521108191,-2.4471627316116957
Placed,1,CSE,8.4,1,1.449951212183388,-0.8631314387135554
Not Placed,0,ENTC,7.62,1,-1.1299169150383226,-1.3232420548724577
Placed,1,IT,8.62,3,3.682930580561569,0.6131979391788421
Not Placed,0,Mechanical,8.25,3,1.4887935195723776,0.5105317984467236
Not Placed,0,ENTC,6.29,0,-3.7438414144564716,-0.17237010428149266
Not Placed,0,CSE,7.84,1,0.6669115247591427,-1.1086254422560575
Not Placed,0,IT,6.74,0,-1.7236670968088756,0.646928633664959
Placed,1,IT,7.32,1,-0.6370803931497218,-1.4169640447216858
Placed,1,IT,7.45,3,2.095575128608534,-0.5153953342698794
Placed,1,IT,8.43,3,2.681404352113477,1.8793848306650487
Not Placed,0,IT,7.77,2,0.20566214807839245,1.7351812009454963
Placed,1,Civil,7.4,3,3.6121145781416253,-0.17636423214797897
Placed,1,ECE,9.58,3,2.5619211501663335,0.822960814003186
Not Placed,0,ENTC,7.04,0,-1.2298563011504886,-0.8283605356698165
Not Placed,0,CSE,8.04,2,-1.3976986520521626,3.1619457300287355
Not Placed,0,ECE,8.36,1,0.2660069375276676,-2.4070769789793025
Placed,1,Mechanical,7.94,3,1.8595477274812946,-0.7299904721212316
Not Placed,0,CSE,7.03,1,0.5714063531090037,-1.9114717121239515
Not Placed,0,ECE,6.99,0,-2.160087499544537,1.6703038682218774
Placed,1,Mechanical,8.32,3,2.5449122989447357,1.4423157467665304
Placed,1,Civil,8.68,1,1.6837730376506874,-1.4389566539522238
Not Placed,0,CSE,7.75,2,0.4613876625903338,0.5545166157312019
Not Placed,0,Mechanical,6.67,1,0.04366025972137419,-3.5053726289208984
Placed,1,CSE,7.8,1,-0.9719817745101039,-0.5746143964702634
Placed,1,CSE,9.08,3,4.499330896365068,-0.3262236462199562
Not Placed,0,CSE,6.94,1,-0.9394771219657021,-1.8716881490051733
Not Placed,0,CSE,7.52,1,0.09074928335371751,-0.4027876332340833
Placed,1,CSE,7.84,2,-0.04620624024763481,0.9839631763215937
Not Placed,0,IT,8.72,2,-0.9439279634972354,2.122361073822641
Not Placed,0,IT,7.34,0,-1.4584490084902493,-1.4412180422262073
Not Placed,0,ENTC,8.21,1,0.582331831201125,-1.0562177524781284
Placed,1,Mechanical,8.98,2,1.3592599915606203,2.489726083409127
Not Placed,0,Mechanical,6.53,0,-2.117388081627816,-0.6951218816348288
Not Placed,0,CSE,6.68,0,-1.0641469722574697,-1.11681241763738
Not Placed,0,Civil,7.71,0,-2.8605852487690884,-0.580512173086587
Placed,1,CSE,8.63,2,0.5968370197070954,1.0855788451433062
Placed,1,CSE,8.08,1,1.2899261554234747,-1.0866376988875415
Not Placed,0,CSE,8.7,1,-0.29545972002187776,-0.08652235259123342
Not Placed,0,CSE,6.35,1,-0.11971632898372146,-1.646531101724618
Not Placed,0,ECE,8.09,2,0.9047289539003042,1.1011730958409698
Not Placed,0,CSE,5.37,0,-4.538457974130516,-1.4973372205303925
Placed,1,Civil,8.92,2,0.28275131023745037,0.5979874235424061
Placed,1,IT,8.8,2,1.068858468315084,1.3661131759121685
Not Placed,0,IT,7.51,0,-1.9718800908892224,-0.7888977478801972
Not Placed,0,CSE,5.83,1,-1.1015430875701964,-3.8098304723433496
Placed,1,IT,7.62,3,1.4176185994192312,-0.7382971028059927
Placed,1,Civil,8.74,2,1.2268038876287706,1.2885880503561724
Not Placed,0,CSE,8.15,2,0.2179614417449044,0.3677053249640115
Placed,1,CSE,9.37,2,1.3682940457289572,1.6022342987780513
Not Placed,0,ECE,7.54,1,-1.2158440906477446,-1.3170242011523834
Not Placed,0,CSE,9.52,1,1.31222514663809,0.4023465376677393
Not Placed,0,IT,6.07,1,-0.3144869738155964,-0.08720033255101729
Not Placed,0,CSE,7.15,0,-3.5408818681745444,0.6087380099648689
Placed,1,CSE,6.69,1,0.5931589519889746,-0.609995729791182
Not Placed,0,ECE,8.42,0,-2.1655919294270314,0.6408767107363215
Not Placed,0,ENTC,6.76,2,0.37923201411708785,0.7818722419180818
Placed,1,CSE,8.65,3,2.754408062532258,-0.7777770566721366
Not Placed,0,ECE,8.38,2,-0.8355012596591465,1.1844596544053563
Placed,1,ECE,7.95,2,-0.46755196702171087,1.4365514407119926
Not Placed,0,CSE,7.7,1,1.6801111295530413,-1.8535752836189447
Not Placed,0,CSE,6.9,1,-1.0044160104772861,-1.1326674606001867
Placed,1,CSE,8.3,2,-0.27082844504348963,1.7422355504041211
Not Placed,0,CSE,7.36,0,-2.6808071342806685,-0.916692674955427
Placed,1,CSE,8.44,3,3.5003393703591312,-0.2732403115929953
Not Placed,0,CSE,9.06,2,-0.009247088843874644,0.6434380368156685
Not Placed,0,CSE,7.52,1,0.36570450467384386,-0.7254041881671711
Placed,1,ENTC,8.91,3,2.900956833874863,1.6511254547955398
Placed,1,CSE,7.95,1,1.526254682608302,-1.3674774186767884
Placed,1,Civil,8.29,3,2.287741889692543,-0.2196508256012228
Not Placed,0,IT,6.66,0,-4.06613354187384,-0.052431680550613584
Not Placed,0,CSE,7.2,1,0.4154132138632608,-2.5629081365346393
Placed,1,ECE,7.19,2,0.6146489062286429,1.5397380435079897
Not Placed,0,CSE,8.93,2,-0.09353814377930658,1.8389588984110554
Placed,1,Civil,7.49,3,1.2214247314723163,0.27523658964592207
Not Placed,0,CSE,8.32,0,-1.0345936803152047,-0.016123385723962172
Placed,1,CSE,7.72,2,0.8465213895941983,0.18412717992097635
Not Placed,0,ECE,7.48,0,-1.6242446779060609,0.40564626700479584
Not Placed,0,ECE,6.54,1,0.5196812933734901,-0.883844007036408
Not Placed,0,ENTC,6.16,0,-1.0912682416328885,-0.1710930455184407
Not Placed,0,ENTC,7.5,0,-2.421314953477971,0.31107912267508986
Not Placed,0,IT,7.55,0,-1.9445637275242291,1.9390604092791104
Not Placed,0,ENTC,7.04,0,-1.7802976201633658,-1.4160486407923405
Not Placed,0,ECE,7.91,1,-0.7545451683586054,-0.569852239341969
Placed,1,ECE,9.46,3,3.624722292335758,0.9054625422303023
Placed,1,CSE,9.06,2,1.3342485899716574,2.4681862686656073
Placed,1,Mechanical,7.77,1,-0.9194762348453067,0.4489312361512627
Placed,1,ENTC,7.8,3,2.7732952393266896,2.341253168020548
Not Placed,0,CSE,8.3,0,-2.537495252944356,1.9656251797219924
Not Placed,0,CSE,7.96,2,-0.9433764163036796,2.6517323418757157
Not Placed,0,ECE,8.3,2,-0.8789944464264515,1.737974953696617
Not Placed,0,Mechanical,7.99,0,-2.963401015465498,0.45643598882203906
Placed,1,CSE,7.83,1,0.5396488116173691,-0.8010676903488939
Not Placed,0,Mechanical,7.2,0,-1.3876552651480656,1.0637805826170812
Not Placed,0,CSE,8.05,2,0.7369395202621787,0.25239199483486724
Not Placed,0,CSE,5.82,1,-1.4745315815707571,-2.6447215242573323
Not Placed,0,ECE,7.97,3,1.8372782935761307,-0.6205873967941796
Not Placed,0,IT,5.98,1,-0.560256050104777,-1.3624774033664004
Placed,1,IT,7.97,0,-2.0218895907861922,1.4730991179254596
Not Placed,0,ECE,6.91,0,-2.12704703251913,-0.9303184255490621
Not Placed,0,CSE,8.83,2,-1.308842171467274,1.7566564353720515
Not Placed,0,IT,7.82,0,-1.592052790351153,0.4524504763139584
Placed,1,IT,7.74,3,3.069288853993746,-1.1763412912234943
Not Placed,0,CSE,8.09,3,1.4443631702764468,-0.4195939952184934
Not Placed,0,CSE,7.01,1,0.2783111742343581,-1.419334385673295
Not Placed,0,CSE,8.69,2,-1.2408259038447211,0.9211737049850078
Not Placed,0,Civil,8.33,2,-0.38253691139323426,0.5841603592874498
Not Placed,0,ECE,7.27,2,0.2159162583956933,0.16591119925619893
Not Placed,0,ECE,6.84,0,-3.447225179650939,-1.312103968948224
Not Placed,0,IT,7.38,2,-0.03439319957648958,0.2914762383869548
Placed,1,IT,7.61,1,0.6798337208891019,-0.14742578680070217
Not Placed,0,Mechanical,6.78,1,-1.11147715356272,-2.560715479963191
Placed,1,ECE,7.31,1,-0.2570134483569597,-0.21061109482949217
Not Placed,0,ENTC,7.2,1,-1.020493492741507,-0.32439090892575373
Placed,1,CSE,7.53,2,0.108568799525408,1.093060192413977
Placed,1,CSE,7.53,2,-0.4390690706995553,2.7493375897390675
Not Placed,0,CSE,8.11,3,1.7224513136066448,-1.4368342538770582
Placed,1,IT,7.73,2,-1.3773857252618957,1.7884399043380048
Placed,1,ENTC,8.04,3,3.237601926172295,0.3596593169652214
Not Placed,0,CSE,7.91,2,-2.2677764445657584,2.595146694354707
Not Placed,0,CSE,7.53,1,0.05998156513498615,0.47506932916071415
Placed,1,IT,8.28,1,0.5727170897949623,-0.9777404637956981
Not Placed,0,ECE,5.37,0,-3.7757193812062653,-1.1855849376896044
Not Placed,0,ENTC,7.4,0,-2.6826921748922907,0.31076434718139145
Placed,1,CSE,7.21,2,-0.3863855099780193,2.492352103651096
Not Placed,0,Civil,7.8,2,-0.20044314918224448,0.605213900225694
Not Placed,0,CSE,7.16,1,0.5440186186165284,-0.29181442706798805
Not Placed,0,Mechanical,8.17,2,0.8367796726243725,0.8019066505394083
Not Placed,0,ECE,8.32,2,0.7969392607128181,1.5721435193337268
Not Placed,0,Mechanical,6.52,0,-1.8380171982010554,-1.5306645015434954
Placed,1,ENTC,7.89,3,1.7457214305297277,0.02310919001277356
Not Placed,0,CSE,6.61,0,-1.8913103124238195,-0.905956571886344
Placed,1,CSE,8.11,1,1.013103272184265,-0.3203253896297718
Not Placed,0,ENTC,7.3,0,-2.9226825155918448,0.09137966931595794
Not Placed,0,ENTC,7.02,0,-4.332628060100389,0.005032953987348056
Not Placed,0,ECE,6.25,0,-2.1792757895529102,-0.5815376423825126
Placed,1,ECE,7.62,3,4.352849930929272,-0.9482528298307711
Not Placed,0,CSE,6.72,1,-0.23349042431996692,-0.514124115321117
Not Placed,0,IT,6.44,2,0.8165981679939619,0.4366012040144721
Placed,1,IT,7.86,3,1.7063065880802983,-0.08887917581165178
Placed,1,ECE,8.52,1,0.10807010076265508,-0.26576037217619064
Placed,1,ECE,8.04,3,2.7236805819612937,-1.1374838242475622
Not Placed,0,ECE,6.48,1,-0.6919268139970441,-1.7028588210824411
Not Placed,0,CSE,7.58,1,0.6663963710356611,-0.6135342689125577
Not Placed,0,CSE,8.28,2,0.6570671796330153,0.26513865976070705
Not Placed,0,CSE,7.58,1,0.4024709724946038,-1.1699686963775928
Placed,1,IT,7.98,3,2.481839108033627,1.1600246750236758
Not Placed,0,IT,7.33,2,0.03374225849977497,0.9732127609141458
Placed,1,ECE,7.37,1,0.7455852861436906,-0.8239812237300462
Not Placed,0,ENTC,7.14,0,-1.267563977788006,-0.3697684368416668
Placed,1,Mechanical,8.22,2,0.698204682868802,0.8642833777610905
Not Placed,0,IT,8.27,1,1.2381136088008744,-1.703366921516654
Placed,1,ENTC,7.23,2,0.17614260530083486,0.1601146845841427
Placed,1,ECE,8.34,2,1.2009801737705552,0.6347784425297478
Not Placed,0,CSE,6.49,1,0.8274701384282744,-1.9329459816350485
Placed,1,ECE,7.55,3,1.764836207779352,0.7568705640915963
Not Placed,0,Civil,6.55,2,-1.3116608306556288,1.6346014741541834
Not Placed,0,CSE,6.74,1,-0.5096357803045578,-0.23997083959780988
Not Placed,0,ECE,6.54,0,-1.5514356674828802,-0.09287360573775467
Placed,1,CSE,7.14,0,-1.2680614297361432,0.08187722053066308
Not Placed,0,IT,8.23,2,0.660015146410587,0.5410819109505275
Not Placed,0,IT,7.63,2,-0.303609577076623,0.9708003387155825
Placed,1,IT,7.2,2,-0.6953773766226794,-0.20616280572410275
Not Placed,0,ECE,7.55,0,-1.4923773916938199,0.16459003671586325
Not Placed,0,IT,5.95,1,-0.3148594990542442,-0.5363333178066418
Placed,1,ECE,8.19,2,0.979241604445598,0.6692002513933069
Not Placed,0,Mechanical,5.79,0,-4.057552642076224,-0.42559394053486105
Not Placed,0,ENTC,7.1,1,-0.7686045118641661,-1.1857267209751934
Placed,1,CSE,7.63,2,0.5305857935914776,0.4986822506472983
Placed,1,IT,8.08,3,1.4128845587663426,-0.03973183052004356
Placed,1,CSE,7.9,3,3.1955880789760815,0.4774850977871262
Placed,1,IT,7.66,3,3.0961590542458155,-0.8287085749603617
Placed,1,CSE,8.94,3,3.071022516218001,2.2066127229046195
Placed,1,CSE,9.41,2,2.246075698488656,3.293028915317979
Not Placed,0,ECE,7.71,2,1.4119200213029444,1.583763639620909
Placed,1,IT,7.61,2,0.203607340098309,1.8793975753326968
Not Placed,0,CSE,7.56,2,-0.8343678172266487,0.9779621065446686
Placed,1,Mechanical,7.18,0,-0.8752463526618413,-0.26333768128897034
Not Placed,0,Civil,8.02,0,-2.122307148345749,-0.46416671347820065
Placed,1,ECE,8.78,3,2.294876345625122,-0.005454358961803141
Not Placed,0,CSE,5.58,0,-2.4051865595049042,-1.7164787011631848
Placed,1,ECE,7.56,3,2.519106527288826,0.12551683585203355
Placed,1,IT,8.97,2,0.6250442577353986,1.8297688002715518
Placed,1,Mechanical,8.03,3,2.6606067109366864,-2.3369247164391616
Placed,1,IT,8.05,3,1.5450809273969752,0.22876323979912633
Not Placed,0,ECE,6.34,0,-3.479496245928654,-1.3259756024753733
Not Placed,0,CSE,8.3,2,-0.1685256030833963,0.9426607066875744
Placed,1,ECE,8.56,2,1.2356392764982433,1.5881703567540202
Not Placed,0,ENTC,7.87,1,0.3765681886523513,-0.9412905190370066
Not Placed,0,ENTC,7.14,2,-0.04082952006742002,-0.1353079262387665
Placed,1,CSE,8.08,2,-0.2725524856417827,1.1158806954089844
Not Placed,0,ECE,6.82,3,2.437469575663139,-3.6099798459265933
Not Placed,0,ECE,6.71,0,-2.9443024780491087,-0.36169222826990877
Placed,1,ECE,8.38,1,1.0698124141802579,-1.295533530313763
Not Placed,0,CSE,8.63,2,-1.3988662575400415,2.076378029851993
Not Placed,0,CSE,7.07,0,-2.1269367892861375,-0.7880281984637265
Placed,1,ECE,6.71,1,0.1138748675121933,-1.3371369649714118
Not Placed,0,IT,6.95,1,1.159085396768467,-2.5433241294829014
Not Placed,0,ECE,7.87,3,2.3624238540546796,-2.6637918553759685
Not Placed,0,IT,6.71,0,-2.0380012137177506,-2.2859336805296344
Not Placed,0,ECE,8.79,2,-0.6784686403356178,0.42703771129774387
Placed,1,CSE,7.3,3,1.419273714044014,0.3155082274342215
Not Placed,0,ENTC,8.01,1,-0.5866846395117045,-1.5521656021081855
Not Placed,0,IT,7.07,1,1.3042139785732616,-3.458287890571928
Placed,1,CSE,8.2,3,2.3300650801152467,-0.2059344898612448
Placed,1,IT,8.27,3,1.670723851836047,0.02608059884052738
Not Placed,0,Mechanical,6.27,0,-3.19956868774271,-0.8016247968768901
Not Placed,0,IT,7.12,2,-1.4592052995488503,1.8003900087432296
Not Placed,0,CSE,7.57,1,-0.11804901642358814,-0.7669781297988694
Placed,1,IT,7.25,1,0.009454240627925208,-1.7800629522567086
Placed,1,ENTC,8.44,3,4.214094065380978,-0.8750557335263759
Placed,1,CSE,7.19,1,0.20746799523231788,-2.9576397361944324
Placed,1,ECE,8.31,1,1.6767113788463126,-1.122690433503443
Not Placed,0,IT,8.11,3,2.2951736537178964,0.9156136036761449
Not Placed,0,CSE,7.61,2,-0.8560533480816347,0.7736598345966321
Placed,1,IT,8.34,3,3.152585335072433,1.6015294837191598
Not Placed,0,CSE,6.39,0,-2.4573049798959246,-0.0813934309075392
Placed,1,IT,7.65,1,1.2433965336909878,-1.2246657825207865
Placed,1,Civil,7.04,1,1.2967035609530735,-0.9637574560402697
Not Placed,0,CSE,7.61,2,-0.20100216986702107,1.02928542044217
Not Placed,0,ECE,7.3,2,-1.9540571084350025,2.2781524857397937
Placed,1,CSE,7.75,3,3.0487898478217463,-0.08311968072047382
Placed,1,CSE,7.71,3,2.8579358262942107,0.019012642688081456
Not Placed,0,ENTC,7.82,0,-1.5801883761218796,-0.6526399197932379
Placed,1,ENTC,7.85,2,-0.37491365279760297,0.4728407233710631
Not Placed,0,ECE,8.19,3,2.495170161005528,-2.554067803754908
Not Placed,0,ENTC,6.63,0,-2.5392448044286016,0.8240062794102447
Placed,1,IT,8.13,0,-1.6896742741375488,-0.03764295421659286
Not Placed,0,Civil,6.41,0,-2.659402430274322,0.16035310522570087
Not Placed,0,CSE,5.32,0,-3.454185331398138,-2.190227973505674
Not Placed,0,Mechanical,9.38,3,2.071864291249859,-0.5513172728409436
Placed,1,ENTC,6.9,2,0.060448370149411235,0.5438038118465465
Placed,1,CSE,7.32,3,1.9977833935157148,-0.5319589704053705
Not Placed,0,CSE,6.12,0,-2.4215822151915565,-2.958461543905168
Placed,1,Civil,7.31,3,2.296583912643249,-0.9479551373720972
Placed,1,IT,7.88,3,1.6232087673143505,0.26944580591650624
Not Placed,0,CSE,7.91,2,-0.7456483039435343,1.8386182583343198
Not Placed,0,ECE,6.67,0,-1.494544966644624,-0.3728142363592043
Placed,1,CSE,7.32,3,2.926555923349773,0.10262059860389532
Placed,1,CSE,8.01,2,1.2220053307580907,0.7497167106750044
Not Placed,0,ENTC,7.9,2,-0.30354301424597685,1.4313722577219872
Not Placed,0,Mechanical,7.81,1,-0.27963518337774973,-0.0926871653242958
Placed,1,CSE,8.35,1,1.843986777936997,-1.6350664234476537
Placed,1,Civil,7.61,2,-0.5611351002046467,0.13687041059212893
Not Placed,0,IT,8.88,3,3.6621700822768517,-0.6598496743329207
Placed,1,CSE,7.45,2,-0.4000193554307238,0.798904750848673
Not Placed,0,IT,8.29,1,1.520842525295926,-2.7280475181309227
Not Placed,0,CSE,8.32,3,2.6862838257757296,-1.1915368672529307
Not Placed,0,ECE,6.31,0,-2.5732550102163843,-1.0778632557486099
Placed,1,IT,8.07,1,1.1852846726866506,-0.7994198864597496
Not Placed,0,CSE,7.16,0,-2.251584382078224,0.818768613309639
Not Placed,0,ECE,6.84,2,-1.010430786275213,1.355920508415675
Not Placed,0,ECE,7.34,0,-1.3207015783513405,-1.3472885246651567
Placed,1,ECE,7.84,0,-2.4801390506897625,0.983624053260919
Not Placed,0,ECE,6.37,0,-4.271264592954254,-0.9603351609990468
Not Placed,0,Civil,7.72,3,2.3965294336698477,-1.0051821919080461
Not Placed,0,ECE,7.52,1,-0.7521714030975328,-1.0068653616404417
Placed,1,Mechanical,8.58,2,2.094064164314463,2.44632676586592
Not Placed,0,Civil,7.16,2,-0.5862450128931038,-0.10157702582579538
Placed,1,Mechanical,8.71,3,3.369801570748016,1.5060120808005808
Not Placed,0,IT,8.03,2,-1.349221412496495,1.5377271819720517
Placed,1,CSE,7.67,3,1.285066910578538,-0.29207475946102845
Placed,1,CSE,8.78,3,3.224143800743704,-1.160292501928489
Not Placed,0,IT,9.33,2,0.32248263519018244,2.2123468757148452
Not Placed,0,CSE,7.52,0,-1.4430158752544826,0.39872822398638325
Placed,1,IT,7.07,1,0.0920678862533119,-0.6232052638806519
Not Placed,0,ECE,8.06,3,2.333067427020649,0.6155599560325763
Not Placed,0,ENTC,6.49,0,-3.8929630004295186,-0.3465149492034663
Not Placed,0,CSE,6.59,0,-1.6138651036945373,0.07836326066470327
Placed,1,Civil,8.81,3,2.987206604449845,0.9000473490751938
Not Placed,0,ENTC,8.19,3,3.0198534662549434,-1.319318189278207
Not Placed,0,ENTC,6.97,1,-0.7700427468408062,0.003109344099373871
Placed,1,IT,10.0,3,3.9681636242627825,1.5736094163570042
Not Placed,0,Civil,6.53,2,-0.7166149061151056,1.0609302934272005
Not Placed,0,IT,8.23,0,-2.554093388623671,1.526519354594845
Placed,1,ENTC,7.02,2,-1.233242268344969,1.9051165122174916
Placed,1,IT,9.21,3,1.7641608344685715,0.5316582321394824
Placed,1,IT,7.25,3,1.6949493370599158,-2.0788976431177213
Not Placed,0,CSE,7.46,1,-0.1787494957751861,-0.8566764827636043
Not Placed,0,ENTC,6.16,1,-0.24470244772930586,-2.227451199325778
Placed,1,Mechanical,9.47,3,1.9301785602157222,0.35995614884810223
Not Placed,0,ECE,7.17,1,0.24007618413900755,-0.979933125705857
Placed,1,ECE,8.11,2,0.06639224320965695,1.8225447189817872
Not Placed,0,CSE,7.7,2,-1.7886965765412648,1.8108231883731811
Placed,1,Civil,7.23,0,-2.216801838999882,0.08832925491741561
Not Placed,0,CSE,5.81,0,-3.5365419801307016,-1.5820593775283338
Not Placed,0,Mechanical,7.51,1,-0.8211117521586084,-1.1396727216384956
Not Placed,0,ENTC,7.47,0,-2.3547602546171604,-1.4696806604375852
Not Placed,0,CSE,7.97,0,-2.5308245884188763,1.2637502417447266
Placed,1,CSE,9.52,3,3.7879145523195112,0.890533036267271
Placed,1,ECE,8.25,2,-0.5320559538592033,2.075680402485996
Not Placed,0,Civil,8.43,2,0.5405162371846725,1.8349666529011335
Placed,1,ECE,7.44,2,-0.8767295549406516,0.8359756151173154
Placed,1,Mechanical,6.58,1,0.8399047625465001,-2.1022853957391727
Not Placed,0,Civil,7.46,2,-1.5763216838259622,3.037556575213498
Placed,1,CSE,7.08,1,0.9854101206246235,-0.10995177968926152
Not Placed,0,CSE,7.66,2,-0.04081836013695052,0.7242125289549278
Not Placed,0,ECE,7.28,0,-1.2780845962389267,0.39710123057482555
Not Placed,0,IT,6.27,0,-1.931007957631831,-0.36960450548668394
Placed,1,ENTC,8.78,2,0.8246707089569287,0.9149743651101029
Placed,1,CSE,7.58,3,3.1194943187655957,-1.000842986800108
Placed,1,ECE,7.42,3,1.4171753275170116,0.680955506482648
Not Placed,0,CSE,6.76,1,1.2568676152048348,-2.473139921319657
Not Placed,0,ENTC,7.3,1,-0.5563631319385095,-1.3651832275528104
Not Placed,0,CSE,6.97,2,-0.9822795100630742,0.9737540181675606
Not Placed,0,ECE,6.69,0,-0.9756701604061766,0.050886327207395804
Not Placed,0,IT,7.84,0,-2.5630069850929926,0.8170872192533821
Placed,1,ENTC,7.3,1,1.9091154512566506,-2.1687694920454104
Not Placed,0,CSE,8.34,1,-1.2780358801832143,-1.790534643355131
Not Placed,0,CSE,7.39,0,-3.347260612962012,-1.0834255303226612
Not Placed,0,ENTC,7.8,2,-1.0376807193687678,1.6693744024917876
Not Placed,0,CSE,7.77,0,-2.0902570589650757,0.9916420589991055
Not Placed,0,CSE,8.03,2,-0.8639963001213747,0.4888211750373118
Not Placed,0,CSE,6.99,1,-0.8948437684847895,-2.5831433557965915
Not Placed,0,CSE,8.46,0,-2.1017090630628448,1.8553693645478326
Not Placed,0,CSE,6.7,1,-0.3624887113410332,-3.528824552787478
Placed,1,CSE,7.74,2,-0.37803692626047136,1.5963212937438611
Not Placed,0,CSE,6.68,0,-2.496219747737317,-0.4110370938040347
Not Placed,0,CSE,7.6,1,0.2916097172904396,0.19077228069948687
Placed,1,CSE,8.46,2,-0.8754297836329641,1.7082340907212044
Not Placed,0,CSE,8.17,1,0.7592460016627869,-0.5297212578984833
Not Placed,0,ECE,8.6,2,-1.132014403569424,1.9654848076171478
Not Placed,0,ECE,7.44,1,0.8131959823433683,-1.6704467615064553
Placed,1,CSE,8.47,2,-0.11905081231769767,2.156438388121451
Not Placed,0,Mechanical,7.11,0,-1.1784589504241267,-0.5927515330204869
Not Placed,0,CSE,7.31,2,-0.3786682335193789,2.3416635609218317
Not Placed,0,ENTC,7.81,3,1.512782740344997,-0.7991573684369176
Not Placed,0,CSE,8.42,0,-1.6067882196716552,0.39060446526842374
Not Placed,0,CSE,7.23,3,2.316791349245845,-1.8571690958520586
Placed,1,ENTC,8.29,3,1.9924886272334061,-0.7584317247675365
Placed,1,IT,7.9,0,-1.7629167690918133,1.5398862451126638
Not Placed,0,Civil,7.99,0,-3.093700222044918,1.1771635503854843
Not Placed,0,CSE,6.97,0,-1.9123468839151068,-1.406582201708807
Not Placed,0,IT,7.37,1,-0.5746286584634164,-0.1967052128844866
Placed,1,CSE,7.62,2,-0.20619356747838227,1.61670905213404
Placed,1,ECE,7.99,1,-0.3707219981106112,-0.1288057126678728
Not Placed,0,IT,7.01,1,0.2955076553350153,-0.9084084894492369
Placed,1,CSE,6.6,1,-0.15560562380940895,-0.010632213294881013
Not Placed,0,Mechanical,5.89,0,-3.6632907257159784,0.2559293694154275
Not Placed,0,CSE,8.33,2,-0.27048524998559026,1.123634472457064
Placed,1,IT,8.5,1,2.206461910540382,-1.99438770880007
Not Placed,0,IT,5.99,2,-0.9375476674985114,0.1534893013925922
Placed,1,ECE,7.76,2,0.6622603179451089,0.8606257870133421
Not Placed,0,CSE,7.38,0,-2.8965521517060937,-0.04766765071579404
Placed,1,ECE,8.73,3,2.629346451085725,-0.25394824787144893
Not Placed,0,Civil,7.52,1,-1.0655691192097059,-0.32248529407434207
Placed,1,IT,8.16,2,0.5640442321698679,0.7585161360638704
Placed,1,IT,7.34,1,1.2801593190244391,-1.5049035936055892
Placed,1,CSE,7.12,2,-1.4308940910719803,1.6495231918032194
Placed,1,CSE,8.35,3,3.2463415384499226,-0.4574099742675714
Placed,1,IT,8.62,2,1.5348522792559394,1.1188952611426688
Not Placed,0,CSE,6.62,1,-1.2770476650648606,-2.030305203006143
Placed,1,ENTC,8.67,2,1.519344167393002,1.5506589013012226
Not Placed,0,IT,6.87,2,0.829926501300785,0.8545966969119552
Not Placed,0,Mechanical,5.72,0,-4.524713906858084,-0.6880540608597846
Not Placed,0,Mechanical,7.71,2,-1.454709510545832,2.1888297812059823
Not Placed,0,CSE,8.13,2,-1.3058931781341285,1.1465423941805195
Not Placed,0,Mechanical,6.41,0,-2.821641450873571,-0.5530115106838812
Not Placed,0,ECE,6.01,1,-0.28668721531706276,-2.2277399174481216
Not Placed,0,CSE,7.28,0,-3.191321721213661,1.4835684402837042
Not Placed,0,CSE,7.17,1,0.44802094104886664,-0.3299227402896465
Placed,1,IT,8.86,3,1.9034679027883201,1.4620915093422069
Not Placed,0,CSE,7.71,0,-1.583856897659503,0.8764862910155157
Placed,1,ENTC,8.32,3,4.181904005829184,-0.7411887973183724
Not Placed,0,ECE,7.88,2,-1.4132935910103264,1.6130890739621253
Placed,1,CSE,9.03,3,4.169773461519265,0.38375575535373063
Placed,1,ECE,6.94,1,0.5993439744870808,-0.872328944784493
Not Placed,0,Civil,7.63,0,-3.573507112582513,-0.048892685763327115
Not Placed,0,IT,6.37,0,-3.1015695004953847,-0.25847835447758427
Placed,1,CSE,8.39,3,2.3761576139819995,-0.07153247413033602
Placed,1,IT,8.65,3,1.7501783089223046,1.0595326432191428
Placed,1,Civil,8.44,1,1.3590203121346276,-0.8893237321768079
Not Placed,0,CSE,7.59,1,-0.13491624613618464,-1.237547025181898
Not Placed,0,IT,6.43,1,-0.3780506195647236,-1.185761366235158
Not Placed,0,ECE,7.63,0,-2.756976186200823,-0.11478905124424549
Not Placed,0,CSE,7.12,1,0.06864233237357567,-1.0221195287398364
Not Placed,0,IT,8.48,2,0.08871646548017223,0.5746015688736688
Not Placed,0,Mechanical,7.34,2,0.3366255233458646,0.715705355367432
Not Placed,0,ECE,7.32,0,-3.2888227257728184,-0.13151411998439333
Placed,1,IT,9.55,2,0.47550524645147385,1.9675829734288104
Placed,1,Civil,8.38,2,0.40393575840361373,1.869576317317315
Placed,1,IT,8.61,3,1.5416947276315145,-1.0027416724612246
Not Placed,0,IT,7.26,1,-0.5059697891314368,-1.90423716012995
Not Placed,0,CSE,6.76,0,-2.093703049913752,1.1235200825975808
Placed,1,IT,8.61,2,0.7341118579065845,0.9009324800549889
Placed,1,CSE,8.97,2,1.0693546113069796,2.5073232524859663
Not Placed,0,CSE,6.61,0,-2.9638938685386464,-0.19119823336490602
Not Placed,0,IT,7.26,1,-0.5372104212512884,-0.7210313340159101
Not Placed,0,Civil,6.92,0,-2.8522769048862693,-1.0495440440501742
Placed,1,CSE,8.11,2,-1.3653565593224823,0.9986432089189439
Not Placed,0,CSE,8.62,2,-0.06532076587850537,1.8907840205620217
Not Placed,0,CSE,7.39,2,-1.0551204833458492,0.7720020950224195
Not Placed,0,ENTC,7.38,3,1.6337334345267547,-0.7542057904130467
Not Placed,0,IT,6.04,0,-3.1512792417134254,-0.3037118274583298
Not Placed,0,IT,6.89,0,-2.2245280942666232,-0.24141572477758763
Placed,1,Mechanical,8.98,3,1.5157265596051097,-0.050866892300517885
Placed,1,IT,8.12,3,2.6034383422630634,-0.5584375035572
Placed,1,Mechanical,8.49,2,0.5817394648351684,1.3786870887903597
Placed,1,CSE,7.39,3,1.8585882941575598,-0.9601346375848412
Placed,1,ENTC,7.47,2,-1.055088795557801,1.7264587174503367
Placed,1,IT,7.72,3,2.05993815473285,-0.1692239302792357
Placed,1,Civil,7.98,1,0.6812272047641926,-0.03584872497075141
Placed,1,CSE,8.87,3,2.104305452327707,-0.29026188622682086
Not Placed,0,IT,7.13,1,0.3062973373548225,-1.218091523721934
Not Placed,0,ENTC,7.58,1,-0.05044076355405397,-0.2850052974229153
Not Placed,0,IT,7.03,1,-1.1122305583797507,-2.208102744199246
Not Placed,0,CSE,6.03,1,-0.16946464372998338,-1.538028513546942
Not Placed,0,ECE,8.48,2,-1.0739995672259233,1.8532925933586883
Not Placed,0,IT,9.19,2,0.8627512855171862,1.0520374594654067
Placed,1,IT,8.35,3,1.5881347697524453,0.29816815042560285
Not Placed,0,CSE,7.9,0,-2.3503706790722254,1.9128887098981315
Placed,1,CSE,9.28,2,0.31883591353660795,2.7356899709941027
Placed,1,CSE,8.09,3,2.645172267327975,0.7035297670175272
Placed,1,ECE,8.38,2,-0.2708730424836067,1.2484889571200926
Not Placed,0,CSE,7.82,2,-0.0014876709641017587,0.17918119944230837
Placed,1,CSE,7.95,1,0.4301452022033087,-2.14867754053226
Placed,1,CSE,7.59,1,0.15358974698044486,-0.6916708951543955
Placed,1,CSE,8.41,2,-0.23511933373721772,1.0456532524352795
Not Placed,0,IT,6.77,0,-1.655198629142964,0.1566751175688279
Placed,1,ECE,8.06,3,4.082599458843607,0.17858323868413517
Not Placed,0,IT,6.97,0,-2.8408119310949718,0.5780917702560515
Placed,1,ECE,8.13,2,-0.1812077114653532,0.5854479211731405
Placed,1,IT,9.74,2,0.510461365446012,1.8111054798389197
Not Placed,0,IT,8.29,2,1.0294721279865657,0.16567648355333012
Not Placed,0,CSE,8.7,2,-0.6861622177883662,0.47693826788498017
Placed,1,CSE,8.47,3,2.5019604591822047,-2.2218379829488386
Not Placed,0,ECE,5.72,1,0.39435725008848654,-1.6861753321084176
Placed,1,ECE,7.59,1,-0.6651663930914115,-0.6265005728096417
Placed,1,Civil,8.08,2,-0.1575852667855364,2.2907347253260797
Placed,1,CSE,5.92,1,0.7883082769819055,-1.894029469069878
Not Placed,0,IT,7.46,2,-1.2576476430466648,0.8444948929296506
Not Placed,0,Mechanical,7.63,1,-0.8640561844470228,-1.6219629042662136
Not Placed,0,ENTC,6.65,0,-1.1194032491974333,-0.4530798998215429
Not Placed,0,IT,6.88,0,-2.1456121473997034,0.193945091290022
Placed,1,IT,8.84,1,1.4869423813383906,0.14362461779988375
Not Placed,0,CSE,5.0,1,-1.5399108876715721,-3.4948917496147174
Placed,1,CSE,7.93,1,0.758001281311674,-0.15522077498323258
Placed,1,ECE,8.69,3,3.019937547253336,1.666392513658378
Not Placed,0,IT,7.68,1,0.9852696881004799,-1.3692362168981005
Placed,1,Civil,8.9,1,1.110010117329869,-0.5969774807814081
Placed,1,CSE,7.34,1,0.9721290981742116,-0.27683531131380834
Not Placed,0,ENTC,6.93,1,-1.0567320393330697,-2.329867652917414
Placed,1,IT,7.69,2,1.1119465025139674,1.4968424706547312
Placed,1,ECE,7.38,3,3.462316177713343,-1.191078493686002
Not Placed,0,Mechanical,7.21,0,-1.4748260585065351,-0.2560992076535327
Not Placed,0,IT,7.55,2,-0.5154241338311677,1.6718712441688994
Not Placed,0,CSE,7.03,3,1.3820683295817795,-1.334640861475172
Not Placed,0,CSE,6.99,1,-0.6969086481932609,-0.32593723387653106
Not Placed,0,CSE,6.75,0,-2.6241974180038303,-0.39110077986149794
Placed,1,ENTC,8.05,1,0.19523582223526464,0.3057573496162036
Not Placed,0,ECE,6.85,0,-1.8104533977664445,-1.7766620005387923
Not Placed,0,ENTC,6.64,1,-0.7988228758918106,-1.7901269853919486
Not Placed,0,IT,6.79,1,-1.1772214730102029,-1.4140851945532211
Not Placed,0,ENTC,7.87,1,-0.2820078228858809,-0.22782116439193756
Placed,1,ECE,8.27,3,2.536881953279637,0.5682783773483141
Not Placed,0,IT,8.34,1,-1.1602899105324849,-1.029686399365045
Not Placed,0,Mechanical,7.88,3,1.6375791560837547,-1.0300537507836713
Placed,1,IT,8.16,1,0.8322380484747365,-0.39582576327972513
Not Placed,0,IT,7.65,0,-2.0167612571946125,0.9928300933678399
Placed,1,ENTC,8.09,3,1.4468783136378054,0.022318269074435848
Placed,1,IT,8.07,3,2.236841920046724,-0.008352563425815676
Not Placed,0,IT,7.08,2,0.0361286452601176,0.22608921728943254
Not Placed,0,IT,6.79,0,-3.49485940426342,-0.02893965943081991
Not Placed,0,Mechanical,8.85,1,0.08813979329073139,-1.1642333070875908
Not Placed,0,IT,7.81,2,-0.7638438394711237,0.7057122450207466
Placed,1,CSE,8.59,2,0.5326414598914386,0.30559541318150474
Not Placed,0,IT,6.77,2,0.018059415771822313,-0.12878575141928233
Not Placed,0,CSE,7.36,1,-1.2660502596606424,-1.71371570665798
Not Placed,0,CSE,6.53,1,-0.1260431238448062,-0.15535040940259892
Placed,1,Mechanical,8.25,2,0.8579376212391343,0.5068662867350774
Not Placed,0,ENTC,7.18,1,-0.7238895283497584,-1.8015950507728522
Not Placed,0,Mechanical,7.23,2,-1.0173098292235856,1.4303496555368196
Placed,1,ECE,9.36,3,3.699767339605976,0.30139909461334624
Placed,1,CSE,8.27,3,2.6734406855058674,0.4862365150038685
Placed,1,IT,8.26,2,1.4109580475652324,1.5942429903073534
Not Placed,0,CSE,6.68,0,-1.91323705285729,-1.0788189210928323
Not Placed,0,CSE,6.12,0,-2.25894112293305,-0.28930579284514113
Placed,1,ECE,8.53,3,1.91648643417262,1.5797473570858234
Not Placed,0,IT,5.8,0,-1.3599857598195486,-1.313471621915669
Not Placed,0,ECE,7.27,2,-0.12387982165158254,-0.05755634836443903
Not Placed,0,CSE,7.01,0,-1.904561312828602,-0.06113342788117493
Not Placed,0,CSE,6.91,2,0.5878243259972017,0.42430485572706067
Not Placed,0,Civil,7.33,1,0.5414435782565946,-1.1596703573276566
Not Placed,0,IT,6.8,2,-0.6172794825064979,0.11667803565589527
Not Placed,0,IT,6.67,2,0.07789592841337796,0.9525023318917936
Placed,1,IT,7.92,1,1.1609923364803216,-0.3399298191188335
Not Placed,0,CSE,8.61,1,-0.16709786804306379,-2.050194321210436
Not Placed,0,CSE,6.22,0,-2.845448136166617,-0.33393229588958795
Not Placed,0,Civil,7.87,2,-0.5711242144775802,1.8000264129863268
Placed,1,Mechanical,8.16,2,0.2756440857455958,1.1123130837157051
Not Placed,0,ECE,8.08,1,0.23860738861547423,-0.62825216051619
Not Placed,0,ECE,7.51,0,-1.3190670819312391,-1.5011870762270407
Not Placed,0,CSE,7.19,2,-0.8027064942379283,0.6153081623046595
Placed,1,Mechanical,8.34,3,1.5082740394068497,0.2494156716837726
Placed,1,CSE,7.99,0,-1.8384964922360238,1.1331157529002438
Not Placed,0,IT,6.09,0,-3.0514178084040617,-0.8014679124527342
Not Placed,0,Civil,7.51,0,-1.6411086979614011,-0.2410447380637028
Not Placed,0,CSE,7.75,1,1.4754768643372456,-1.2172938855432942
Not Placed,0,IT,6.77,0,-1.534305699366452,-0.262188328121511
Not Placed,0,ENTC,7.49,1,-0.3669953031780162,-1.0503084185915363
Placed,1,CSE,8.12,2,-0.03666784737595434,2.471485662508759
Not Placed,0,IT,7.0,0,-0.903405325717265,0.19656477753888774
Not Placed,0,CSE,7.9,0,-2.8280678484971546,2.09774239598261
Not Placed,0,CSE,6.86,0,-2.265438360659014,-0.987215882369519
Not Placed,0,CSE,6.65,0,-1.4206340662984123,-0.09387126486177327
Placed,1,IT,8.22,2,-1.1824104015884316,1.804762405562346
Placed,1,CSE,8.7,2,0.8386518905040266,0.7332512700605477
Not Placed,0,CSE,6.69,0,-2.3993974071567106,-0.43595773953912237
Placed,1,CSE,8.51,1,1.390538598361742,-0.517565651524412
Placed,1,CSE,7.69,3,1.492127787101211,0.8101268266104926
Not Placed,0,IT,5.82,3,1.739420333997397,-2.8026360991314796
Not Placed,0,CSE,6.48,0,-2.2952484822284167,-0.17949232142992558
Not Placed,0,CSE,8.22,2,0.28967727572298846,0.4690452197118413
Not Placed,0,CSE,6.32,0,-2.2285214107049947,-1.4980105349999822
Not Placed,0,ENTC,7.17,0,-1.9481259072876174,-0.21620059149843868
Not Placed,0,IT,7.63,1,-0.0971945912028099,-0.893101542965795
Placed,1,IT,8.08,1,1.4645269942506907,-1.3882403533068262
Placed,1,IT,7.86,1,0.3849571893592071,0.032667266011866404
Placed,1,ECE,9.03,3,3.780535673722149,-0.16468238654569706
Not Placed,0,CSE,7.01,0,-1.9072257758754068,0.6686788223173308
Not Placed,0,ECE,7.78,1,-0.4680658838536595,-1.1504330473313662
Not Placed,0,ECE,8.08,0,-2.380744628513185,1.2124254198865496
Not Placed,0,IT,8.31,0,-2.602781293993959,-0.6108099532427889
Placed,1,CSE,8.59,3,3.9113092224865262,0.1396550186829351
Not Placed,0,Civil,7.33,1,-0.04967833086811956,-0.5565893154872209
Placed,1,CSE,8.25,3,2.844182084375574,1.8640507449135988
Not Placed,0,CSE,6.91,1,0.12856270906022724,-0.5839171880382785
Placed,1,CSE,7.63,1,-0.1014511733549645,-0.7277359061050158
Placed,1,CSE,8.13,3,2.9173099151178987,-1.3214633928691828
Placed,1,ENTC,8.53,2,0.20502133600794964,0.9502567173630565
Not Placed,0,IT,8.18,0,-2.3179846631881764,1.0514620732699593
Not Placed,0,CSE,7.78,1,-1.0595529377791792,-0.670269594965815
Placed,1,ECE,7.63,3,1.9137785599168677,-1.1778377628470027
Placed,1,Mechanical,8.17,0,-1.923582031539021,-0.7435632667741757
Not Placed,0,IT,9.56,2,0.67017120806967,0.7156115645263962
Not Placed,0,ECE,8.43,3,2.3676673615362405,-0.6382904158857423
Placed,1,IT,8.02,2,1.1420163954644613,0.4324294029592489
Not Placed,0,ECE,6.54,0,-2.0180931360936323,-1.099476970409705
Placed,1,CSE,6.98,0,-2.112075462169649,-1.1152270391571528
Not Placed,0,CSE,7.42,2,-0.40497170093060647,0.036009372481200605
Not Placed,0,Civil,8.47,1,0.5905202210189682,-0.48316960065618203
Not Placed,0,ECE,6.9,1,-0.23764473863567354,-1.3872664435644295
Placed,1,IT,8.25,2,0.3139040889457805,0.6873406642422817
Placed,1,Civil,7.8,3,1.8013962743697312,0.5900066370128167
Placed,1,CSE,8.0,2,1.2966172464372754,1.6597018338831924
Not Placed,0,ECE,7.52,0,-0.9729561062236969,-0.2942701212140665
Placed,1,ECE,7.19,0,-0.9339764485676071,0.46953648755308247
Not Placed,0,ENTC,6.87,0,-2.106648041285081,-0.21528658843656756
Placed,1,CSE,8.22,3,3.2841829721912212,0.3430741513434737
Not Placed,0,ECE,7.63,1,-1.1660773931384711,-1.3300713285610222
Placed,1,ECE,6.78,0,-3.327408777114985,0.33744634777523763
Not Placed,0,CSE,7.89,2,0.3526578342211677,0.44854003935077275
Placed,1,Mechanical,10.0,3,4.650709525284425,0.026335449598809624
Not Placed,0,CSE,7.53,0,-1.3097714896188,-0.24197690099870883
Placed,1,CSE,9.11,2,0.7836447785893393,3.706903389724744
Not Placed,0,ECE,5.5,0,-2.888962473080647,-0.23455735472371264
Not Placed,0,IT,7.47,3,1.5137733775338826,-0.45197229555289853
Placed,1,ENTC,8.51,2,0.11068600417595816,1.4674494981558235
Not Placed,0,CSE,7.71,1,-0.7105286088508426,-0.3585880147872805
Placed,1,CSE,7.15,3,1.4793405262715638,0.5956458194619951
Placed,1,ECE,7.68,3,2.084179948159636,-0.08861585085553292
Placed,1,Mechanical,8.54,3,3.3370370595160517,0.4276096979392924
Placed,1,ECE,9.52,2,1.5883007742309525,1.2084242465891342
Placed,1,IT,8.61,2,0.8367554940959474,1.8545927045390354
Not Placed,0,CSE,7.27,2,0.8543254559298373,-0.15777651734785747
Placed,1,ENTC,7.5,3,2.390041338166331,-0.50728060723755
Placed,1,Mechanical,7.51,1,0.7073202517283815,-0.03237752500141728
Not Placed,0,ECE,6.96,1,-0.6445347082440751,-0.536374145460171
Placed,1,ECE,7.57,2,-0.9757975441261983,0.9110118953200455
Placed,1,CSE,7.47,2,0.7735936396630136,0.3854164275469707
Placed,1,CSE,6.68,0,-1.0423138314091283,-0.39106461878123605
Placed,1,CSE,8.41,3,2.274541350875078,0.03993409274045472
Placed,1,IT,8.06,2,-0.661572062810783,1.8975571139373442
Not Placed,0,IT,7.16,0,-1.8835604296631288,0.10266103060960374
Not Placed,0,ECE,7.83,1,0.8383711215254366,-1.110262602110735
Not Placed,0,CSE,6.88,0,-1.4258694387319892,-0.9480027093046282
Not Placed,0,CSE,7.23,0,-3.1452935783175993,-1.6186785462497937
Placed,1,Mechanical,8.28,1,0.9105757780018322,-1.014923385658979
Placed,1,IT,8.1,2,0.48357097128976706,0.5892145590985193
Not Placed,0,ECE,7.26,1,0.37608936495913836,-0.9921797205920918
Not Placed,0,ENTC,7.96,1,-0.5398929358064332,-0.6033031520428694
Not Placed,0,ENTC,7.64,2,0.6124652209844736,1.325724996646016
Placed,1,ENTC,6.85,1,1.1318185970622896,-0.2328820536620816
Not Placed,0,ENTC,7.56,1,1.0841075818276797,-1.1842122973338054
Not Placed,0,CSE,8.07,3,2.1583313797930916,-0.8392364264073393
Not Placed,0,ECE,7.96,1,-0.8234513306221651,-0.2666392322981404
Not Placed,0,Mechanical,6.26,1,-1.176577746169738,-2.441221199583944
Not Placed,0,CSE,7.84,0,-2.4833435263183468,1.5378636986540921
Placed,1,ECE,7.72,1,1.1356507026380815,-0.07337015636674939
Not Placed,0,IT,6.09,3,1.8871641783695923,-2.0776800086134766
Not Placed,0,CSE,7.01,0,-2.8282801373927398,-1.233370341436244
Placed,1,IT,8.12,2,-0.2619516570273976,1.9760272620588946
Placed,1,ECE,8.88,2,0.6362853624858383,0.35142033541191803
Not Placed,0,CSE,6.31,2,-0.6424591103655565,0.5013633210822808
Placed,1,CSE,8.53,3,2.096304052549435,-0.7111156489192021
Not Placed,0,CSE,6.1,0,-1.7579268814380151,-1.8280905097431794
Placed,1,ECE,8.89,2,-0.7810520638351729,3.5878443331865872
Not Placed,0,Mechanical,7.5,2,-1.6133136690452716,1.4082230943531315
Not Placed,0,IT,7.09,0,-1.3325639601710886,-0.048583425355384464
Not Placed,0,IT,8.0,2,-0.8264901540505329,0.9334497801291477
Not Placed,0,ECE,6.88,2,-0.7963144844490736,0.1550405872193153
Placed,1,CSE,8.14,3,1.6155970096329089,0.41361492142486433
Placed,1,CSE,7.59,2,-1.6628346431097003,3.1757431689905142
Not Placed,0,ECE,5.0,0,-3.989979245125013,-2.696391288831068
Not Placed,0,Mechanical,7.01,0,-2.4476681676030263,-0.22187336365646834
Placed,1,CSE,7.86,3,1.497032104593702,0.48352111505255424
Not Placed,0,CSE,8.61,3,2.343046423891522,-0.1786888654771965
Placed,1,IT,7.98,1,0.27997774674605763,-0.16010029247065985
Placed,1,Civil,8.59,2,-0.20627253134881354,2.2189265271199803
Not Placed,0,ENTC,6.94,1,0.7303926461224695,-1.8442921498403888
Placed,1,CSE,8.32,2,0.2627558607324664,0.7034463496613615
Not Placed,0,Civil,8.33,2,0.6083227461481601,1.0197473948156273
Not Placed,0,CSE,6.31,0,-2.8581094340199336,1.5477384245196675
Placed,1,ENTC,8.63,3,2.667174585754798,0.4435421176237309
Not Placed,0,ENTC,7.98,2,0.7236146022230607,0.47247783692812806
Placed,1,ENTC,7.46,3,2.330532085570081,0.8087042601366493
Not Placed,0,ECE,7.45,0,-0.9214187502133364,0.27256846948041596
Placed,1,IT,6.82,2,0.19930197820314122,0.0555284025877824
Placed,1,IT,8.24,3,1.7324425525048355,-1.1573905212930091
Not Placed,0,IT,7.96,0,-2.594024077801588,1.8077024015254155
Placed,1,Mechanical,8.2,3,2.1241616447198735,1.8967470730015585
Not Placed,0,CSE,7.77,0,-2.121908787344576,1.177081657648043
Placed,1,CSE,7.87,2,1.3006933956712285,1.7070558164002463
Not Placed,0,IT,7.45,1,0.1359014203851075,-1.0951308579828367
Not Placed,0,CSE,8.62,2,-1.1873755176634468,1.4850100172753056
Not Placed,0,CSE,8.22,2,-0.33884295049116153,0.0990381033820288
Not Placed,0,CSE,7.85,1,-0.03728303407748867,-0.918814200603565
Not Placed,0,CSE,7.59,2,-0.2923099529784492,0.17969443279897493
Not Placed,0,IT,6.2,0,-2.828072801697333,0.36577342717598815
Not Placed,0,IT,6.01,0,-3.012891230800335,-1.4349988934436337
Not Placed,0,Civil,7.39,0,-1.1400791093093392,-0.376406549397866
Placed,1,ECE,8.78,2,1.919004010911009,1.874417425538964
Not Placed,0,ECE,7.1,1,1.5090841008115814,-2.7992900608200078
Not Placed,0,Mechanical,7.13,1,-0.9035542749558089,-2.0833339348416735
Not Placed,0,CSE,6.87,0,-2.0615464710030165,0.4736974769889801
Not Placed,0,ECE,6.6,1,-0.7947676471101803,-0.6299982319470223
Not Placed,0,CSE,6.92,0,-1.4279709514137617,-0.3932430210738207
Placed,1,IT,7.94,3,2.5586443369059393,0.9818822248749179
Not Placed,0,CSE,7.28,0,-1.9291531669584054,-0.3218726096909783
Not Placed,0,Mechanical,7.24,0,-1.1538402162018628,-0.7156701880942381
Not Placed,0,CSE,7.17,1,0.6175470791524792,-0.6802915285121066
Not Placed,0,IT,7.9,2,-0.6547366214320416,0.8203019820949325
Placed,1,ENTC,8.03,2,-0.7143485448132485,2.4029030615297287
Not Placed,0,IT,6.11,0,-1.7318112996078154,-0.6934471865327545
Not Placed,0,ECE,7.05,1,-1.2382873705898585,-2.6824389103005584
Not Placed,0,ECE,7.62,0,-1.9698760039346557,0.45864007003286267
Placed,1,CSE,8.07,0,-2.1699090521573865,1.916839645960005
Placed,1,IT,7.81,1,0.7662826808894645,-0.3402962130914866
Placed,1,CSE,8.4,3,1.610404260360069,0.09978697524258745
Placed,1,ENTC,6.5,1,-0.9728314364048546,-1.1298102248617266
Placed,1,Mechanical,8.05,3,1.4544522672497848,-0.33426742291491357
Placed,1,ENTC,9.44,3,2.8425734348413036,0.4247640946641312
Placed,1,IT,7.74,2,0.4259125835767801,0.39385204994914486
Not Placed,0,CSE,7.78,1,0.6921988711333819,-0.43508708432519067
Not Placed,0,ECE,8.14,1,0.22443304778666162,-0.16439955247467072
Not Placed,0,ECE,7.24,0,-2.2653155194506924,1.075804784370272
Not Placed,0,IT,6.9,0,-2.03245837814228,-2.5731790516712945
Not Placed,0,IT,7.75,1,-0.11852839829904317,-0.7566877269639244
Not Placed,0,IT,6.29,0,-2.7436072781912633,-0.7961063341801158
Not Placed,0,CSE,8.04,1,1.4498164948285057,-1.7605113668472905
Placed,1,ECE,8.18,1,0.8533733648547468,0.11911767213847474
Not Placed,0,Civil,6.34,1,0.7379956272699572,-1.1622772101230663
Not Placed,0,IT,7.84,0,-1.7496922961059944,0.05513714261443242
Placed,1,CSE,7.52,1,0.9684347175329571,-0.6841789089151195
Placed,1,CSE,8.96,3,4.434918691449547,0.05959780398262696
Not Placed,0,CSE,8.81,2,-0.49347885559595767,0.7948284191569306
Placed,1,IT,8.42,3,2.090109027790995,0.7455554258096685
Placed,1,CSE,8.73,3,1.2875925584680488,0.07024817853455421
Not Placed,0,CSE,7.39,2,-0.9556285290918549,1.5022580609075251
Placed,1,ECE,7.92,2,1.168637354055053,0.7301084996837441
Not Placed,0,ECE,7.49,2,-0.4384078896523119,-0.008036620117040157
Not Placed,0,ECE,6.85,0,-1.6213876759009227,-1.8699763401186373
Not Placed,0,CSE,7.77,0,-1.4061786728280543,0.2153933195369364
Not Placed,0,CSE,7.63,1,0.6807492818531667,-0.33043846031932184
Not Placed,0,CSE,7.53,2,-0.5863885459795061,0.5007939684073209
Not Placed,0,IT,7.65,2,-0.4423265219903053,1.48562771558278
Not Placed,0,IT,7.75,0,-2.3352883212725737,-0.6968545647752795
Placed,1,IT,8.45,3,2.405189090065157,-0.6640379558319031
Not Placed,0,Civil,7.2,0,-2.8655783380114035,0.9364696099150963
Not Placed,0,Civil,6.61,0,-3.7023495422156603,0.18047763234063402
Placed,1,ENTC,8.28,2,0.7080423191066846,0.1713534829368131
Placed,1,ECE,8.43,1,0.32292638850279254,-0.34785361954939586
Not Placed,0,ECE,8.0,3,1.6852584076679176,-1.6967030822053233
Placed,1,ECE,6.73,3,2.513560899852672,-0.40970603825367324
Placed,1,ECE,7.59,3,2.2555603772670128,-1.1380575600424296
Not Placed,0,IT,7.94,1,1.3476770864829777,-0.6598448600442969
Not Placed,0,Civil,6.79,0,-2.044265155551042,0.7787953087833003
Placed,1,ENTC,7.05,3,1.4191618418848908,-0.23985415327693108
Not Placed,0,CSE,7.58,0,-1.4982770263772596,0.5805329166057196
Not Placed,0,CSE,8.71,1,-0.4394150439992148,0.42743928962506356
Placed,1,ENTC,7.89,1,0.9223911209439359,-0.03528651145522821
Not Placed,0,Mechanical,7.21,0,-1.2215304011284835,0.5443244724829042
Not Placed,0,CSE,7.53,2,-0.28656822927023745,0.5944491040160493
Placed,1,CSE,7.13,1,1.0677255274729878,-0.8421429044598214
Not Placed,0,CSE,7.35,1,1.3708042949917731,-0.7461403582501452
Placed,1,CSE,8.31,2,1.3006415513238356,1.137619507593458
Not Placed,0,CSE,6.07,0,-1.522840027434205,-1.6687200671195739
Placed,1,IT,8.82,3,3.663249434395939,0.7389132334885622
Placed,1,CSE,9.56,2,2.280479841865379,2.7158322462416673
Not Placed,0,CSE,7.84,0,-3.247099520744306,-1.4171772087975363
Not Placed,0,ENTC,6.99,0,-3.039189215737761,-1.9428205872772908
Placed,1,CSE,8.69,2,-0.005641981638959927,1.1681426787494396
Placed,1,CSE,7.94,1,0.1645798511697137,-0.6590509973515035
Placed,1,CSE,7.25,3,1.6771319319154399,-0.0611802820472131
Not Placed,0,ENTC,6.87,0,-1.9159496004944656,0.19265544243679059
Not Placed,0,CSE,7.36,1,-0.7626498521181037,-0.6521171896567711
Placed,1,CSE,7.86,2,-0.7746060024372887,0.7832352532540104
Placed,1,IT,8.46,3,1.8328650492602279,0.9987693500286303
Placed,1,IT,7.94,1,1.2887915345931513,-0.08283254002445312
Placed,1,Mechanical,8.09,3,2.7960739908942336,-1.0185675020564278
Not Placed,0,CSE,7.42,1,0.27344090449130143,-1.184680862522005
Not Placed,0,CSE,8.43,2,0.8819782375987564,0.30587895205657856
Not Placed,0,IT,7.52,0,-2.760409234268456,1.0055588708675292
Placed,1,CSE,9.26,3,2.0738575254773384,-0.8070943367921037
Placed,1,ENTC,7.15,3,1.9044701081573987,-0.8626421057730324
Not Placed,0,ECE,8.04,0,-1.6969772963526768,-0.5486027890898284
Not Placed,0,Mechanical,9.56,2,-0.40124570505157336,1.7441901152800796
Not Placed,0,CSE,8.59,0,-1.4251469291681882,-0.2636065047574733
Placed,1,CSE,8.33,2,1.561687944154351,1.371144197068416
Not Placed,0,Civil,7.95,2,-0.725073638574839,1.5427479880497914
Not Placed,0,CSE,7.74,1,-0.36570378129940434,-0.7553944431740335
Not Placed,0,ENTC,7.55,0,-2.1812803385669577,0.5877178176423373
Not Placed,0,ECE,7.22,2,0.4540482608870692,-0.27557756422553265
Not Placed,0,IT,6.39,0,-3.614067262841941,-2.144225686215433
Placed,1,Civil,8.24,3,1.5744364951659577,0.47159334920115586
Not Placed,0,CSE,6.39,0,-2.8893694424841083,-0.5015708339147422
Not Placed,0,ECE,8.25,1,-0.4805502132646872,-0.05107727118983567
Not Placed,0,CSE,7.44,0,-1.6798849800207736,-1.2781541798932419
Not Placed,0,CSE,6.89,0,-2.054289984762421,0.19136003649796812
Placed,1,CSE,8.89,2,-0.1596156394983887,1.0992792517900882
Not Placed,0,CSE,6.47,0,-3.0527094250907822,0.35735144004710334
Not Placed,0,Civil,7.13,1,-0.9881317829607865,-1.084290921904808
Placed,1,IT,7.21,1,-0.15452998308465032,-0.18095780862658864
Placed,1,CSE,7.83,2,-0.22600880108844468,1.475078984008887
Not Placed,0,IT,7.18,1,0.14496462230746954,-0.11851044042081006
Placed,1,ECE,8.94,3,4.20577426401634,0.5672006151958485
Not Placed,0,CSE,6.53,0,-3.150109409590373,-1.3661377492875242
Placed,1,CSE,10.0,3,3.057039329334954,1.6987093809398348
Not Placed,0,ECE,6.8,2,-0.32878561317932603,0.8933271167410568
Placed,1,ENTC,10.0,2,1.931863093437917,2.2286367127508657
Not Placed,0,Civil,8.63,2,-1.3353519569847467,1.1227121021807906
Not Placed,0,Mechanical,7.61,3,4.72776530515107,-1.7975735530228585
Placed,1,CSE,7.89,2,1.4644375165362113,1.692470668088163
Not Placed,0,ECE,7.38,1,-0.37800766186218127,-1.3194366874780108
Placed,1,IT,7.99,2,1.7975634207024223,2.5769907029951464
Not Placed,0,IT,7.07,3,2.6303837788832136,-0.7958151260127817
Placed,1,CSE,8.3,2,0.8148989789280284,0.5823458944379564
Not Placed,0,CSE,7.85,1,0.8661956672513167,0.059392611576972495
Not Placed,0,CSE,6.86,1,-0.49795782007393813,-1.107240358733328
Placed,1,CSE,8.06,3,1.8082276780471387,-0.4907363058782281
Placed,1,ECE,8.01,3,2.71404374793217,0.9532229085689166
Not Placed,0,Civil,7.09,0,-3.335445804136262,0.3549052565594636
Not Placed,0,IT,7.34,0,-3.178123100522595,0.08856131881179863
Placed,1,CSE,8.14,3,1.7171996932896758,-0.1137906838981197
Placed,1,IT,8.63,3,2.1710259451233105,0.18819408778072877
Placed,1,IT,7.58,2,0.09239486035583014,1.054877367136546
Not Placed,0,Civil,8.49,2,-0.33085724773574854,1.3838683679571864
Not Placed,0,IT,8.69,3,3.0844373081045755,-0.9395446000325006
Placed,1,IT,8.81,3,1.4641796383296068,-0.09719925983359036
Placed,1,CSE,8.05,2,1.4837318332631229,1.5368712157485882
Not Placed,0,CSE,6.93,1,-0.41215009860638985,-1.196182655842006
Placed,1,CSE,8.46,3,1.9857255923588193,-0.4578892384191068
Not Placed,0,Civil,7.54,2,-0.3540117073389779,1.9523340077980478
Placed,1,ECE,8.13,2,0.7838866063417212,0.929002088410509
Not Placed,0,CSE,7.17,3,1.716672285495901,0.12091264683525005
Not Placed,0,ECE,7.19,1,1.1686715403735122,-1.5909740351451964
Not Placed,0,Mechanical,7.1,1,1.2864119193963943,-1.5813502545837546
Not Placed,0,CSE,6.57,0,-3.048706132658513,-1.10969978583636
Not Placed,0,ECE,7.2,1,-0.9340434706614217,-1.3092289856906658
Not Placed,0,ECE,6.82,0,-3.2238172313185958,-0.1613318682210111
Not Placed,0,ENTC,8.18,2,0.6844941369424752,1.070093224224285
Not Placed,0,IT,6.79,0,-1.408826014778949,-0.01823875728120755
Not Placed,0,ENTC,7.13,2,-0.22577646478878402,0.18739267430301682
Not Placed,0,ENTC,7.7,1,1.5410444276675672,-2.763194384119512
Not Placed,0,ECE,9.24,2,0.452973150475101,0.3818694433921142
Placed,1,IT,7.11,3,2.8856603292031684,-0.775199686011522
Not Placed,0,IT,6.53,1,0.1847913451598803,-1.5984139795376702
Not Placed,0,ENTC,6.58,0,-3.5843780133914396,-1.1688547947025048
Not Placed,0,ECE,6.97,1,-1.5559405180358066,-2.319113818014105
Not Placed,0,Civil,7.14,0,-2.2424260478961884,1.3779302196029706
Placed,1,CSE,9.66,3,3.893071944087827,1.208558544899364
Placed,1,CSE,8.52,2,-0.41907208536874957,3.5488501617801007
Placed,1,ENTC,7.43,3,1.6158101411477437,-0.720026334726214
Placed,1,ENTC,9.27,3,3.2565323279406693,2.365517025106846
Not Placed,0,CSE,7.18,0,-1.1528548993174415,-0.21181341426655245
Not Placed,0,ENTC,7.35,1,-0.03833151420727147,-1.5434662591466926
Not Placed,0,CSE,7.3,0,-2.1512621403766756,1.1735723188979594
Placed,1,IT,8.57,2,1.021265409635363,2.210383065603453
Placed,1,IT,7.64,2,0.026983557215053793,1.2131277217185379
Placed,1,CSE,8.98,2,0.06948552206507028,1.6910070375517239
Placed,1,ECE,8.07,3,2.660443118526398,-1.7437516317085557
Placed,1,CSE,8.47,2,1.1189139140706967,1.540404270532589
Not Placed,0,Mechanical,6.16,1,0.08243870922577659,-2.5029831855310767
Not Placed,0,CSE,6.26,0,-2.4347277244352923,-1.0946576139895592
Not Placed,0,ECE,6.28,0,-3.8258944630899947,-2.0638536578529996
Not Placed,0,CSE,7.34,1,0.17197483139988168,-0.42141270436764555
Not Placed,0,IT,6.39,1,0.19420417245362018,-1.6213072351941722
Not Placed,0,CSE,8.75,0,-0.9528424412462645,0.02536571773004709
Not Placed,0,Civil,7.53,2,0.5755969436293992,0.4066874475855628
Not Placed,0,Civil,8.22,1,-0.5772991759427418,0.016262190508184303
Not Placed,0,CSE,7.28,0,-2.29831868886766,1.2840136420945958
Placed,1,CSE,8.4,2,1.3122958389494028,3.522159926035963
Not Placed,0,IT,6.03,0,-2.7974378142434984,-1.933296266351416
Placed,1,CSE,7.66,2,0.8711445758650448,1.1991812336164278
Placed,1,CSE,8.13,2,0.7462786068046346,1.847845474433963
Placed,1,Mechanical,8.2,3,1.4801483065203707,0.6901931961271879
Placed,1,ECE,7.43,1,-0.31518806950648454,0.45281436401572334
Not Placed,0,IT,6.25,1,-0.6730317425779173,-0.7809544293516949
Placed,1,Civil,8.56,2,0.510113469743585,1.187234107429843
Not Placed,0,ECE,7.37,1,0.9979966339679671,-0.3848400230443897
Not Placed,0,IT,7.44,0,-2.9122288305884876,0.2648612288900385
Placed,1,ENTC,9.59,3,3.1419115150688333,0.4060512651261653
Not Placed,0,CSE,7.78,1,-0.13659958091162192,-0.23448270937540786
Placed,1,CSE,7.26,3,1.280672307405563,-0.5832638186123302
Not Placed,0,IT,7.21,0,-2.2642169774920515,-0.4098585277888711
Placed,1,CSE,8.25,3,1.7674897139391677,0.712887273522354
Not Placed,0,IT,7.0,1,-0.10684903569663717,-0.8377820972408873
Placed,1,ENTC,8.13,3,3.0805667520286253,-2.7642531849757344
Not Placed,0,CSE,8.64,2,-0.616973326033184,1.7024599982300506
Not Placed,0,CSE,7.62,2,1.3571284846718912,1.2812828595153365
Placed,1,Civil,8.54,2,0.7287679111550891,1.231243306772959
Not Placed,0,Civil,7.64,1,-0.6759427287791918,-0.605496761111569
Not Placed,0,ENTC,7.12,1,-0.17702082853826653,-1.2005360796331248
Not Placed,0,ENTC,6.29,1,-0.4560948249909072,-3.8862482305657107
Not Placed,0,Civil,7.93,2,1.1304358146461337,0.460794662437891
Not Placed,0,ENTC,7.95,0,-2.0394058487427635,1.2791374981395707
Placed,1,CSE,8.53,2,0.7172744813761945,1.3725002296644726
Placed,1,IT,8.45,3,4.562404126934089,-1.596072522542672
Placed,1,IT,9.46,2,0.5122011325062149,2.8608544310334465
Not Placed,0,CSE,7.21,2,0.7979239897831139,2.3544693967153063
Placed,1,CSE,8.0,2,1.2663859907564738,2.484561074490679
Placed,1,CSE,7.12,1,0.4283691488210745,-2.1056677557244767
Not Placed,0,IT,8.49,2,-0.20620060646240132,1.9992532229136661
Placed,1,CSE,6.91,3,1.9939949965922663,-1.0034220683538715
Not Placed,0,CSE,8.48,3,1.1987348186037294,0.3200927396441647
Not Placed,0,CSE,7.07,1,0.07418290616395573,-0.4528729995251659
Not Placed,0,ECE,8.35,2,-0.031091988312335263,2.347937962533788
Placed,1,CSE,8.73,2,0.4381749471771173,1.785636410601993
Not Placed,0,CSE,6.38,0,-2.931730473546428,-0.7206656642641577
Not Placed,0,CSE,6.55,0,-2.3257554185664677,-0.8984439215543669
Placed,1,ECE,7.9,3,2.019910716138081,0.007988756831622586
Not Placed,0,Mechanical,7.81,2,0.6190619628738468,0.7306002020551438
Placed,1,IT,7.45,2,1.0613843912266372,0.38812849641569663
Not Placed,0,ENTC,7.3,1,-1.0013566770370181,-1.5729230171904687
Not Placed,0,Mechanical,6.97,1,0.848444352279392,-1.994552763247285
Not Placed,0,Civil,7.98,0,-1.9476708085583252,1.2025346697394887
Not Placed,0,ENTC,6.88,0,-3.5346908826544876,-0.4370557426422967
Not Placed,0,CSE,8.01,2,0.4228733377461999,0.5818653265701702
Not Placed,0,IT,7.21,2,-0.50120807978225,0.0592631612279671
Placed,1,IT,7.34,2,1.0180862355121618,1.306346365063725
Placed,1,IT,8.73,2,0.6796983670916239,3.124341241653805
Not Placed,0,CSE,8.51,0,-1.4590037185579086,0.9772416893265989
Placed,1,Civil,6.85,2,-0.23092119034983996,1.6473696033425895
Not Placed,0,IT,6.96,0,-1.8671404664139042,-0.9078938410195739
Not Placed,0,CSE,8.36,1,1.089792659671143,-1.2955611570386656
Not Placed,0,Civil,6.48,1,-0.4657572948756548,-2.828501659015829
Placed,1,IT,8.94,3,3.1481513314019938,0.09455626565599981
Placed,1,IT,7.81,3,1.865242901520205,0.3390974507911443
Placed,1,CSE,7.21,2,0.018749713302297914,1.334721224752774
Not Placed,0,CSE,7.71,1,-0.7944635015923398,-1.4705607385649344
Not Placed,0,CSE,8.86,2,-1.147551271851426,1.570127830358297
Not Placed,0,CSE,5.89,0,-3.4449229186831665,-0.5540519393309948
Placed,1,ECE,8.57,3,2.7264722624139646,-0.8468484231626138
Placed,1,IT,8.72,3,2.159236007873797,0.34986225747953054
Not Placed,0,ECE,7.43,0,-1.8691618910827443,1.8107931311922407
Placed,1,IT,7.64,2,-0.7284992991721332,1.4583797374528944
Placed,1,CSE,7.82,3,3.7344304986999943,-1.4579883793313757
Not Placed,0,IT,8.32,2,-0.6159494697731329,0.7415268236433071
Not Placed,0,ENTC,7.08,0,-3.3249973267480355,0.4780857540035739
Not Placed,0,ECE,7.69,2,-1.3090259625308311,0.6726973734569939
Placed,1,IT,7.62,2,-0.4928467147760453,0.5758902845895618
Not Placed,0,ECE,8.28,3,1.4001928570324813,0.14775819435929805
Placed,1,CSE,9.97,3,4.5489210902815636,2.4040990240844877
Not Placed,0,ENTC,7.08,0,-1.7477838755989652,-0.7968292901641328
Not Placed,0,Civil,7.77,1,0.6517745551904538,-0.18177348010229105
Not Placed,0,IT,7.05,1,-0.5732792711040149,-0.4633659827628014
Placed,1,CSE,7.28,2,1.1730287247719686,0.6656725016301928
Not Placed,0,CSE,6.79,1,-1.2033840198146446,-0.8345158395423555
Not Placed,0,ENTC,6.4,1,-1.1740024766663333,-1.46479966880565
Placed,1,IT,8.71,3,3.3238609379493584,-0.2028875979145408
Placed,1,CSE,8.0,2,0.0488415425040412,0.42371538700897815
Placed,1,Mechanical,7.78,2,0.46526338159218505,1.7566066920668808
Not Placed,0,CSE,6.96,1,0.5872861241754531,-1.326440778488495
Not Placed,0,ENTC,7.64,0,-1.405070538511243,-0.0030022537175459826
Not Placed,0,IT,6.72,0,-3.5319275402857793,-1.8531025993375385
Not Placed,0,Mechanical,7.68,1,0.3514928214057646,-0.6761745514570243
Placed,1,ENTC,7.98,1,0.7946518094260259,-0.45433156930109536
Not Placed,0,CSE,7.24,1,-1.1194959778571592,-1.2570183620141844
Not Placed,0,IT,7.06,0,-2.5206449269810958,-1.059352178718553
Not Placed,0,CSE,7.28,0,-1.6379197077704424,-0.7449326297064887
Placed,1,ECE,8.39,2,1.3729446749385155,1.1036031360971181
Not Placed,0,IT,7.87,2,-1.0370276576956088,2.6689710515485774
Not Placed,0,Civil,6.33,1,-0.9734334077664776,-2.3044062113345927
Placed,1,ENTC,8.31,3,3.4126342699267695,-0.977591998216215
Not Placed,0,Civil,8.16,2,-0.9064389373992002,2.0463656451671066
Not Placed,0,CSE,7.86,1,-0.07974485675729111,0.01606626532894389
Placed,1,CSE,9.1,3,3.058515422084172,0.16860544109237946
Placed,1,CSE,7.72,3,1.2784629875796967,-0.5873694452061208
Not Placed,0,CSE,8.07,2,-1.228241195488407,2.796366524954953
Not Placed,0,IT,8.1,1,-0.6675343991075637,-0.7419376701311957
Placed,1,IT,8.45,2,-0.5136763427851191,0.8764969004034703
Not Placed,0,ECE,7.51,1,-0.03952457114541531,-0.54378519862354
Not Placed,0,IT,7.15,0,-2.758210474299232,-0.8414386247212372
Placed,1,IT,8.53,3,2.405222553484735,-1.0300481534199415
Placed,1,CSE,8.48,3,2.363763498676039,-0.03309207652799041
Placed,1,ECE,8.78,2,-0.32299332591236357,0.5503218658438763
Not Placed,0,ENTC,8.05,2,0.044855624241432156,0.7441432085302685
Not Placed,0,ECE,6.3,1,-0.6393192613279642,-2.4107154531474926
Not Placed,0,IT,7.84,0,-0.9262274006675207,-0.3902760948307975
Placed,1,CSE,7.73,3,1.4814829733463983,-0.9269356080185361
Placed,1,ECE,8.75,1,1.614471293470571,-0.47026098028140817
Not Placed,0,CSE,8.6,2,-0.7525129564574171,1.7187003674114083
Placed,1,IT,8.22,2,-0.2570567976989097,1.072490675819575
Not Placed,0,Mechanical,5.94,0,-4.347171220698532,-1.020140540576983
Not Placed,0,IT,7.0,1,0.060997578948553864,-0.3419307320606905
Placed,1,CSE,7.39,3,3.0183350972117,-0.7760583499323768
Placed,1,CSE,7.41,1,0.004773862046167321,-0.19031210474442842
Placed,1,Mechanical,7.84,2,0.3808154932386956,0.6218874587525187
Placed,1,CSE,8.96,3,2.887643616361462,0.266522262027623
Placed,1,Civil,8.36,2,0.8874383665772457,0.7658882277127893
Not Placed,0,ENTC,6.92,0,-1.5127140835885249,0.0935568610888126
Not Placed,0,ENTC,7.0,1,-0.3768227777536387,-0.345027398413815
Not Placed,0,IT,6.92,1,0.8398592644293753,-1.6097896437899406
Placed,1,CSE,7.6,2,-0.04531375105953512,1.7022903135322591
Not Placed,0,ENTC,8.38,1,-0.9050918826211768,0.15002757493479285
Placed,1,Civil,8.52,3,2.427675219530592,-0.05716954569478678
Not Placed,0,Mechanical,7.38,0,-3.3362437533576754,0.9174633252454107
Not Placed,0,Civil,7.67,0,-2.41915586430052,0.4581149385456941
Placed,1,ECE,9.12,3,2.2426755225435464,0.9665393998558917
Not Placed,0,CSE,6.44,2,0.2801600131273081,1.1229040649609705
Placed,1,CSE,8.24,3,1.9209676074077913,0.9543563243440129
Placed,1,CSE,8.15,2,-0.3868579988530944,0.5863366110317629
Not Placed,0,IT,7.45,1,0.5816665872716965,-1.8393573105853285
Not Placed,0,CSE,7.68,0,-1.023451835870851,0.2134553980786852
Placed,1,IT,8.06,1,1.3493619681978404,-0.25611996044371577
Not Placed,0,IT,7.45,1,-0.6322992017213476,-0.2592579443871791
Not Placed,0,CSE,7.16,0,-1.8973211056347592,1.1424673977882445
Not Placed,0,ECE,7.09,1,-0.42639508882021787,-2.741050109893886
Placed,1,ECE,9.28,3,2.701127826820784,-1.1222943335286217
Placed,1,CSE,7.33,2,-0.7950037859385933,0.9716688035414514
Placed,1,ENTC,7.87,3,2.064936940393773,0.2842573326371749
Not Placed,0,CSE,8.37,2,-2.272005953765091,2.39949848754484
Not Placed,0,CSE,7.52,0,-2.980151626162587,-0.30841015702553337
Not Placed,0,CSE,7.73,0,-1.9198886915647337,-0.6706354059043037
Not Placed,0,IT,8.13,1,-0.13320215574551822,-0.5931509753736939
Placed,1,ECE,6.98,1,0.19551917425347,-1.508844338400212
Not Placed,0,ENTC,6.39,0,-3.3035196102467626,0.4809736579992775
Not Placed,0,CSE,7.08,0,-2.2355954261789948,0.4364301193204557
Placed,1,Mechanical,9.17,3,3.768650306014593,0.817404190337881
Not Placed,0,CSE,7.21,0,-1.612799929058953,0.18609732593358724
Placed,1,CSE,7.81,3,2.040640706809619,0.2134946563817108
Placed,1,Mechanical,6.57,0,-1.5553552888534854,0.8943342423787647
Placed,1,ENTC,8.84,3,3.063410017164202,-0.038699910720865434
Not Placed,0,CSE,7.44,1,0.20065329588618208,-1.6236800400401956
Not Placed,0,ECE,7.31,0,-0.8602703924733858,-0.5239603206765601
Not Placed,0,IT,7.59,2,0.0311421308210364,1.192676299316772
Placed,1,ECE,9.84,3,3.4722818587259408,1.7933391914213612
Not Placed,0,ECE,8.08,3,1.773128953204294,-0.25724038663075943
Not Placed,0,IT,7.57,0,-2.3361834217122097,0.8787960875454175
Not Placed,0,IT,5.25,0,-4.046193987715475,-1.5746212467124876
Placed,1,Civil,8.85,2,1.0684685863791532,0.3584181007067649
Placed,1,IT,7.11,1,0.6802408401585202,-0.4483695754373588
Not Placed,0,Mechanical,6.98,0,-1.4507142074632888,-0.30081451574278006
Not Placed,0,CSE,7.05,0,-2.559106827066729,2.2294949108798074
Not Placed,0,CSE,8.95,2,-1.486374786886457,2.940036968057545
Not Placed,0,CSE,7.66,2,0.15524396733581197,0.31054020938011434
Not Placed,0,ECE,6.41,0,-2.8745333769945574,1.0702620429893854
Not Placed,0,CSE,7.53,1,-0.504566997361079,-1.2161951280447452
Not Placed,0,CSE,6.99,0,-2.543897253488974,0.05017007897282289
Placed,1,CSE,8.01,2,0.05775637448752237,1.8973364295746311
Placed,1,ECE,7.37,3,2.968849545405094,-1.1234900524476965
Not Placed,0,CSE,6.37,1,-0.5103124875691625,-0.9072911278107222
Placed,1,CSE,7.63,2,-0.04928735033454205,1.4751037151252921
Placed,1,CSE,7.65,2,-0.5575097179645039,1.1848125790243043
Not Placed,0,CSE,6.63,0,-2.4198446697294758,0.3406023391484669
Not Placed,0,CSE,6.03,1,-1.3218581211854732,-2.1426321798474492
Not Placed,0,CSE,7.94,0,-1.2675611695610642,-0.7634044749884278
Placed,1,ENTC,7.46,1,1.3684358662186151,-1.055199114335505
Not Placed,0,Civil,7.52,1,-1.0535610525757553,-1.2459749167551672
Placed,1,IT,8.33,1,0.7365049023083942,-1.097886815216048
Not Placed,0,IT,6.05,0,-2.978128618392671,1.0401964164925948
Placed,1,Civil,7.75,0,-1.0343481072809095,0.4608779181594595
Placed,1,CSE,8.26,3,3.9039188673849052,-0.9046110469557174
Placed,1,CSE,7.54,2,-1.373790261532446,2.105271752005019
Placed,1,ECE,6.5,0,-1.4902882690090073,-0.4765482559405547
Not Placed,0,CSE,7.14,2,-1.0810818883731725,0.6744713629020319
Not Placed,0,CSE,7.32,2,-0.04712279304947562,1.4168936977829394
Not Placed,0,Mechanical,6.36,1,-1.3692273562693467,-1.3790549455768346
Not Placed,0,CSE,8.02,2,0.14975153123179868,0.001106269326090843
Not Placed,0,ECE,7.7,1,1.3013344573124115,-0.7609299579936224
Not Placed,0,IT,7.15,2,-0.3728750468898779,2.3463447658669416
Placed,1,CSE,8.54,1,1.2623584588545778,-0.3291845294187622
Not Placed,0,Mechanical,7.26,0,-3.2218047605979074,0.457841905904728
Placed,1,Mechanical,8.96,2,1.6545019751448473,3.4394907458674453
Not Placed,0,ENTC,7.47,2,-1.8756410006437623,1.685743776504434
Not Placed,0,IT,6.89,2,-0.07926746078329726,0.26986974896076665
Not Placed,0,ENTC,6.91,1,-0.5061243940412748,-0.25412257347269124
Not Placed,0,IT,7.78,2,-0.41907644605923133,0.9263631654530615
Not Placed,0,ECE,6.79,0,-1.1075978076037876,-1.1895843124084668
Not Placed,0,ECE,7.82,2,-0.5528957818014486,3.8229676765905274
Placed,1,CSE,7.36,1,1.5040394615752737,-1.6953354878534002
Placed,1,CSE,7.34,3,1.3838324813377307,0.717674027319437
Not Placed,0,ENTC,7.66,0,-1.645416901756956,0.6947492275267009
Not Placed,0,Mechanical,8.55,2,-0.492528067370909,2.151644175109197
Placed,1,IT,7.24,2,-0.720094087220286,0.3601532777244332
Not Placed,0,IT,7.86,2,0.2797980304416174,-0.19197235324626716
Not Placed,0,ECE,8.08,1,0.4164515108301425,-0.8280522250873166
Not Placed,0,CSE,6.67,0,-2.8858064292422916,0.2033382350051542
Not Placed,0,IT,8.14,2,-0.9327188907550465,0.389261455749956
Placed,1,IT,8.39,3,1.7554397435448788,0.26191295981881374
Placed,1,IT,8.52,2,0.711433611691138,1.6686094067237125
Not Placed,0,CSE,6.76,0,-1.3319627718524052,-1.089568180984942
Not Placed,0,Civil,6.82,1,-0.5499507652708423,-2.2628743244821563
Not Placed,0,ENTC,7.65,2,-1.0725272521294837,1.5529449226040188
Placed,1,CSE,7.61,1,0.91737782972128,-1.628859933260556
Placed,1,IT,7.72,2,1.0190239495809155,1.1974950702475387
Placed,1,ECE,7.4,2,-0.1810301199200342,1.3623472580343814
Not Placed,0,CSE,7.86,0,-1.944147041878575,0.6263319056376688
Not Placed,0,ENTC,5.53,0,-1.92530958042419,-2.8983987442817516
Placed,1,CSE,8.26,3,2.4892494447743325,-0.30546724661909525
Placed,1,ECE,8.95,2,0.061347323603163965,1.5428203151707711
Not Placed,0,IT,7.23,0,-2.059886514265298,-0.3341400034316266
Placed,1,ENTC,7.87,3,2.434408538322288,0.41588269069089423
Not Placed,0,ENTC,9.13,3,1.8351614113072081,-0.3104736608406377
Not Placed,0,CSE,7.73,0,-1.2651522157440214,-0.41375828708306495
Placed,1,Civil,7.96,3,4.166226764988038,-0.7707584153342905
Placed,1,IT,9.27,3,1.4532290697175014,0.4319131540544309
Placed,1,IT,9.43,2,1.3693760614279908,0.9453809941356539
Not Placed,0,ENTC,6.8,1,-1.2430713497398207,-1.5275346715302327
Placed,1,ECE,7.35,1,0.7332902598853319,-0.6626857175208216
Placed,1,IT,8.46,1,0.9775717871633782,-0.1098483533726779
Placed,1,IT,8.12,3,4.1121407026398415,-1.3260318464578325
Placed,1,IT,8.3,3,3.625123089746207,0.678470404468846
Not Placed,0,IT,5.47,1,-0.433321263002891,-3.372021014463114
Not Placed,0,CSE,6.04,0,-2.6971024615122086,0.5278435344870301
Placed,1,IT,9.22,3,2.12297882143499,1.809881007387317
Placed,1,CSE,8.36,3,3.5308079028795127,-3.649022029726831
Not Placed,0,ECE,8.0,0,-1.741811776626631,-1.7157602661770648
Not Placed,0,ECE,6.64,0,-2.1788941678875475,-0.3074071431835797
Placed,1,Civil,7.35,2,0.6461564696449847,0.5409578092692459
Placed,1,IT,8.18,3,2.279608632039806,0.14933009504106498
Placed,1,IT,6.52,2,-0.3482869712031922,0.8109108433044918
Not Placed,0,IT,7.1,2,-0.5901243430019264,0.16746765321670026
Not Placed,0,CSE,8.02,0,-2.087637824620305,1.2724330748782595
Not Placed,0,CSE,8.2,2,-0.31496941994025185,0.8664190321530336
Placed,1,IT,7.26,2,-0.8337701814624235,1.6440070595515073
Placed,1,ECE,8.53,3,1.8589314806988824,0.6100105809504909
Placed,1,Civil,8.51,2,1.4732172871523534,1.3256144779988914
Not Placed,0,CSE,6.18,0,-2.1217365794359626,-0.9143927121753277
Placed,1,IT,9.09,3,2.5440815522268565,-0.2053567307863507
Placed,1,ENTC,8.69,3,3.97983049980996,-1.266074423517699
Placed,1,ENTC,7.88,3,2.1600736953633684,0.3993094072976153
Placed,1,IT,7.58,2,-0.9100785907935985,0.6289827318456355
Not Placed,0,ECE,8.37,1,-0.34800933893400904,0.32118920749902224
Placed,1,CSE,8.15,1,1.166143546964993,-1.0726162789280267
Placed,1,ECE,7.47,2,0.6062226383196928,0.5300936806778562
Placed,1,ECE,9.07,2,1.2126125400720542,2.6593214895621116
Not Placed,0,CSE,5.91,0,-4.324280800431926,-1.2588019374453163
Not Placed,0,CSE,7.13,0,-3.0715362917527638,0.2931586931462684
Not Placed,0,ECE,8.08,2,-1.3346572683551337,1.0955394718782738
Not Placed,0,ECE,7.66,1,-0.20550966124670886,-0.12328795287026355
Not Placed,0,Mechanical,8.29,1,-0.29606450282018126,-1.2331786938076923
Not Placed,0,CSE,6.51,0,-3.1896707543549163,0.9532273672405072
Placed,1,ENTC,7.48,2,-0.29369789824699716,0.9016030059086013
Placed,1,ENTC,8.68,3,4.743732658033517,-0.7903090095915184
Not Placed,0,ECE,6.43,1,-0.6157791194907023,-1.2821265174818202
Placed,1,IT,7.5,3,3.114234472417997,-0.7158531961542545
Not Placed,0,CSE,7.25,2,-1.0941142447624643,0.7468045270821231
Placed,1,CSE,8.01,2,1.1723407389292568,0.44672483898776155
Placed,1,IT,8.03,3,2.2267238282664517,0.9922491103436466
Placed,1,IT,7.78,3,3.0407043406491914,-1.2817912677686243
Placed,1,IT,7.45,3,1.583931957609983,-0.1569272594138545
Not Placed,0,Mechanical,7.75,3,1.9315482279000002,-0.1020937946186225
Not Placed,0,ECE,7.56,1,-0.205448069813362,-1.3767045161263567
Placed,1,ENTC,7.67,2,-0.5739175788419998,1.5686419363482618
Placed,1,Civil,8.94,2,0.5540547403545019,3.293523477400284
Not Placed,0,ECE,6.68,0,-2.1184927872651977,-0.5402535281085953
Placed,1,CSE,7.99,3,3.0064269097320775,-0.38450575088953276
Placed,1,CSE,6.9,1,0.7640913581376252,-1.7566939503377446
Placed,1,ENTC,9.36,2,0.07247736585129712,3.009810301409863
Placed,1,Mechanical,7.78,3,1.5291647361674316,-0.7198483729557826
Not Placed,0,ENTC,6.62,1,0.9641704620856011,-4.201204144329159
Not Placed,0,CSE,7.5,1,0.5506157462247038,-1.5171746198496612
Not Placed,0,ENTC,6.46,0,-2.4438544711909156,-1.1124815514901607
Not Placed,0,CSE,7.16,1,0.5110424889632594,-0.8695827583051848
Not Placed,0,CSE,8.22,0,-2.0020266780612013,1.06457514302244
Not Placed,0,CSE,8.86,2,-0.6212460266105058,0.9880010190111774
Placed,1,IT,8.62,3,4.1214935076270685,-0.3272664268065422
Placed,1,IT,7.61,2,-0.9680914239218549,0.5449788514291443
Placed,1,ENTC,8.18,2,-0.20589967613013432,3.4321417565041084
Placed,1,IT,8.39,2,1.4085188154161727,0.794045002090571
Placed,1,Mechanical,9.61,3,4.72896129261215,-0.8388278962765778
Not Placed,0,IT,7.19,1,1.4803534112629282,-2.345610584895873
Placed,1,IT,8.98,2,0.7194791631681156,3.035838147395128
Not Placed,0,CSE,6.77,1,-1.101431369391674,-0.7333961603778275
Placed,1,CSE,8.7,3,1.7463131523641666,-0.2454658872813637
Placed,1,IT,7.17,3,1.8544052400202904,1.2731170640028349
Placed,1,IT,7.12,1,-0.3304087618819231,-1.1625493097724848
Not Placed,0,CSE,7.46,0,-2.232529411913378,-0.8988688640238639
Not Placed,0,CSE,7.04,0,-1.1273673459315772,-0.5424886370595152
Not Placed,0,CSE,8.06,2,-0.8043638121668686,1.9458116763936888
Placed,1,IT,8.74,3,1.9673367191582698,-0.36921280248664123
Not Placed,0,IT,5.91,0,-1.5083552573402235,0.4610189350748089
Placed,1,IT,7.55,2,-0.14175450253540783,0.5609542883315282
Not Placed,0,IT,6.78,0,-1.9756141384174715,0.2513291726768431
Placed,1,ENTC,8.47,3,1.3383550503472736,0.3961465094611561
Placed,1,CSE,8.91,3,2.668542702292197,0.14440212753246698
Not Placed,0,ECE,7.55,0,-2.0341094876551056,1.2971533271553533
Not Placed,0,Mechanical,7.1,1,-0.06179387034909819,-1.1017393832691955
Not Placed,0,IT,6.33,0,-3.1697110073148074,-0.1651684017949389
Placed,1,Mechanical,9.36,2,0.5272716738397527,1.8900186482384886
Placed,1,ENTC,8.82,3,2.9035904990250248,0.5501318714618295
Not Placed,0,ECE,6.02,0,-2.505022363649709,-0.36238197400229016
Placed,1,Mechanical,8.26,1,0.6121154343836641,-0.27419490374310307
Not Placed,0,IT,6.75,2,-0.426921300953952,0.9193404225298517
Not Placed,0,CSE,7.27,0,-2.6315331920311564,-0.17319897797300776
Placed,1,CSE,6.64,1,0.6961174659939715,-0.38291682757812806
Not Placed,0,ECE,6.0,1,1.094542401586603,-1.5078040899172263
Not Placed,0,CSE,7.66,2,0.6899670572764304,1.1274279757390202
Placed,1,IT,9.31,2,0.9770751479606763,2.10573261574627
Not Placed,0,Civil,6.91,1,-0.3735971678197574,-0.7778683007101908
Not Placed,0,CSE,8.46,3,1.6543326225590136,-0.004589886021422602
Not Placed,0,CSE,8.59,2,0.1058307764232377,0.09464940563338733
Not Placed,0,IT,8.31,1,0.057745614078474554,-0.22675951252467172
Placed,1,ECE,9.4,2,1.9293168015265547,2.270232976911915
Not Placed,0,IT,8.51,2,-1.488462677979153,2.5305943714637937
Placed,1,IT,9.23,3,2.1036641894147583,-0.6693448296855903
Placed,1,Civil,6.72,1,-0.12672866099964625,-0.612875641766774
Placed,1,IT,8.33,3,2.8130174086779856,1.1096790765765987
Placed,1,IT,8.98,2,1.7263058822586002,2.73793519836835
Not Placed,0,ECE,7.04,0,-2.8140022608389317,1.0760954497501654
Placed,1,IT,5.0,0,-1.7671951060608642,-0.03119684849481381
Placed,1,IT,6.62,0,-2.185855531590717,1.5480830052993153
Not Placed,0,CSE,7.08,1,0.11932648073227961,-1.5022574809578273
Placed,1,ECE,8.18,3,2.047462012473216,0.4765471568330335
Placed,1,CSE,7.22,3,2.8669715419902366,-2.620081217619742
Not Placed,0,ENTC,7.7,3,1.9486840807406296,-0.8546708481146748
Not Placed,0,ENTC,7.19,1,-1.237192714978476,-2.010999365368547
Not Placed,0,ECE,7.59,2,-0.7581600613151757,0.16815170588390282
Placed,1,CSE,7.64,3,1.4011936533321945,-0.04517685107959197
Not Placed,0,ENTC,7.16,2,0.01547847511092168,0.5850492082462702
Placed,1,IT,8.4,2,0.3034470037363057,0.5882047064237382
Placed,1,CSE,8.87,2,-0.7413122598951289,3.4204530808296787
Placed,1,IT,6.72,3,2.3479958689786122,-2.1132894875522403
Placed,1,CSE,7.88,3,1.943728734441128,0.5332482209056142
Not Placed,0,Civil,6.48,1,-0.9556409411422532,-1.8180788290519148
Placed,1,IT,6.21,0,-1.516761670962215,-0.1577833342969878
Placed,1,CSE,8.58,3,4.455430154582305,-0.07955227054313202
Placed,1,IT,9.41,3,2.7469473011888317,-0.16880829598223066
Not Placed,0,CSE,7.42,0,-3.6052468788517564,-1.3247085687451305
Not Placed,0,ENTC,9.26,2,1.0701827112542368,0.8256211618137175
Not Placed,0,CSE,7.15,1,0.07048060238201635,-2.2736675219865723
Placed,1,ENTC,7.5,2,0.8326804283400148,0.4733800920328494
Placed,1,CSE,9.12,3,1.5108833586018062,0.5470701413223474
Not Placed,0,Mechanical,6.92,1,1.5678023244204,-2.266140794362085
Not Placed,0,ENTC,8.48,2,-0.8187713548720872,1.420203191491414
Not Placed,0,IT,7.4,0,-0.8954476459778169,-0.3409726588887523
Not Placed,0,Mechanical,7.09,2,-0.6933945686270653,0.39952587035119985
Placed,1,IT,7.27,3,1.4113853846083493,-0.3686556181390335
Not Placed,0,CSE,5.86,1,-0.3916397122633283,-2.9845252059875307
Placed,1,IT,8.77,3,3.798112564229347,0.015852950532732498
Not Placed,0,CSE,7.89,2,-1.3121026259150586,2.177768450236159
Not Placed,0,Civil,7.57,1,-0.9760654752589072,-2.58491631653706
Not Placed,0,ENTC,7.11,0,-3.4006029153215813,-1.0566867425124395
Placed,1,CSE,7.97,2,1.5482570408876937,2.3946588655980787
Placed,1,Civil,8.45,3,3.6689475281526387,0.29026762359848224
Placed,1,CSE,7.47,3,2.3958756302378568,-1.2654261561700617
Placed,1,IT,8.52,3,2.012272083427851,-0.39206580010278236
Not Placed,0,ENTC,7.93,2,0.7445465735458,-0.050222936071791346
Not Placed,0,IT,7.62,2,0.8582652322236096,1.1571641601466147
Not Placed,0,ENTC,8.48,1,0.40523088770506627,-0.47489915154089235
Placed,1,IT,7.27,3,2.0245298978283666,-1.379374178433025
Not Placed,0,CSE,6.64,0,-2.0762042931939697,1.0793355879363615
Placed,1,CSE,7.65,1,-1.10914969757708,-1.1324748003924159
Not Placed,0,CSE,7.73,2,-0.24315202142130685,0.6222842293591785
Not Placed,0,CSE,7.51,2,-0.9245495144743539,0.6387559349335818
Placed,1,IT,8.71,3,1.8363289252055994,1.1417433719929833
Placed,1,IT,8.13,3,2.311817398433025,-0.26451369030626753
Not Placed,0,ENTC,7.6,1,1.3080895608521508,-0.3232529863389472
Not Placed,0,CSE,7.7,2,-0.6003256679650982,0.4434488903799813
Not Placed,0,IT,7.77,1,-0.808858124303052,-0.26582839307116946
Not Placed,0,IT,8.15,2,-0.5765436817455922,3.671513567666255
Not Placed,0,CSE,7.74,1,-0.34711535072432737,-0.7769271682538842
Placed,1,CSE,7.57,2,-0.6936338736727816,1.161446925754104
Not Placed,0,CSE,6.57,1,-1.0191125562636365,-2.4500233640747955
Not Placed,0,IT,7.1,0,-2.0868430896880517,-0.18109865882835535
Not Placed,0,Civil,7.94,0,-1.9736680143398446,0.7795636105824905
Not Placed,0,CSE,7.86,0,-2.597121367454698,1.025815352408375
Not Placed,0,CSE,6.44,1,-0.3758721702209676,-1.3364655743134624
Not Placed,0,ECE,7.22,0,-2.6460962042817795,1.5667651252614256
Placed,1,CSE,6.91,2,0.5036274992457408,0.2096100199398659
Placed,1,IT,8.86,2,-0.41369308775400754,1.0705956377925316
Placed,1,CSE,7.91,1,0.6294822518486548,-0.05226727143916132
Not Placed,0,CSE,8.07,2,0.2733646709371935,0.22214371752808862
Not Placed,0,ENTC,7.64,1,0.23100228374265153,-0.03983497967024173
Placed,1,CSE,7.17,3,2.2185072355942697,1.5640231764561279
Not Placed,0,Mechanical,7.32,0,-2.1764045841858453,-0.8111347560493475
Not Placed,0,CSE,8.12,3,2.818751131838376,-1.903734444494762
Placed,1,ECE,7.48,2,0.2749245575060917,-0.1300945206297095
Not Placed,0,IT,8.13,1,-0.6210697458998665,-1.066880499910927
Not Placed,0,Mechanical,7.82,1,-0.2645754276126665,-1.4891782957737658
Not Placed,0,IT,7.95,1,0.11711655092416504,-2.1391727809821273
Not Placed,0,CSE,7.99,0,-1.3823465833385626,0.42947781372119653
Placed,1,CSE,7.25,0,-2.178536486090209,1.9161238268787932
Not Placed,0,Civil,7.44,0,-2.3019338504108005,-0.0023897927219548388
Not Placed,0,CSE,8.47,2,-0.38956077671164324,0.5539063052980441
Placed,1,CSE,9.25,2,0.30095702492257703,0.991334281146784
Placed,1,Civil,8.48,2,-0.26332384484391197,2.0008608154811083
Not Placed,0,ENTC,5.33,1,-0.671479156145241,-2.6577358171012926
Not Placed,0,ECE,7.06,0,-1.1927049326984076,-0.7836463992311892
Not Placed,0,CSE,7.8,1,-0.5815042664161231,-0.26181666184040875
Not Placed,0,CSE,6.77,0,-2.0071954001668075,-0.7997691895102069
Not Placed,0,Civil,6.73,0,-1.4210588508577375,-1.3725139328299911
Placed,1,IT,7.34,3,1.5427747291425615,-0.1833291035118681
Not Placed,0,ENTC,7.99,0,-2.4665783930136347,1.5491246966607128
Not Placed,0,ECE,8.22,0,-1.7481804952048532,0.917911723647423
Not Placed,0,Civil,7.39,0,-2.520780219118213,0.3338626836695145
Not Placed,0,CSE,7.32,0,-2.1607658326937167,1.315195826739313
Not Placed,0,CSE,6.98,0,-2.854096458735786,1.5199473625071218
Placed,1,ENTC,8.13,1,0.9867971369512996,-0.6367989928509691
Not Placed,0,Civil,8.07,2,0.4151755914682812,0.9205532925706196
Placed,1,Mechanical,8.47,2,1.071381909406903,2.20120372905139
Not Placed,0,CSE,7.81,2,0.13719204428938755,-0.0586500098005097
Not Placed,0,CSE,6.59,0,-2.5106198417126024,-1.9797447768742162
Not Placed,0,ENTC,7.4,2,-0.6354013592210379,1.4604794945984623
Placed,1,ECE,8.43,1,-0.3945039014692544,-0.8809829927329235
Not Placed,0,IT,6.22,1,-0.9149525604846848,-1.1080955779520103
Not Placed,0,IT,7.63,0,-1.7377140366307708,0.8035470453478778
Placed,1,IT,7.94,1,0.5746876833320127,-0.9638517018664482
Not Placed,0,IT,9.4,2,-0.8284258781861916,2.982819148733097
Not Placed,0,CSE,7.19,1,-0.5053238830477751,-1.1075728494745265
Not Placed,0,Civil,7.6,3,1.3678716046769606,-0.09651126131248088
Not Placed,0,ECE,9.13,2,0.6101062668463199,2.1620452178995504
Not Placed,0,IT,7.2,1,-0.3172738485981914,-1.8047179103246516
Placed,1,ECE,8.61,3,3.1221931218797403,0.36416422469428533
Placed,1,CSE,8.03,2,1.8176674800438926,1.966292564601134
Not Placed,0,ENTC,7.51,3,2.2695212900892363,-0.6771086802333208
Not Placed,0,Mechanical,8.08,0,-1.3587908890636378,-0.41904684588252267
Placed,1,IT,7.57,3,1.4800110266834616,-0.027536882516687518
Placed,1,Civil,9.62,3,4.361930712716653,-0.8553056496830034
Not Placed,0,IT,5.94,0,-4.4502089479926505,-1.7426895921840404
Not Placed,0,ENTC,7.46,1,-0.3391901980841428,-0.19665105834138635
Not Placed,0,Mechanical,7.48,0,-2.674358795506645,1.0671522083880527
Not Placed,0,ENTC,7.59,1,0.7745712968105956,-1.0674943024036632
Placed,1,IT,8.62,3,2.988275805854208,-2.2201588505547996
Not Placed,0,IT,7.32,0,-1.8584223493891265,-0.014748481892360004
Not Placed,0,IT,8.12,1,-0.23558344320463226,-0.6652902381366548
Placed,1,IT,7.9,2,-0.5011917764819821,0.19487357395895552
Placed,1,IT,8.41,3,6.057650417633283,0.15182824767612585
Not Placed,0,IT,7.58,0,-2.024770726287209,0.624224020417166
Not Placed,0,CSE,7.97,1,-1.0478333262324455,0.29644647497592463
Not Placed,0,IT,7.6,1,0.49630362226284835,-0.933453233952054
Not Placed,0,CSE,6.86,0,-1.0522658125712059,-0.3634695795894398
Placed,1,ECE,9.06,3,4.839726665349193,1.8213316570729687
Placed,1,IT,7.05,3,3.2294800659564413,-2.0141590639457396
Placed,1,ECE,7.29,2,0.8488627082631032,1.0673200682361426
Placed,1,ENTC,6.97,1,1.316608254998776,-0.8351592250174621
Placed,1,CSE,8.04,1,1.7557233680486646,-1.2463503646635306
Placed,1,CSE,7.29,3,1.5368395103052854,-1.1060516380722896
Placed,1,ENTC,8.99,1,1.279146009628595,-1.4255160997317748
Not Placed,0,CSE,8.15,2,-0.6206199747989957,1.8987289725028553
Not Placed,0,CSE,7.46,2,-0.5014095314229443,1.5754331215035382
Placed,1,ENTC,6.93,1,1.2672105354334662,-0.6691417074811498
Not Placed,0,ENTC,7.61,0,-2.055004145063763,0.7886211149951293
Not Placed,0,CSE,8.14,3,2.9491274089019393,-0.6937522547000723
Placed,1,CSE,7.66,3,1.2793417703571914,0.49877764236727873
Not Placed,0,ENTC,7.58,0,-2.242104935226366,0.4990983034217692
Not Placed,0,CSE,6.83,0,-1.7399233969551913,0.4594682423286979
Not Placed,0,ECE,9.61,2,0.19012953491659484,1.6886574997971369
Not Placed,0,IT,7.53,1,0.34590075068183035,-0.14893618045495777
Not Placed,0,IT,6.53,1,1.0176302002963609,-2.0371930505035056
Not Placed,0,CSE,6.79,0,-2.659972915274912,-1.5058297508880374
Not Placed,0,ENTC,7.41,1,-0.6497298957020322,-0.03303225228019449
Not Placed,0,CSE,9.35,3,1.9128684408381493,-1.5794853738856267
Placed,1,Civil,7.56,3,2.477834830504113,-0.2978022975592309
Not Placed,0,ENTC,7.38,2,-0.2667224647161388,1.3085818401311136
Placed,1,ENTC,8.42,3,1.4479137677340987,0.642847196731524
Not Placed,0,ENTC,8.48,1,0.029253557831991222,-1.4397620553611872
Placed,1,CSE,8.26,2,-1.0272088197738425,1.8571335965730191
Placed,1,CSE,7.87,3,2.9633291908317454,-0.1018793016063338
Not Placed,0,IT,6.76,1,-0.37004809611282796,-0.6661363924976064
Not Placed,0,CSE,7.06,1,-0.7303258621485027,-0.34142602403433764
Not Placed,0,IT,6.35,0,-2.4456938272193676,-0.6357274726194367
Not Placed,0,ENTC,7.51,0,-1.3488604219698501,0.21847025755131724
Not Placed,0,ENTC,7.34,0,-3.215861916799922,-0.3384509781456849
Not Placed,0,IT,7.25,0,-3.214383785931905,-1.3744264448306844
Not Placed,0,CSE,7.94,2,-0.7401321675790972,1.2730872513757672
Not Placed,0,ECE,7.14,0,-1.7901795136120162,-1.6005417431142759
Not Placed,0,ENTC,7.41,3,2.5283895643992222,-1.1651124979104617
Placed,1,Civil,7.29,2,0.9765958168500006,1.3515709618259995
Not Placed,0,IT,7.67,0,-1.7511165900846257,-0.7222488393371169
Not Placed,0,CSE,8.01,0,-2.5351355750074296,0.7361486441945679
Not Placed,0,Mechanical,6.56,0,-2.1892634044908976,0.12438388233246518
Placed,1,IT,8.09,3,3.0721194545043864,-0.5397406203947436
Placed,1,ENTC,7.92,3,1.6609877833042974,0.2622148210087201
Placed,1,IT,8.06,1,0.430589329333898,-0.4724559301982065
Placed,1,CSE,7.81,2,0.41699853130370756,1.3384858642974675
Not Placed,0,ECE,8.01,3,2.333967218367332,-2.0739687391087496
Placed,1,ENTC,7.35,1,-1.1252688879890291,-0.7249072519723515
Placed,1,IT,8.08,3,4.4665485922440995,-2.1601554650302197
Placed,1,ENTC,8.67,3,1.6061714565111311,0.03104270762388871
Not Placed,0,Mechanical,7.28,0,-2.421365805703374,-0.9170671877209164
Not Placed,0,ENTC,7.31,0,-2.6472385648076364,0.9284432585382245
Placed,1,Civil,8.24,2,1.3981097423281659,0.8562545552697975
Placed,1,Mechanical,7.23,2,0.8344295102853612,0.8672353535388428
Not Placed,0,ENTC,7.09,0,-1.9312281899997716,-0.024973573907287754
Placed,1,CSE,8.06,3,2.6115864572156946,1.3409884544543829
Not Placed,0,ENTC,7.33,1,0.24977631628881589,-0.267194351514538
Placed,1,Civil,8.74,2,1.2981764747509197,1.6915906915300551
Not Placed,0,ECE,7.3,1,-0.8234581236690476,-1.711295200680509
Not Placed,0,CSE,7.0,0,-1.9957501532015818,-0.5951724471156628
Placed,1,CSE,7.7,1,1.3733239772900623,-0.7557108157284933
Not Placed,0,ENTC,8.07,2,0.3360312513938714,0.8551224351769302
Not Placed,0,Civil,7.97,2,0.042160456609089805,0.6344159197446492
Placed,1,IT,8.16,1,1.624561035659693,-1.5544862781825457
Not Placed,0,Civil,7.23,0,-2.2676270509062224,-0.3099150449843256
Placed,1,CSE,8.67,2,0.2424136159397697,3.3388606565701506
Not Placed,0,CSE,6.29,0,-3.224300609193286,-1.3025678219142085
Not Placed,0,Mechanical,7.04,0,-2.6201168944758497,2.0433862909148672
Not Placed,0,Civil,7.73,0,-2.7058112727219314,0.504331579588095
Not Placed,0,CSE,7.11,0,-1.3787350907495177,-0.2906652164048496
Not Placed,0,Civil,7.44,1,-0.5966569882959578,-0.9448782203806099
Not Placed,0,ENTC,6.87,0,-1.2870908206263691,-0.2583159897643281
Placed,1,Mechanical,7.52,3,2.1518960709925548,-0.13287322351661718
Placed,1,Mechanical,8.09,2,0.8537786493945468,2.829237644863959
Not Placed,0,CSE,7.24,0,-2.6437213080784527,0.6728948849125966
Not Placed,0,IT,6.95,1,0.062205370187831406,-0.4069159459878646
Not Placed,0,IT,7.31,1,-0.6334061516479044,-0.4037614060739235
Placed,1,IT,8.64,3,1.7149059678624043,0.18851693640376832
Placed,1,CSE,8.63,3,1.6728201893135701,-0.23681054077099215
Not Placed,0,IT,7.29,1,0.580994385797251,-0.9323003523033196
Not Placed,0,CSE,8.13,0,-1.4702184833018448,-0.7502681341810917
Not Placed,0,ECE,7.68,2,-1.175163996049041,1.6414000926276662
Placed,1,IT,8.79,2,1.031275575375683,2.047470169690418
Placed,1,CSE,7.86,2,0.6016643848353462,0.7034408656138813
Not Placed,0,CSE,7.53,3,1.6446404027857158,-0.3393771869331041
Placed,1,IT,9.06,3,3.0398858936375857,-0.7423178637007151
Not Placed,0,ECE,6.91,1,-0.9705488482389573,-1.9846298637270183
Not Placed,0,Mechanical,7.97,0,-2.3210797931901097,-0.8889523797043012
Placed,1,ECE,8.86,2,0.9000325686097647,2.372050881183272
Not Placed,0,ECE,8.27,0,-2.12616430671676,1.0456881949866066
Not Placed,0,Civil,7.05,0,-1.9744891421214552,-0.37764873837036783
Placed,1,ENTC,7.01,2,-0.11947416243877296,0.5883707518278426
Not Placed,0,IT,6.5,1,-1.6316383619323915,-1.6194949780891283
Placed,1,IT,8.96,3,2.469036634405751,0.8511624806817902
Placed,1,ECE,6.74,1,0.38597875757176364,-1.248793024910089
Not Placed,0,ECE,8.31,1,0.47177475164466537,-0.21690866036432252
Not Placed,0,ENTC,6.49,0,-1.764064783746881,0.844692784687874
Placed,1,IT,9.87,2,1.9141041622952135,1.9380296650541016
Not Placed,0,Civil,6.55,1,-0.0955640933287177,-0.6901270019611727
Not Placed,0,CSE,7.74,2,-0.7154476832706345,0.3638245039115091
Not Placed,0,Mechanical,8.73,2,0.37285673780444195,0.613088299758313
Not Placed,0,CSE,7.1,0,-1.629511025618767,-0.6910012552384125
Not Placed,0,IT,8.18,2,-1.3107569869526665,1.5803442915346173
Not Placed,0,CSE,7.46,1,-0.4093498125786859,-0.8026490223952845
Not Placed,0,CSE,8.03,0,-1.8908329117065157,1.1696428182102028
Not Placed,0,CSE,8.62,3,1.5426649733940674,-0.3074297047016879
Not Placed,0,Mechanical,7.34,2,-0.6758797074027352,0.5030724542900594
Not Placed,0,CSE,8.97,1,-0.031121306101567433,-0.3955156286780628
Placed,1,IT,8.0,0,-2.6020551567939667,2.277869834449648
Not Placed,0,CSE,9.36,3,2.1726808708375858,0.8646317489599047
Placed,1,ECE,6.99,3,2.8887468474788864,-2.315797595606455
Placed,1,IT,7.15,0,-1.3830185466521179,-0.03960703356022179
Placed,1,IT,7.5,1,1.1351055277225275,0.18889143896062316
Placed,1,Mechanical,6.67,1,1.8627200406137214,-2.3569218289215597
Placed,1,CSE,8.49,3,5.17547463735282,-0.25602800494138395
Not Placed,0,Civil,7.64,0,-2.2403495563881823,1.167334062329823
Placed,1,IT,6.73,1,1.4249939362688904,-1.3682105999906031
Not Placed,0,ECE,7.0,0,-2.712040275802229,1.7038222423275866
Not Placed,0,ECE,6.96,0,-3.195343057085868,0.19292486154820382
Not Placed,0,IT,8.49,0,-2.0981099786307804,1.5452000446813792
Not Placed,0,ECE,8.09,1,-0.08250117237218528,-0.18410237553768347
Not Placed,0,CSE,7.59,0,-2.653749721226962,1.767045405703159
Placed,1,CSE,7.39,3,2.369395065319997,-0.8816762655042691
Not Placed,0,Mechanical,7.5,1,-0.8621249221932406,-1.2604989238612119
Placed,1,Civil,9.21,3,3.903224921077556,2.0815244583833605
Placed,1,IT,7.5,2,-0.9476331683259556,0.9153229006080199
Not Placed,0,ECE,8.43,1,-0.15868974860602542,-0.1337589502381561
Placed,1,IT,7.42,2,-0.16668377882886937,0.7379281537759743
Placed,1,IT,9.13,3,3.0750529885656164,0.6074510190829949
Not Placed,0,IT,6.66,0,-1.8267070305888424,-1.4350967282855467
Placed,1,ECE,8.39,1,0.9790589071892154,-1.2441121914557585
Not Placed,0,ECE,7.05,2,-1.834157269761967,1.8032423818596612
Not Placed,0,CSE,9.58,2,0.031020904995902772,0.8212995423771091
Not Placed,0,Civil,8.29,2,0.1083811951929388,0.6198196320067559
Not Placed,0,ENTC,6.25,1,-0.6799287842426148,-2.6538574862954176
Not Placed,0,IT,6.91,1,-0.318298116119051,0.05452493989618805
Placed,1,IT,8.28,2,-1.6404389397955697,3.3257066436704092
Not Placed,0,ECE,8.26,1,0.8805034847223852,-0.37980127542045816
Placed,1,CSE,8.2,2,1.217992260136988,0.46831496591757893
Placed,1,IT,7.83,1,1.531144944513541,-2.1029135870345708
Not Placed,0,IT,7.43,1,-0.2547807224862929,-1.296871264920512
Placed,1,CSE,8.62,1,0.8375949573195567,-0.4912114197941959
Not Placed,0,CSE,6.97,1,-1.004585576733633,-0.7063400023952023
Not Placed,0,ECE,7.75,2,-0.6566378103129541,1.813842284959896
Not Placed,0,ENTC,7.17,1,0.9663174424606709,-1.9254806639092878
Not Placed,0,Civil,7.11,1,1.2562378372589902,-1.6793082977847318
Placed,1,ENTC,7.31,3,1.8940177770984477,-1.1000052557084465
Not Placed,0,CSE,7.08,2,-0.4395800935521677,0.3231965727972908
Not Placed,0,CSE,8.17,2,-0.14831878890609818,1.6914910107951968
Not Placed,0,IT,6.45,0,-3.300639226443553,-2.1243337707879006
Not Placed,0,Civil,8.07,2,-1.2325236328053235,3.1413794948459244
Not Placed,0,CSE,7.16,3,1.3620513014783284,-1.4516502007331746
Not Placed,0,CSE,7.73,0,-1.8177006563490505,0.6891712734007338
Not Placed,0,ECE,7.56,1,-0.13339426410299163,-0.1944794992709299
Not Placed,0,CSE,7.28,2,-0.5413894014594828,1.291055831217344
Placed,1,Civil,8.73,3,1.5526108655784214,-0.02997767264162262
Not Placed,0,IT,7.38,1,0.6349154055946492,-0.7443322736898405
Not Placed,0,CSE,8.3,2,0.10877991192342266,0.8747437153381089
Not Placed,0,Civil,8.31,1,0.47224323517157557,-0.06451844148213831
Not Placed,0,CSE,7.47,2,0.19244473330247955,1.3681884371244606
Not Placed,0,CSE,6.63,1,-0.4081829910171848,-1.20331896010623
Not Placed,0,ECE,6.95,0,-2.809593947275759,-1.2677076834104344
Not Placed,0,ECE,8.79,3,1.8943120688002404,1.2438189277199154
Not Placed,0,IT,8.12,1,-0.4447481017698635,0.03581361654653142
Placed,1,CSE,7.82,3,3.7795397656458563,-0.6084399958113257
Not Placed,0,CSE,7.22,2,-0.5824005290299233,1.636389871791321
Placed,1,CSE,9.17,3,3.9813017163023057,-0.15115145008101816
Not Placed,0,CSE,6.96,0,-1.285327817264799,0.6912038031344245
Not Placed,0,CSE,7.82,2,0.8627836880880798,1.9997067262511636
Not Placed,0,ENTC,8.13,1,1.355751606589264,-0.851214567206096
Not Placed,0,ECE,6.59,1,-0.17288075889410157,-1.9403943848305332
Not Placed,0,CSE,7.06,2,-0.3336757606680825,0.21702580595569995
Not Placed,0,IT,7.31,0,-0.9807191079971637,-0.0261030154420081
Placed,1,CSE,8.43,3,3.1302714161657876,-1.2842812214046027
Not Placed,0,IT,7.33,0,-1.5211503946056901,-0.22242859078208665
Not Placed,0,Civil,6.48,1,-1.6541872388008814,-1.798811798804846
Placed,1,IT,6.4,0,-2.435420439534565,0.552472919058138
Placed,1,Mechanical,7.05,3,2.95216024758375,-2.866082649635566
Not Placed,0,ECE,6.43,0,-3.358390986993819,0.6093942885190697
Not Placed,0,ENTC,8.35,2,1.2485210826684165,1.0511745577586806
Placed,1,Mechanical,8.39,1,1.048593959197649,-0.652177308143577
Placed,1,ENTC,7.71,0,-1.7311238718964699,0.4496706835143754
Not Placed,0,ECE,7.48,0,-1.3288981675146705,0.6034271204344612
Not Placed,0,CSE,8.33,2,-0.04782006732219274,1.2842260422571075
Not Placed,0,ECE,8.3,1,-0.8182026230722395,-0.23010774965331363
Not Placed,0,IT,6.86,2,-0.28157392749750626,0.23801984098101311
Not Placed,0,CSE,6.98,1,-0.4836179887604485,-0.40389299155048153
Not Placed,0,Mechanical,8.3,1,-0.36200790606370203,0.027111956019894298
Not Placed,0,ECE,7.93,3,1.7443142841027108,-1.731930169612488
Placed,1,CSE,8.22,2,-0.579953855064346,0.6468957013758887
Not Placed,0,Mechanical,6.94,1,-0.19912934651492437,-0.31951229379097507
Not Placed,0,IT,7.06,2,-0.3265923194154892,0.5596028624079603
Not Placed,0,Mechanical,8.09,3,0.9583307844887035,-0.20477520325161658
Placed,1,ENTC,7.12,1,-0.19072378135463983,-1.6149921760016692
Not Placed,0,IT,6.41,0,-1.9923161970000454,0.841790877446366
Not Placed,0,IT,7.13,1,-0.073228632837639,-2.061114149795412
Not Placed,0,Civil,7.53,1,-1.0450563093417145,-1.1962541183280224
Placed,1,IT,9.15,3,2.804121414811428,-1.0801165848458816
Not Placed,0,Civil,6.99,1,0.9311326934271358,-1.381498840748284
Not Placed,0,CSE,7.65,1,0.9682109761607619,-0.6716590146206812
Placed,1,CSE,9.44,3,3.736644530641549,0.9179978231036577
Not Placed,0,ECE,6.77,0,-2.1666301904896805,-1.387246697170472
Placed,1,CSE,8.26,2,1.1174901877202807,1.462342761177466
Not Placed,0,CSE,7.1,1,1.4019284493964919,-2.3698823032189105
Not Placed,0,ECE,8.04,1,0.3787564466518061,-0.18579753486903838
Placed,1,CSE,9.68,2,1.698816069768706,4.310603616587429
Not Placed,0,IT,8.37,2,-0.4386972625142486,1.8470593345907163
Not Placed,0,ENTC,7.83,1,0.43989453909487286,-1.2958656579072796
Not Placed,0,CSE,6.89,0,-1.6711122882840561,0.17030510928576992
Not Placed,0,ECE,7.55,1,-0.4490118201752982,-0.8142131588874273
Placed,1,CSE,7.22,3,2.655690208850098,1.0748658976714758
Not Placed,0,ECE,6.47,0,-1.933076257619556,1.6315005839965302
Not Placed,0,IT,5.89,1,-0.5592456005986929,-1.9133937360474378
Not Placed,0,Civil,6.99,0,-2.4106400445322507,-0.2262368258431239
Placed,1,CSE,7.67,3,2.152886946594483,-1.6355396881358546
Placed,1,Mechanical,8.65,2,0.9443965905928752,1.1410098488373175
Not Placed,0,ENTC,7.07,0,-2.378628933469527,2.0150585452975793
Not Placed,0,ECE,7.86,2,-1.1630075996205795,1.0062776520701602
Not Placed,0,CSE,6.25,0,-3.7772089847207377,-0.45376370076721684
Placed,1,IT,7.02,1,-0.22871842438677648,-0.680327999088288
Not Placed,0,CSE,5.62,1,-0.3710571673375225,-2.3149388159983597
Placed,1,ECE,9.6,3,2.855950405853744,1.0896466413076327
Placed,1,CSE,7.87,2,-0.2546108864944879,1.6816881950508316
Placed,1,IT,7.84,1,1.0076555087877106,-1.4914799635024127
Placed,1,CSE,8.15,2,0.4524461322335112,1.5989821157814332
Placed,1,IT,9.85,2,1.3621275352909028,2.3137647022235948
Not Placed,0,CSE,7.33,0,-1.3016139577769543,-0.05956843193892548
Not Placed,0,CSE,6.87,0,-0.9807341698078011,0.3241141649052527
Placed,1,IT,9.4,2,1.2025881136252197,2.2424558185947556
Not Placed,0,IT,6.65,1,0.5604921127531074,-0.9877972682350464
Placed,1,IT,8.8,2,0.5664440552454129,0.5227130202157799
Not Placed,0,ECE,7.64,0,-1.160308334807644,-0.034718427825104606
Placed,1,Civil,8.07,3,1.6370909423115765,1.0203804756140822
Not Placed,0,CSE,6.48,1,-0.2927453824715773,-0.3007530107462956
Placed,1,ECE,9.9,3,3.9212812077209356,1.3730971757260901
Placed,1,IT,7.38,3,1.4041655121588363,-0.6540917148209666
Not Placed,0,ECE,7.1,0,-2.1077639585856116,-1.4314261855768493
Not Placed,0,IT,8.17,1,0.05154250107581264,-0.050959146811164265
Not Placed,0,ENTC,7.15,0,-3.4898228030149174,0.3201496508064884
Placed,1,ENTC,8.06,3,1.297651820705442,0.14614383872920303
Not Placed,0,ECE,6.63,1,-1.1346679097356736,-1.6561904422853198
Placed,1,IT,7.82,1,0.04903845157345766,-0.32244394114718267
Not Placed,0,ENTC,7.19,0,-1.2771835195116048,0.5256327140844256
Placed,1,IT,7.03,3,2.195826006109897,-1.0245174310356044
Not Placed,0,CSE,6.9,0,-2.537493023116618,1.0332537012142697
Placed,1,ENTC,8.45,3,3.1350963111368246,-0.6193112570655632
Not Placed,0,ECE,7.4,0,-2.9874141159836296,0.033103160450691005
Not Placed,0,ENTC,7.54,2,-0.30053900531802713,1.966711160085156
Not Placed,0,ECE,8.06,0,-2.736953324701534,2.098474262063803
Placed,1,ENTC,8.67,2,1.1493027401443876,2.8695735415614902
Placed,1,CSE,6.92,1,-0.5063346385424319,-0.6340286490427057
Placed,1,CSE,7.89,1,0.6249089145347204,-0.3026705580718957
Not Placed,0,CSE,6.93,0,-1.1357083825064525,-0.20817072030760642
Not Placed,0,ECE,7.52,2,-0.5315902253013048,0.6789266493783325
Placed,1,ECE,8.61,3,3.9463804748163698,-2.124994643406193
Placed,1,CSE,5.71,0,-1.358329321663386,0.9492634257177321
Placed,1,ECE,6.92,3,3.7468542753546683,-3.3623069606434366
Not Placed,0,IT,7.5,3,1.8915759711318678,-1.554438741679577
Placed,1,CSE,8.02,2,-0.5471975469311018,0.7128515873047849
Placed,1,Mechanical,8.74,2,0.934620699223503,0.7599037789941672
Not Placed,0,IT,6.26,1,-0.529980484826814,-3.1331176944021166
Not Placed,0,IT,8.9,2,-0.5587432638879147,1.0405635680543732
Placed,1,ENTC,8.14,3,1.6243768464020205,-0.9080743949684341
Not Placed,0,IT,7.5,1,-0.05089621251905595,-0.7760458641839335
Not Placed,0,CSE,6.45,0,-4.23090614671991,-0.8809156145528122
Not Placed,0,ECE,7.21,0,-2.434607865381171,0.5099071457122284
Placed,1,CSE,8.57,2,0.3181806083028662,1.487215146690004
Placed,1,Mechanical,7.72,2,-0.4920037614634211,1.4853960133286361
Not Placed,0,Mechanical,7.55,0,-1.0091784082109498,0.3957880349504274
Not Placed,0,CSE,6.87,0,-2.820050944436727,-0.18535545438295886
Not Placed,0,Civil,8.32,1,0.3543097984981484,-0.26252831131322707
Not Placed,0,CSE,7.57,3,3.38343478153221,-1.0437965557138786
Placed,1,CSE,7.5,3,3.0156783204327295,-1.3405437475606856
Placed,1,ECE,7.62,3,3.0083861478034404,-0.23484596371380412
Not Placed,0,CSE,7.15,1,-1.7546092540965146,-2.0282188834887585
Not Placed,0,CSE,7.01,1,-0.14992388205891652,-2.2065175556629657
Not Placed,0,CSE,6.41,0,-3.881947449112027,-0.6538397853282683
Not Placed,0,CSE,7.17,1,-0.13946828029353348,-1.4627832665980385
Not Placed,0,CSE,6.17,1,0.48159289564625385,-1.8604576589921389
Placed,1,CSE,8.11,3,1.7031854738556758,0.8909875665889377
Not Placed,0,Mechanical,7.13,0,-3.1417514066981136,0.04195791071872804
Not Placed,0,ENTC,7.37,0,-1.7254402024324178,0.3281263397389811
Not Placed,0,CSE,7.67,0,-1.8047381173877892,-0.32713509003049046
Not Placed,0,CSE,7.02,0,-2.0485122582360105,0.24693714934406394
Not Placed,0,IT,6.7,0,-1.30420841091895,-0.7276723274734419
Placed,1,CSE,7.89,1,0.32816611085944164,-0.10507365208042335
Not Placed,0,ECE,9.31,1,0.4720219233292035,-0.27302987708879156
Placed,1,ENTC,8.47,2,0.8717985673233875,1.5994006364820683
Placed,1,CSE,8.79,3,2.7840152686664523,0.7830844340747374
Not Placed,0,Mechanical,6.6,1,-1.3057669924974973,-1.5006979104427094
Not Placed,0,ENTC,7.54,0,-2.8559234711598256,0.18085510424007412
Not Placed,0,IT,7.53,2,-0.4775591941361132,1.3683321490031486
Not Placed,0,Mechanical,8.91,1,0.05816006160237287,-0.5887862875153825
Not Placed,0,CSE,8.48,0,-1.7662388137329057,0.753512119976229
Not Placed,0,Mechanical,7.56,0,-0.9055193685226316,-0.22170594027528126
Not Placed,0,ECE,5.75,1,-0.9204552296356351,-3.235622048282051
Placed,1,CSE,6.72,0,-0.9353774235624177,0.5884293442050298
Placed,1,CSE,8.24,2,1.0017885246502598,0.8307072236011813
Not Placed,0,CSE,7.43,2,0.08107543752992544,0.2577309780532443
Not Placed,0,ENTC,7.61,0,-1.427921887075112,0.6328582771074472
Not Placed,0,ENTC,8.22,2,-0.6394028562675883,1.0606163341508887
Placed,1,CSE,8.66,3,2.9972340708329863,0.9961052408780676
Placed,1,ENTC,7.04,1,-0.3050299674443474,-0.7712662919875548
Not Placed,0,CSE,8.2,2,-0.5441123761466357,3.6968644862675215
Placed,1,CSE,9.07,3,2.8523525909817637,0.7550038562519069
Placed,1,CSE,8.91,3,2.767056327976006,0.5647739832405443
Not Placed,0,ENTC,7.25,0,-2.4328759501389503,2.004400771963692
Not Placed,0,ECE,7.95,0,-1.9154044425498504,1.735550730856589
Not Placed,0,CSE,8.34,2,-0.36943125963479356,0.5309785353410472
Placed,1,ECE,7.72,3,4.0191765417680845,-0.09387725761536732
Not Placed,0,Mechanical,7.49,3,2.474425606416865,-1.078815395547678
Not Placed,0,IT,6.23,3,1.2221662904020163,-0.9568283041790119
Placed,1,CSE,6.96,2,-0.26509638765724836,1.532453928685317
Not Placed,0,CSE,7.11,0,-2.6948789506095423,-1.2165638372388805
Not Placed,0,IT,6.63,0,-3.7976133990015346,0.1853638472126461
Not Placed,0,CSE,7.79,0,-2.2853710206387654,0.7810386426223122
Placed,1,ENTC,8.44,3,2.3232478991760845,-0.7714486600082643
Placed,1,CSE,7.34,1,0.6008499411591873,-2.5750522092980948
Not Placed,0,ENTC,5.83,0,-3.1303040972227887,-1.8962451507804825
Not Placed,0,Civil,7.6,2,-0.16656755228701686,0.5784081590545717
Placed,1,CSE,7.93,2,-0.24244495785924902,0.7806532021569821
Placed,1,CSE,7.88,1,0.4132613079192423,-0.4212269669274627
Not Placed,0,IT,7.09,0,-3.029344573137113,-0.44957199281283766
Not Placed,0,ECE,6.68,0,-2.4492485050357624,0.7717577845479789
Not Placed,0,CSE,8.45,1,0.9417608287921329,-0.7999437726910443
Placed,1,ECE,8.0,2,-0.7669611307213613,1.2371711408613586
Placed,1,ENTC,7.12,0,-1.0521220945637721,-0.270805102403422
Not Placed,0,ENTC,6.42,0,-1.6508229163472363,-1.2987260732090011
Not Placed,0,CSE,7.89,0,-2.9871660218260025,1.0465612108351325
Not Placed,0,Mechanical,6.94,0,-3.3939424073838476,-1.0412910833397384
Not Placed,0,Civil,8.03,1,0.4289345924509635,-0.1062217874396158
Not Placed,0,ECE,7.83,2,-0.710771770826426,1.4791284981952273
Placed,1,IT,9.47,3,3.146068707873816,1.6764613653041125
Not Placed,0,ENTC,7.63,0,-1.258940047810062,0.23037017992152653
Placed,1,Mechanical,9.4,3,2.0326059558236134,0.4606759660426433
Not Placed,0,CSE,7.77,0,-2.6301805854344447,0.7596409541387679
Not Placed,0,ECE,7.13,0,-1.9286249075581123,-0.09230050274509985
Placed,1,CSE,6.8,1,1.1871629645978823,-1.2904400559233635
Placed,1,CSE,6.95,2,0.4656137466996773,0.417522275216728
Not Placed,0,ENTC,8.06,3,1.9644388104808175,-0.20425256602456382
Not Placed,0,Mechanical,7.81,1,0.1363161612308363,-0.61493621356352
Not Placed,0,IT,6.14,0,-3.8992108443059035,-0.3963460488370596
Not Placed,0,IT,8.57,2,-0.02082154516871749,1.3070121924078302
Placed,1,CSE,8.96,2,0.23528560580830346,1.1651873825842527
Not Placed,0,CSE,6.13,0,-2.3726446070139633,-0.11652353940246277
Placed,1,ENTC,8.56,3,3.0534797300534904,-2.375978198733537
Placed,1,IT,9.13,2,1.4383671955975648,1.7668422223134181
Not Placed,0,ENTC,6.17,0,-3.2217789700601833,0.4860473491958304
Not Placed,0,CSE,7.3,2,-0.6395731350885664,1.362796381128024
Not Placed,0,ECE,6.98,1,-0.9793440759872234,-2.0788921421208975
Not Placed,0,CSE,8.53,2,-0.9053562502076263,2.122686811883468
Not Placed,0,ENTC,7.35,3,1.2277578089861665,-0.36299598359592716
Placed,1,CSE,7.31,3,1.2404299174933897,-0.2542151071159186
Not Placed,0,CSE,8.06,2,-0.5175237779562413,2.4599504384839297
Placed,1,ECE,9.03,3,2.953729211343526,1.094024994034969
Placed,1,CSE,7.65,3,2.9772794836631027,-0.7330524650504147
Not Placed,0,CSE,7.3,0,-1.900493832314535,-0.6200059436761121
Not Placed,0,Mechanical,7.46,2,-0.368630531935274,1.3037050753361452
Placed,1,ECE,8.26,2,1.3878010572418844,1.8154002968335057
Not Placed,0,IT,6.57,0,-1.456752108737059,-1.4649003169539967
Placed,1,ENTC,7.69,1,2.158968758716919,-2.6923433739699543
Placed,1,CSE,6.9,0,-1.2198166036474272,0.21012494147765
Not Placed,0,CSE,6.68,0,-3.5481843979418994,-0.328148628471985
Not Placed,0,IT,6.05,0,-3.345744642894465,1.5066358463667993
Not Placed,0,IT,7.26,0,-1.7906384466078447,1.1903054565743882
Placed,1,CSE,8.62,2,0.6056508000794545,0.6489615370140556
Not Placed,0,CSE,6.01,1,0.29227873945313904,-1.7262297830896443
Not Placed,0,CSE,8.16,0,-3.0700622837302367,0.1659605311943641
Not Placed,0,IT,7.15,1,0.10912044655702592,-0.12111764178621733
Not Placed,0,CSE,6.8,1,0.28308718232838737,-1.9394560530907403
Not Placed,0,CSE,7.99,1,0.4738588923981951,0.010887988121371097
Not Placed,0,ECE,8.81,2,-0.8612151308312105,1.2161015974551956
Placed,1,CSE,8.97,3,1.674349287836241,-0.06797749353800155
Not Placed,0,CSE,7.94,1,-0.1674843541692372,-0.7775038575125184
Placed,1,CSE,7.64,3,2.118087112871045,-0.60535976295946
Not Placed,0,CSE,8.03,1,0.11372098484165137,-1.8204849925930902
Placed,1,ENTC,9.81,3,3.1676988426886834,2.1532678253433932
Not Placed,0,ECE,7.45,1,1.2840068569684857,-0.45901900572552307
Placed,1,ECE,8.66,2,1.8530167517165175,1.976502701798543
Not Placed,0,CSE,7.2,0,-2.1783364110381838,0.2249678705591086
Not Placed,0,CSE,6.99,2,0.24637373363683665,0.8109632576680775
Placed,1,ECE,9.2,2,0.6944111950333354,0.8604102859143891
Placed,1,Civil,7.7,1,1.3624251591783458,-0.19979066225307085
Placed,1,CSE,7.89,1,0.8372965890484648,-0.2202477441831919
Not Placed,0,ECE,8.16,2,-1.1169783453815176,2.5985391232363715
Not Placed,0,CSE,6.94,0,-0.9853715596353975,-0.4465554477935022
Placed,1,Civil,7.33,3,2.9340105805491326,-0.03674839165251748
Placed,1,CSE,7.15,3,3.1858700907869912,-0.532216198803322
Placed,1,CSE,7.98,2,1.175421573224175,1.0653872755212488
Not Placed,0,CSE,8.01,1,-0.4301226060931084,-0.9332966290891178
Not Placed,0,ECE,7.19,0,-1.256733200892693,0.3358158195943483
Placed,1,ECE,9.42,2,2.192275261726772,2.975702368350239
Not Placed,0,ENTC,7.68,2,-0.28982009589029206,0.4758074690929527
Not Placed,0,ENTC,7.79,3,2.4108253625885196,-1.1496253235194498
Not Placed,0,CSE,8.84,2,0.1522533885625332,0.08506960227117431
Not Placed,0,IT,6.96,0,-2.8643510089844777,0.4560650122392831
Placed,1,Mechanical,7.26,1,0.45390262535706233,-0.54609397388669
Not Placed,0,CSE,7.94,2,-0.42611417459206136,-0.008336236800112232
Not Placed,0,IT,6.45,0,-2.58581717297425,0.6563807174823779
Not Placed,0,IT,7.5,2,0.08819192472523697,0.939933876609903
Placed,1,CSE,9.44,2,1.6200891612324766,1.1477524990495105
Placed,1,CSE,9.25,3,2.3455991894677113,1.8855832843089257
Placed,1,ECE,8.46,3,2.2741674231159053,1.9063221317440713
Placed,1,ECE,8.71,3,1.9518193746285404,-0.5824024834259356
Placed,1,IT,8.12,3,1.3314499925251941,0.13175078592841433
Not Placed,0,CSE,7.33,1,-0.8590651299049479,-1.7381559139713594
Placed,1,Mechanical,9.1,2,-1.1426417490271503,2.4909354364948273
Not Placed,0,ENTC,6.89,2,-0.11206849914930762,0.5319081163686021
Not Placed,0,Mechanical,8.52,2,-0.7359120398844186,1.1141192257509815
Not Placed,0,IT,7.27,0,-1.961543670524945,-1.2050444645652545
Not Placed,0,Mechanical,7.32,0,-1.6824440779379544,-1.024494669551716
Not Placed,0,Mechanical,8.16,2,0.7297772850465418,0.8606375035863838
Placed,1,CSE,9.43,2,-0.9536293782391696,1.5856355107977123
Placed,1,ECE,8.91,2,1.1631888006924105,1.7467295546132073
Placed,1,CSE,7.99,2,-0.0020303778089021136,1.5582913097186297
Placed,1,ECE,7.75,1,0.6987355564783295,-0.7272113197607809
Placed,1,ENTC,8.36,2,1.2936512855021718,1.6096834749121534
Placed,1,CSE,8.86,3,1.8815319882047041,-1.6264296033961914
Not Placed,0,IT,6.2,0,-1.7218338624488767,0.22243900738583983
Placed,1,CSE,7.59,3,2.9059865053466614,0.3307622183156213
Placed,1,ECE,6.81,0,-1.1092691202828013,0.5322580965807016
Placed,1,ECE,7.51,3,4.115600671673167,-1.7885056995698279
Not Placed,0,CSE,6.63,0,-2.5344778214800434,-0.526833874656107
Not Placed,0,Civil,6.16,1,-1.6874961921169003,-2.4514039761919615
Placed,1,IT,6.58,1,0.5851023465672065,-2.2788683666344145
Not Placed,0,IT,7.23,1,-1.051724888853922,-0.16200956667665622
Placed,1,CSE,8.2,2,-0.2960909385687783,0.3984424044496921
Not Placed,0,ENTC,7.01,0,-3.1951613417765117,0.10500587204819155
Placed,1,ENTC,6.96,3,4.614848888074386,-2.863499591784331
Not Placed,0,ENTC,8.04,2,-0.40353183096408196,0.3141966943501502
Placed,1,Mechanical,7.94,3,2.7055357398492084,-0.6187317356437823
Not Placed,0,CSE,9.15,2,0.7318311221255455,0.6692308635351241
Not Placed,0,CSE,8.49,2,-1.08095818725458,0.9551330232319934
Not Placed,0,ECE,6.83,0,-2.341862049433718,-1.1945089388012824
Placed,1,CSE,7.13,2,0.42051099617704846,0.5529393406742603
Not Placed,0,CSE,8.33,1,0.8071650903098629,-0.2807476955206734
Not Placed,0,IT,6.95,0,-1.549042569944396,0.5302181313453251
Placed,1,CSE,7.42,2,0.14179105109952517,2.286267363189084
Not Placed,0,CSE,6.25,0,-1.4943349966270614,-0.4085587915366152
Not Placed,0,IT,6.59,0,-1.815864450454698,0.1075548205217475
Not Placed,0,Civil,8.77,2,0.41878975241797406,0.6466847456683682
Not Placed,0,IT,7.84,0,-2.512315169677908,-0.7865559174165286
Not Placed,0,Mechanical,7.17,1,-0.2519230086330507,-0.6685807089186471
Not Placed,0,IT,7.28,2,-1.4206061661913336,2.4273129229019785
Placed,1,Mechanical,9.16,2,1.548719693724554,1.2721120579480658
Not Placed,0,CSE,7.14,1,-0.36459185716789705,-1.5984955111846053
Not Placed,0,IT,8.1,1,1.182935375725754,-0.07940011043423958
Not Placed,0,CSE,8.44,2,-0.516181632879208,2.273284264764154
Placed,1,CSE,8.93,3,2.7521643203153983,0.34751728389191144
Not Placed,0,ENTC,6.98,1,-0.8468924258934798,-1.0577319334989406
Not Placed,0,IT,6.51,1,0.1041061935402993,-0.26295034390409405
Not Placed,0,CSE,6.76,0,-1.4250002912322126,-0.8492845604066291
Placed,1,ECE,8.32,2,0.7156499667234895,0.7703785247331052
Placed,1,ECE,9.39,3,2.604924533346674,-0.4879111492365941
Placed,1,CSE,8.35,3,6.005926296069385,-3.3838368012316327
Not Placed,0,IT,7.14,2,-1.8642831137227447,2.9377493062123876
Placed,1,CSE,8.71,3,1.7840905382316485,0.25512453881741276
Not Placed,0,CSE,7.3,2,1.397413994605783,1.4867640955723416
Not Placed,0,ECE,6.99,1,0.37833352160643974,-0.5957634953635375
Placed,1,CSE,7.42,1,0.7252759408919092,-1.690729367309046
Not Placed,0,Civil,7.21,1,0.8475703136850085,-2.607504517730013
Not Placed,0,ECE,7.1,1,-0.9918678221671734,-1.9955030278566588
Placed,1,CSE,8.74,2,1.108966179928102,0.5472301638900237
Not Placed,0,ENTC,7.26,0,-4.037981372510849,-0.8072545477186869
Not Placed,0,Civil,6.35,1,-0.4257884042765931,-2.4744228764693585
Not Placed,0,ENTC,8.2,0,-2.557424761931992,2.459364408588246
Not Placed,0,ECE,6.89,1,-0.11904296168166024,-1.209514355995036
Not Placed,0,Mechanical,6.92,1,-1.01997921457564,-2.631174940496709
Not Placed,0,IT,8.3,0,-2.0230468510586608,-0.9639017940673132
Not Placed,0,ENTC,7.08,3,3.1898121288403742,-1.815102888125921
Placed,1,ECE,7.32,3,1.9921945340293112,-0.4782832392743265
Not Placed,0,CSE,7.74,2,-0.2791612645449731,-0.1388741504931373
Not Placed,0,Mechanical,7.46,2,-1.4137403244650468,1.9725345550946982
Not Placed,0,ECE,7.34,1,1.471310618352903,-1.2045068652573783
Not Placed,0,ECE,5.71,1,-0.07087935021875817,-2.8653676975643494
Placed,1,Mechanical,7.55,2,0.6985583734680143,1.7083151466414934
Placed,1,ECE,9.07,3,3.498058227259009,-1.186036141695678
Placed,1,CSE,8.24,2,0.6325374877596874,0.4590280463846554
Placed,1,IT,7.38,1,0.3700382572264244,-0.018070755475707745
Placed,1,CSE,8.1,1,0.9674412566625812,0.6439707748414336
Placed,1,CSE,8.23,3,2.4180877335936173,-0.24182257712631644
Not Placed,0,ECE,6.98,1,-0.8041279528968921,-3.0965189915245874
Placed,1,ENTC,8.77,2,0.02278116835121573,1.2599499753038295
Placed,1,CSE,7.84,0,-1.4067788255374598,0.4098067368683219
Not Placed,0,Mechanical,7.43,2,-0.27659647738182314,0.33529446982244593
Placed,1,ENTC,9.05,3,2.3651475419642822,0.7727407701089616
Not Placed,0,Civil,5.94,0,-2.056349767801881,-0.7249731873508104
Not Placed,0,IT,6.7,0,-3.160506217247634,-1.043314054463455
Placed,1,CSE,8.25,3,1.8947459507410567,1.3522392384677795
Not Placed,0,ECE,8.27,2,-0.06495841606552415,1.5206809267021857
Placed,1,ENTC,9.1,2,0.7092128826599565,1.6279138439481828
Not Placed,0,Mechanical,5.78,0,-4.384108429311173,-0.12757371061683678
Placed,1,Mechanical,8.43,2,1.6586647187595913,1.313953540962165
Not Placed,0,CSE,6.64,1,0.9012790920029726,0.2311807174756612
Not Placed,0,CSE,8.06,1,-0.8368732666951175,-1.4567445907691134
Placed,1,ECE,7.64,3,1.3215697327404132,-0.13946887413748188
Placed,1,IT,8.42,3,1.7144696976193368,0.4393989669426805
Not Placed,0,Civil,7.5,1,-0.21807991506162422,-1.8340334738761845
Placed,1,ENTC,8.56,3,2.101532039821001,1.2337689535840082
Not Placed,0,ENTC,7.0,1,-0.2523557483059555,-0.16529392501382137
Placed,1,Mechanical,7.63,3,2.1262893719701466,0.8254354444326588
Placed,1,IT,7.86,2,-1.1540314636750522,2.6128927129539763
Placed,1,CSE,9.13,3,3.4782803156812476,0.45034144923296315
Not Placed,0,ECE,8.41,2,0.828971768434845,1.6214670557642028
Placed,1,ENTC,7.87,1,0.4967405904356913,0.2260544455856294
Not Placed,0,ENTC,8.24,0,-2.4481097939898313,0.9616264311975131
Not Placed,0,IT,8.62,2,-1.2905720296785201,1.5223561467963382
Placed,1,ECE,8.02,2,0.14096914867781277,0.9884145132809535
Not Placed,0,CSE,6.83,0,-2.4170752025534967,-0.11657904703956695
Not Placed,0,CSE,8.23,3,1.5785291941493094,-0.7434722776251022
Not Placed,0,Civil,7.68,2,1.4697992549155974,0.909546842170801
Placed,1,IT,7.4,3,2.0779558126493662,-1.1993059129755554
Not Placed,0,IT,7.03,2,-0.2471929730466437,0.9833843800454116
Placed,1,CSE,8.19,1,0.55137851697965,0.0528577375675123
Not Placed,0,Mechanical,8.14,2,-1.4126490623234162,1.4529570513785626
Placed,1,IT,6.89,3,2.883519931290798,-0.9442991310905455
Placed,1,IT,6.76,1,1.0528524737766138,-1.2866291866353825
Placed,1,CSE,9.31,2,0.39618909255166435,1.7852461628609075
Placed,1,ECE,8.43,3,3.753438877417758,-1.49721640640321
Not Placed,0,IT,7.77,2,-1.4724222749173368,1.88551536316093
Not Placed,0,ENTC,8.22,1,0.1029640613418251,-0.2586591333023961
Not Placed,0,ENTC,7.3,1,-0.5689568834760889,-1.0700455380140357
Not Placed,0,CSE,7.55,2,-0.018859027683083927,2.1218842437510363
Not Placed,0,IT,7.72,1,0.49406625260304904,-0.957268703519519
Placed,1,CSE,8.52,3,4.555800014579443,-0.4817307757388611
Not Placed,0,IT,6.5,0,-4.012058176051453,-1.4968605871107767
Placed,1,CSE,6.83,2,-0.30055449161097053,0.8796758764524415
Not Placed,0,ENTC,6.66,0,-2.8494175179934733,-0.31150187030147536
Not Placed,0,IT,8.43,2,1.3260495163415402,1.1230429478315571
Not Placed,0,IT,7.61,1,0.9345147484557736,-0.5942926276830871
Not Placed,0,IT,6.92,0,-1.415411673975439,0.2101036135971574
Not Placed,0,IT,7.51,1,-0.376171849892753,-0.4103048414561712
Not Placed,0,CSE,7.16,2,-0.4116376266389238,0.30060079980799226
Not Placed,0,CSE,6.48,0,-1.6000691890253635,0.14131166485683536
Placed,1,ENTC,8.77,2,-0.1960237122575756,2.8615399025807617
Not Placed,0,IT,7.57,1,1.0787480896412605,-1.09612230161199
Placed,1,CSE,8.79,3,2.5925009726386357,1.1866075843145287
Not Placed,0,Mechanical,6.47,1,-0.2945290753736582,-2.2206324754013664
Not Placed,0,CSE,8.13,0,-1.2475125329054775,0.7120258934481951
Not Placed,0,ENTC,6.47,2,-0.6053158606093503,0.23309683349523982
Placed,1,CSE,9.78,2,-0.3014577536180918,2.3111088440190395
Placed,1,IT,6.23,1,0.23317964869743255,-3.0559533480048695
Placed,1,IT,9.23,0,-0.9824133994363056,0.5213950702521438
Placed,1,ENTC,7.68,3,1.6782992000643242,0.1594013765739875
Not Placed,0,Mechanical,7.54,0,-1.7214502228847783,-0.9208522571310981
Placed,1,CSE,8.2,3,2.2211608250323995,1.2679261137493059
Placed,1,CSE,6.9,2,-0.04122940097865461,1.7565199226795394
Not Placed,0,CSE,8.37,1,-0.1217605944084245,-0.4706117397305004
Placed,1,IT,8.43,3,1.8854162365195797,0.300190621908853
Not Placed,0,IT,7.71,2,0.2386065360994041,1.047011550143873
Not Placed,0,Civil,7.91,0,-1.9885691163912196,1.1601497887996919
Placed,1,IT,9.34,2,1.9438823918637778,1.596451249899283
Not Placed,0,CSE,8.25,3,2.0044442762144143,-1.4651804942354438
Not Placed,0,ECE,7.04,1,-0.19864618189680766,-0.9784251675778306
Placed,1,CSE,8.34,2,-0.32959902278001696,2.5021547217502156
Placed,1,Civil,7.24,3,4.084364847963915,-3.270202145812217
Not Placed,0,IT,7.08,2,-0.005126648557350237,0.8062668191064564
Not Placed,0,Mechanical,8.14,2,-0.5661680813720297,1.324258335890043
Placed,1,IT,6.84,3,3.800710830041795,-2.274373438434932
Placed,1,IT,7.74,2,-1.825805895085862,3.074407944673603
Placed,1,CSE,8.27,0,-1.220253766090881,-0.03659114643171763
Placed,1,Mechanical,9.32,3,2.8014154008440486,0.7666142626109997
Not Placed,0,CSE,8.24,2,-0.4701169621689732,1.098132154341059
Not Placed,0,CSE,6.45,1,-0.8690367382133571,-0.17681917636528494
Not Placed,0,CSE,6.58,1,0.5839634404787364,-0.9169830421581472
Placed,1,IT,9.17,3,4.658636220951907,-2.142701176213545
Placed,1,ENTC,7.16,3,1.5920912921713377,0.36107201074001016
Not Placed,0,Mechanical,6.41,0,-2.7221583576490267,-1.843723630972849
Not Placed,0,ECE,6.85,0,-2.1773562516641394,0.4081945645680148
Not Placed,0,CSE,8.38,2,-1.2764148824314,0.889426627568322
Not Placed,0,ECE,7.8,2,-0.8958912447572768,1.6497325610344398
Not Placed,0,CSE,8.25,1,-0.17072918981859667,-1.0791311331789482
Not Placed,0,IT,7.67,0,-2.2759691100437576,1.8376294847834818
Not Placed,0,CSE,6.76,0,-0.9696313399337386,-1.1170264789751874
Not Placed,0,ECE,6.18,0,-4.003292087298587,-0.7395210326094974
Not Placed,0,ENTC,6.99,1,-0.3231189394213219,-1.564550245178119
Not Placed,0,CSE,7.8,2,-0.5071863363958349,0.8843970164174124
Placed,1,ENTC,6.69,2,0.49015853517870905,0.6032797010672513
Not Placed,0,ENTC,8.54,2,-2.2555341532925746,2.5290718636886433
Placed,1,Mechanical,6.85,1,-0.23242594987086496,-0.5919407697525556
Not Placed,0,Civil,6.3,0,-1.1918184449298799,-0.6256913199990224
Not Placed,0,IT,7.7,2,-0.905758836868105,0.7448256296002848
Not Placed,0,CSE,8.35,1,0.35581379724555945,-2.111847661876226
Not Placed,0,ENTC,8.97,3,2.688785410544442,-0.10498004192103873
Not Placed,0,ENTC,6.33,0,-2.834453200519038,1.9833385793321927
Placed,1,IT,8.91,2,2.1016216347329006,2.414712068332794
Not Placed,0,ECE,7.86,3,1.156564575674568,0.21519288907580528
Not Placed,0,Mechanical,7.17,0,-2.273436949935459,1.2992130517466611
Placed,1,CSE,8.28,1,1.1482591535223636,-0.17468420427381165
Placed,1,CSE,8.85,3,1.8252052813852904,0.8267254890199628
Not Placed,0,CSE,6.27,1,-1.0241206266992446,-1.6465462284189583
Not Placed,0,CSE,7.33,0,-1.121183693994639,-0.09703210492074416
Not Placed,0,CSE,7.24,0,-2.4469904748740294,0.06055425024051541
Placed,1,IT,8.23,2,-0.7374911309256713,2.1499421006790866
Placed,1,ENTC,8.94,1,1.091599764033442,-0.12282161717372192
Not Placed,0,IT,7.76,1,0.10455985527480731,-1.034839246692065
Not Placed,0,ENTC,7.45,2,0.17530128918197677,-0.2665828616508214
Not Placed,0,IT,8.08,2,-0.23862463036113815,0.5928364141070229
Not Placed,0,ENTC,7.5,0,-1.7986996011643797,-0.5158304036826822
Not Placed,0,CSE,5.86,0,-2.7970139195775374,-0.013462638944352746
Not Placed,0,ECE,8.14,1,1.8014138568035483,-2.6245014988607607
Not Placed,0,IT,8.54,0,-2.187760154139017,2.028390237892865
Placed,1,CSE,8.61,1,1.168749909755488,0.08800931303575636
Not Placed,0,CSE,6.72,0,-1.473020505149462,0.6273994243839811
Placed,1,IT,8.22,3,2.198505851751352,0.813602584629845
Placed,1,ECE,9.0,2,0.36674373277958044,1.0878974130230377
Not Placed,0,IT,9.85,2,-0.34734673975483826,0.4718685823913504
Placed,1,Civil,8.11,3,4.1142613675411885,0.6673867907709349
Placed,1,CSE,8.54,3,2.0303578940754714,1.266960737771247
Not Placed,0,IT,6.86,0,-1.6979229178094981,-1.5513429618843968
Not Placed,0,Civil,6.75,0,-3.5155856176129583,0.03356962317462307
Placed,1,IT,8.54,2,0.6064398512133486,0.8733378468845204
Not Placed,0,ENTC,5.97,0,-4.077091930513459,-2.1590178156386632
Not Placed,0,CSE,7.83,1,0.22249882525956463,-0.5603626865562084
Placed,1,CSE,8.92,2,-1.3982341663324656,2.241806192647868
Not Placed,0,ENTC,8.31,2,0.7958811148972588,0.29627687351145154
Placed,1,IT,8.3,3,1.646619726627831,-0.537577523629227
Not Placed,0,ECE,7.66,2,-0.27077117165934006,1.4889597661871186
Placed,1,IT,7.35,2,0.7817096577727999,1.7990882954643306
Placed,1,ECE,9.53,2,0.91449863650299,2.4429888880213846
Placed,1,IT,8.75,3,4.73221019615981,-1.3035826548856886
Placed,1,IT,8.42,2,-0.26112451860900593,1.2220795965439006
Placed,1,IT,7.72,2,-0.02935273316397432,0.8645289580121173
Not Placed,0,ECE,7.2,0,-1.5915569922781718,-0.2823913632251653
Not Placed,0,Civil,8.62,0,-1.2799317174175175,0.05859769937794766
Placed,1,Civil,7.44,3,2.5261056263706068,0.057886888012992486
Not Placed,0,ENTC,7.77,3,1.973328157053334,-1.3303471630499637
Not Placed,0,ENTC,8.22,1,-0.5268896952761716,-0.5180118421578925
Not Placed,0,Mechanical,7.88,3,3.207463282953226,-3.2087407266398116
Placed,1,CSE,9.02,3,3.635863694118394,2.9821419472283845
Not Placed,0,CSE,6.58,1,0.21187069579948514,-1.6172018918135456
Placed,1,ECE,7.76,2,1.3538315785213701,0.6243679905319949
Placed,1,IT,9.52,3,4.914824484202345,1.593644848979979
Not Placed,0,ENTC,8.46,1,1.1150977227344279,-0.488674457511951
Not Placed,0,CSE,7.53,0,-2.6944158203192092,-1.3521154356304943
Placed,1,CSE,8.38,1,0.8960047580787548,0.15970970387468478
Not Placed,0,ENTC,7.66,1,-0.18354166884710915,0.14465616003311363
Not Placed,0,IT,8.95,2,-0.1073087167747764,2.194736557808389
Placed,1,Civil,8.4,3,2.6413988327722553,0.396685110736657
Not Placed,0,Civil,6.96,1,-0.6414210372430025,-0.581686620089509
Not Placed,0,ECE,7.9,2,0.44319327479840154,0.5632607763138482
Placed,1,ECE,8.06,3,4.099837007232802,-1.039401706446428
Placed,1,IT,8.1,2,0.40659644100634273,1.331055672648933
Placed,1,CSE,7.97,1,0.9643939194948429,-1.175497294095818
Not Placed,0,Mechanical,8.18,2,-0.8481623852199456,1.344854887275673
Not Placed,0,IT,8.06,0,-1.4478822309508244,-1.1198445121120542
Not Placed,0,CSE,7.09,2,-0.3609863057904929,0.8491784181960547
Not Placed,0,CSE,7.31,2,0.3829538305053605,0.8613780163014377
Placed,1,ECE,7.48,2,0.7327251315051492,-0.027266517885140513
Not Placed,0,ECE,7.78,3,1.4767065615179797,-0.8095744418805978
Not Placed,0,IT,7.49,3,4.095900850349697,-3.3529787637560418
Not Placed,0,IT,8.64,2,-0.9257556931451926,1.0304121443116323
Not Placed,0,ENTC,6.88,0,-1.7604469543171615,-0.1128795519383571
Not Placed,0,IT,6.23,1,-0.250587240788195,0.5195176644735989
Placed,1,CSE,9.37,3,4.515234844994277,0.03297894574531736
Placed,1,IT,7.01,2,-0.4755046763981293,0.43527050642012843
Placed,1,ENTC,8.64,3,1.7828617224558791,0.6318322755367611
Placed,1,IT,8.22,2,1.2076446415448596,0.6088189772643086
Placed,1,CSE,7.04,2,-0.11776621001037892,0.6205987448443179
Not Placed,0,CSE,7.59,0,-1.369520268162142,-0.8362160539367313
Placed,1,IT,7.46,1,1.3548027235143616,-0.7881463551885504
Placed,1,Civil,8.0,3,2.2592943584193796,-0.35395605645751266
Not Placed,0,Mechanical,7.05,2,-0.9178776179071354,1.6618476091427798
Placed,1,ECE,7.55,3,1.5093441561043026,-0.6589663886633041
Not Placed,0,CSE,7.67,0,-1.5541464874142081,0.6177566174484945
Placed,1,IT,8.64,2,1.481976769767305,1.6893214938638037
Not Placed,0,CSE,7.35,2,-0.7937247112232658,1.2672531644990634
Not Placed,0,CSE,6.87,0,-3.2947530121573925,0.410923830567115
Not Placed,0,ECE,7.24,1,0.6847692381960101,-0.40097029699372744
Placed,1,IT,8.01,2,-0.4903697390798915,2.173418178512308
Not Placed,0,ECE,6.19,2,-2.0200534026742276,2.5112270519291586
Not Placed,0,CSE,8.72,1,0.8428262589416399,0.06433728553545821
Placed,1,CSE,7.72,3,3.1079325920884497,-2.989933968307698
Placed,1,IT,8.07,3,3.583991497702853,-1.5540963802737127
Not Placed,0,CSE,7.89,2,-1.9589039652551412,2.643835416013782
Not Placed,0,CSE,7.13,0,-2.110826074033899,0.545610051806393
Placed,1,CSE,6.78,1,0.8358763772187096,-0.8846060522291741
Not Placed,0,Civil,7.1,3,2.8885641917892992,-2.3822062634085697
Not Placed,0,CSE,6.42,2,-0.17241338840772374,1.0811937578610933
Not Placed,0,IT,8.0,1,0.4155339365684876,-0.43471144171138315
Placed,1,CSE,7.56,1,-0.5229357764336335,-0.2688316410481743
Not Placed,0,CSE,6.4,0,-2.4833340864708577,-0.7972576159461476
Not Placed,0,Mechanical,7.18,0,-2.023101374937391,0.6411307391950727
Placed,1,IT,8.25,3,1.9671768241892107,-0.8871018552874018
Not Placed,0,Mechanical,8.8,2,-0.7298073924669476,0.1796091463457034
Not Placed,0,ECE,6.61,1,-0.39883611667479635,-1.715093242745029
Placed,1,IT,9.54,2,1.3962855901663702,0.8048511820645128
Not Placed,0,CSE,6.88,1,0.8479259183838918,-0.8127409043266544
Not Placed,0,CSE,6.25,0,-2.1592382646671475,0.9336578434911094
Placed,1,CSE,9.19,2,-0.3827579076133051,2.136871862770824
Not Placed,0,CSE,6.82,0,-2.2182347038135752,0.953426538072397
Placed,1,ECE,9.0,2,0.6955846352432434,2.126323477623613
Not Placed,0,ECE,7.13,2,0.04451206452661416,1.1760448582777139
Placed,1,CSE,7.45,0,-1.5923718587125104,1.4588325309795165
Not Placed,0,ECE,6.59,0,-2.0530828130775896,-0.5688591271996083
Placed,1,Mechanical,8.79,2,1.355050896551294,2.2563237246640466
Placed,1,CSE,8.67,3,1.9599065198506307,0.7761608276932851
Not Placed,0,CSE,7.14,1,-0.26930059820276875,-0.3285047522122835
Placed,1,CSE,7.64,1,0.15960337132534128,-0.5528189293205145
Placed,1,IT,8.26,2,0.5452175791445578,0.7521895333648426
Not Placed,0,CSE,7.3,1,-0.654900840060353,-0.6419820112411405
Placed,1,CSE,8.86,3,1.5772726909252608,-0.9397629909701234
Not Placed,0,ENTC,7.61,0,-1.6086827521081064,0.09245984472015284
Placed,1,IT,7.26,3,2.941318450609743,-1.4058684115749145
Not Placed,0,ECE,6.35,0,-1.6189927064721694,-1.6908977086132484
Not Placed,0,IT,6.6,1,-1.0523080548732857,-0.5388416055223838
Not Placed,0,IT,8.2,3,1.1421554070855227,-0.24375946909381466
Placed,1,CSE,7.9,3,2.387551365081794,-0.8935018422440724
Placed,1,CSE,8.39,1,1.2799030528578557,-1.3257403669364747
Not Placed,0,IT,7.22,1,0.42724266630629004,-0.35271466735765705
Not Placed,0,IT,6.3,0,-2.4221201742338176,-0.7950454789933656
Not Placed,0,CSE,7.28,0,-1.6207770818517802,-0.1645993071434223
Not Placed,0,CSE,9.43,2,-1.6383704456681691,2.00702794032987
Not Placed,0,CSE,6.88,1,0.740764332581526,-1.370834423350069
Not Placed,0,CSE,7.67,1,0.09270388448177434,-2.6043096218161517
Not Placed,0,CSE,5.65,0,-4.34952846612618,0.1220031611563942
Not Placed,0,IT,7.26,0,-2.7401096312906086,-0.24597563549981072
Not Placed,0,CSE,7.35,0,-2.2399193848632897,0.8848140187941897
Placed,1,CSE,7.98,2,-0.439269311604866,1.1290089402637093
Not Placed,0,CSE,7.43,0,-2.192986701458629,0.5593373427042899
Not Placed,0,Mechanical,6.41,0,-0.8012269820718412,-0.22712412235924762
Placed,1,ENTC,7.14,2,0.3291557720864262,0.2255686529880524
Placed,1,IT,7.53,2,0.4049407963678455,0.9660157603659643
Not Placed,0,CSE,6.85,0,-1.8940790596248067,-1.1695482872155727
Not Placed,0,Mechanical,6.98,0,-2.70075447365379,-0.631146135146288
Not Placed,0,CSE,8.55,0,-2.1042217531169864,-0.1959161803963296
Not Placed,0,CSE,7.17,2,-0.5190877274197198,1.8772183948098682
Not Placed,0,ECE,8.07,1,0.8021645131445161,-0.8405968229865903
Placed,1,CSE,7.55,0,-1.8482121453840368,1.5273404665782364
Not Placed,0,IT,6.65,0,-2.0716275388045857,-1.282286463537125
Placed,1,IT,7.42,0,-1.7020531479744831,0.9097541074990037
Not Placed,0,IT,7.95,2,-1.7222914289785958,1.6871112332087679
Placed,1,IT,9.18,3,3.6565925361787666,1.08312122813221
Placed,1,IT,7.04,3,1.7510673561433159,0.03862552267339782
Not Placed,0,ECE,7.63,1,-0.622045483395416,-1.7083113179752965
Placed,1,CSE,8.47,2,0.044450007483367644,3.01982649112729
Placed,1,IT,8.77,3,1.9754389516048683,-0.7003584010034497
Not Placed,0,IT,7.15,1,-0.36969140574647147,-1.2480539911800848
Placed,1,Civil,7.57,3,2.9157051062005426,-0.6497232549364955
Placed,1,IT,8.65,2,-0.14478142313793194,0.8544998850776826
Placed,1,CSE,8.13,3,2.205707795839036,0.8387378563198546
Not Placed,0,CSE,8.58,2,-0.12128970168870513,1.4852490328121164
Not Placed,0,IT,8.7,2,-2.0315671832213353,2.223743616263738
Not Placed,0,IT,8.17,0,-2.2735495772565,0.9687057458673017
Placed,1,IT,7.82,1,-0.39054650775299854,-0.43426125445451746
Not Placed,0,Civil,7.13,0,-1.418909881822635,-0.4364915144747473
Not Placed,0,ECE,7.49,3,1.6769523129149202,0.49441264036922616
Not Placed,0,CSE,7.55,1,0.22720742142557648,-0.23081389779704486
Not Placed,0,Mechanical,8.72,2,1.579115934370208,1.4097849565264544
Not Placed,0,ECE,7.85,0,-1.9386659116678653,0.9343749061374915
Not Placed,0,CSE,7.86,0,-1.4519708436534184,-0.5962791854451298
Not Placed,0,CSE,6.86,1,0.1842549001335317,-0.036967778590343565
Placed,1,CSE,8.72,2,0.42524731474966343,1.114989248816864
Placed,1,CSE,7.05,1,0.5452239495377499,-0.15070522801085479
Not Placed,0,ENTC,7.46,1,-0.13991582912853417,-0.8440195197253801
Placed,1,IT,8.81,2,0.8043114343873875,1.4858769150211437
Not Placed,0,IT,8.45,1,0.11007961551742539,-1.4281896104951768
Placed,1,CSE,6.98,2,0.5201673200196832,0.7677837232590256
Not Placed,0,IT,6.78,1,0.5662341046114634,-1.9604619510305
Not Placed,0,Civil,7.53,0,-1.0847890851966444,-0.4349134695774405
Placed,1,CSE,7.21,2,-0.9219467119319341,0.06533675053897509
Not Placed,0,IT,6.45,1,-1.0416438282879983,-2.3495860353067983
Not Placed,0,ECE,7.06,2,-0.6879055888414142,0.13669916617861544
Placed,1,ENTC,5.36,0,-2.03925424000581,0.2086035834063982
Not Placed,0,CSE,8.47,2,-1.1316919925209843,0.7863383184067422
Placed,1,CSE,8.41,2,-1.5595391324405918,2.5145501316689463
Placed,1,ECE,8.9,1,1.2531189137630876,-1.6713198077699027
Placed,1,CSE,8.0,2,1.112640546983705,0.18051138906208164
Not Placed,0,ECE,7.32,2,-0.2776309193639158,0.321426521638287
Placed,1,ECE,8.57,2,1.2704650017267125,2.2118883371291838
Placed,1,ENTC,7.1,0,-1.4947002928013196,-0.05065187412250149
Not Placed,0,Mechanical,6.57,1,1.437624389575043,-3.4428943628668955
Placed,1,Civil,7.57,1,1.5005777293456068,-1.1011733394510994
Not Placed,0,IT,8.05,3,2.5591442835412317,-0.36818350858023163
Not Placed,0,ENTC,7.01,0,-1.3391336260633906,0.8122083370655371
Not Placed,0,ECE,6.81,0,-1.6393848756320126,-0.21235917038135504
Not Placed,0,CSE,7.35,2,-0.6878313820370293,0.26959675302887254
Placed,1,Mechanical,8.05,3,2.573691529868033,1.3041440663876536
Not Placed,0,Mechanical,7.58,0,-2.075139709880938,2.3340313659340235
Placed,1,ENTC,9.94,3,3.5367774046557656,0.8292839930265751
Not Placed,0,IT,7.58,1,-0.015175942062737731,-0.9247249235479622
Placed,1,IT,8.34,3,1.7588102704522752,-1.662027933698034
Not Placed,0,Mechanical,6.47,0,-2.0757616832043366,0.4964104119435323
Not Placed,0,Civil,8.2,0,-3.0055247275935697,1.1544164717726573
Placed,1,CSE,7.31,3,3.3415625238453264,-1.2122833771320178
Placed,1,CSE,7.69,2,0.22886023410163905,1.184152630166572
Placed,1,ECE,9.13,3,3.816002392402565,0.5387100805127255
Not Placed,0,IT,7.38,2,-0.5182855601814521,1.1630545614347003
Not Placed,0,ECE,6.59,1,0.09621155169873592,-2.3923457934700383
Not Placed,0,Civil,6.72,1,-0.3439944295660118,-2.4868834153184576
Placed,1,CSE,7.85,3,1.8707839403371245,-1.8383279310119518
Placed,1,ENTC,7.8,2,0.5604505149125746,2.238225142195464
Placed,1,CSE,7.77,3,2.7471455690859408,-0.4029062895110154
Not Placed,0,CSE,6.61,1,-1.2820141651938268,-1.8231480197730863
Placed,1,CSE,9.42,2,-0.37133586943348823,3.242900658636642
Not Placed,0,CSE,8.94,3,3.2071481934781003,0.7032644629098757
Placed,1,ENTC,7.81,2,0.9247400625508767,0.17539135048286514
Not Placed,0,CSE,6.41,2,-0.7954672746368253,0.8436756859269883
Placed,1,Mechanical,9.05,3,1.5947265404697177,0.9470439645980215
Not Placed,0,IT,8.67,1,-0.5355617536126912,-0.07493765274445519
Placed,1,Civil,7.79,1,1.0195575637180165,0.15632860565106566
Placed,1,CSE,8.72,1,1.4113849003046999,-1.4598405147999323
Not Placed,0,CSE,7.28,2,-0.24911641444721871,0.6299447104191466
Not Placed,0,IT,6.88,2,-0.01118062670359957,-0.2062121238423229
Placed,1,CSE,7.83,2,-0.026973389870596783,1.6776475719154829
Not Placed,0,CSE,6.38,0,-3.3690479240511815,-1.1367530180220746
Not Placed,0,Civil,6.76,2,-0.5239897418644307,0.843237040508583
Placed,1,ENTC,8.16,3,1.4048020257885963,-0.03574488713583779
Not Placed,0,IT,7.9,1,-0.8749103347265835,-0.6864631856162339
Placed,1,CSE,6.53,1,-1.1311876971135086,-2.099815124077462
Placed,1,CSE,7.35,3,1.5069996321602535,0.8757393974316664
Not Placed,0,Mechanical,6.56,1,-0.3214030212648823,-1.909013340564303
Not Placed,0,ENTC,7.28,2,-0.9070142975073692,0.36496619136912406
Not Placed,0,IT,7.19,0,-2.9863214219791594,0.08199734642329365
Placed,1,IT,8.54,1,1.2748333284271542,-1.1403769232629382
Not Placed,0,IT,7.57,2,-0.5894867698401383,0.1236613734787276
Not Placed,0,CSE,7.49,0,-0.9969211207491601,-0.20165600860286956
Placed,1,IT,7.37,2,-0.6052164046452926,0.27358901632396676
Placed,1,CSE,6.24,1,1.018764367047076,-1.404736817200451
Not Placed,0,ENTC,7.62,1,-1.004747438592232,-0.9333346985625559
Placed,1,CSE,8.11,3,3.92213735254768,-1.562265019224291
Not Placed,0,Civil,7.9,1,0.23426890805798592,-0.5994423683788017
Not Placed,0,ENTC,8.29,3,2.1529966562057186,-0.3461805561168952
Placed,1,CSE,8.33,1,1.0747374301406118,0.17638671028455294
Placed,1,IT,9.57,2,0.9070695816056813,2.057677878708837
Not Placed,0,CSE,6.74,2,-0.3082017124194474,-0.14078205709277736
Not Placed,0,ECE,7.9,1,0.8704064795184254,-0.9229499432755937
Not Placed,0,CSE,7.99,1,-0.6120122968205208,-0.1326058936606738
Not Placed,0,Mechanical,7.43,1,-0.2267719794728313,-2.5426784194708243
Not Placed,0,ENTC,7.16,2,0.8492646046442952,0.4220295980318903
Not Placed,0,CSE,8.12,0,-2.400470330021808,-0.007496266242009545
Placed,1,IT,8.04,3,1.4290941869781566,-0.17899225427969012
Not Placed,0,CSE,6.8,1,0.3467364170134486,-1.2786780305390235
Not Placed,0,CSE,6.17,0,-3.325587578160802,0.5910481786935227
Placed,1,CSE,7.28,3,1.6642402025262752,-1.1697996641161215
Not Placed,0,ENTC,7.13,1,-0.24556225765635567,-1.4289616936108558
Not Placed,0,CSE,8.21,2,-1.7413918905071766,1.986561197196715
Not Placed,0,IT,6.91,0,-1.4661177317952556,0.00464409260228643
Not Placed,0,ENTC,7.55,0,-1.0721265760727372,0.15284073386931313
Not Placed,0,ECE,6.25,0,-2.7325196048230125,0.5912580211953089
Not Placed,0,IT,6.38,2,-0.48331411612619923,0.08783001091640216
Not Placed,0,CSE,7.05,1,-0.5918354355044875,-1.311924250846698
Not Placed,0,ECE,7.49,0,-2.1697278879919977,-1.1075387788936435
Not Placed,0,CSE,7.0,2,-1.0429361425602646,1.9079101940784609
Placed,1,CSE,7.82,2,-0.11971057126349988,1.0572219179532027
Not Placed,0,ECE,6.25,0,-1.3202860410571802,-0.32247707151919236
Not Placed,0,ECE,7.52,2,-1.4650716041358658,1.4202067917493262
Not Placed,0,IT,7.53,1,-0.608926209334182,-1.2712003417724311
Not Placed,0,CSE,6.47,1,0.02340484682532792,-0.38825002377685375
Placed,1,ECE,7.89,3,1.9159796687713175,-1.3182303859503872
Not Placed,0,CSE,5.86,0,-1.9084940395272103,-2.457592092116206
Not Placed,0,Civil,7.12,1,-0.5269870535641843,-0.9338716236318546
Placed,1,IT,8.37,1,0.5129247074100279,0.17422077631031496
Not Placed,0,ENTC,5.81,0,-2.0236559404490237,0.4219447484520067
Not Placed,0,Civil,8.27,2,0.20134383127788896,1.519209917998715
Placed,1,CSE,6.71,1,-0.8669670183827577,-1.0442168937382716
Not Placed,0,ECE,7.2,0,-1.6228748567471056,-1.7081487096717978
Placed,1,IT,8.9,2,0.6401934397838569,1.3508717761367803
Not Placed,0,ECE,7.17,1,-0.3461074871152967,-0.35259590497801874
Not Placed,0,Civil,9.07,2,-0.5018131374565487,1.5063405892729758
Not Placed,0,Civil,7.44,1,-0.21647116307684297,-2.533276085845555
Not Placed,0,CSE,7.63,2,-0.42147130518966713,0.5331449989058163
Not Placed,0,ENTC,8.42,2,-0.743687990074602,1.1023284986760138
Placed,1,ENTC,8.16,0,-1.0087204047540168,0.3023665725408708
Not Placed,0,CSE,7.83,1,0.5989012525812243,-1.555625185677348
Not Placed,0,ENTC,7.31,2,0.4622279259983601,0.9422258939203918
Not Placed,0,IT,6.38,0,-1.4567696062657496,-0.8755572572926968
Not Placed,0,Civil,6.42,0,-1.977508989585968,0.03455270691914843
Placed,1,Mechanical,8.82,2,1.2010480345765564,1.144076817711042
Not Placed,0,CSE,9.14,1,0.5067771511148471,-0.5014996573215752
Not Placed,0,CSE,7.81,1,-0.5538561691186578,-1.2659400037094508
Not Placed,0,Civil,6.19,2,-2.05418083200784,1.9894368332364234
Not Placed,0,IT,7.04,0,-2.9193683852553414,0.8846226870922501
Not Placed,0,CSE,7.0,0,-2.180389405246434,-0.27194604031459957
Placed,1,CSE,7.23,2,-0.6455020798681951,0.7234674078062933
Not Placed,0,CSE,6.95,1,0.6370386113023982,-1.4814674886023087
Not Placed,0,IT,8.14,0,-3.151090016652858,0.9827462628642385
Not Placed,0,CSE,7.91,2,-0.4262323525748433,-0.11692619450861691
Placed,1,Civil,9.04,3,1.8425104055504116,-0.7016880300678724
Not Placed,0,ENTC,7.37,1,-0.09797357188536876,-0.6578051102139455
Placed,1,ENTC,7.87,1,0.6978654344376864,-0.46414588471224605
Not Placed,0,CSE,8.33,1,-0.6045314852242856,-0.22959937443107523
Not Placed,0,ECE,8.57,1,-0.501426298610503,-0.2677067636805506
Not Placed,0,CSE,6.65,1,-0.9413884356615827,-0.7780371228235381
Placed,1,ECE,8.04,3,1.6896198807784992,0.49830456820596863
Not Placed,0,Mechanical,7.82,2,-0.1544601045041437,1.014551001250411
Placed,1,CSE,7.96,3,4.428371135446293,-0.7479955068065979
Placed,1,Civil,7.75,3,1.8539282270056312,-0.6220596339409331
Placed,1,Mechanical,9.16,3,1.4912265553357895,0.4538967602679169
Not Placed,0,CSE,6.94,2,0.21387415912049648,0.2838680061106345
Placed,1,Civil,6.89,1,-0.06832816865350225,-0.3725836169487772
Not Placed,0,Mechanical,7.0,0,-1.046108987191347,-0.05836322809579518
Not Placed,0,IT,7.45,0,-2.5855285881004315,-1.1754279394521088
Not Placed,0,IT,7.95,1,1.1646017391891355,-2.093258811144807
Not Placed,0,ECE,7.31,2,0.09432250034474846,0.6219001778407653
Placed,1,ENTC,8.56,3,2.0609294672774596,1.3436802412612903
Placed,1,CSE,7.7,1,0.7839737909827446,-0.38456316132465224
Not Placed,0,CSE,7.62,0,-1.9965289501904901,1.3772437771195722
Not Placed,0,CSE,6.57,1,-0.042156015919781895,-1.194900276986353
Placed,1,CSE,9.25,3,4.793093020157171,-0.8351721294320418
Not Placed,0,IT,7.66,1,-0.4806311823523872,-2.36875626125852
Placed,1,IT,9.09,3,3.134192631700351,1.2156204466047154
Placed,1,ENTC,7.17,3,1.7078241775919876,0.21837311792740163
Placed,1,IT,8.41,2,-0.5897055677344603,3.0356946948921895
Not Placed,0,ECE,7.22,0,-2.3700940501285266,1.98674928294362
Not Placed,0,ECE,9.25,2,0.6747666269029462,0.5973075195470765
Not Placed,0,Civil,8.65,2,-0.916586815136495,2.339163991806779
Placed,1,Civil,8.42,3,2.5154432178039103,-0.5158740939775158
Not Placed,0,Civil,7.08,1,0.6503840869336124,-2.2001642468507288
Placed,1,CSE,9.32,3,3.9115851072410797,-1.0031613786115976
Placed,1,IT,9.43,2,1.691791404055324,2.721411245917671
Not Placed,0,CSE,7.38,1,0.6302035934849873,-2.7258838505110945
Placed,1,CSE,7.84,1,-0.6866123483113838,-0.0826480506046565
Placed,1,IT,8.49,3,1.6549075473343762,-0.7332033524114675
Placed,1,IT,6.02,1,1.6257536972276465,-3.383529081343707
Placed,1,CSE,8.67,2,0.1288271545131289,2.441044672680218
Placed,1,CSE,8.57,3,1.9918973375764395,-0.9659065562548617
Not Placed,0,ECE,7.22,0,-2.791299984052146,0.4451939837174661
Not Placed,0,Civil,5.84,0,-2.1974127365784746,-2.0213066850646517
Not Placed,0,CSE,7.98,1,-0.2307231102360528,-1.0742220216320792
Not Placed,0,IT,6.74,0,-2.196852311160634,-0.49015577104458913
Placed,1,CSE,6.35,2,-0.02112350998340928,1.0821941382400437
Placed,1,CSE,8.02,2,1.7249718614689495,2.8286026776368725
Placed,1,Mechanical,8.82,3,2.389711455782602,1.7373515516680955
Placed,1,CSE,7.51,2,0.2276678587641677,0.9595562838281776
Placed,1,CSE,8.71,2,0.5204728775151786,1.6747301674969166
Not Placed,0,ECE,8.26,3,1.3317882857361272,-0.0343289194385523
Not Placed,0,CSE,6.53,1,-0.7984276567924592,0.35285158184508403
Placed,1,CSE,7.23,1,-0.26723117690995946,-0.14665735639283878
Placed,1,IT,8.62,2,0.1738326763661542,0.46724017946289703
Placed,1,CSE,7.22,1,0.42702433445288224,-0.16030423978112152
Not Placed,0,IT,8.4,2,-0.13805292293500185,0.09584804908572422
Not Placed,0,ENTC,7.35,0,-1.3074433817346582,0.038184435168335494
Placed,1,CSE,8.31,2,-0.7478856638192121,2.671055323098873
Not Placed,0,IT,8.06,1,1.2162626513802168,0.2907746492091634
Not Placed,0,ECE,7.49,0,-1.091749766363449,0.6051950162754046
Placed,1,CSE,8.29,2,1.2723808988966785,0.46668515904575136
Not Placed,0,CSE,5.86,1,-0.32251165070057514,-2.1154237215798135
Not Placed,0,Civil,6.78,1,0.7206554169819472,-1.540433757908114
Not Placed,0,ECE,7.31,0,-1.2700810018074196,-0.6048341867935818
Placed,1,Mechanical,8.7,3,4.506934799896767,-0.2943794086869669
Not Placed,0,CSE,6.47,1,-0.39808174132732865,-1.7534681371309702
Not Placed,0,CSE,7.67,1,-0.6374189799459222,-1.1940216713981098
Not Placed,0,CSE,7.97,1,1.7111334818889266,-1.51950769504042
Not Placed,0,CSE,7.91,0,-1.6277195031172216,-0.3302989222614457
Placed,1,IT,7.62,1,0.9033323135325032,0.2318387696249845
Placed,1,IT,7.17,2,-0.3506495445508395,1.1269249995213104
Not Placed,0,Mechanical,7.49,0,-2.3717359371589577,0.279030667750455
Placed,1,ENTC,8.53,3,1.977152482309421,-1.207389711404487
Placed,1,IT,7.11,2,0.31068428248183333,0.4450217839882056
Not Placed,0,IT,5.86,1,-1.236593981274673,-1.7291310271592022
Placed,1,IT,8.1,1,0.9652965306235891,-1.8744234113035936
Not Placed,0,ECE,8.97,2,-1.0318107222381052,0.8885382596517155
Not Placed,0,CSE,6.81,1,-0.6155215618328943,-3.1650229496370805
Not Placed,0,ENTC,8.86,2,0.17448735094210624,1.8773924544125207
Placed,1,IT,8.14,2,1.1266830860059924,1.652118723591567
Not Placed,0,ECE,6.72,0,-3.012504845971211,0.026818454622875795
Not Placed,0,Mechanical,7.1,1,0.08999135503830256,-1.853809207440313
Not Placed,0,IT,7.06,0,-2.4695560708742947,-0.9601037790512108
Placed,1,Mechanical,7.84,3,1.7057185009109994,-0.29632416857703325
Placed,1,Mechanical,7.55,2,-0.39715028101914435,0.11086814443126415
Placed,1,CSE,8.64,3,2.7472436833797484,0.8781207514285128
Placed,1,CSE,8.42,1,0.6876007125447817,-0.10353152277795802
Not Placed,0,CSE,6.39,0,-2.3197919575439943,-0.5355567909898131
Not Placed,0,CSE,6.49,1,-0.013379357062456632,-2.753403189009503
Not Placed,0,Civil,8.22,1,1.2901988206775865,-2.095288852535783
Placed,1,CSE,7.26,3,2.202035614266019,-0.3801511582434619
Not Placed,0,ENTC,7.55,1,-0.6242445337799409,-1.7626983100669442
Not Placed,0,ECE,8.16,2,0.989783509923863,0.053323335231602174
Placed,1,CSE,8.43,2,1.2167464992408779,1.89284309805203
Not Placed,0,CSE,6.65,0,-1.7195906094990587,0.4054500821238599
Not Placed,0,Mechanical,5.81,0,-3.635267368763454,0.2697773852275559
Not Placed,0,CSE,7.6,1,-1.1437636893717853,-0.4780685919016834
Not Placed,0,CSE,6.97,0,-3.2504879627831538,-2.5614912928260303
Not Placed,0,Civil,7.76,1,0.42994687396492776,-0.9300882844788212
Not Placed,0,CSE,7.62,3,1.1639262697835702,-0.5321839474381092
Not Placed,0,Mechanical,6.87,0,-4.25001940254644,-0.8701039946382251
Placed,1,IT,9.47,2,2.3021754058868154,2.672966661599395
Not Placed,0,ENTC,7.71,2,-0.1911709117933723,0.5041077244248274
Not Placed,0,ECE,7.21,0,-0.7084232553227172,-0.007766131795729294
Not Placed,0,IT,7.79,2,0.24565590313023003,1.0345099685434427
Not Placed,0,IT,8.15,2,0.05654474399735374,0.3930918702955499
Not Placed,0,CSE,7.16,1,-0.7558558022079181,-0.981549448948451
Placed,1,ECE,9.67,3,2.411004772621876,-0.5319096342341091
Not Placed,0,CSE,6.41,0,-2.9658016204460824,0.5409191259565754
Not Placed,0,CSE,6.46,0,-2.8974181353110025,0.47283257609131807
Not Placed,0,ECE,6.34,0,-2.8507941696637102,-1.3538309979200651
Placed,1,Civil,7.7,3,1.1910160145947535,0.2784575541971043
Placed,1,IT,8.1,2,-0.30965219001670274,0.4293588011353088
Placed,1,ECE,7.42,3,2.4575200054142408,-0.5268902803370232
Placed,1,Mechanical,8.1,3,1.9791900659103114,0.4679008122009259
Placed,1,CSE,8.09,2,0.4461416277774514,1.2999865678994118
Not Placed,0,Civil,7.39,0,-3.452131252835258,-0.4026642466208348
Placed,1,ECE,8.06,3,1.325343777102735,-0.20463742492836762
Not Placed,0,ECE,7.53,0,-1.052131400935651,0.17020307277337404
Not Placed,0,ENTC,7.35,1,-1.1605253510086018,-0.43416453258591825
Not Placed,0,IT,7.28,0,-1.0655833874935516,0.634038534722901
Not Placed,0,CSE,7.9,0,-1.739430179045319,0.3404310360331496
Not Placed,0,ECE,8.74,2,0.3082327961643829,1.0704982386699031
Not Placed,0,IT,6.68,0,-2.5845307739393117,-0.5256875817926194
Placed,1,CSE,7.29,2,-0.2602591452955814,1.0756702888766196
Not Placed,0,ENTC,7.84,2,-0.557768609321462,0.7240889161735825
Placed,1,IT,9.19,3,3.5596741421356572,0.9226678415250088
Not Placed,0,CSE,8.07,3,2.156851782635101,-1.7433803763858884
Not Placed,0,IT,7.01,0,-2.1322821266341174,-2.5877132391902795
Not Placed,0,IT,6.91,0,-3.618798941800593,-0.702497122465604
Placed,1,CSE,8.54,3,2.9140132580579317,0.24565096379861642
Placed,1,IT,7.43,3,2.629521761424086,-0.9239269749468639
Placed,1,CSE,6.65,3,2.15082780933496,-1.7098303936501515
Not Placed,0,IT,8.56,1,-0.056364966256798134,-1.1627913592681856
Not Placed,0,Mechanical,7.96,1,1.3365212858748294,-0.8671897183952232
Not Placed,0,Mechanical,6.68,0,-3.5714429199610955,-1.854393304013199
Not Placed,0,IT,6.56,1,-1.2623854894142954,-2.003688461033313
Not Placed,0,IT,5.86,1,-0.908926544782781,-2.0733622917676486
Placed,1,CSE,7.17,2,0.977255702925286,0.5347349922841492
Placed,1,IT,7.96,1,1.5356850925711452,-2.7752919220796066
Placed,1,ENTC,8.52,3,1.9804423156569821,1.5609045092958824
Not Placed,0,CSE,8.06,0,-1.926384527526751,0.32643730769857493
Not Placed,0,CSE,6.59,0,-1.6643188978932288,-0.09866420359590103
Not Placed,0,Mechanical,7.46,3,1.5399495197714383,-1.3302523425633614
Not Placed,0,ENTC,8.91,2,-0.11268189399729295,3.0408196215134824
Not Placed,0,CSE,7.26,1,-0.19963297551405315,-1.2687603549352886
Not Placed,0,ECE,8.35,2,-0.6838658174062687,0.15380261028854325
Placed,1,CSE,8.25,2,-0.3561667320836392,1.877099066767749
Not Placed,0,ECE,8.35,3,1.9979111131271277,0.7256426030020349
Placed,1,IT,8.07,2,0.16047681592358687,2.3014809636487246
Placed,1,CSE,8.34,3,6.044240835464591,-0.6569690669313226
Not Placed,0,CSE,6.44,0,-1.7613146090912992,-1.2730656387598858
Placed,1,IT,8.99,1,1.1938820060752167,-1.2916504118909689
Not Placed,0,CSE,6.16,1,-0.13298630378973786,-3.824703519234028
Placed,1,ECE,7.97,2,0.6542212578768112,1.197739113247071
Not Placed,0,CSE,7.66,1,-0.6116943343729522,-1.3005014618048296
Placed,1,Civil,7.17,3,1.271193642934915,-0.5596763607451734
Not Placed,0,CSE,6.87,1,0.44963297562265947,-2.499668449738397
Not Placed,0,Civil,8.17,1,0.9053054386054719,-0.954573859849292
Not Placed,0,IT,8.38,2,-0.3570769628777137,0.44417375257007363
Not Placed,0,CSE,7.61,0,-2.0104395484733644,1.0164902380570642
Placed,1,IT,7.45,1,-0.043655853538461985,-0.8594283695357149
Placed,1,CSE,8.79,2,0.6453975573741275,2.000859589240487
Not Placed,0,IT,7.34,3,1.6833446223212924,-0.613213538141315
Placed,1,ECE,7.66,3,3.527564090415619,0.5900498546324109
Not Placed,0,IT,7.53,1,0.2753650921375661,-1.9394940804346583
Not Placed,0,IT,9.8,3,1.6497729505814138,0.7172749613213972
Placed,1,CSE,6.99,2,0.2890177669806095,0.5641179717409366
Placed,1,ECE,8.41,1,0.3844714212107655,-1.636361239058948
Placed,1,CSE,6.26,0,-1.8876764167625124,-1.4587628843672684
Not Placed,0,IT,6.89,0,-2.098130411637184,-1.4329616385886954
Not Placed,0,IT,7.44,2,-0.38640682887144967,0.3711341312463525
Not Placed,0,ECE,7.59,1,-0.46370058235369244,-1.1098121136907464
Not Placed,0,ECE,7.47,3,1.632364327670482,-1.337968656605477
Placed,1,CSE,7.62,2,0.28461442912541524,-0.13773654078129713
Not Placed,0,CSE,7.11,0,-2.4046913288695144,0.3486432290380348
Placed,1,CSE,8.79,3,2.179023277938619,1.3008022478734755
Not Placed,0,CSE,6.85,1,-1.2264281398261436,-1.6555060653568698
Placed,1,ECE,8.33,1,0.6967272066244649,-0.16666713933057054
Not Placed,0,ENTC,8.28,2,0.6133004687995663,0.3279560499333625
Not Placed,0,CSE,6.89,0,-1.9638900282706178,-1.53492142694222
Not Placed,0,ECE,7.39,3,1.5679052685297232,-1.7789313382760423
Placed,1,CSE,7.7,2,0.2259240346360704,2.0109020526330754
Placed,1,ENTC,9.12,1,-0.017468678901325366,-0.9428982689646219
Not Placed,0,ECE,7.39,2,-0.9047532586602884,1.3998006133375112
Placed,1,ENTC,10.0,3,2.1625962515391737,1.8800323928233675
Placed,1,IT,8.35,1,1.3253862174548807,-1.216441422709445
Not Placed,0,CSE,7.99,3,2.849447973803391,-1.1881716114327967
Placed,1,CSE,8.45,2,-0.1793991974595527,1.0823592301870184
Placed,1,CSE,6.24,1,-0.5857211670609496,-0.8304274212005761
Placed,1,CSE,8.7,3,2.954127040112041,1.6390733822660972
Not Placed,0,ECE,6.58,1,-1.2062723781087468,-2.1326344299352455
Not Placed,0,CSE,8.44,2,0.07344397502920734,-0.33142746948508506
Not Placed,0,CSE,7.2,0,-1.5255854373991227,-0.6622448418442621
Not Placed,0,ECE,7.02,1,0.6812935063833011,-0.18021859804996326
Placed,1,CSE,9.21,3,1.910129725686823,0.11175890215523877
Placed,1,CSE,7.62,3,1.634514957760188,-0.2986283031204108
Not Placed,0,IT,6.4,0,-2.125397067760015,-0.2409924608621536
Placed,1,ENTC,8.53,2,0.820460303755461,1.6048816249116014
Not Placed,0,IT,6.66,2,-0.5907306291531705,-0.1164273741018367
Not Placed,0,CSE,8.86,2,0.9975053173147065,1.0501812048516714
Placed,1,CSE,7.69,2,-0.34336818629220456,0.624737180663335
Not Placed,0,ECE,6.62,0,-1.9599930816731808,0.6247743691302882
Placed,1,Mechanical,8.4,1,1.1005372983625326,0.19385086266446663
Placed,1,Mechanical,8.14,3,2.109319210755909,0.47215308431694714
Not Placed,0,IT,5.9,1,0.032266593075583876,-2.3863368302484145
Not Placed,0,CSE,7.65,3,3.290626309701118,-1.894582306595738
Placed,1,IT,7.95,3,4.398903096352104,-2.539223133928552
Placed,1,ENTC,7.9,2,0.44193862460242644,1.2933811148992589
Not Placed,0,CSE,7.54,2,0.8072023143667932,0.6863410598861307
Placed,1,IT,8.33,2,0.7468932482266181,1.9984589312298273
Not Placed,0,CSE,8.18,2,-0.17666276650091436,1.7893379491723949
Placed,1,CSE,7.73,3,1.4989949432788454,0.8010997968440708
Not Placed,0,Civil,7.5,2,0.5432051853947375,0.7635092030217758
Not Placed,0,IT,7.83,1,0.4013818067783243,-1.3969962921481254
Not Placed,0,Civil,7.19,0,-1.0785956745863543,-0.6741960182261252
Not Placed,0,CSE,6.83,1,-0.5392665956533451,-0.9858184280361847
Placed,1,IT,6.74,2,-0.3603057140362643,1.4906705249263226
Not Placed,0,ENTC,7.61,1,-1.3365616989816858,-1.0728709771939842
Not Placed,0,CSE,6.97,0,-2.1433761404245772,0.7794716083776293
Not Placed,0,Mechanical,7.57,0,-1.6645809173726058,0.32506332037944957
Not Placed,0,CSE,8.83,2,-0.11131928602002225,0.7905080549247387
Placed,1,CSE,7.52,1,0.8720168606721908,-0.049335224396655664
Not Placed,0,IT,7.82,1,0.30943671842491344,-0.3896016399570773
Not Placed,0,Civil,7.51,1,-1.5153430796124507,-1.6502168388876237
Placed,1,ECE,8.81,2,0.46234057238131454,1.660114433799368
Placed,1,ECE,9.11,2,1.1542797615868665,0.5065076771813589
Not Placed,0,ENTC,7.3,0,-1.8926356250774907,-0.5012336164316853
Not Placed,0,IT,8.32,2,-0.4728384734379069,1.2340931847153256
Placed,1,Mechanical,9.48,3,3.1231828894025546,1.7285628959327162
Not Placed,0,CSE,6.71,0,-3.581223509244081,0.7230710901115769
Not Placed,0,ENTC,8.53,2,-0.8941681041407424,1.1467264626429508
Not Placed,0,ECE,6.22,1,0.13619723977068124,-1.3213946147020226
Not Placed,0,CSE,7.73,2,-0.7839303361844618,1.8194454928397816
Placed,1,ENTC,7.58,3,1.9419020001112888,-0.4641680829819664
Not Placed,0,ECE,6.25,0,-4.050015645867839,-0.9233413034722954
Not Placed,0,IT,8.63,0,-1.0716756565117487,0.07597402672712887
Placed,1,ECE,7.83,2,-0.7829169839926878,2.4049077787469986
Not Placed,0,CSE,6.91,0,-2.181214557162414,0.8242765515466259
Placed,1,ENTC,7.98,3,3.874409655415216,-0.9236345234764335
Placed,1,ENTC,8.47,3,3.544242972930219,0.35696690023973543
Not Placed,0,IT,6.2,0,-3.745288550250201,0.413083034329942
Not Placed,0,IT,5.02,1,-1.512616476160056,-2.5192710178842277
Not Placed,0,IT,7.66,2,-1.2787589959145094,1.0427526951543447
Placed,1,ENTC,7.05,3,3.3852222013150466,-2.2979546656376777
Not Placed,0,Mechanical,8.84,2,1.2563949684431768,0.8712855692341267
Not Placed,0,ECE,7.39,0,-2.491174651791882,-0.4069115064018703
Not Placed,0,ENTC,7.96,1,0.43970836833029503,0.13798283540394174
Not Placed,0,ECE,7.54,2,-1.2154982343918563,0.6908657587581181
Not Placed,0,CSE,6.39,0,-3.1004071204812247,1.1641515361254775
Not Placed,0,Civil,7.73,0,-0.8822318744907739,-0.10624893774232197
Not Placed,0,IT,6.57,2,-0.7316650950650821,0.09500774829089423
Not Placed,0,CSE,6.53,0,-3.6311303997745417,0.6693426121092458
Not Placed,0,CSE,6.77,0,-2.5779546161701035,-0.008954393872421003
Placed,1,IT,6.69,3,2.5874636980047048,-3.3491745815677243
Not Placed,0,ECE,7.52,2,0.15161767762787917,0.7168267608643345
Not Placed,0,CSE,7.37,0,-2.7383910282096675,0.28228783058691226
Not Placed,0,CSE,7.94,1,-0.5100833658614069,-1.0741234325341364
Not Placed,0,IT,6.36,1,-1.1494546723060806,-1.0141112207962533
Not Placed,0,CSE,7.49,1,-0.7144951965036329,-1.0273405700246527
Placed,1,IT,7.29,1,0.9163195523498565,-0.9806954028355476
Placed,1,Mechanical,7.87,2,0.22394676041556524,2.281882521780672
Placed,1,CSE,7.91,3,2.58577141439951,-0.7974246096575193
Placed,1,ENTC,7.83,2,0.4747253801024767,1.297566776671975
Not Placed,0,CSE,6.86,1,-0.7948904349013551,-2.0437830578091414
Not Placed,0,IT,7.72,1,-0.39455803761695285,-0.8427417703682534
Not Placed,0,ECE,7.26,1,-0.6608957075722585,-1.1341392579254161
Not Placed,0,IT,8.82,2,1.007751202572642,0.28867267554246023
Not Placed,0,CSE,7.79,2,-0.7133944649594468,0.5775776052911061
Not Placed,0,CSE,7.77,3,2.7658311657751193,-0.840941411336899
Not Placed,0,ENTC,6.61,0,-2.251922612919046,-0.15618671774809262
Not Placed,0,Mechanical,7.2,0,-2.220222183262408,-0.5585495791176702
Not Placed,0,IT,7.92,0,-3.4120830927821006,0.911472366981813
Placed,1,ECE,7.63,1,-0.6936734437624348,-0.33382984606113375
Not Placed,0,CSE,7.62,2,-0.23158006492914268,1.485005141779234
Not Placed,0,ENTC,6.21,0,-1.3174657449589045,-0.5099093880891206
Not Placed,0,Civil,7.01,0,-2.2114881182136954,1.0194464329005795
Placed,1,CSE,7.47,3,2.319136068080431,0.11312270381644576
Placed,1,CSE,8.72,2,0.6735704221817728,1.290292967622088
Not Placed,0,ENTC,6.09,0,-3.684384107402966,-1.926882443259144
Not Placed,0,CSE,6.81,0,-1.6360522162845916,-1.2557081293147796
Not Placed,0,Mechanical,6.09,0,-2.1023111755186705,-0.06969164267528362
Placed,1,CSE,7.98,3,1.4486920077031868,-0.13676586470454555
Not Placed,0,Civil,8.71,1,0.8461470974665516,-1.0867197175223182
Not Placed,0,IT,8.01,1,0.9167404924762907,-0.5480679026116724
Placed,1,ENTC,8.19,3,1.7112349054865892,0.49170260673312816
Not Placed,0,CSE,6.82,0,-2.215450227082698,-0.813992749435631
Placed,1,ECE,8.01,2,-0.17037136450852475,2.042638715050931
Not Placed,0,Civil,7.04,0,-2.403597321570092,0.6069370095366486
Placed,1,ECE,7.75,2,0.39924609303111835,0.8909216999209857
Not Placed,0,ENTC,8.13,1,0.594541497729546,-1.3781067384553236
Not Placed,0,IT,7.45,0,-0.890773725876056,-0.025921059628993586
Not Placed,0,IT,8.4,1,0.7661367522188677,-0.7562016368749768
Placed,1,CSE,7.56,3,2.659014721922442,-3.0770591611592657
Not Placed,0,CSE,7.93,0,-0.9615586196753658,-0.3013928357974843
Placed,1,IT,9.31,3,3.149519889518641,1.4901160086303973
Not Placed,0,ECE,8.12,2,1.0722739238180916,0.7108606927808129
Not Placed,0,ECE,7.06,0,-2.6144242700605638,-0.48088070588905335
Not Placed,0,IT,7.29,0,-0.9435734676812242,-0.08479488477977687
Not Placed,0,IT,8.44,2,-0.4491674445053123,2.0489802992640085
Placed,1,CSE,8.59,3,1.7581422243925275,-1.4952072973779742
Placed,1,ECE,7.67,1,0.604217520025241,0.016360506317970362
Not Placed,0,Mechanical,6.4,0,-2.0711553660983517,-1.5834533915072642
Not Placed,0,CSE,6.89,1,0.9858160317090571,-2.587148039206785
Placed,1,IT,7.85,2,0.38550568563082055,0.2441219956638117
Placed,1,ENTC,8.19,3,1.8334153871077918,0.2599751024037089
Not Placed,0,IT,8.55,2,-0.028698962215260426,0.3506111140490864
Not Placed,0,ECE,5.97,0,-0.9443792871201967,-0.24547968592585975
Not Placed,0,CSE,8.44,2,-0.9211965469789983,1.598733011120717
Placed,1,Mechanical,8.91,2,0.6864840772952139,1.666693789593196
Placed,1,ECE,5.67,0,-1.3935402808635753,0.35771160162434745
Placed,1,IT,7.7,3,1.4105608658547268,-0.8318372494340875
Not Placed,0,CSE,8.34,1,0.006044382754462791,-1.0013522264489456
Placed,1,IT,6.5,2,0.2904476827190967,-0.0740270445323853
Not Placed,0,CSE,7.28,0,-1.5885523458717825,-1.0030260520329615
Not Placed,0,CSE,8.18,2,-0.6950846953103768,2.1100237546688936
Placed,1,CSE,7.26,3,3.2470990456326954,-1.7607222562750693
Not Placed,0,ENTC,7.39,0,-2.4996582421044753,0.8984807512312954
Not Placed,0,IT,7.89,0,-1.3374370518231524,-0.26327396762887245
Not Placed,0,CSE,6.71,0,-1.0071670755452549,0.05369463349669379
Not Placed,0,Mechanical,6.79,0,-2.033960587431292,-1.0450834283234836
Not Placed,0,CSE,8.1,1,0.6704041311605535,-0.9228239094288884
Not Placed,0,CSE,8.51,2,0.9914023428506099,0.9409067719638684
Placed,1,ENTC,8.04,3,3.420021102612634,-1.9968242910454779
Placed,1,ECE,8.86,1,0.7763553411856325,-0.1470559882733714
Not Placed,0,CSE,8.06,1,0.7295986017958472,-2.344128153565517
Placed,1,Civil,9.27,1,0.9574722267315828,-0.23636455158629005
Not Placed,0,IT,7.76,0,-2.0804173623389235,1.191751805411647
Not Placed,0,IT,7.91,2,-1.081003767535572,2.4365253683984056
Not Placed,0,CSE,8.04,0,-3.3071075512937718,-0.39545787794185483
Not Placed,0,IT,7.17,2,-1.6016235328565398,1.569267260564372
Not Placed,0,IT,7.04,2,-0.7188488976662909,0.3131188585567538
Not Placed,0,IT,6.93,1,0.004270932685625199,-1.2696892852630868
Not Placed,0,ECE,7.23,3,1.6066892117271574,-0.806831435406184
Placed,1,CSE,9.46,3,5.660766226050227,0.44234462577267325
Placed,1,ENTC,9.25,3,2.3179360097303734,1.2965724583934826
Not Placed,0,CSE,7.42,1,-0.3289602861686717,-1.6131009113119796
Not Placed,0,ECE,7.34,0,-2.442299636501391,0.2642338918395415
Not Placed,0,IT,5.88,0,-3.9336356926432643,-0.7307500574640141
Not Placed,0,IT,6.85,1,0.744579159688995,-1.1292030078672362
Placed,1,ECE,7.01,1,1.7708414010071145,-2.4797262833452294
Placed,1,IT,7.33,3,2.3082577922000125,-0.8328866469676581
Not Placed,0,ECE,7.22,0,-1.5581587741966594,0.2687972223198787
Not Placed,0,ECE,7.88,0,-1.6560531495561122,0.39973296119975793
Not Placed,0,ECE,8.36,2,-1.6268553175059492,2.63485520933019
Not Placed,0,ECE,7.08,2,0.1201854707159842,1.2730036211911113
Placed,1,Mechanical,8.92,3,4.20991309579582,-0.19227347424912783
Not Placed,0,IT,7.99,2,-0.33757676396071545,0.8154776812418695
Placed,1,Civil,8.46,2,0.512093464744908,1.6576106187044914
Not Placed,0,IT,7.33,0,-1.2362266775206314,-0.1730693122492905
Placed,1,CSE,8.16,2,0.11073338205811774,1.0644967856050125
Not Placed,0,Mechanical,8.09,1,0.10774379013031242,0.031016704750004388
Not Placed,0,CSE,8.95,0,-2.243754979191458,0.747618915895674
Placed,1,ENTC,8.25,2,-0.8083004271284229,1.1053319022767083
Not Placed,0,ECE,8.43,2,0.9555603083061729,0.8687811195912748
Not Placed,0,Mechanical,7.25,1,0.17899791048584765,-0.02797482485674274
Placed,1,IT,8.72,2,0.505140756224762,0.6782819793454495
Not Placed,0,CSE,6.62,0,-0.9715820243935009,-0.6627141233511117
Not Placed,0,IT,7.21,2,-0.920689936614016,1.0012031408597168
Not Placed,0,IT,7.94,1,1.2454489434755982,-1.5365622978566895
Not Placed,0,ECE,6.72,1,-0.5414688927857317,-1.2809358857646274
Not Placed,0,ENTC,6.92,2,-0.8296666594721407,0.4982570172117728
Not Placed,0,ENTC,6.92,1,0.04432474815530365,-1.680359760878815
Not Placed,0,ECE,8.02,1,1.1772300571930259,-1.8546134183238405
Not Placed,0,ENTC,7.56,0,-1.2937300724300635,-0.3876149191202607
Placed,1,CSE,8.52,2,-0.4575947424450962,1.9620530874170514
Placed,1,CSE,9.3,3,4.183874015274068,0.9296514538299514
Placed,1,ENTC,7.93,3,4.382871779006517,-1.4357881419843128
Placed,1,ECE,7.27,2,0.7102567414063127,1.26976643943391
Not Placed,0,IT,8.01,3,1.9907907974871997,-1.0022085677565067
Not Placed,0,CSE,6.94,0,-1.7603841169748804,0.9995819967688941
Not Placed,0,IT,7.65,1,-0.646077650477286,-0.9739422090364196
Placed,1,ENTC,9.79,3,1.7658285116697023,-0.3035623590296438
Not Placed,0,CSE,7.53,2,-0.5026560077157568,0.06455203371966403
Not Placed,0,ECE,7.96,2,-1.470610693361928,0.6677908561733829
Placed,1,ENTC,7.56,2,1.0503220310421615,1.0396427556417902
Not Placed,0,Civil,7.35,1,0.4946880504099319,-0.39148418651091227
Not Placed,0,CSE,8.11,2,-0.826836527226205,0.8674263639564963
Not Placed,0,Mechanical,6.62,0,-2.202837192771921,0.4846692367645606
Not Placed,0,ECE,7.56,1,-0.6709629252179059,-2.383869564022466
Not Placed,0,IT,6.55,2,-1.0458485759725276,1.6132102549810616
Placed,1,CSE,9.01,2,1.0714479040604878,1.5394844089994044
Placed,1,CSE,8.54,2,1.7388826931146477,2.3358556704570397
Not Placed,0,IT,7.05,2,-2.1262712904652186,2.537578022256516
Not Placed,0,CSE,6.12,1,-1.195694966245349,-2.8296482364901334
Placed,1,IT,8.12,2,0.6306086687763327,1.4656034054817388
Not Placed,0,ENTC,7.66,2,-0.9859246531197967,0.47802698853606096
Placed,1,CSE,9.61,3,2.4220585613354793,0.49407624172368714
Placed,1,IT,8.89,3,3.9334132787913787,-1.0625052392806247
Not Placed,0,ECE,8.24,2,0.8864455239701001,-0.052380137315176115
Not Placed,0,Mechanical,7.25,2,-0.07947033675670145,1.7648941542551708
Not Placed,0,Civil,7.48,1,-0.5940134189521367,-1.4275582360228452
Not Placed,0,Mechanical,7.96,1,-0.0662134910068844,-0.31394777282025776
Not Placed,0,Mechanical,8.0,2,0.10843810756098479,0.42257574081510385
Not Placed,0,CSE,7.1,1,-0.239226435787486,-0.33645994151449
Placed,1,CSE,6.54,0,-1.4569893021473408,0.11339652865123173
Placed,1,CSE,9.34,3,3.4860341565370643,1.2694157626659528
Placed,1,Mechanical,7.73,2,0.2820881513103499,1.5885882184723834
Not Placed,0,IT,8.06,1,0.33114908823967254,0.17622680771621566
Not Placed,0,CSE,6.97,1,0.9555271047645053,-0.8834633937242542
Placed,1,CSE,8.86,3,1.7695489098079102,-0.6735133630749
Placed,1,Mechanical,8.58,2,1.2430224554524127,1.7805075379460522
Placed,1,CSE,7.75,2,0.45643344515428314,0.19791679940579004
Not Placed,0,Mechanical,7.88,2,0.16532311187831641,0.7484697411608244
Not Placed,0,Mechanical,7.94,2,-0.3765195964860184,0.4310765123450077
Not Placed,0,IT,7.78,2,-1.3489852392299502,0.9453253902458814
Not Placed,0,ENTC,8.17,2,-0.40467606879224044,1.5919105987213116
Not Placed,0,CSE,8.02,1,-0.2045717502893977,-1.4783747212465963
Not Placed,0,CSE,7.55,0,-2.2038814241360334,1.8244361907318896
Not Placed,0,CSE,6.71,0,-3.4813492031645175,-0.2455897494898125
Not Placed,0,ECE,7.68,0,-1.9406874682773343,1.3543222773027892
Placed,1,CSE,8.34,3,2.9837088281186976,-0.5739967993906735
Placed,1,ENTC,8.27,3,4.593060877990883,-2.495276298107056
Placed,1,ENTC,8.82,3,2.612051356967678,1.6794806962664837
Not Placed,0,CSE,8.91,1,0.05704629786912593,-0.3977245928443598
Placed,1,IT,8.3,3,3.0382406571994784,-1.634159616764311
Placed,1,IT,7.86,2,-0.009098946653948316,2.2389255100641194
Placed,1,CSE,7.99,2,0.5679068283538082,0.6420352053708588
Placed,1,Civil,7.21,1,-0.7799293109106324,-0.6048986374065678
Placed,1,CSE,8.38,2,1.439659984118217,2.6631921059221755
Not Placed,0,ENTC,8.83,2,-1.5814279813567964,1.7996965474430737
Placed,1,Civil,8.59,3,3.03250089534616,0.6387975954663083
Placed,1,CSE,8.17,1,0.18415639379240314,0.29523139734115256
Not Placed,0,CSE,7.5,0,-1.3346995889694124,0.3246356555493278
Not Placed,0,Mechanical,7.4,0,-2.4384272783622727,0.942012632028488
Not Placed,0,ECE,7.56,1,0.5495897881370047,-1.6338264207433233
Not Placed,0,IT,7.08,1,-0.13874140419466596,-0.01156532650584066
Not Placed,0,ENTC,7.93,1,0.5020104528762319,-1.6182385790228793
Not Placed,0,Mechanical,5.32,0,-2.971341683040958,-1.321224392447333
Not Placed,0,ENTC,7.24,2,-0.395214995216478,1.6056259192288684
Not Placed,0,ENTC,7.76,0,-1.6016909064285445,-0.12854836299707373
Placed,1,ENTC,9.83,3,3.375998658845655,1.9196879152449418
Not Placed,0,ECE,7.7,1,-0.7686375773995381,-2.4865175969422046
Not Placed,0,CSE,7.74,2,-0.04227692225661395,0.31697948203062276
Not Placed,0,Mechanical,6.99,0,-3.0720373977390127,-0.7521278817015459
Placed,1,IT,9.16,2,0.6843862208810011,1.224780296355899
Not Placed,0,ENTC,7.01,0,-3.589524840499568,-1.3124484048555352
Placed,1,CSE,9.43,2,1.9512602419567233,2.3752935531552075
Not Placed,0,ECE,7.07,0,-2.170924224777692,-0.14389616545214107
Placed,1,ENTC,8.5,2,0.4493177720338689,1.7820787619414546
Not Placed,0,ENTC,7.65,2,0.4015554870811021,1.1946153009745464
Not Placed,0,IT,7.22,1,-1.1569966400920266,-1.3407158590783947
Not Placed,0,ECE,8.56,1,-0.44093083930405796,0.017378212214283865
Placed,1,IT,8.83,2,-0.17225376683850108,1.0075541944054889
Not Placed,0,IT,7.54,1,-0.3154465804056067,-0.46219025164827615
Not Placed,0,CSE,7.68,1,0.35245134271074496,-1.4960181075126482
Not Placed,0,Civil,7.35,3,1.4279831193706813,-1.0798051555957293
Placed,1,Civil,7.89,3,3.919928623986809,-2.8754623166043145
Placed,1,CSE,6.77,3,1.4268465164111053,-0.26650573742945555
Not Placed,0,ENTC,5.41,0,-2.941737397173398,-2.0736647527440777
Not Placed,0,CSE,6.11,0,-2.525102075500321,0.9014175215068434
Placed,1,CSE,7.51,1,-1.0521412597699997,-0.18436776598441146
Not Placed,0,ECE,6.79,1,-0.5706811711113421,-0.6110502085736748
Not Placed,0,ENTC,7.6,0,-1.4367203978750143,-0.8081096147958094
Placed,1,ENTC,7.26,1,-1.022565854608024,-0.7216613245130791
Placed,1,IT,7.1,3,1.4385687815072563,-0.5417038043503443
Not Placed,0,CSE,7.15,2,-0.5551929501132065,0.6853336894034459
Not Placed,0,IT,8.52,1,0.40480881215933706,-1.4874014559960984
Not Placed,0,ENTC,7.9,1,-0.5627924617483062,-1.0716687705385326
Placed,1,CSE,9.03,2,-0.3205512651023879,2.962656047196061
Not Placed,0,CSE,7.79,0,-2.5603570358659753,1.6935317237736127
Not Placed,0,CSE,6.08,0,-1.3938207815890309,-0.2946577104371622
Not Placed,0,IT,6.81,2,-0.4051186878370341,0.10748263767873494
Placed,1,CSE,7.8,2,1.00346598520572,0.7726384065907703
Not Placed,0,ECE,7.91,2,0.7758149827268793,0.6561931610602489
Not Placed,0,CSE,7.2,1,-0.38200582667375327,-1.0355112282425911
Not Placed,0,CSE,7.02,0,-1.5543186791354726,-1.0110914036163388
Placed,1,Civil,7.18,1,1.445569083264888,-1.7284140756398954
Placed,1,IT,7.58,1,0.3909471766680915,-0.1903038768067554
Placed,1,CSE,7.66,2,0.7672246952587986,1.0373682207128891
Not Placed,0,ECE,6.77,0,-1.9672045980596247,-0.4664591200910878
Not Placed,0,ECE,7.91,0,-1.7509608851961052,-0.5124390093450317
Placed,1,Civil,7.9,3,3.4220788527958232,-0.4064921808019691
Not Placed,0,IT,7.61,1,0.7823206880577006,-1.3014793466503691
Not Placed,0,Mechanical,7.11,1,-0.27357459631468517,-1.8677922549309671
Not Placed,0,CSE,8.27,1,-0.7332079871925984,-0.4723184737373865
Placed,1,CSE,8.83,3,1.7258561780232737,-0.12012742406607796
Placed,1,CSE,7.32,2,-0.36466261721462545,1.1254315875712297
Placed,1,CSE,7.17,2,0.6973412089885856,-0.19944619524284948
Placed,1,IT,8.1,3,4.758419565018382,-0.6508631883255843
Not Placed,0,IT,6.71,0,-1.448297978685076,0.09601076373840403
Placed,1,CSE,6.61,1,0.27444975600945665,-1.2976937184831072
Not Placed,0,CSE,7.15,0,-2.2432624588090264,-3.046110219494414
Not Placed,0,IT,7.96,0,-2.0806234604679057,1.561200518955037
Not Placed,0,IT,6.95,1,-0.1746763167059163,-2.3837852102647203
Not Placed,0,CSE,7.68,2,0.0031413483949989805,1.2558051889093116
Not Placed,0,ECE,5.99,1,-0.75684296814006,-1.5659456512054257
Not Placed,0,Civil,8.22,2,-1.237184535751839,1.3394734419156997
Placed,1,IT,8.92,1,0.13726465167466978,0.4512194179787128
Not Placed,0,Civil,6.93,1,1.9031144786143912,-2.457326652232931
Placed,1,ECE,8.08,3,0.9485022082270502,-0.23742039750242014
Placed,1,Mechanical,7.52,1,0.7363007477914781,-0.9121644428314808
Placed,1,CSE,7.79,2,-0.5695604660938448,1.6037536963848291
Placed,1,CSE,7.49,3,4.753987516715939,-1.278125895212587
Not Placed,0,ENTC,7.44,3,2.4823402550963856,-2.9205452580608786
Not Placed,0,CSE,6.99,1,0.9265004661211369,-0.5399459492043768
Not Placed,0,Mechanical,6.77,1,-1.0873109848746427,-1.649928472253968
Placed,1,Mechanical,8.63,3,1.5919368133840053,-0.40482502074135124
Not Placed,0,CSE,6.27,1,-1.2738757307749913,-2.258614668084962
Placed,1,CSE,7.68,1,1.0899776929957212,0.23119671142619616
Not Placed,0,CSE,7.65,2,0.1035157395055234,1.0318673158446765
Not Placed,0,ECE,7.66,0,-1.7122979571886088,0.8660656418358311
Not Placed,0,ECE,8.27,0,-2.2023984628253785,1.770052301825985
Not Placed,0,ECE,7.38,2,-1.0555831222539394,0.5766789595631379
Not Placed,0,IT,8.26,2,-1.960642195932538,2.2378327951898913
Placed,1,Civil,9.39,2,2.1015040063559702,2.0410837515954343
Placed,1,CSE,7.57,3,3.205464008431686,-0.9742671876148383
Not Placed,0,CSE,5.97,0,-2.0935433397888814,-1.7881365737263981
Not Placed,0,IT,7.58,0,-1.739346748347905,0.5633764025838567
Not Placed,0,IT,7.5,0,-1.4851344706074758,0.13183789935686455
Not Placed,0,CSE,8.04,0,-1.180893514881905,0.7072932430991608
Not Placed,0,IT,6.01,1,-0.26656132396946774,-3.80779818937864
Not Placed,0,IT,7.98,2,-0.6528792954379459,1.2346213024046884
Not Placed,0,IT,7.34,0,-3.120093108763828,0.7544082587380796
Placed,1,IT,8.38,3,5.401132948467497,-1.5838104607805703
Not Placed,0,Civil,7.26,1,-0.5175454275194157,-1.155643143198985
Not Placed,0,CSE,8.44,1,-0.8308487632887673,-0.772651631759109
Not Placed,0,IT,6.42,0,-1.3634686209812077,0.3013959210707864
Not Placed,0,CSE,7.72,2,-0.481289731250093,0.7647947139520658
Not Placed,0,ECE,6.87,1,0.12721372790272414,-1.2540118019027713
Not Placed,0,CSE,7.29,2,-1.1296015697964934,1.1713378748099823
Placed,1,CSE,10.0,2,-0.6055403311591941,3.167916105022657
Not Placed,0,ECE,6.89,1,-0.30867226983972523,0.1041052025690366
Not Placed,0,IT,7.38,1,-0.07177832037339638,-2.8703549748998034
Not Placed,0,IT,6.73,2,-0.6127630307792192,1.815841293398145
Not Placed,0,Civil,7.44,1,0.7890504826101439,-1.1588671613569015
Not Placed,0,CSE,7.57,3,1.9343145213426545,-1.2496528893242171
Not Placed,0,IT,7.08,1,0.9958726127676047,-1.518787916467562
Not Placed,0,IT,9.04,2,0.08701613328245066,2.501364653961955
Placed,1,ECE,8.68,2,0.22385907186650342,1.031573538783565
Not Placed,0,IT,6.9,1,-0.6347814953002938,-0.4333410310545562
Not Placed,0,CSE,8.39,2,-1.2295894297013716,2.119412337807577
Not Placed,0,CSE,7.29,0,-1.7982472900439592,0.5523780593979662
Not Placed,0,CSE,6.66,1,-0.4494666199553861,-0.3947037508875299
Not Placed,0,CSE,7.09,0,-3.090572402880681,-0.454997221189897
Not Placed,0,IT,6.63,0,-2.9343308453946393,0.9751425103919635
Placed,1,CSE,8.5,3,1.269265737597857,0.11190342471276027
Not Placed,0,IT,6.96,0,-3.7502776742745922,-0.3959881665315035
Placed,1,Civil,8.79,3,6.6663121613410565,-0.432546046481572
Not Placed,0,ECE,7.82,2,-1.2439077564279704,1.544550761679448
Not Placed,0,IT,7.36,0,-2.064483635906906,0.4109355827482651
Not Placed,0,IT,7.27,0,-2.231165650821072,0.6147771713208353
Placed,1,ENTC,9.19,2,1.4902911281133475,0.8712616981932427
Placed,1,ENTC,7.71,2,0.8567576792460654,1.6811754816210525
Not Placed,0,CSE,7.27,1,-0.1914676346488135,-2.048560655299028
Not Placed,0,IT,8.43,1,0.35769002340213485,-0.9552699093380002
Placed,1,CSE,8.2,3,2.0468238881155907,0.06319423496786392
Not Placed,0,CSE,6.86,0,-2.3278157479719277,-1.835228919050386
Placed,1,IT,7.7,2,0.3121475893654126,2.2847977686675662
Placed,1,CSE,6.16,0,-1.0479308465972783,-0.07903332084144843
Not Placed,0,ENTC,7.67,0,-2.461509697372805,0.843985766259817
Not Placed,0,CSE,7.97,0,-1.8779381140010365,-0.3522877372770564
Placed,1,IT,8.08,3,2.1678662644915367,-0.35480709527239107
Not Placed,0,IT,6.85,0,-3.504818511599157,1.725717363622949
Placed,1,ECE,7.07,3,1.3465692126423396,0.5404779130735519
Placed,1,CSE,7.91,0,-1.9925357713932002,2.0729217926306656
Not Placed,0,ECE,8.76,2,-1.4421246745111282,1.6551097893980216
Placed,1,CSE,7.78,2,-0.2619857973503853,1.5261537960967277
Not Placed,0,CSE,7.23,2,-0.18245244236405395,0.3186181282188355
Not Placed,0,CSE,8.52,2,1.2447471804800385,1.276429818863079
Placed,1,Civil,7.81,2,0.3833225229507401,1.0979750701546314
Not Placed,0,Mechanical,7.85,2,-0.5305475876003979,0.5742846753041151
Not Placed,0,CSE,8.38,1,-0.6054731467250241,-1.3283492625390747
Not Placed,0,ECE,7.62,2,0.6651783806727022,1.5170744690245286
Not Placed,0,IT,6.91,1,-0.8255074695385537,-2.970968064920811
Not Placed,0,IT,7.57,1,1.7118754368810853,-2.4673195757136814
Placed,1,CSE,8.65,2,0.5073692935535808,2.0023101782878503
Not Placed,0,ENTC,9.31,3,1.8801034758686874,0.916293734821581
Not Placed,0,Mechanical,6.66,0,-1.9563299888639254,-1.0134797594960994
Not Placed,0,ECE,9.09,2,1.1994763039357323,1.5521620986799578
Not Placed,0,ECE,7.39,1,1.5526668606211358,-1.592729898103299
Not Placed,0,IT,7.72,1,0.5628390156324642,-0.9014940965775837
Placed,1,Civil,9.14,2,1.4014438161297997,1.6244085044847023
Not Placed,0,IT,7.35,1,1.2530633206400261,-1.0635914383641643
Not Placed,0,Civil,7.47,0,-1.836243907302253,-1.8230488036628685
Not Placed,0,IT,7.15,0,-1.0764780836046872,-0.5911485832933849
Not Placed,0,IT,7.73,1,0.7955484113647269,-0.9083591535224578
Placed,1,CSE,7.96,2,-0.4060148318011418,2.7735699199227715
Not Placed,0,IT,7.12,2,-1.772528914367945,2.048125436099377
Not Placed,0,IT,8.93,2,-0.26248190004433714,1.329203305997015
Not Placed,0,ECE,7.06,0,-1.142432075475245,0.5670448192764745
Placed,1,ENTC,8.12,1,1.2523553912831793,-0.9159189556675552
Not Placed,0,CSE,7.72,0,-1.3664716001593376,0.1514953522959892
Not Placed,0,CSE,8.76,2,0.13381322668485637,0.1590898337275108
Not Placed,0,ECE,7.02,2,-0.8376100655534793,0.44369861858334664
Not Placed,0,IT,8.19,2,-0.8317394531802141,0.8572096469273078
Placed,1,CSE,9.76,2,1.4568174408059436,1.2146949963315234
Not Placed,0,ECE,6.47,0,-1.9979968909756192,-0.18555930152177938
Not Placed,0,Mechanical,6.93,1,0.41002305978280684,-0.5050076315406457
Placed,1,CSE,9.47,3,2.7589411476233083,-0.16425925549956683
Not Placed,0,ECE,7.59,2,-0.5103415020030715,0.5603494796612355
Placed,1,CSE,7.8,2,-0.15766595363085312,1.030138620509103
Not Placed,0,ECE,7.42,1,-1.0226242724295154,-1.3957279534441078
Placed,1,ENTC,9.11,3,2.3303298393314824,1.1779398923826685
Not Placed,0,CSE,6.33,1,0.2563037521985887,-2.364960566532396
Placed,1,IT,8.75,3,3.5471810902181007,-0.23802817023443515
Not Placed,0,Mechanical,6.44,1,0.5615819984339836,-3.1945013440884433
Placed,1,ECE,6.37,2,0.19010738940800523,0.5429255889179314
Not Placed,0,ECE,6.78,0,-2.9060645737726936,-0.15782503796971822
Not Placed,0,CSE,7.59,1,-0.4520375612712619,0.16343506960479015
Not Placed,0,IT,7.09,0,-0.7774417306225989,-0.09593478785147144
Not Placed,0,CSE,7.04,2,-0.4833124742822272,-0.044997037981163515
Placed,1,CSE,6.91,3,2.4156984468285,-2.892920930447098
Not Placed,0,CSE,6.93,1,1.118740664871333,-1.6003410857474876
Not Placed,0,IT,6.91,1,0.4257730386406142,-2.0323123997307824
Not Placed,0,ENTC,7.9,3,3.035335681122234,0.06559231692381945
Placed,1,CSE,7.16,1,0.5696271663116586,-1.4372163177383561
Not Placed,0,ECE,5.43,1,-0.796989698492026,-2.210150604238583
Placed,1,IT,7.67,3,1.8805643433948456,-0.4953310949306257
Placed,1,CSE,8.34,2,0.8526920699113764,0.8751410619449753
Placed,1,IT,7.46,3,1.9294590952934898,-1.7403228204461094
Not Placed,0,ENTC,6.63,0,-2.249290438922651,0.14175930822931154
Not Placed,0,ECE,8.33,0,-2.032194386222395,0.3843301635675775
Not Placed,0,CSE,6.53,0,-2.3173956406360654,1.06088837078905
Not Placed,0,Civil,7.43,0,-1.2786121671646529,0.018052958556059352
Not Placed,0,CSE,7.68,1,0.7249704997315435,-1.657266673431728
Placed,1,CSE,8.62,3,2.3254099861710933,-1.2486937134126648
Placed,1,ENTC,8.19,2,-0.4661814901639912,0.9318596742043709
Not Placed,0,CSE,7.9,0,-1.014069253973127,-0.14460232816991686
Not Placed,0,ECE,8.49,2,0.14467236578249218,1.1702723819463314
Not Placed,0,Civil,6.72,0,-1.1825477932893689,0.2934446779416702
Placed,1,ECE,9.04,2,1.6907601084745345,1.3321488586692471
Not Placed,0,IT,5.09,0,-2.6967651083822672,-2.3711444487773097
Placed,1,IT,8.91,2,0.19920998006067187,1.477250596540561
Not Placed,0,Mechanical,6.98,0,-2.295468230957152,-0.07103245544670374
Placed,1,IT,8.02,2,-0.711797674573959,1.3188567934622981
Placed,1,CSE,8.93,3,1.7577399045046875,0.6465912043733197
Not Placed,0,Mechanical,8.18,0,-1.4713209101763485,-0.31083417199184554
Not Placed,0,ENTC,8.02,2,-0.5402304252755457,0.4660321979182445
Not Placed,0,IT,8.44,2,0.7994630888112708,0.18726082470448108
Not Placed,0,ENTC,6.44,3,1.3101300856713511,-0.15048729009244233
Not Placed,0,CSE,6.57,1,-1.9089680941737124,-2.2697768272204257
Not Placed,0,Mechanical,7.93,2,-0.9885983039267593,1.9001790479177862
Not Placed,0,CSE,7.53,2,0.07631647637259603,0.7557659809111863
Not Placed,0,CSE,7.43,2,-0.7243164191680026,1.1866043389190102
Placed,1,IT,8.75,3,3.9289441774917067,-1.311171015471517
Placed,1,CSE,8.68,3,1.0865073071501339,0.016181826982390176
Not Placed,0,CSE,6.92,0,-2.4138606700271628,-0.5171409340334238
Not Placed,0,ECE,8.08,1,0.4028372131445541,-0.32635209472917664
Not Placed,0,CSE,6.37,0,-4.542502631100417,-1.684774690929268
Not Placed,0,Mechanical,6.35,2,-0.1812814725664959,0.05952950296129915
Not Placed,0,IT,6.94,0,-1.2367970093563352,-0.5048953617029975
Not Placed,0,CSE,7.65,3,1.803443229988174,-1.0456500705066674
Not Placed,0,ECE,7.14,1,-1.2487208003585177,-1.7935213207654075
Not Placed,0,ECE,8.08,2,1.0243436532670922,1.176356369755271
Not Placed,0,CSE,7.69,0,-2.4291346883549285,1.6821391557039567
Not Placed,0,CSE,8.65,1,1.12014623760463,-1.2189428050171205
Placed,1,IT,8.16,3,1.7810654941935014,-0.22347052986313748
Not Placed,0,ECE,6.82,1,0.9189832803655444,-3.317116270327974
Placed,1,Mechanical,8.47,2,1.1492762541017596,0.8459197608248171
Not Placed,0,ENTC,6.97,0,-1.3292304951815082,0.8446276559874076
Placed,1,ECE,8.05,3,2.158493794333422,-0.8202417882368099
Placed,1,ECE,7.28,1,-0.32980655073172943,-0.06480727056330576
Placed,1,ENTC,8.83,2,0.863450447554296,0.7977692968186594
Placed,1,ENTC,8.32,1,0.015807751753659026,0.12239339694461039
Not Placed,0,IT,7.11,0,-2.760040610015762,1.244301957046885
Not Placed,0,CSE,7.37,0,-1.6722954550857592,-0.1430359161452621
Placed,1,Mechanical,10.0,3,3.2798221265101115,1.8160510640529615
Not Placed,0,Mechanical,6.63,1,-0.21988303392778788,-1.5100067740891643
Not Placed,0,ECE,7.09,1,-1.0537535038146368,-1.8577120019084783
Placed,1,CSE,7.13,2,1.239135258320916,0.8277675141425739
Not Placed,0,ENTC,6.71,0,-3.4490780698313968,0.03271567189680767
Not Placed,0,CSE,6.8,0,-2.0180451353489155,-0.2668460539192747
Placed,1,CSE,7.61,3,3.8568484777281165,-0.7998607859254887
Placed,1,CSE,8.11,1,1.4036253762877013,-0.2889256220500817
Not Placed,0,CSE,6.35,1,0.036683581450885294,-3.1585368536252694
Not Placed,0,CSE,7.27,0,-1.6147684878539823,-1.524217887808767
Not Placed,0,ECE,7.02,1,1.1354365332138912,-1.604643260723601
Not Placed,0,ECE,6.71,2,0.045625050832503684,0.3853883274602015
Placed,1,IT,8.55,3,5.387364500578968,-0.6965592458747374
Not Placed,0,CSE,7.05,2,-0.435895792550668,0.2952968808811493
Not Placed,0,ECE,6.54,0,-3.5841462996783475,-0.10436362720129701
Placed,1,Mechanical,8.45,2,0.11624748124854904,2.137081036352119
Placed,1,Mechanical,8.76,3,2.6994981075567064,0.08442350291683107
Not Placed,0,IT,7.9,0,-3.3116177085920078,-0.573976117789129
Not Placed,0,CSE,6.9,1,-0.9335411337880654,-1.2377674864850239
Not Placed,0,ENTC,7.46,1,-0.27107073784615726,-2.7070030609752287
Not Placed,0,CSE,7.14,1,1.450815636488093,-1.7348800343523332
Not Placed,0,ECE,7.66,0,-2.657452729606413,0.537325996951233
Not Placed,0,CSE,8.31,2,-0.12912971141675159,2.6697113428165498
Placed,1,ECE,7.68,2,0.4910435818915051,0.9654221675752772
Not Placed,0,IT,7.7,2,0.38428600449814554,1.2829609224202463
Not Placed,0,CSE,7.26,1,0.3694552470589102,-0.6644929883465875
Not Placed,0,CSE,8.27,1,0.9994175534150376,-1.638729379961864
Placed,1,CSE,8.01,1,0.5924112800308612,-0.4483173888042963
Not Placed,0,IT,6.14,1,-0.19756483556526463,-4.38984242090504
Not Placed,0,CSE,6.19,1,-0.6275436475001992,-2.9746534537323903
Not Placed,0,CSE,7.42,2,-1.102044894771896,0.6353209783953851
Not Placed,0,IT,8.53,3,2.313076353504122,-0.444191040686311
Placed,1,CSE,8.69,3,1.809498917683457,0.27833028758524686
Placed,1,IT,8.35,3,4.913728980944249,-0.4682920154444431
Placed,1,Civil,7.57,1,0.9232950476303682,-0.24829271387726065
Placed,1,IT,8.95,3,2.8525848611765263,-0.39055385137973475
Not Placed,0,ECE,7.09,0,-2.001685654687917,-0.13452184105819237
Not Placed,0,CSE,7.41,1,0.8712995007848165,-0.8175404456029245
Not Placed,0,CSE,6.49,0,-3.492118935165526,-1.311162317860557
Not Placed,0,Mechanical,7.41,0,-1.3816488003880327,-0.8183306032235941
Not Placed,0,ECE,6.97,2,0.5303683382031297,0.07332895367264908
Not Placed,0,ECE,9.01,3,3.0608008244641396,0.7813105108587322
Not Placed,0,IT,8.84,3,3.942418160744226,0.638869120147662
Placed,1,CSE,7.75,3,3.9071072358028283,0.9773052552980551
Placed,1,CSE,8.1,3,3.3919516734812567,0.8702870938842018
Not Placed,0,CSE,7.19,1,-0.7205473640968247,-0.7231372436914371
Not Placed,0,Mechanical,5.54,0,-3.5807512955255687,-0.2988862493688871
Placed,1,CSE,7.05,0,-1.631521260129517,0.13187863856292414
Placed,1,CSE,8.34,2,1.1879728888280303,0.8007522649617226
Not Placed,0,IT,8.07,2,0.4357395582363807,0.20419186846216608
Not Placed,0,CSE,7.37,1,0.07682969687602596,-0.43415169995393926
Not Placed,0,IT,8.33,2,-0.38176281234798637,1.174384413638205
Not Placed,0,CSE,7.3,0,-1.475421974460447,-0.6848750063561164
Not Placed,0,Civil,6.73,2,-0.46315245238208586,0.07274830093335402
Not Placed,0,CSE,8.33,0,-1.3693005095864903,1.056469707645469
Not Placed,0,IT,7.18,1,1.3829433425895612,-0.32210848210935866
Not Placed,0,CSE,8.57,3,2.0900840867050317,0.31191402449021355
Not Placed,0,CSE,6.0,2,-0.31871576761044773,0.40827089064474986
Not Placed,0,IT,7.22,0,-1.5618185509247589,0.22108378701768389
Not Placed,0,Mechanical,8.21,2,0.7215922295912163,0.4927156166482917
Placed,1,CSE,8.12,3,1.6390557384346105,-0.4526288260986474
Not Placed,0,CSE,7.51,1,-1.3788997877358002,-1.3590046151328634
Not Placed,0,ECE,7.94,2,-1.846720599559628,2.004829804183373
Placed,1,IT,7.82,3,2.148397422801158,0.21734493915542458
Placed,1,IT,6.43,1,-0.5197562482301477,0.07696456355285097
Not Placed,0,ECE,7.39,2,-1.2319303416329817,0.7691751663392561
Placed,1,IT,7.89,3,4.652369031179148,-2.1179836929107307
Not Placed,0,IT,8.13,0,-1.3428595995618373,0.3384656018782793
Placed,1,Mechanical,7.64,3,2.274326963218218,-0.6009292158794195
Not Placed,0,ENTC,7.23,1,0.3553407109975907,-0.6147634232410315
Not Placed,0,IT,6.57,1,-0.9904452361450854,-2.35561527867979
Placed,1,Mechanical,8.34,3,5.243650905361167,-1.28163888710429
Placed,1,IT,8.25,3,2.4780611965209673,0.8844247701242076
Not Placed,0,ENTC,8.54,1,-0.811613752059372,-0.721268091049829
Not Placed,0,CSE,6.78,0,-1.729195432281076,-0.15949055335890813
Not Placed,0,CSE,7.8,1,-1.2474506773518648,-0.9997986924772021
Placed,1,ECE,7.11,1,0.21588851893538336,-0.49014594266625205
Placed,1,IT,7.74,2,-0.4381029396343512,1.7959867515446173
Not Placed,0,Mechanical,10.0,2,-0.27444463917737033,2.70284971275264
Placed,1,IT,8.47,2,0.4167417534326065,1.0355313232957652
Placed,1,Civil,7.06,1,0.764440671281913,-0.42115435652886546
Placed,1,IT,7.49,1,1.79517975494086,-1.7189488846349223
Not Placed,0,IT,7.39,1,0.15293667722881382,-1.7273844122682942
Not Placed,0,IT,7.81,2,0.22329214235900213,1.5366352941051662
Not Placed,0,CSE,6.4,1,0.14947524293295958,-1.621527297955209
Placed,1,ECE,7.98,3,3.974084286709782,-1.2871872882402948
Not Placed,0,ECE,5.9,0,-1.8249438843034202,-1.5804823247922881
Not Placed,0,ENTC,6.28,0,-1.9035129431042643,-1.0579808407913252
Placed,1,CSE,9.4,3,4.97501622848741,2.0687089022951377
Placed,1,CSE,7.39,0,-1.2469452149180469,0.25551931941443334
Not Placed,0,CSE,8.91,3,2.9805430062234195,-1.1058697487658868
Not Placed,0,ECE,7.01,0,-3.3900276201541533,-0.7888790116041314
Not Placed,0,Mechanical,5.91,0,-2.819060948766755,-1.894617903138576
Not Placed,0,CSE,6.81,0,-3.719765356792699,0.5743449721515101
Placed,1,CSE,9.98,3,2.6714923023270414,-0.6811236343252214
Not Placed,0,CSE,6.5,0,-2.3673532233073646,-0.5428988537961938
Placed,1,CSE,9.21,3,3.4574558017092696,-1.2013833277704173
Placed,1,CSE,7.99,2,0.8827057861731761,1.52017297487064
Placed,1,IT,7.8,2,0.2129088393301104,1.3495551632293172
Not Placed,0,ENTC,7.06,2,-0.9613676150016918,1.1759799038448775
Placed,1,IT,6.93,1,0.7097497182627809,-1.320282286019441
Placed,1,IT,8.18,1,0.6622136885513048,0.13688079589422106
Placed,1,IT,8.82,2,0.6729197719038509,2.4843266062258227
Placed,1,CSE,7.87,2,0.6288256939974607,-0.17773584672666362
Placed,1,ENTC,8.33,2,1.2133997393622817,2.194936003990962
Not Placed,0,Mechanical,7.34,2,-0.7865516822718732,0.10738258140827392
Placed,1,CSE,9.55,3,2.2649912111141735,1.3390638234597185
Not Placed,0,CSE,7.9,1,-0.872647023977079,-0.2496372719355503
Placed,1,ECE,9.43,3,2.925834342191662,0.23635304865870943
Not Placed,0,ECE,6.88,1,-0.052664352630944586,-1.1733034050807123
Not Placed,0,ECE,7.66,0,-1.9900167529426949,0.33416456598044253
Not Placed,0,CSE,8.61,1,-0.1715425176142915,-0.2494916834859689
Not Placed,0,CSE,7.82,3,3.4665877154260762,-3.32245801807799
Not Placed,0,IT,8.14,1,1.731312946148821,-3.037924647424874
Placed,1,CSE,6.87,3,2.9189496768747945,0.001702938722692169
Not Placed,0,Mechanical,7.36,2,-0.8033417811442812,1.8284048296406623
Not Placed,0,IT,6.96,0,-1.522648577012209,-1.5449660102631728
Not Placed,0,CSE,7.63,0,-1.7935833356470021,-0.10620856589713859
Not Placed,0,CSE,7.54,1,-0.13824648943156145,-0.6987285340814675
Not Placed,0,IT,7.25,1,-0.4666179454369564,-1.015873741622587
Placed,1,Mechanical,8.24,3,1.218615987796605,0.1924166265080083
Not Placed,0,IT,6.79,2,-0.8475064737503741,-0.19747969247419742
Not Placed,0,CSE,5.87,0,-3.9876063784394002,-1.861564881334448
Not Placed,0,ENTC,7.21,0,-1.7400702042964427,0.20628989035257345
Placed,1,IT,9.53,3,2.3687380371488738,1.829298936676633
Not Placed,0,IT,8.13,1,-0.3926512891817393,-1.830834147779691
Not Placed,0,CSE,6.98,1,0.531558606879961,-1.921962109073467
Not Placed,0,IT,8.08,1,1.4812417040444408,-1.3847089097445167
Not Placed,0,IT,7.59,1,-0.2681616625285081,-0.8617069998170803
Placed,1,ECE,8.03,3,1.663459947365092,0.07260460563050862
Not Placed,0,IT,8.45,2,-0.5480852580299069,1.8927818888203547
Placed,1,ECE,7.86,3,2.1600868629440084,0.20788814532202476
Not Placed,0,Mechanical,7.8,3,1.9423729579612048,0.1113553983835301
Placed,1,CSE,8.96,3,3.560437566053377,-1.0021620414355825
Placed,1,IT,8.16,3,5.0846201328932,1.5985924869508021
Not Placed,0,IT,7.87,0,-1.5492589259180045,0.24942905094025447
Placed,1,IT,7.74,1,0.6905168518036051,0.056227812223540896
Not Placed,0,CSE,7.22,2,-0.7260837019356234,0.03680181180790829
Not Placed,0,CSE,6.64,2,-1.313984404772824,1.2299303883924357
Placed,1,IT,8.27,2,0.6334905390602421,1.178977643300441
Placed,1,CSE,8.79,2,-0.0266396058445615,1.6439213767941467
Placed,1,IT,8.06,2,0.6224501077619541,0.9103622849699252
Not Placed,0,ECE,8.18,2,-0.1396575385821978,0.25863366413724137
Not Placed,0,CSE,6.95,1,0.11067011897292177,-1.6795905877229305
Placed,1,ENTC,7.19,1,0.6435213453035572,-0.5371424315046596
Placed,1,CSE,6.61,3,2.4650587207494428,-0.48064716134822355
Placed,1,CSE,7.49,2,1.217828615999304,0.45771837881278066
Placed,1,ECE,8.54,2,1.482989533324795,1.1314333139773736
Placed,1,IT,7.11,1,0.641489173660058,-0.5350311173902712
Placed,1,ECE,7.64,1,1.235324467017926,-0.8245259260789313
Placed,1,CSE,8.3,2,1.512410701774705,1.5191595517471967
Placed,1,CSE,8.73,3,1.9858861157768914,0.46545898626387744
Placed,1,CSE,6.3,3,3.2719618766576657,-2.9270064380914365
Not Placed,0,CSE,7.29,0,-0.9034141413406107,0.06484328591527815
Not Placed,0,ECE,7.07,3,1.692499573851786,-0.5629997205673023
Not Placed,0,IT,6.95,1,-0.6348656219560666,-0.8581225571253159
Not Placed,0,CSE,7.37,0,-2.5888116521400684,1.1824769820599104
Not Placed,0,IT,6.04,0,-3.2233244372012946,1.5790588355672959
Not Placed,0,CSE,7.39,0,-2.676864583187116,0.6804203941359547
Not Placed,0,IT,7.73,2,-0.3792270809268032,-0.035124903393028886
Not Placed,0,ECE,6.81,0,-2.9029985532894913,1.998533337931124
Not Placed,0,ECE,7.29,1,-0.8546961295228447,-0.7025699883683871
Placed,1,ENTC,7.72,1,0.17764949182951978,-0.07171966713213868
Placed,1,CSE,7.8,2,-0.06813354344579335,0.869800505135928
Not Placed,0,ENTC,6.31,0,-1.2770416967009806,-0.2615273175316671
Not Placed,0,Mechanical,8.3,3,1.6668181849449337,-1.129478534221624
Not Placed,0,IT,8.32,2,-0.35173752644831985,0.8298642133708716
Not Placed,0,ECE,7.07,1,-0.37743221776072944,-1.6594095106787075
Not Placed,0,CSE,9.13,2,-1.0183912419177121,3.0044069643626776
Placed,1,CSE,8.09,1,0.7974245494262958,0.19423795058256205
Placed,1,Civil,7.96,3,1.5129696685293903,-0.532332093664394
Placed,1,IT,8.28,3,3.2203850811780055,1.617206462618841
Not Placed,0,Mechanical,6.82,0,-1.630704696046346,-1.0704167169830676
Not Placed,0,ENTC,7.4,1,-1.053755092195741,-0.9654552047853587
Not Placed,0,Mechanical,8.22,1,1.8021739534909431,-1.127603441953273
Not Placed,0,ECE,7.02,1,0.6989913773975666,-1.0832067528021267
Not Placed,0,ECE,7.4,1,-0.22658066868642612,-0.9428258795344727
Not Placed,0,CSE,8.21,1,1.4358755907127787,-1.3891255672988256
Not Placed,0,CSE,7.96,0,-1.7705620145482446,-1.2542897273642624
Not Placed,0,Mechanical,7.72,2,0.08896091372423445,0.6557312792444834
Placed,1,CSE,7.75,2,-0.5575769141078446,0.8871432080407727
Not Placed,0,CSE,7.55,1,0.5838130555527176,-0.9493302282953134
Placed,1,Civil,8.42,2,0.1786328098242404,1.28934218203507
Placed,1,CSE,9.48,3,2.188690084875596,1.2340486006740183
Not Placed,0,ENTC,7.95,2,1.0340614372031391,0.19369447320318234
Not Placed,0,CSE,8.79,0,-2.2822977446668444,1.0195178319438236
Not Placed,0,IT,7.33,0,-1.4695968420415813,-0.7000531036867133
Not Placed,0,ECE,7.12,0,-2.3295624639206864,-0.6266480327615878
Not Placed,0,CSE,7.03,1,-0.8848235068702894,-1.3361322884179867
Not Placed,0,ENTC,6.92,1,-0.5095027963111667,-1.1018330137931027
Placed,1,IT,7.45,3,2.6851593065067845,-1.99741595532768
Not Placed,0,IT,8.45,0,-1.326366824628991,0.38645732847571657
Not Placed,0,Mechanical,8.55,2,-0.9060907838596123,1.5794448958357907
Placed,1,CSE,7.27,3,1.6910081870232598,-0.7901005713293974
Not Placed,0,CSE,7.42,0,-1.8512011867404525,-1.3713134409375745
Not Placed,0,CSE,7.7,1,0.04147342565366059,-1.2721558878773132
Not Placed,0,Mechanical,7.9,1,-0.3652233441436402,-0.4675527389297838
Placed,1,Mechanical,8.2,3,2.314521005831976,-0.24296186093396682
Not Placed,0,CSE,7.36,1,-0.8351408091563141,-1.403363170688024
Not Placed,0,IT,7.53,2,-0.13577441199025403,0.6832076881978707
Not Placed,0,Civil,8.85,1,1.2366725818796023,-1.2455852479439469
Not Placed,0,Mechanical,7.46,0,-2.0433731470915992,-1.2599493142434361
Not Placed,0,CSE,7.21,2,0.040838690118153886,0.25493142407892044
Not Placed,0,ECE,7.63,2,-0.6247367712281747,1.7151437884539749
Placed,1,CSE,7.77,3,2.4111409941574755,-1.0091621128308297
Not Placed,0,IT,6.39,0,-2.2969741836800113,-1.334719244249654
Not Placed,0,ECE,7.32,1,-0.7413550381972716,-0.038086629239438036
Placed,1,ECE,8.06,2,-1.7916397998614724,2.5798739870366054
Placed,1,CSE,9.4,2,0.5332402380924688,2.1955713146612883
Placed,1,ENTC,7.25,2,0.0999848121073384,0.4653587474549142
Placed,1,CSE,8.35,1,0.5820956115992479,-0.653339391578034
Not Placed,0,Mechanical,7.85,1,0.07989628487896792,-0.2578298997376693
Placed,1,IT,8.69,2,1.379748644052468,1.5412131251999157
Not Placed,0,Civil,7.17,3,1.8022283191751438,-0.6527286283246154
Not Placed,0,IT,8.64,1,-0.9831249930376392,-0.3612541263741346
Placed,1,IT,8.89,3,2.1793429907793156,0.7424324332631157
Not Placed,0,ECE,8.93,2,-1.6676656853456011,2.22648224731643
Placed,1,IT,8.91,3,2.0314434707454345,1.0762972499279417
Not Placed,0,IT,7.86,3,2.8252115293305997,-1.7832506879004562
Placed,1,ECE,8.2,2,1.8249751173501874,2.67099885009344
Not Placed,0,CSE,7.34,2,-0.32987657607312726,0.6761699715819268
Not Placed,0,ENTC,5.81,0,-2.5430109512987302,-2.440002561738445
Placed,1,IT,7.92,1,0.6028567596425064,-0.22881690379975783
Not Placed,0,CSE,7.56,2,0.516452311645171,0.1658761044567401
Not Placed,0,CSE,8.52,1,0.9402811151395948,-0.06945604402258604
Not Placed,0,CSE,8.43,0,-2.175897020619429,0.0013768924631758531
Not Placed,0,CSE,6.8,0,-1.5962123151314156,-1.1715402275519289
Placed,1,CSE,9.69,3,2.404220006216088,1.0731675989674199
Not Placed,0,CSE,8.03,0,-2.343242062243896,-1.050936956449996
Not Placed,0,IT,6.61,0,-2.650689003611607,1.6574219172013918
Not Placed,0,ECE,6.73,0,-1.4795185273906908,-0.02263830981936783
Not Placed,0,CSE,5.85,0,-0.978232545445332,0.3589023441610964
Not Placed,0,CSE,8.35,3,1.6084496351397568,-1.3014701116627083
Placed,1,IT,7.25,1,1.6119922348568883,-1.2291444063438755
Not Placed,0,Mechanical,6.99,2,-1.1366174078351496,1.5071377460727926
Not Placed,0,CSE,7.15,0,-3.5423971819255358,0.5634758098184078
Placed,1,Mechanical,7.44,3,1.879453819502669,-0.2855489993061447
Not Placed,0,IT,8.19,3,1.9287419514311834,0.5996469118672092
Not Placed,0,Civil,6.3,0,-2.63429333600325,-1.4192602196344073
Placed,1,CSE,6.79,1,0.23260387303114127,-1.517635176662523
Not Placed,0,CSE,8.1,3,1.4186841413774551,0.28458640339652913
Placed,1,CSE,7.2,0,-1.0182751254612696,-0.09576124503751364
Not Placed,0,Civil,8.19,3,2.210897208791359,-1.8349687320898092
Not Placed,0,CSE,7.28,2,-0.912653856944591,2.0824060854332496
Not Placed,0,ENTC,9.04,2,-0.042970037164500166,1.3052449669265243
Not Placed,0,IT,7.88,2,0.6382577714702978,-0.1569030805326842
Not Placed,0,CSE,8.74,1,0.23853845368368587,0.4908068864831221
Placed,1,ENTC,8.14,1,0.3395755997982785,-0.5075738157339167
Placed,1,CSE,8.19,1,0.4790074763155658,0.01041262637474313
Not Placed,0,ECE,7.06,0,-2.170530449661152,-1.2539617503990397
Not Placed,0,ENTC,8.69,1,0.22565731857567078,-0.19803941837733674
Not Placed,0,CSE,7.88,0,-1.6612908000715707,1.5013406512512293
Not Placed,0,IT,6.89,0,-3.3139734116926767,0.8960332725302693
Not Placed,0,CSE,5.91,0,-2.22715741611979,-0.6456004610780659
Placed,1,ENTC,7.82,1,0.9959189359085976,-1.3357971486634603
Not Placed,0,CSE,8.98,2,-1.065919490909389,2.3081516182449366
Not Placed,0,ECE,6.93,1,-0.7381109511290413,-1.4878034625354823
Not Placed,0,IT,6.9,2,-1.3735039576157264,0.9202237488181977
Not Placed,0,Civil,7.43,1,0.8421012904188178,-0.2918755483798802
Placed,1,ECE,8.64,3,2.255056499048809,0.6975557105168995
Not Placed,0,CSE,6.14,1,0.24212998472307895,-0.6965334076342556
Not Placed,0,ENTC,7.15,2,-0.6856647724207218,1.027464613182893
Placed,1,ENTC,6.85,0,-2.1361162557180604,1.3618724634246735
Placed,1,IT,8.18,3,3.6767859902445172,-1.2105968533194842
Not Placed,0,CSE,7.58,2,-0.6267791988843306,0.22981930128793787
Not Placed,0,CSE,7.41,1,-1.3493374979492132,-2.1968079670132448
Not Placed,0,CSE,7.55,1,-0.48821034029229854,-0.4313691947690046
Placed,1,CSE,8.37,3,3.2225371119625774,-0.1605289364683643
Not Placed,0,CSE,8.65,2,-0.13975810833269833,2.5968458043957816
Not Placed,0,IT,8.57,2,-1.043390690631826,2.1615660580530167
Placed,1,IT,8.19,2,-0.12475062463572927,0.4305620603359693
Not Placed,0,CSE,8.88,1,0.8129508692862119,-0.21350583234357004
Not Placed,0,IT,6.91,0,-2.051578026545686,0.3168602530129241
Placed,1,CSE,8.03,2,-0.5196678839950712,1.1486397694027686
Placed,1,IT,9.7,2,0.5549892711777932,2.325751933719876
Not Placed,0,IT,6.14,1,-1.481866313161772,-1.6530376208570898
Placed,1,ENTC,7.25,1,0.3503510889121498,-1.3548199160229237
Not Placed,0,ECE,6.82,1,0.7193885087774181,-1.380061632580604
Not Placed,0,Mechanical,7.95,2,-0.07210184146187124,-0.13666169963838662
Placed,1,Civil,8.92,3,2.4323401098112836,1.4419092221349215
Not Placed,0,ECE,8.16,3,1.7157270141433114,-0.017472934390568212
Placed,1,ENTC,7.52,2,-0.46506639960957613,1.8948944270940655
Not Placed,0,IT,8.16,1,1.3161905333014225,-0.34060027007806426
Not Placed,0,ECE,7.45,1,0.04240021716926732,0.036259505418977045
Placed,1,CSE,7.87,3,1.8260514749530588,-0.7368985868040809
Not Placed,0,ECE,8.23,1,1.4845569349253134,-1.342366949150453
Placed,1,IT,9.19,2,-0.6996054281551182,1.9673086345039195
Not Placed,0,Civil,8.08,2,-0.04695246541339813,0.943897411881492
Not Placed,0,CSE,7.89,0,-2.2541361235446544,1.3400071177745274
Not Placed,0,ENTC,9.43,2,-0.7933586059634833,1.5259891191292374
Not Placed,0,Civil,6.04,0,-3.0585687111397175,0.31825046136120466
Placed,1,Mechanical,7.62,3,2.1825226536056337,-1.5562025648929325
Not Placed,0,CSE,7.07,0,-1.5747606303270067,-1.371161906721458
Not Placed,0,CSE,7.5,1,0.10111704650250383,-1.2089884154764778
Placed,1,ECE,8.21,2,0.35564427167924395,1.3434874101293952
Placed,1,CSE,8.53,2,1.6188044798309962,2.598628210842395
Placed,1,CSE,7.26,1,0.3192975519149802,-1.4867177057580439
Placed,1,ECE,8.27,2,0.8076123668284484,1.4352332821638194
Not Placed,0,Mechanical,6.94,0,-0.9845493860030541,-0.1486088955208384
Not Placed,0,CSE,6.61,1,-0.44423107360747965,-0.7300492161470946
Not Placed,0,IT,7.76,2,-1.1283963897741198,0.9640358180314029
Placed,1,ECE,7.51,1,-0.9088450475040666,-0.7032658657716491
Placed,1,ECE,8.97,3,2.489855668700271,0.9630381042605218
Placed,1,Mechanical,9.51,2,0.07862103306360653,3.316485286549977
Not Placed,0,ENTC,7.18,0,-2.6622909978933333,-0.09519467564651415
Not Placed,0,CSE,6.16,0,-2.695272619388781,0.05830329171337484
Not Placed,0,ECE,6.54,0,-2.6121481321794824,-0.6338488551850049
Not Placed,0,Mechanical,6.99,0,-1.1241661296457857,-1.1889541631827123
Not Placed,0,CSE,7.88,0,-1.120717641274658,0.24363341524103108
Not Placed,0,IT,7.48,0,-2.2566243609472045,-0.03725137777151398
Placed,1,ECE,6.63,2,0.8766617670686206,0.683188859861758
Placed,1,IT,9.22,3,5.040922193701825,0.2987214054383492
Placed,1,Civil,8.26,3,1.3320386747327897,-0.8206212018552264
Not Placed,0,IT,9.2,2,-0.15509098426525209,2.349171500573408
Not Placed,0,CSE,6.17,0,-2.603568991759904,1.0110877269785403
Not Placed,0,Civil,8.78,0,-1.70266245760318,0.5946217112181612
Not Placed,0,IT,7.57,0,-2.6523158583131043,0.8268263374489933
Not Placed,0,IT,7.37,0,-2.5647066217631056,0.7047591557540893
Not Placed,0,IT,7.72,1,-0.3199412810246947,-0.49301597659026564
Not Placed,0,Civil,7.11,1,-1.5084243619719473,-1.4634529498777744
Not Placed,0,Civil,7.58,2,0.7991614927564419,0.9000053073776362
Not Placed,0,CSE,8.5,2,0.7532465143947255,0.779220549114773
Not Placed,0,ENTC,6.03,1,-0.9975062006182088,-1.6813314924945542
Placed,1,ENTC,8.97,1,-0.20160059281876302,0.401748609527819
Placed,1,IT,8.03,3,2.0863841951757363,-0.4458592135907354
Not Placed,0,CSE,7.61,2,-1.2966634017467715,0.6860159970226791
Placed,1,Mechanical,8.5,3,2.3393609926415704,0.6061803973670719
Not Placed,0,IT,8.01,2,0.5126065387779251,0.42586838725045667
Not Placed,0,CSE,7.29,1,-0.13635990261865283,-1.3306918967197152
Placed,1,CSE,7.04,3,1.5380328260295772,-0.21717259045219134
Placed,1,CSE,8.97,2,-0.3397872959792064,0.9482107961455775
Not Placed,0,IT,6.44,0,-3.477967895622816,1.4008351227617506
Not Placed,0,IT,7.53,2,-0.03666761619353093,0.9099466637621124
Placed,1,IT,6.5,1,-0.8897444121191351,-0.7870736195405672
Not Placed,0,Civil,8.11,1,0.12725932952333166,-0.453024896315853
Placed,1,IT,7.62,3,3.166382480148261,-0.531558416969035
Not Placed,0,CSE,6.64,1,-0.490559489456667,-1.7249979615761957
Placed,1,CSE,6.96,1,-0.22820158746637134,-0.7625229760059885
Placed,1,CSE,7.74,2,-0.7985412069187375,2.4900758321348797
Placed,1,ENTC,7.94,1,-0.030362569085622473,0.02165592391813039
Not Placed,0,CSE,6.05,1,-0.7956431570707847,-1.5327614736511772
Placed,1,ECE,7.1,2,1.2008846283942376,1.1046530624970257
Not Placed,0,CSE,7.84,2,0.8556074497240139,1.389313235635916
Placed,1,Mechanical,8.73,3,3.9409866378891594,-1.5387060325085413
Placed,1,ENTC,8.41,2,0.5133084552477685,0.828188915253261
Not Placed,0,IT,7.31,1,-0.026113964515339105,-0.4313527549436834
Not Placed,0,ENTC,8.55,1,-0.2852260597413229,0.5645431053126033
Placed,1,ENTC,7.43,3,5.002508787609692,-4.060238619784602
Not Placed,0,Mechanical,5.05,0,-3.432279598871109,0.12287111551611846
Placed,1,Civil,8.92,3,4.835437887904429,-0.2686808093892468
Placed,1,ENTC,8.09,2,1.0324547930147625,0.9756258667259614
Not Placed,0,CSE,7.86,2,-0.3936953073664809,0.6155002005663085
Not Placed,0,CSE,7.71,1,0.28512055093689337,-0.4512220037902395
Not Placed,0,Mechanical,7.96,0,-1.2140345325618374,0.6115330700191577
Not Placed,0,Mechanical,7.71,2,-1.2064781049598905,1.3472702503560403
Placed,1,IT,7.45,3,1.8783369715137594,-0.2120723012878618
Not Placed,0,CSE,7.14,1,-0.40290204593395273,-0.24343727206218768
Placed,1,IT,7.77,3,1.8343438438533284,-0.5992271057012322
Not Placed,0,CSE,6.95,0,-1.4383636562905073,-0.11835142429789387
Placed,1,CSE,6.73,1,0.09958788545071938,-0.5363653157350207
Placed,1,CSE,7.93,1,0.989156171858011,-0.5816298342732625
Not Placed,0,ECE,8.53,2,-0.45850965874854105,0.9356858544264592
Placed,1,IT,7.02,3,3.8406013229914717,-1.3727023708992607
Placed,1,ECE,7.17,0,-2.4740876615648726,0.8422410243726305
Not Placed,0,ECE,6.26,1,-1.0051713593536957,-0.5368148897850147
Not Placed,0,ENTC,6.58,1,0.22704812897395568,-2.0143028162232133
Not Placed,0,IT,6.61,1,-0.8815377021619099,-0.88797230291141
Placed,1,CSE,8.53,2,0.8372477802548988,0.4966958744713978
Not Placed,0,ECE,6.22,0,-3.2903410555943324,-2.168442880996161
Not Placed,0,ECE,8.09,3,1.527649889477028,0.15048049008756512
Not Placed,0,CSE,7.47,2,-1.1984330231493228,0.779295691848242
Placed,1,CSE,8.21,3,3.631770793879769,0.7290327568547658
Placed,1,Civil,8.69,3,1.9099732392790754,0.26557620038359087
Placed,1,CSE,7.67,2,-0.010482376469947428,1.3979258252977935
Placed,1,IT,8.66,2,1.8761105142929457,1.9880115386361041
Placed,1,Civil,9.02,3,1.9716292693312545,-0.5446060356320593
Placed,1,ENTC,8.84,3,2.8282530572468336,-1.9046885357492473
Not Placed,0,CSE,7.13,1,0.29153381994574235,-0.1804832304315296
Not Placed,0,Mechanical,6.03,1,-1.4460383877502332,-2.159716174027934
Placed,1,CSE,7.59,1,0.9692667685537316,-0.7495228256259561
Not Placed,0,ENTC,7.85,0,-1.9529725502747457,1.0658104980945982
Not Placed,0,ECE,6.04,0,-4.406021107147736,-2.4599085266798544
Not Placed,0,CSE,7.75,1,-0.507301733034343,-1.4393567002252858
Not Placed,0,Mechanical,5.51,0,-4.3308421854859445,-1.0105384391871588
Placed,1,ENTC,9.01,3,2.951527861644853,-0.34592185047771185
Not Placed,0,IT,8.11,2,0.22908137950551954,0.7447583217496188
Not Placed,0,ECE,7.0,2,-1.4397996218050324,1.6875191346658278
Not Placed,0,ENTC,7.81,0,-3.0052488250077656,-0.9757470108591147
Not Placed,0,CSE,7.91,2,0.8037264197618688,0.21604137317455444
Placed,1,CSE,8.11,3,1.89562717950414,0.9768513444134076
Not Placed,0,CSE,7.76,1,-0.4251141415591896,-0.3545195521931492
Placed,1,Civil,8.5,3,4.625279958986841,-2.069770695545533
Not Placed,0,CSE,6.62,0,-1.7214401125381917,-0.21716315182807347
Placed,1,CSE,7.59,1,-1.0434851614441856,-0.6694733760383484
Not Placed,0,ECE,9.22,3,2.626774331182739,-1.3500728659729915
Not Placed,0,IT,7.4,1,0.4066573112586156,-1.0424045683554866
Placed,1,IT,7.91,3,2.906835457695568,-0.22181255228924984
Not Placed,0,IT,6.85,1,0.02106888646784204,-2.6715034630958296
Placed,1,IT,9.53,2,1.6678788397959206,1.0094158220346845
Placed,1,Mechanical,7.94,2,-0.3632988289902856,0.7358432057751144
Not Placed,0,IT,6.63,1,-0.2542486581832949,-1.9498892038622597
Not Placed,0,CSE,8.63,2,0.48234020469955297,2.206452064021521
Placed,1,CSE,6.79,0,-2.548322814600733,-1.0439942269106146
Not Placed,0,Mechanical,8.28,0,-2.790056866186854,0.4577574460355515
Not Placed,0,IT,8.58,2,-0.03209453675265114,0.7294376189230214
Placed,1,IT,9.42,3,3.1047474070387224,0.3947492813725852
Not Placed,0,ECE,7.89,1,-0.2601500295409078,-0.7953516992272816
Not Placed,0,CSE,7.74,0,-2.8006333009686863,0.5174000551141837
Not Placed,0,ECE,5.98,1,0.05414009439793699,-2.0265270212757938
Not Placed,0,IT,7.31,0,-1.212121986369163,0.16568849365687977
Placed,1,Mechanical,7.09,2,0.36052076593154025,0.3161604068712661
Not Placed,0,CSE,7.55,1,-0.9364083788214639,-0.24800770474891115
Placed,1,ENTC,7.26,1,0.5680470216571792,-0.47631000543062335
Placed,1,Civil,8.37,3,1.7407779884796089,1.0912413579599056
Not Placed,0,ENTC,7.22,1,-0.4987202680359368,-1.2818193712719506
Placed,1,IT,8.1,2,0.6816425053559452,0.2745673015566679
Not Placed,0,ECE,7.6,2,-1.0641265512963445,1.4726289642998431
Placed,1,CSE,7.17,2,-1.3495589440658124,1.1957735029631138
Not Placed,0,IT,7.09,0,-1.39938902781324,-0.5646276542422096
Placed,1,CSE,7.9,3,2.2056471569062417,-1.3824195491942755
Placed,1,IT,8.87,2,-0.17843564809146578,2.4398139299464723
Not Placed,0,Mechanical,7.08,0,-2.6001922525958507,0.8509531201820182
Placed,1,ENTC,7.74,1,1.0098691059089964,-1.40261172952564
Placed,1,ECE,8.11,1,0.7485644428353048,-1.170513751730382
Not Placed,0,ENTC,7.68,2,0.22944191366216363,0.9670191199822603
Not Placed,0,ECE,6.2,0,-3.8526529943198184,-1.3086810854099318
Placed,1,Mechanical,8.11,3,2.106407932667455,0.9150666341374546
Placed,1,CSE,6.42,2,-0.7577513093570304,0.7473248081350914
Not Placed,0,CSE,6.43,1,0.6236021278415234,-2.4984533804325486
Not Placed,0,ECE,6.59,3,1.1380460132038577,-0.5395634309249211
Placed,1,ENTC,7.56,2,-0.8191074459654218,2.139795513042671
Not Placed,0,ENTC,6.88,0,-2.932238095982482,-0.7101380987697523
Not Placed,0,Civil,6.48,0,-3.0418549710882554,0.621647149924735
Placed,1,ENTC,8.02,2,1.7154257653874583,1.3613881901304679
Not Placed,0,CSE,7.68,2,-0.7641167763868026,1.1376148764398322
Placed,1,CSE,8.34,3,4.280354898679122,-1.1084202763389983
Not Placed,0,CSE,7.08,0,-2.1434289722999713,-0.6236448757512473
Not Placed,0,ECE,7.65,2,-0.24588204135475292,0.7612878885282293
Not Placed,0,CSE,8.38,2,-0.5462373536315135,0.9818960644624436
Not Placed,0,IT,6.58,1,-1.5058487177790756,-2.2492855384788184
Not Placed,0,CSE,7.14,1,1.660851730482685,-2.4695345325286473
Not Placed,0,ENTC,8.54,0,-2.5437703230467705,1.3995433571595324
Placed,1,CSE,7.72,1,0.6596859002481096,-1.0333572320142477
Not Placed,0,ECE,7.57,0,-1.9810391297853698,1.7778958558611673
Not Placed,0,CSE,7.67,1,-0.9538801947491821,-1.0071656642854563
Placed,1,CSE,8.74,2,0.19045169505847045,1.9469068935888347
Not Placed,0,ECE,7.68,2,-0.7138945813711679,1.7299256752616268
Not Placed,0,IT,7.74,2,-1.9032256922412423,2.1272728913306533
Placed,1,ENTC,7.69,1,1.0063181650844073,0.30401743934679615
Not Placed,0,ECE,6.33,0,-2.078530309297644,-0.9073405217347299
Placed,1,CSE,8.13,1,0.8088674166821788,-0.9719455893310036
Placed,1,Mechanical,7.0,1,0.18033303089953753,-0.9716060156957177
Not Placed,0,ENTC,6.63,0,-2.722897647850068,-1.4220189935033059
Not Placed,0,CSE,6.22,1,-0.7001571887391531,-2.067431634339448
Not Placed,0,IT,6.39,0,-1.6171088000829053,-1.4026388063602004
Not Placed,0,CSE,5.77,0,-2.722145613857352,-1.1321675332898202
Placed,1,CSE,6.83,1,1.2181001480686617,-1.7045539012719408
Not Placed,0,CSE,7.33,1,1.2180575268492428,-1.4304778057877148
Placed,1,ECE,8.6,3,2.1213322212632133,-1.162339222434352
Not Placed,0,Mechanical,7.75,2,-2.023419936347605,2.24368825975414
Not Placed,0,IT,7.92,2,0.4194495783762417,1.0865369645218264
Placed,1,ENTC,8.79,3,3.928620765922337,1.1979092232717843
Not Placed,0,ECE,5.28,0,-3.831811886198048,-0.42835978912010864
Not Placed,0,ECE,8.03,1,0.3411115692701248,-0.5832750798458808
Not Placed,0,ENTC,7.97,2,-0.745959964770949,1.1103154690778547
Placed,1,CSE,8.4,1,1.36561485907207,-0.7120125128738812
Not Placed,0,CSE,6.17,1,1.9020059974365948,-2.828402672067601
Not Placed,0,CSE,7.21,2,0.3160330461211203,0.8015907881965226
Not Placed,0,CSE,6.91,2,-0.6719670523796933,0.6045059839788198
Placed,1,CSE,6.61,1,1.545733447204598,-1.2347840730680284
Not Placed,0,IT,9.67,3,1.5487542030697767,0.05686103323779922
Not Placed,0,CSE,7.22,0,-2.422711892796562,-1.6396305905938064
Not Placed,0,IT,8.49,0,-2.0033854370280304,0.5080654530170955
Placed,1,IT,8.3,3,2.732339455212071,0.43396184134280325
Not Placed,0,CSE,6.48,0,-3.1778839710640887,-0.8838768207232368
Not Placed,0,IT,7.25,0,-1.5104180599534989,-0.718619805429574
Placed,1,IT,7.75,1,0.37988471549538444,-0.30688655652042773
Placed,1,ECE,8.04,1,0.23200610680004738,-0.28778134673529787
Not Placed,0,ECE,7.98,0,-2.151589958897246,0.7860610595567172
Placed,1,Civil,9.19,2,0.17021198573851734,0.8977595391641302
Placed,1,Mechanical,8.47,2,1.5884658345462273,1.1736912662859704
Not Placed,0,Mechanical,8.26,2,-0.6595175896782357,3.023391692250719
Placed,1,ECE,8.52,3,1.9484389316875423,0.6713154558153652
Placed,1,CSE,8.85,2,-0.18020294667134168,2.285799280411835
Not Placed,0,IT,7.17,0,-0.9719570518548676,-0.4730965214601637
Not Placed,0,Civil,6.36,0,-1.7326068198588094,0.625881332582601
Placed,1,Civil,7.18,3,1.717648170449784,-1.3762856599456592
Not Placed,0,CSE,6.53,0,-2.5108317268290423,-1.0430053517889628
Not Placed,0,CSE,6.86,2,-0.12685146187967317,-0.1515912795312617
Placed,1,IT,7.78,1,1.5332378097881028,-0.7153098770150563
Not Placed,0,IT,7.23,2,-0.16762422093483656,1.2114061249031032
Not Placed,0,CSE,8.25,1,0.21721250986163973,-1.1151240079131115
Not Placed,0,IT,7.96,2,-0.7838901580739164,0.14640452902350767
Placed,1,CSE,8.01,2,-0.2786340712647107,2.688555522565942
Not Placed,0,ENTC,6.62,0,-3.157188069126539,1.2626028080744114
Not Placed,0,ENTC,6.95,1,-0.9166955399462949,-1.076677392668052
Not Placed,0,Mechanical,6.08,0,-3.6257810853396375,-1.8121874720172477
Not Placed,0,CSE,8.18,1,0.7318669314555947,-0.6947037503533692
Not Placed,0,CSE,9.33,1,1.1322670096129135,0.19462154574173246
Placed,1,ECE,7.85,2,-0.5604683352119223,1.177944000661611
Placed,1,ECE,7.93,2,0.4071582564744787,0.7507741426884253
Not Placed,0,Civil,7.25,2,-1.903842347248455,3.329491529001571
Not Placed,0,CSE,7.52,1,-0.6625908454697687,-2.028471284482047
Placed,1,IT,8.78,2,0.8059976277941968,1.370864825014095
Placed,1,CSE,7.78,2,-0.4639594398007738,1.011457970938805
Placed,1,CSE,8.24,3,2.040273956575784,-1.2873476850418133
Placed,1,CSE,8.81,2,1.5081166772440309,2.373226507686526
Placed,1,CSE,8.64,3,2.3429410687977366,0.44842103280414103
Not Placed,0,CSE,7.73,0,-3.3568880615736494,-0.1752476695892273
Not Placed,0,CSE,7.79,2,-0.5940176027141113,0.30263764359823764
Not Placed,0,ECE,7.37,1,0.7318734746532222,-0.4987192787432288
Placed,1,IT,8.12,1,1.3136386651517797,-1.4071442717817304
Not Placed,0,Mechanical,7.35,1,0.7930466354280892,-0.5451590132716692
Not Placed,0,ECE,8.0,0,-1.6704253431474043,-0.09661372895458253
Placed,1,IT,8.58,3,2.2216073987015985,-0.4186731635817918
Not Placed,0,IT,6.27,0,-2.5800005285766288,-0.8874941937852463
Not Placed,0,IT,6.12,0,-2.7113702447057193,-2.999946051260923
Placed,1,IT,7.66,3,2.7113063164754174,-0.5502136046539463
Not Placed,0,ECE,8.27,2,0.9035121163949205,0.3059644739675197
Placed,1,Civil,7.94,1,1.4865351069487638,-0.7929082823713259
Not Placed,0,IT,6.67,1,1.4027739079467834,-1.9183748575843793
Not Placed,0,CSE,8.46,0,-2.450774223696317,-0.29436838812027877
Not Placed,0,Mechanical,9.32,2,-1.1523849700459385,0.9951421510598684
Not Placed,0,CSE,6.96,3,1.1963511044917217,-0.5880117898889555
Not Placed,0,CSE,7.08,0,-1.2123048069465934,-0.873050788613945
Placed,1,CSE,7.72,3,2.0582244739458244,-0.7049308311375776
Not Placed,0,IT,7.59,1,0.28427868002384427,-1.2697013269675301
Placed,1,IT,8.72,3,3.695816764062421,1.3579000740519884
Not Placed,0,Civil,7.94,3,1.1110669601715004,0.1194966768116279
Not Placed,0,ECE,7.45,1,-0.7220474708307176,-1.7585707671540183
Not Placed,0,CSE,7.2,0,-2.088496310607572,-1.1853065052103522
Not Placed,0,Civil,6.4,0,-3.04678365429767,-1.211403217823151
Not Placed,0,CSE,8.86,2,-1.115794109024771,1.906185045335403
Placed,1,IT,8.23,3,2.2287336034516243,-0.6917310237004192
Not Placed,0,Civil,7.62,0,-1.3769598854525937,0.10752418128634007
Placed,1,ECE,7.79,2,-0.006702118193794624,1.1419613915121745
Placed,1,ENTC,7.61,1,0.4548390054603245,0.4084900744671178
Not Placed,0,IT,6.2,0,-2.34503883405733,-0.6580556029180595
Placed,1,CSE,6.49,1,-0.7880083325071837,-0.8999014659453557
Not Placed,0,Civil,7.53,0,-2.782831474091097,1.221237516917884
Not Placed,0,IT,7.51,1,0.30202483931762775,-0.2702583077288243
Not Placed,0,Mechanical,7.69,1,-0.08167002019329976,-1.8565789404150397
Not Placed,0,ENTC,9.14,0,-1.3241032302881275,0.552382468713087
Not Placed,0,CSE,7.46,0,-1.588026936739837,-0.7801943773645188
Not Placed,0,Mechanical,7.05,1,-0.020365846469840798,-1.0500663153060295
Not Placed,0,Mechanical,7.75,2,0.5933360423880765,0.8153469570262999
Not Placed,0,Mechanical,6.51,2,-1.5846107547147015,1.359981533695762
Not Placed,0,CSE,7.83,1,-0.5384448143180456,-1.9126611602337646
Not Placed,0,ECE,7.08,2,-1.7935539735742188,1.7080097918304213
Placed,1,CSE,7.89,2,-0.42738672870010425,2.250318868502819
Not Placed,0,IT,7.55,0,-1.2206199080002889,0.8854156208288713
Placed,1,Mechanical,7.58,2,0.9163899473748894,0.16483106215352505
Not Placed,0,Civil,8.23,2,-0.7412316461260644,0.4286290473308102
Placed,1,IT,8.32,2,1.078962420101186,1.5958628007828488
Placed,1,ECE,9.43,3,5.120855370915619,1.07910257990883
Placed,1,Civil,8.29,2,0.2274971397131821,1.3369748699028217
Not Placed,0,ECE,7.49,0,-3.3346372654289893,0.18118316294733672
Placed,1,IT,7.16,3,3.076163920358579,-2.408880737432823
Not Placed,0,IT,7.99,2,0.7157791540120655,0.3489139991293223
Placed,1,CSE,8.94,2,0.9176955962229812,2.533302416528362
Placed,1,Civil,8.43,2,0.8340069247619869,0.39287141997888253
Not Placed,0,CSE,7.09,1,-0.11678921505312806,-3.363768438156165
Not Placed,0,CSE,8.08,0,-1.8921748599148434,0.512001448252127
Not Placed,0,ENTC,7.89,2,-0.5415830850919159,0.23533457208156788
Placed,1,ENTC,8.59,3,3.107630660999596,-1.6295487160296032
Placed,1,Civil,7.96,3,3.848462434200735,-1.2385811751277498
Placed,1,ENTC,7.92,3,4.985216724451151,1.8383923898955568
Not Placed,0,ECE,6.7,1,-1.1046536604015373,-1.4042867751576023
Placed,1,Civil,8.37,3,2.7987699307396117,-1.1768382937895643
Not Placed,0,ECE,6.52,0,-2.398924288450822,1.9649394498343369
Not Placed,0,ECE,7.78,1,-0.509687327027113,-0.771563848896638
Not Placed,0,IT,7.23,0,-2.295387922371591,1.9150406159382554
Placed,1,CSE,7.18,3,2.149886587765443,-1.495286669546359
Placed,1,IT,8.2,3,1.8375121147763533,0.29156052603148114
Not Placed,0,Mechanical,7.7,3,2.021306988196391,-1.5598547320082128
Not Placed,0,IT,5.67,0,-4.290701074825532,-2.4023048184617095
Not Placed,0,CSE,7.53,0,-1.8946561547984768,1.2628585400320609
Placed,1,Civil,7.37,2,0.7737985467961574,0.30859735676145894
Placed,1,ENTC,8.77,1,1.2217874886464428,-0.33666392253882127
Not Placed,0,ENTC,6.64,1,0.7099716766212373,-1.5119526969613981
Placed,1,ECE,9.33,3,4.501178225160418,1.3581861266963529
Not Placed,0,IT,8.43,1,0.09525390964260308,-0.06964112461312504
Not Placed,0,CSE,7.46,1,-0.9717789195459896,-1.0356943551833806
Not Placed,0,ENTC,7.34,0,-0.8738465101845014,-0.1939857219262742
Not Placed,0,Mechanical,7.16,1,-0.5031103317294237,-0.4994468535010042
Not Placed,0,CSE,7.97,2,0.8278640537209938,1.6902278208166925
Not Placed,0,CSE,7.03,1,0.21337088822076736,-0.24934407653778382
Not Placed,0,CSE,7.6,2,-1.7679022957451682,2.8184642804006423
Not Placed,0,CSE,6.78,0,-3.3635990285152335,1.0340238460783333
Placed,1,CSE,8.31,2,0.41648580039172123,1.1112800999907833
Not Placed,0,IT,7.84,2,-0.8643015397849996,1.16192033774619
Not Placed,0,CSE,7.3,2,-0.5691395050223703,1.0353963239492836
Placed,1,CSE,7.49,3,2.4592713101930643,0.4716461798840461
Placed,1,ECE,7.11,2,-0.1864575194600456,1.6239202699376487
Not Placed,0,CSE,7.97,1,0.6239777800641338,-1.5711216017277059
Not Placed,0,CSE,6.63,1,-0.9285133857994322,-2.0564989290654956
Placed,1,CSE,8.47,3,3.2454982862478077,0.2249272416884036
Placed,1,ECE,7.85,2,0.7732838795665553,2.180251115851929
Not Placed,0,CSE,7.32,1,0.38341558736636155,-0.3568376647106387
Not Placed,0,Mechanical,8.2,1,-0.6647657397044816,-0.9217726650660015
Not Placed,0,CSE,8.03,2,-0.41334018325813765,1.4008240597150479
Not Placed,0,ENTC,6.81,0,-2.4789496092523864,1.2088512843772314
Placed,1,CSE,8.81,2,1.1604835696289084,2.1206632563988452
Not Placed,0,ECE,5.58,1,-0.9355226487120298,-3.62311824681998
Placed,1,ECE,8.63,2,1.29284446650482,1.1855776968980842
Placed,1,IT,7.56,2,0.2559701597269485,2.1252769934672213
Placed,1,CSE,8.54,2,0.5175998138926471,1.0671171589083206
Placed,1,IT,8.92,2,0.3117535227149529,2.7087286192815565
Placed,1,CSE,7.34,2,-0.8377712871290884,0.6845466470652235
Not Placed,0,Mechanical,7.38,1,0.41958052641308635,-1.3800413171172945
Placed,1,ECE,7.97,1,0.8472883164697986,-0.49001595487454713
Not Placed,0,ECE,6.74,2,-0.9618639024866977,0.8111345016811429
Not Placed,0,CSE,7.42,2,0.07887172753107344,0.41893784543658974
Placed,1,CSE,7.35,1,0.5912646814456353,-0.006171849148082277
Not Placed,0,ENTC,6.69,0,-2.5319165062865525,-0.9428395015785838
Placed,1,IT,7.3,3,1.3174705994344118,-0.12055807918645457
Not Placed,0,IT,8.34,1,1.6043260168829778,-1.2552019123079006
Not Placed,0,CSE,8.28,2,-0.9700753729160864,0.709651071332111
Placed,1,CSE,7.55,2,-0.28566195854521653,0.012321292633571334
Placed,1,Civil,7.75,2,0.687879024570841,0.3512726032363415
Placed,1,IT,7.44,3,2.11236459806655,-0.2819429160523313
Not Placed,0,IT,6.2,0,-3.240764403339274,0.33607182742473846
Not Placed,0,IT,6.84,0,-2.0717973990313685,-0.18317043125577914
Not Placed,0,IT,8.52,0,-2.259158510721595,1.2881621125647473
Placed,1,CSE,8.72,3,1.6476020988731823,-0.15501877283826576
Not Placed,0,IT,6.97,0,-1.752041670285753,-1.090081917959482
Placed,1,IT,8.65,3,2.0273925860397046,0.6864842391043692
Not Placed,0,IT,6.68,0,-2.0488889090860534,-0.8698833324187293
Not Placed,0,ENTC,7.26,1,-1.4443438963371102,-1.580012654681127
Not Placed,0,CSE,7.6,1,-0.70507053467924,-2.739824495515223
Not Placed,0,ENTC,7.47,1,-0.8928708403655549,-1.2946859138855125
Not Placed,0,IT,7.11,0,-1.2491537006059164,-1.043030412700646
Not Placed,0,CSE,7.81,1,1.0388852710236682,-1.9420553854292475
Placed,1,Civil,8.36,3,4.017565300835002,-0.1273688631475582
Not Placed,0,IT,6.46,2,-0.8124540856760908,0.640341151404618
Placed,1,CSE,7.81,3,1.379870200978527,-0.5577918860684957
Placed,1,CSE,8.52,3,4.169291014203011,0.23514883028865385
Not Placed,0,IT,7.35,0,-1.335788514648563,0.6440047208622632
Placed,1,CSE,7.24,2,-0.24042312474381813,0.4951265906433923
Not Placed,0,CSE,6.98,1,-1.1531021860557742,-2.1090252983048288
Not Placed,0,CSE,9.4,2,-0.8637833247572049,2.1877348284036615
Not Placed,0,CSE,8.97,1,0.9133576711869908,-0.8783231605327072
Placed,1,CSE,7.45,0,-0.9499369263939255,-0.049166736752603885
Placed,1,CSE,8.7,2,1.0018012461084562,2.4166141431365866
Not Placed,0,ENTC,7.25,1,-0.36323536811860335,-0.6584326236064705
Not Placed,0,ECE,7.57,2,-1.387510606157336,0.95050855155058
Not Placed,0,CSE,6.8,0,-2.613273163170779,0.925450588429547
Not Placed,0,CSE,6.13,0,-3.9123961145300683,0.8757257518527712
Not Placed,0,ECE,7.21,0,-2.8559098357763477,0.845877281703663
Not Placed,0,CSE,7.34,0,-2.021446140104812,-0.1714389880572719
Not Placed,0,Mechanical,8.06,2,-0.03377587222130245,0.5713236973474127
Placed,1,ENTC,8.26,1,1.1321099602356037,-0.7828241805828648
Not Placed,0,CSE,7.6,1,-0.7212924809058341,-0.5831304873079862
Placed,1,ENTC,6.86,2,0.7275056624627877,0.24056564745629083
Not Placed,0,IT,7.14,1,0.08258245861984675,-1.1351693416793598
Placed,1,IT,9.05,1,-0.8775549757163223,-0.028055529286960156
Not Placed,0,Civil,8.23,2,-0.6975447211809848,1.6766978560402592
Placed,1,ENTC,8.91,3,3.091819896772807,0.4626873127091288
Placed,1,CSE,9.21,2,1.5248182656234466,1.317748171090321
Not Placed,0,ENTC,7.14,1,1.6867858903439144,-2.650087248126432
Placed,1,IT,8.4,2,-0.4805413579694302,1.573646376884191
Placed,1,ENTC,6.93,2,-0.1641621337566594,1.0277427412095497
Not Placed,0,Civil,8.58,2,-1.3138357156942522,1.25565303735146
Not Placed,0,ENTC,8.4,0,-2.6336460987163433,0.8625154581969503
Not Placed,0,CSE,5.9,0,-2.69937849734096,-0.29416869418796604
Not Placed,0,CSE,8.04,3,1.7097334666611637,0.5575291779663729
Not Placed,0,Mechanical,6.97,0,-1.4868462780624072,0.24911882549555162
Placed,1,CSE,7.41,1,0.5542227239207982,-1.1492139844685763
Not Placed,0,Civil,7.14,2,-0.6691282216877446,1.0862878269518548
Not Placed,0,CSE,8.47,3,2.647828500401132,0.49043303612121075
Not Placed,0,IT,7.12,0,-1.9068535613400697,0.22459322637664014
Placed,1,CSE,6.61,1,0.6707426125590682,-1.9060115151088703
Not Placed,0,CSE,7.01,2,-0.4007606624912665,0.19112566364793823
Not Placed,0,IT,7.52,2,-0.5943442058258189,3.604285565895788
Placed,1,CSE,8.05,2,-1.2699529845451034,1.5358016784869746
Placed,1,Mechanical,8.72,2,1.4149587265285664,1.135696398902719
Not Placed,0,IT,8.14,2,-0.2386331862038936,1.9051572275652926
Placed,1,ECE,8.2,2,0.3554888087709782,1.7997202243297838
Not Placed,0,CSE,8.33,2,-0.30151799952607894,0.9681365094690828
Not Placed,0,ECE,8.39,2,-0.6687002019102228,0.7957736770959383
Placed,1,CSE,8.58,2,0.09688423645064782,2.124742080554799
Placed,1,Mechanical,9.83,2,0.4335741381072736,2.2401819761226798
Not Placed,0,CSE,8.38,3,1.749994297555067,-0.2877341183682636
Placed,1,CSE,7.94,2,0.3900405324610728,0.4529214107630022
Not Placed,0,IT,7.3,2,-1.0379459530697215,0.7966197517177347
Placed,1,CSE,7.96,0,-1.004097417994189,0.06765460841731306
Placed,1,IT,8.68,2,-1.0820135294127884,1.5942099546315802
Not Placed,0,ECE,6.66,0,-2.407643625647282,-1.2481338886165025
Placed,1,CSE,8.77,3,1.7674027201417852,-0.05993751218797136
Not Placed,0,ENTC,7.34,0,-1.6572009180665312,-0.0659608228349249
Not Placed,0,CSE,7.5,1,-0.20499702891976104,-1.3313023796703298
Not Placed,0,ECE,8.14,1,0.07749246205116694,-1.144863972763606
Not Placed,0,IT,7.25,0,-1.8908110854075606,0.9620495162196837
Placed,1,ECE,8.09,3,3.787132447628041,-1.5822552667311334
Not Placed,0,Civil,6.72,1,0.5983457512678311,-1.1462049293249972
Placed,1,CSE,8.44,2,0.8389825407431846,1.899285744673048
Not Placed,0,IT,7.87,0,-2.419562798753763,0.9249406045562336
Not Placed,0,ECE,7.7,0,-2.6130075978234357,-1.8595273954065252
Placed,1,IT,7.93,3,3.1012696081266036,0.8792768828983945
Placed,1,CSE,7.68,1,0.622003177644093,-0.4888779398250641
Not Placed,0,IT,8.08,1,-0.7968364354116703,-0.086442801719775
Not Placed,0,CSE,7.52,2,-0.4950244370781654,1.0760075374561446
Not Placed,0,Mechanical,7.45,3,1.5424345526927907,0.05949605965386002
Not Placed,0,IT,6.2,0,-1.588327353092273,-1.0213137502820107
Placed,1,CSE,8.86,2,1.0856367703624221,1.592983169660382
Not Placed,0,CSE,6.71,0,-3.0624361036449828,1.331131982419094
Placed,1,CSE,9.07,2,0.6789663642472739,0.5724126349029353
Not Placed,0,ECE,7.49,3,0.9493788821389822,-0.4420085616714436
Placed,1,ENTC,8.73,3,2.337798780210991,1.9741952875154036
Placed,1,Mechanical,8.59,2,0.030052723233120044,1.7765480745164637
Placed,1,CSE,8.52,2,1.9161053587162558,2.6280061241844552
Not Placed,0,IT,7.74,2,0.40355399282198967,-0.0032307146466846394
Not Placed,0,CSE,6.68,1,0.6177746946355704,-2.7085221086618465
Placed,1,ECE,7.55,2,-0.1472146593709042,1.0741550427742657
Not Placed,0,ENTC,7.43,3,2.684228050291358,-2.1305759977110577
Not Placed,0,ENTC,7.61,0,-1.1689990347581831,-1.1619032885546299
Not Placed,0,Mechanical,6.66,0,-2.874607970555265,-0.8884440099456525
Not Placed,0,IT,7.46,0,-2.0610787932069408,-0.13735223453867557
Not Placed,0,Civil,5.22,0,-4.845167233726389,-1.2862863101281954
Not Placed,0,Civil,7.44,0,-1.5010327458657413,1.0135526272411326
Placed,1,IT,7.81,3,2.968810398316405,-0.8966111867812039
Not Placed,0,CSE,7.04,2,-1.0155710981976758,0.9087654076816534
Placed,1,ENTC,7.47,0,-2.2839647789247466,1.7343210288596635
Not Placed,0,CSE,7.84,2,-0.8016866457231793,0.9550615663226236
Placed,1,IT,8.56,2,0.7647825778478032,1.308443202111153
Not Placed,0,CSE,8.6,2,0.5747260962399571,0.32652069264045586
Not Placed,0,CSE,7.96,1,1.0511231008690884,-0.0832835929834429
Not Placed,0,Mechanical,7.68,0,-1.1603111636836159,0.12924753838603398
Not Placed,0,ENTC,8.0,2,-0.7237231847197068,1.2217961166573517
Not Placed,0,Civil,9.23,2,0.8150935226796395,0.7729497267106784
Placed,1,CSE,8.13,2,-0.5677590675757772,1.7978545864054951
Not Placed,0,ENTC,7.92,1,0.3993463487716103,-0.2510508806869751
Not Placed,0,IT,8.61,2,-0.5779318661278231,1.2740590422591014
Not Placed,0,CSE,7.74,1,-0.9580176522245655,-1.1003885722452722
Not Placed,0,Mechanical,6.97,1,-0.5320628259419035,-0.5029207474038747
Not Placed,0,ENTC,8.09,2,0.28496315592232757,0.11733989362879993
Placed,1,ECE,7.84,2,-0.04594862276312202,1.7854086209189437
Placed,1,IT,7.51,3,1.6645830562088542,0.1900166646241458
Not Placed,0,IT,8.16,2,-0.623973898754154,0.5536481260985047
Placed,1,ECE,6.16,1,0.8943478888743319,-1.838012420852521
Not Placed,0,CSE,7.24,0,-2.3422909107517635,0.26102025422247394
Placed,1,CSE,6.95,1,1.8660253607592876,-1.562211630132858
Not Placed,0,ENTC,7.04,1,0.7778759743231148,-0.2101230168287537
Placed,1,IT,7.57,1,0.4202000997607759,-1.0176049261483018
Not Placed,0,CSE,6.93,1,-0.1689347516182424,-0.9592928431932597
Placed,1,CSE,9.13,1,0.36676601015440685,-0.41611949920143304
Not Placed,0,IT,8.08,3,1.3791496046944958,-0.30189122573694516
Not Placed,0,IT,7.02,0,-1.1881262491658093,-0.23087937174544645
Not Placed,0,IT,6.22,1,-0.5810020959149468,-1.679220504125318
Placed,1,CSE,7.2,1,1.2507804506091538,-0.8322763071340451
Not Placed,0,CSE,7.42,1,-0.5015285542742539,-0.35433345780987485
Not Placed,0,CSE,7.16,1,-0.6355827802210874,-0.028664295784033594
Not Placed,0,Mechanical,9.86,2,0.5157852358881247,1.978686514713669
Not Placed,0,CSE,6.29,0,-1.4723510995910751,-1.5639684125111242
Not Placed,0,ECE,7.74,2,0.17821808266187608,1.4757496691956606
Not Placed,0,ECE,7.59,0,-2.616543979113473,2.2238402465912004
Not Placed,0,CSE,7.49,2,-0.19214495407368223,0.28894328378730194
Not Placed,0,CSE,6.05,0,-1.9657429394988906,-0.5935039414827904
Placed,1,Mechanical,7.66,1,0.48792457123866234,-0.3265807393303813
Not Placed,0,CSE,7.85,2,0.10305323034434385,0.5742977105800746
Placed,1,CSE,8.3,2,-0.1891275454320263,1.4536570678812233
Placed,1,CSE,8.11,3,1.9978668485758468,-0.6507246757656026
Not Placed,0,ENTC,8.74,0,-2.3910746418262465,0.7787783972900124
Not Placed,0,CSE,5.96,0,-3.6644585790004567,0.09302708042607546
Not Placed,0,CSE,7.5,0,-1.821084322327399,-1.9893014548574872
Placed,1,CSE,9.83,3,2.2747034050567767,1.7991884663948554
Not Placed,0,ENTC,8.6,2,0.36476660900696006,0.9927350879619171
Not Placed,0,CSE,6.46,0,-2.919990629938816,0.7898825836757888
Placed,1,Civil,7.77,3,2.888196655000076,0.4363025975883444
Not Placed,0,ENTC,6.81,0,-1.9807184120596149,-0.390336469791704
Not Placed,0,IT,7.33,0,-2.2015917238240004,1.772656883628723
Placed,1,CSE,9.4,3,2.900290547647668,-0.2619437996899085
Placed,1,Mechanical,8.51,2,-0.3131362276094951,0.6642472696481173
Not Placed,0,CSE,6.41,0,-3.097962686589913,0.0869997908380542
Not Placed,0,CSE,7.05,0,-1.6903050628194793,-1.3138418651565067
Not Placed,0,IT,7.7,3,2.295086572616409,-0.7355645248524639
Not Placed,0,IT,7.48,0,-2.301022971609549,1.0685617066766435
Not Placed,0,CSE,7.97,0,-2.3390757130317055,0.5240681559589254
Not Placed,0,ENTC,7.04,0,-1.932137587943592,0.7128961803140101
Placed,1,ECE,7.39,3,2.2339513497474215,0.2508188947762381
Not Placed,0,IT,7.03,0,-2.3980205580535583,0.059586301535299875
Placed,1,CSE,7.39,3,1.9823552047918407,0.048070310299441414
Placed,1,CSE,8.3,3,1.9144281748194985,-0.17906594261258743
Not Placed,0,ECE,7.95,3,1.562160413184117,-0.43074872768140743
Not Placed,0,CSE,7.1,0,-2.0503489136529067,-0.42400342508212624
Placed,1,Civil,8.66,3,1.8588150263960561,1.2463405584018104
Placed,1,ENTC,8.6,3,2.3539299506781144,-0.5183408537725281
Placed,1,ECE,7.7,2,1.040374518289234,0.7716198852892164
Placed,1,CSE,7.48,3,3.447827705760544,-1.409237227448438
Placed,1,ECE,9.2,3,5.352650625372335,0.693448679575103
Placed,1,CSE,9.07,3,2.803536072141232,1.0127674074196202
Placed,1,ENTC,6.41,2,0.05828124526972917,0.14584492758047166
Placed,1,Mechanical,8.72,3,3.1594223530849557,0.9149351235747284
Placed,1,Civil,9.17,3,2.4502388026314503,-0.4490128380729536
Placed,1,ECE,8.26,3,3.5924718466587406,-0.5393861614693847
Not Placed,0,ECE,7.3,0,-1.0804244097376299,0.4193443570089601
Placed,1,CSE,7.41,3,1.2734908237148481,-0.5261010862472533
Placed,1,IT,9.15,2,1.0501767629495615,0.7693118746480103
Placed,1,ECE,8.41,3,2.382251653964812,-1.6422934977108348
Not Placed,0,Civil,8.17,2,-0.4148871425828917,0.2966515809198789
Placed,1,Mechanical,9.68,2,2.150151968930295,2.2092425364658244
Not Placed,0,Mechanical,6.84,0,-1.583938302051987,-1.4008423263275491
Not Placed,0,CSE,7.62,1,-0.2635303610258232,-0.23392719019919317
Not Placed,0,ECE,7.86,1,-0.17496561071756592,-2.2080016398579065
Placed,1,ECE,7.52,0,-0.9673023257678527,-0.4844463690383939
Not Placed,0,CSE,6.14,0,-4.029126537105098,-0.12501820387026685
Not Placed,0,IT,8.55,1,1.1228825500058237,-1.389604957031663
Not Placed,0,CSE,7.06,1,-0.9126007852750609,-0.25473756053619045
Not Placed,0,CSE,7.05,2,-2.190518486133702,2.5062449841048573
Not Placed,0,ECE,7.39,0,-2.576109413473387,1.7187736113762355
Not Placed,0,Civil,7.5,1,-0.014039233235636871,-2.4302433475186564
Placed,1,ECE,7.6,3,2.4368730484618983,1.332346432909051
Placed,1,CSE,8.52,3,2.2360925011405617,0.953171416336336
Placed,1,CSE,8.69,2,1.3488100200533943,2.1925424689340427
Placed,1,CSE,7.48,2,-0.32331454787638997,1.0279804138128648
Not Placed,0,ECE,7.19,2,0.5535960510171827,-0.08877177893701056
Not Placed,0,IT,7.59,2,-0.820886572655584,1.2185505154074
Not Placed,0,CSE,6.94,0,-2.5604489785416757,-0.10092779857887235
Not Placed,0,Mechanical,7.68,1,-0.581159161279006,-1.5821773405438924
Not Placed,0,IT,6.9,1,0.05457689822024898,-1.1039932225308184
Placed,1,ECE,9.51,3,4.37587075189771,1.5534228811045274
Placed,1,Mechanical,7.81,1,0.24366676605460327,-0.6471356168295571
Not Placed,0,ENTC,7.24,0,-2.8753606641138822,0.402355843277754
Placed,1,Civil,8.3,2,0.17299907180516766,0.5303824794809733
Not Placed,0,ENTC,6.65,0,-1.3459999880935298,-0.6222014363511592
Placed,1,CSE,7.1,3,2.1791303093020677,-1.456511662960397
Placed,1,CSE,8.06,3,1.9472555746785432,0.6559713255330297
Not Placed,0,IT,7.82,2,0.3111215505826742,0.4584571678168867
Not Placed,0,IT,8.59,1,1.4951708981834186,-2.6553094495932195
Not Placed,0,ECE,5.38,1,-1.5012110343598932,-2.7745678442567048
Not Placed,0,CSE,8.4,2,-0.9300493470384114,1.2633537758509423
Not Placed,0,CSE,7.24,1,-1.1200279794686778,-1.2695439255311796
Not Placed,0,ENTC,6.71,0,-3.559257908548942,0.2256075867160776
Not Placed,0,IT,6.24,0,-1.8873796618888556,-1.3679601413394178
Not Placed,0,CSE,7.23,0,-1.7522590230007984,-0.3402072946589859
Placed,1,ECE,9.05,3,3.5227340478171834,-0.37254186271519385
Placed,1,IT,8.52,3,1.8376859954926918,0.9458869698975833
Placed,1,CSE,9.09,3,5.4808212320332395,-0.6625793855365361
Not Placed,0,IT,7.6,1,-1.1359156863161666,-1.500047216765916
Not Placed,0,ENTC,7.79,3,1.3311575018788593,-0.5308445797776823
Not Placed,0,ECE,6.36,0,-2.787091685208998,-1.9572328480367616
Not Placed,0,ECE,6.36,1,-0.6501065723323882,-1.0722189667312971
Placed,1,CSE,7.58,1,-0.18702351375860723,-0.638460552666663
Not Placed,0,ECE,6.53,0,-3.0775670080679594,-0.43678640634013216
Not Placed,0,CSE,6.97,0,-2.7127758008744602,1.5466983947286308
Placed,1,CSE,7.74,3,1.7657358579943663,-0.4402536172479081
Placed,1,IT,8.78,2,1.546518484662903,1.1400645586595335
Not Placed,0,IT,7.71,1,0.23451920733354253,-0.6589326694128718
Placed,1,IT,6.54,1,0.5878560695239187,-0.2737503632459581
Not Placed,0,IT,6.15,1,-0.6188338543331807,-0.6459751480699963
Not Placed,0,IT,7.8,0,-2.1428172523707416,0.7637628254193987
Not Placed,0,IT,7.17,0,-3.1887012188579704,-0.06443128639801518
Not Placed,0,Mechanical,7.8,3,1.226328694949726,0.03122223891810205
Not Placed,0,CSE,7.53,1,0.3186867170391755,-1.939699711924931
Placed,1,ECE,7.64,3,2.6517444833258157,-1.2987418934611163
Placed,1,CSE,8.72,3,2.8299890473388514,2.093831763242803
Placed,1,IT,8.6,3,4.683827156395772,-1.0410177945701509
Not Placed,0,Civil,8.01,2,-0.8957795712808664,1.8203836982363661
Placed,1,IT,6.94,2,-1.1450726402948321,2.031462408625616
Not Placed,0,ENTC,7.23,0,-1.9692024256595626,1.2494604143034236
Placed,1,ECE,8.35,2,0.7912326554627956,0.9952436981142161
Placed,1,CSE,8.81,3,4.274547525979489,-0.07527580298087479
Not Placed,0,ENTC,6.62,0,-1.5497045913117633,0.18223316869684583
Placed,1,ENTC,9.0,2,0.631763812644561,1.7249299437561931
Placed,1,Mechanical,7.04,1,0.6850822533094064,-1.8266687135531763
Not Placed,0,CSE,8.27,1,0.2080012243489134,-0.20737442057258382
Placed,1,IT,10.0,3,3.007348412033291,-0.09147167633494593
Placed,1,CSE,6.35,2,-0.5369005738335605,0.29565485728515795
Placed,1,IT,8.13,1,0.7402214197204813,0.13205609487643888
Placed,1,CSE,7.43,3,2.832537100064821,-3.4112899593807993
Not Placed,0,ECE,8.08,0,-1.2742180098702371,-0.1440451406414499
Not Placed,0,CSE,7.17,1,0.5445958478952934,-0.0975665967257051
Not Placed,0,Mechanical,5.59,1,-1.4805141084850746,-2.8134807194033304
Placed,1,Civil,7.06,3,1.9877221020688753,0.369264915071968
Placed,1,IT,7.99,2,-0.6080523385039329,1.472411222966156
Placed,1,IT,8.85,2,1.2096452924772343,0.7124399907457304
Not Placed,0,CSE,8.04,2,-0.429386220106266,0.6799618928839168
Placed,1,IT,8.95,2,0.5351796177918284,0.6121542887376568
Not Placed,0,IT,7.28,2,-0.5586039357254664,0.9907618128920151
Not Placed,0,Mechanical,7.21,0,-1.2682635983294075,0.41858943789157355
Placed,1,IT,7.99,3,2.721427612387897,-0.4786144577879194
Not Placed,0,CSE,7.38,1,0.4679628078671525,-1.483908116515676
Not Placed,0,CSE,8.65,2,-0.7914094246713358,1.2448995003387735
Not Placed,0,IT,6.51,0,-2.2289394385336947,-0.9134285267802278
Placed,1,ENTC,8.43,2,0.813620316630851,2.5947756168372953
Placed,1,ENTC,8.73,3,2.9124585690789155,-2.0858670530899865
Not Placed,0,CSE,8.01,0,-1.1258950460761186,0.3030967226055982
Placed,1,IT,8.48,2,-0.06414664924176047,1.2435043161470032
Not Placed,0,Mechanical,7.15,0,-2.501250740632448,-0.9181325800616205
Not Placed,0,ECE,6.99,0,-3.9210922531289762,-0.5265411776232969
Not Placed,0,CSE,8.0,0,-2.0955399166443027,1.7336165726527426
Placed,1,CSE,7.09,1,0.13529844358254112,-0.4249366363027723
Not Placed,0,CSE,7.96,2,-0.9334379568235338,0.8557928549722751
Not Placed,0,CSE,7.96,1,-0.5876779862827515,-1.8987885644545912
Not Placed,0,CSE,7.64,0,-2.9039922899850494,0.6295157375376428
Not Placed,0,ECE,7.94,2,-0.6370256723597885,1.9808110161898538
Not Placed,0,CSE,8.24,2,-0.31548123459737687,0.5693010714926338
Not Placed,0,ECE,7.61,2,-1.6472325203215648,2.1875165228323414
Not Placed,0,ENTC,7.29,2,-0.8090702250113747,0.3164243181965558
Not Placed,0,ENTC,8.4,2,0.6563325177793073,1.3073899498031558
Placed,1,CSE,7.93,1,-0.36189370774755014,0.042104113827103065
Not Placed,0,IT,8.08,2,-1.186853130104437,1.297825349359458
Placed,1,ECE,8.2,1,1.0438839538641398,-0.5944540733073582
Not Placed,0,ENTC,7.83,2,-1.00998986640518,1.3896861667589278
Placed,1,IT,7.41,1,0.2862263820472711,0.31933048511964546
Placed,1,Mechanical,7.18,2,0.22457042406367586,0.8609489109595182
Placed,1,Civil,7.62,1,1.1250059627735833,0.950870803103639
Not Placed,0,ECE,8.11,0,-1.9108956287453838,0.8553109323779202
Placed,1,IT,8.15,1,0.8479832829378442,0.22454205386325532
Not Placed,0,ECE,7.82,2,-1.1825223695140534,0.8104244843231201
Placed,1,CSE,8.0,1,0.8286339799446532,-0.5728611748499559
Not Placed,0,CSE,6.76,1,0.34187518636351816,-1.4256795765827717
Not Placed,0,IT,7.31,1,-0.9004055354321525,-0.7448604866062853
Not Placed,0,ECE,8.27,2,-0.7268150727678022,0.7235841390212516
Not Placed,0,CSE,6.99,1,-0.390812876236101,-1.6061685356671473
Not Placed,0,CSE,7.82,1,0.9566211906058036,-0.6681541895094587
Not Placed,0,CSE,7.74,0,-1.5910767327411333,0.8862733857125868
Not Placed,0,CSE,7.6,0,-2.0722561487683326,-0.14193280067867642
Not Placed,0,CSE,8.28,1,0.47096411601592614,-0.4662376491183037
Not Placed,0,CSE,7.89,0,-1.5609412318065565,-0.7803439736932519
Not Placed,0,IT,6.68,0,-2.4872353804851466,1.0651962300016886
Placed,1,CSE,8.14,3,1.902205417774698,1.0654623666984642
Not Placed,0,IT,7.27,0,-2.615496775096033,-0.09263801133392364
Not Placed,0,ENTC,6.54,0,-0.8801275315187695,0.21338533594984188
Placed,1,CSE,8.33,1,1.5437836981621826,-0.3788921499552293
Not Placed,0,ENTC,6.69,0,-2.8293930045468834,-1.4981677983400665
Not Placed,0,CSE,7.4,1,-0.4227111154084715,-0.4729245519607049
Not Placed,0,IT,7.95,2,-0.5393897723982928,1.135317084880042
Not Placed,0,CSE,7.64,2,0.3251311848193802,0.8268132414582663
Not Placed,0,CSE,7.17,0,-3.060897018934696,0.9919981688833323
Not Placed,0,CSE,6.86,1,-0.6479940230382567,-1.4373412557653462
Placed,1,ENTC,7.05,1,0.31359225461243123,-1.7262867772101589
Not Placed,0,IT,6.78,0,-3.22224077117455,0.5862455028149188
Placed,1,CSE,7.59,3,1.3550247371435071,0.44209881926325506
Not Placed,0,IT,7.24,0,-1.1208288599534517,-0.039777084311763286
Placed,1,CSE,6.53,1,0.41374782395219317,-0.7104353640472763
Placed,1,ECE,7.45,3,1.9465652863742846,-1.6869900809885534
Placed,1,IT,7.15,2,0.21143774287808925,2.021086835942685
Placed,1,IT,7.93,1,0.6154949310853982,-0.5871078986145618
Placed,1,ENTC,8.01,3,1.6972201741596482,0.6801658222795459
Placed,1,CSE,8.84,3,3.2406439632420385,-0.24258156455288263
Placed,1,CSE,8.25,1,0.13212378163831745,-0.6261432053881762
Not Placed,0,ECE,6.77,1,-0.08167869730722757,-1.5347645323355878
Not Placed,0,IT,5.85,0,-2.779272447992253,-0.5632908101540454
Placed,1,Mechanical,6.41,3,1.4714240739318787,-0.11536291003759475
Not Placed,0,ENTC,7.27,0,-1.7256125661857156,0.6072643617901738
Not Placed,0,CSE,6.33,2,-0.7363596888447066,1.6250136715271057
Not Placed,0,CSE,7.18,0,-1.7014810233628233,-0.6885999790230855
Not Placed,0,CSE,7.73,1,-0.3307882374522371,-2.3132462371040337
Placed,1,ENTC,7.22,3,1.213992734560551,0.38123536336471325
Placed,1,IT,7.94,3,1.501352255530447,0.2882321214788742
Not Placed,0,ECE,7.18,2,-0.3139033537997194,1.450773911327681
Not Placed,0,CSE,7.05,3,2.11326080453856,-2.262011634247883
Placed,1,ENTC,9.15,3,3.0979224888690027,1.773411076007634
Placed,1,Civil,7.67,1,0.45636785458563284,-0.369388171244471
Not Placed,0,CSE,7.8,0,-1.7187086141076142,-1.0235996734418868
Not Placed,0,CSE,8.42,0,-1.8100923332270877,-0.03983411236154146
Placed,1,CSE,8.45,1,1.1748846134428566,-1.0470273311106035
Not Placed,0,CSE,7.39,0,-0.9184748807936962,-0.10555348387830882
Placed,1,IT,8.59,1,1.2763201428674495,-1.2892350974536515
Not Placed,0,ECE,7.32,1,0.3256751915832859,-1.7829096242433624
Not Placed,0,ECE,8.56,2,0.2791915147876281,0.8082518525967521
Not Placed,0,Civil,6.65,0,-1.7897104247007414,-0.14898397213333447
Placed,1,ECE,7.44,1,0.1908282201405788,-0.42076806585086435
Not Placed,0,ECE,7.89,3,1.3636916316229875,-1.2572264038748862
Placed,1,CSE,8.01,2,0.09050882209689884,0.7812776336829675
Not Placed,0,IT,6.98,1,-0.6267218078645382,-1.645425688745605
Not Placed,0,ECE,6.3,0,-1.7740881003874664,-2.3916378072769913
Placed,1,ECE,8.09,3,2.9643475641273307,0.2860813162330804
Not Placed,0,ENTC,7.52,0,-1.9046431465096771,-0.1597625880247189
Not Placed,0,CSE,7.37,0,-1.618298519582554,1.0232344850584292
Placed,1,IT,9.11,2,-0.7669758799106197,3.8909498875711943
Not Placed,0,CSE,7.45,2,-0.4492154460831284,0.2954918611541181
Placed,1,CSE,7.26,2,0.25301304969527383,0.407108238846702
Not Placed,0,CSE,6.17,0,-1.9611661684859445,-2.1721664992678535
Not Placed,0,IT,6.78,3,1.1374717392441323,-0.6194108969958504
Placed,1,IT,8.44,3,3.1064304877689817,-0.3380003807228949
Not Placed,0,CSE,7.08,0,-2.8043449336876725,-1.3650618451361947
Placed,1,CSE,8.23,2,-0.034418175193875244,0.7905351167729064
Not Placed,0,Civil,6.6,0,-2.881111464105214,0.9872357512302021
Not Placed,0,Mechanical,6.96,0,-1.3647151518235972,-1.3251417499638378
Not Placed,0,IT,6.94,0,-1.6888725920280123,0.07769146222029721
Not Placed,0,ENTC,8.11,1,-0.8670175265319708,-0.911815884813322
Not Placed,0,CSE,7.52,1,-0.4559721897940711,-1.0319467813530954
Placed,1,Mechanical,6.76,2,0.9978195910703125,1.360591568882993
Placed,1,ECE,8.31,2,-0.004466960551238507,0.23884663197648576
Placed,1,IT,8.12,3,3.385470598348459,-0.6671999502865622
Placed,1,IT,7.99,2,0.36142251877948744,1.2539447678507207
Not Placed,0,Civil,7.95,0,-2.533103671899571,-0.2138152334772819
Not Placed,0,Mechanical,6.97,0,-1.4774458778260775,0.7775351769252913
Placed,1,CSE,8.77,3,1.9131637333514278,1.4174588719236172
Placed,1,CSE,7.61,2,1.2239388844823194,0.7183250610004089
Not Placed,0,CSE,7.93,2,-0.6220822108013254,-0.5366380648417688
Placed,1,ENTC,8.03,2,0.9052418218341657,0.8917579107832204
Not Placed,0,CSE,6.9,1,-0.2256830850154524,-0.4796995192982381
Placed,1,IT,9.31,3,1.7618036607525445,-0.5737741089327426
Not Placed,0,CSE,7.68,0,-1.9327830436502809,-1.4137652850825582
Not Placed,0,CSE,7.73,0,-1.448642989566052,0.5920531816598528
Not Placed,0,CSE,7.35,0,-1.209319981429606,0.5741240699250933
Not Placed,0,ENTC,8.68,1,-0.8443089934402194,-1.5232216885897087
Not Placed,0,Civil,8.71,2,-0.8359128974399447,0.6230371770496765
Not Placed,0,CSE,7.83,2,-1.2887102078850556,1.2379514817376254
Not Placed,0,Mechanical,6.45,0,-1.3520152748198246,-1.2017933102943066
Not Placed,0,ECE,7.56,1,-0.193405556638293,0.3929273934969267
Placed,1,ECE,7.64,1,0.21406354775546552,-0.6357523469935656
Placed,1,IT,7.32,1,1.791124110934356,-2.138722064217458
Not Placed,0,CSE,6.86,1,0.04095210687340317,-1.3310584774439798
Not Placed,0,Civil,6.38,1,-0.10949089662731916,-0.7461195292399404
Not Placed,0,ECE,8.95,2,-0.6406142576457075,2.0049094140144006
Not Placed,0,ECE,8.33,1,-0.198193015785831,-0.20070928461436877
Not Placed,0,IT,7.73,1,-0.1636117515888696,-1.517417014388201
Placed,1,CSE,7.15,3,1.47801722421862,-1.483079558127655
Not Placed,0,CSE,8.01,2,-1.2236013416246816,1.4056923837452917
Placed,1,ECE,7.87,3,1.9177515727872574,-0.7397233451725851
Not Placed,0,Mechanical,7.36,0,-1.6833209106748996,-0.07342680469140746
Placed,1,CSE,8.03,2,-1.1063639119471615,1.8239235538008218
Placed,1,CSE,8.14,3,4.181560167673259,-1.8452802098993186
Not Placed,0,CSE,8.28,2,0.567506799818346,0.4061685005999854
Not Placed,0,IT,6.95,0,-1.735938394097291,-0.9601961001641647
Placed,1,IT,8.07,1,-0.7368910274676804,0.0007168913110322966
Not Placed,0,CSE,8.7,2,-0.06152399734189845,0.7511473359739839
Not Placed,0,ENTC,7.95,2,0.4720626459628491,1.0077730919515442
Placed,1,CSE,9.58,3,2.1419755213457843,1.515752666643215
Not Placed,0,Mechanical,7.55,2,0.34344729134379615,0.6362256931233838
Not Placed,0,Civil,6.24,0,-1.5495521107464978,0.8239037548349268
Not Placed,0,IT,6.98,0,-2.290417461369791,0.7627257659347874
Not Placed,0,ECE,7.13,0,-1.6368334948102672,-0.6798701183922823
Placed,1,IT,8.17,2,0.3262405875574077,0.5171408781856522
Placed,1,IT,8.41,1,1.0726538627166315,-0.3433500044804353
Placed,1,CSE,7.82,1,1.872683843446588,-2.422126692969842
Not Placed,0,IT,7.95,1,-0.40317581633266414,-0.18832380805975546
Placed,1,ECE,9.33,3,1.5955012160444324,0.07535142783478652
Not Placed,0,ECE,6.99,1,-0.6527932738722957,-1.0165975563323109
Placed,1,ECE,7.64,2,-0.9349150660440709,0.6760166618350608
Not Placed,0,CSE,7.32,1,-0.11198698211859863,-0.16098740966832212
Not Placed,0,ENTC,6.7,2,0.19340123317421415,0.6476367541290773
Not Placed,0,ENTC,5.98,0,-4.106020927282252,-0.7572161000002208
Placed,1,Mechanical,8.8,2,1.6447231833117981,1.9515683179916115
Not Placed,0,ECE,7.05,2,-0.22312088076983377,0.7388936082867761
Placed,1,CSE,7.49,2,0.8582093315373001,3.3874595248440778
Placed,1,CSE,8.07,3,2.0617113267632017,-0.7446077575246828
Not Placed,0,CSE,6.69,1,0.6442748214671096,-2.6227032621389803
Not Placed,0,IT,6.99,2,-0.17847079900495513,0.43884928673560547
Not Placed,0,ENTC,7.68,2,-1.2664094473059537,0.8552782717046421
Not Placed,0,Mechanical,7.33,1,-0.8494143429894678,-1.222207547188468
Not Placed,0,Civil,6.62,0,-2.0181801782225137,0.4619889881341267
Placed,1,CSE,8.22,3,2.5127316005757567,-0.788062316766641
Not Placed,0,IT,7.31,1,-0.9590848579127706,0.18566309614935297
Not Placed,0,IT,7.82,1,-0.48064322667208076,-2.5767576372258696
Placed,1,ENTC,7.75,3,2.606925288086732,-0.5300735227118157
Not Placed,0,ECE,8.52,2,-0.9026930829404477,1.4205937029321827
Placed,1,ENTC,8.0,2,-0.5547549312816299,1.1768160439353448
Not Placed,0,Mechanical,6.97,1,1.2046012422205856,-1.6452100779843195
Placed,1,CSE,8.69,3,2.2603331764293535,-1.5867603114453708
Not Placed,0,CSE,7.3,0,-1.8764308576144517,-0.04549449766400537
Not Placed,0,ENTC,7.01,0,-2.865826882163804,-0.2765690273495891
Placed,1,CSE,6.88,1,0.5675146642593346,-0.3449900016421762
Not Placed,0,CSE,5.71,0,-1.776990480139615,-2.449918488540828
Not Placed,0,CSE,7.18,0,-1.496538423417474,0.5218300299651443
Placed,1,ECE,8.04,2,1.7550769045774435,1.648617641594359
Not Placed,0,Civil,6.54,0,-2.5554922743388055,1.1486489646418703
Placed,1,IT,9.15,3,3.2405040402867766,0.28738214809673396
Not Placed,0,CSE,5.8,0,-2.1930353752446528,-0.1185837519387425
Not Placed,0,Civil,7.03,0,-2.5888145585501983,1.0850527986868725
Placed,1,CSE,6.44,0,-2.5889484724191067,-0.8210877028481223
Not Placed,0,ENTC,8.48,2,-0.03758335172337736,1.085627207471159
Placed,1,Mechanical,8.25,1,0.8852236326735956,-1.2980894470598334
Not Placed,0,CSE,7.47,0,-1.7060670806546063,0.059832706631964924
Placed,1,IT,6.49,1,0.08518911127754741,-1.1782952309455113
Not Placed,0,IT,6.68,1,-1.2628332170601904,-1.795731351616796
Placed,1,IT,7.91,3,1.486121737454585,0.24239732210881595
Not Placed,0,CSE,7.13,0,-2.765500251858196,0.9816998766562491
Not Placed,0,IT,7.22,2,-0.20651550892648277,0.13787722989111664
Not Placed,0,CSE,7.64,1,-0.631286533325823,-1.6227864424756984
Not Placed,0,ENTC,7.35,1,-0.9614766947667479,-1.8004034844695438
Not Placed,0,CSE,6.21,0,-2.211859659987871,-2.7089297778186623
Not Placed,0,CSE,6.57,1,-1.385762474704803,-2.2816489170390306
Not Placed,0,IT,6.59,0,-3.7119559272897877,0.39282845689867457
Not Placed,0,ECE,7.08,3,1.5169054365424444,-0.9903261754118677
Not Placed,0,CSE,7.78,2,-1.2992125290533807,1.1275937917651966
Not Placed,0,IT,7.74,2,-0.8023465549372206,0.44461777806780967
Not Placed,0,Civil,8.71,3,1.700768573605532,0.7574553436651943
Not Placed,0,ENTC,6.5,1,-0.8589711136963926,-2.8582498539410217
Not Placed,0,ECE,7.96,0,-2.3185761068700135,-0.07743378482800284
Not Placed,0,ECE,7.03,0,-3.7883792121868134,-0.998551593026022
Placed,1,CSE,9.38,3,3.883538210079917,0.6083982166938776
Placed,1,CSE,7.61,2,0.09658416134520066,1.1548142422638423
Not Placed,0,CSE,7.22,0,-0.943996370272105,-0.3143970208373236
Placed,1,ENTC,7.93,2,-1.0400771982761725,1.745427268498008
Placed,1,Civil,7.87,3,2.8776330323029997,-0.5814023700585463
Placed,1,ECE,7.38,3,1.474667171267352,-0.9020868901824377
Placed,1,CSE,8.2,2,0.22874901656488378,1.1037042569367472
Placed,1,ECE,8.98,3,3.625027378496904,-1.7483310221307022
Placed,1,ECE,8.48,3,3.167050687641445,1.2130994832643225
Not Placed,0,CSE,7.57,1,1.1587890236963114,-1.8083331571103871
Placed,1,CSE,9.21,3,1.8892418186828486,0.8830780589790099
Not Placed,0,IT,8.11,1,-0.4787134718491861,-1.0505870620172075
Not Placed,0,CSE,6.77,3,2.270182258100561,-2.5119060312727375
Placed,1,ENTC,7.75,3,3.7862653449631694,-0.2836446089010344
Placed,1,CSE,7.52,3,2.8818924538983572,-1.0102895862674774
Not Placed,0,ECE,7.24,0,-3.119045928766227,0.4778505073696174
Not Placed,0,CSE,7.97,1,-1.023007759553319,-2.1038756618293295
Not Placed,0,IT,6.1,1,-0.8232986711370188,-1.002247731262902
Placed,1,ENTC,9.06,2,1.326629276831191,1.9615095059183587
Not Placed,0,ECE,8.22,2,0.19157488012421364,0.20219700648449926
Not Placed,0,ENTC,6.13,0,-2.2185106931592458,-0.07712014392420674
Not Placed,0,ECE,8.21,3,2.614473470174625,-1.7999997070722584
Placed,1,ENTC,8.08,3,2.385913743697108,0.3262532827382322
Not Placed,0,IT,8.95,2,1.3243230055643225,0.6308727570854801
Placed,1,ECE,9.17,3,2.041904211614634,1.5003860968437697
Placed,1,CSE,9.31,3,2.5194015508588423,1.967009385060938
Not Placed,0,ENTC,7.46,3,2.232734363837512,-2.3394845200656653
Not Placed,0,ECE,8.16,1,-0.937192483658202,-2.0912871623919913
Placed,1,IT,7.29,3,2.148882641640341,0.21095579373453285
Placed,1,CSE,8.53,3,3.234087355417174,0.955652657756436
Not Placed,0,ENTC,5.86,0,-1.6006024228889735,-1.6907650758162427
Not Placed,0,CSE,6.62,0,-2.544895782997206,1.1252594429191571
Placed,1,ECE,7.33,1,1.3205427869789665,-1.3239981513444352
Not Placed,0,ENTC,7.65,0,-2.781197129681185,0.41653682063605524
Not Placed,0,IT,7.84,0,-0.8393472060501722,0.27308575490799464
Not Placed,0,CSE,8.78,2,-0.6192383736239729,1.044470841018777
Not Placed,0,Mechanical,7.15,1,0.7151849443873968,-0.889365863649435
Not Placed,0,IT,6.6,0,-1.7400635351796712,-0.328248608468251
Not Placed,0,CSE,7.37,1,0.9540626490163263,-1.200041812927292
Not Placed,0,ECE,7.18,0,-4.192173540663385,-1.284934610201004
Not Placed,0,ECE,8.17,3,1.210649803688742,-0.4739350861717278
Placed,1,ENTC,9.0,3,2.72307322574427,-1.028096919648483
Placed,1,ECE,8.92,2,0.6443308688952284,2.7169563407855044
Not Placed,0,CSE,8.63,2,0.2534608148810503,0.31213086523326883
Placed,1,CSE,7.22,3,1.8394067131938376,-1.2385757216089432
Not Placed,0,IT,7.56,1,0.5078603251294848,-1.2318964768622016
Placed,1,ECE,8.06,3,2.159749094748684,0.5627895834967067
Not Placed,0,IT,7.04,0,-2.5530869532016975,0.7053225471845227
Not Placed,0,Civil,7.12,2,-0.6263075274526086,0.2649197863513058
Placed,1,IT,8.02,3,2.3179385004721142,-0.4861103991373823
Not Placed,0,IT,6.54,0,-1.6255454235001607,0.7990061612167102
Placed,1,ENTC,8.63,2,0.46489856896099974,1.1740477190232854
Placed,1,IT,7.36,2,-0.7221187509875546,0.9773117592453808
Not Placed,0,CSE,8.16,2,-0.055087960023264604,1.7228085219540568
Placed,1,Mechanical,7.88,3,3.3089662333424164,-0.8875588050094603
Placed,1,ENTC,8.77,1,1.5777866626146886,-1.051877337926642
Not Placed,0,CSE,5.89,0,-2.141084468192565,-1.0579095164223282
Placed,1,CSE,8.77,3,4.928828957697779,-0.6620496740032802
Placed,1,ECE,8.75,3,1.7545858755906967,0.94511549365568
Placed,1,CSE,7.94,3,1.5080755324317718,0.21903989678814248
Not Placed,0,IT,8.14,1,-1.3905296552891657,-1.5508971842095232
Not Placed,0,IT,8.21,2,0.4428207575862742,0.6772695173877281
Not Placed,0,ENTC,6.93,1,0.6642358343701221,-1.344955274687624
Not Placed,0,CSE,7.75,1,-0.13785190839454806,-0.8761638266251378
Not Placed,0,ENTC,8.46,2,-0.3789429543694842,2.0502796963885586
Not Placed,0,IT,6.18,0,-3.333851428514085,0.543436462233576
Not Placed,0,ECE,8.1,3,1.6608234031018947,0.3973861256966069
Not Placed,0,CSE,7.77,2,0.5666357411066292,0.42167966725110334
Placed,1,CSE,8.23,2,-1.257109377590546,3.2773573792526354
Placed,1,ECE,6.62,3,1.9803239135760098,-2.231043778514723
Not Placed,0,IT,7.07,1,-0.009443198000966905,-1.2486738493105878
Not Placed,0,Mechanical,6.51,0,-3.0425864364695077,1.0851728390503468
Not Placed,0,ENTC,6.5,0,-1.2626038636322074,-1.1296093894499242
Placed,1,CSE,8.41,2,-1.5422417373066364,1.6678713775043643
Not Placed,0,ECE,7.2,0,-2.584578094830222,-0.9168008216451828
Placed,1,Mechanical,7.14,2,-0.2567638816368006,-0.21513733360537268
Placed,1,CSE,8.63,2,-0.41128403743695036,1.7278936527074946
Not Placed,0,CSE,7.41,0,-2.2524261809780466,0.08482664674421868
Placed,1,ENTC,8.52,3,1.8625884108871469,-0.6852326000745946
Not Placed,0,IT,6.81,0,-1.8041211519199118,-1.810812781400081
Not Placed,0,ECE,7.41,0,-1.2399188082353352,-0.10818665865687234
Not Placed,0,IT,6.93,0,-1.4827653150904174,0.3303004683223952
Placed,1,ECE,8.17,1,1.632253587014034,-1.6779438705524659
Placed,1,CSE,7.52,3,1.9149937429918105,0.569163834662456
Not Placed,0,IT,8.32,0,-1.7536441960457558,0.23255367522246975
Placed,1,Mechanical,7.83,3,3.5131625019472486,0.8488576197764799
Not Placed,0,CSE,6.05,0,-2.050590422590786,-0.03706018854649468
Not Placed,0,CSE,7.48,2,-0.5016902947995429,1.2973900996764962
Not Placed,0,ECE,6.39,0,-3.51700436015103,-0.6846318227050192
Not Placed,0,CSE,7.99,1,-0.8254426179699472,-0.0016914476442612357
Placed,1,IT,8.17,2,0.8979880128108892,1.1864280884980876
Placed,1,ECE,8.26,2,1.0078218835737207,1.107839795841931
Placed,1,Civil,7.6,3,3.411235572320513,-2.9745896643758556
Not Placed,0,CSE,6.31,0,-3.481425129838208,-0.20513432587702798
Not Placed,0,Mechanical,7.88,2,-0.3112432645977811,0.6931046773241459
Not Placed,0,ECE,8.05,0,-2.648451638456449,1.9123859496548066
Placed,1,IT,7.54,1,-0.9748365102662867,-0.5315484348408168
Placed,1,ECE,7.77,3,1.8119328385820028,0.8875215951869813
Not Placed,0,CSE,6.1,1,0.2964749282896657,-2.519548373016315
Not Placed,0,ENTC,7.76,3,2.1476106067560217,-0.9085431916715792
Not Placed,0,ECE,7.61,0,-1.6725676631786168,-0.28553658442922014
Not Placed,0,IT,6.67,2,-1.2354875914447088,1.5492142898656514
Not Placed,0,IT,8.15,0,-2.0862547643721596,-0.36594350449832724
Not Placed,0,CSE,7.28,1,-0.3061364889200067,-0.315881005443152
Placed,1,CSE,7.89,3,1.5257065053386656,-1.050977049858433
Not Placed,0,Civil,8.11,1,0.7591098430109223,-1.5393114945299755
Placed,1,ENTC,7.98,2,-0.22616279737249195,1.6108628474257642
Placed,1,ENTC,6.56,1,-1.6769683303485783,-1.5097572987241277
Not Placed,0,CSE,7.37,0,-1.3769327242643619,0.14626465059589253
Placed,1,IT,9.51,2,1.2977229829116212,1.0821030757076664
Placed,1,ENTC,8.89,3,1.8857443199278408,0.756599489194843
Placed,1,IT,8.41,3,1.3311264192447454,0.2636110306428682
Placed,1,IT,7.93,3,3.9833501270996035,-0.2302117764439075
Not Placed,0,CSE,6.86,2,-0.7399821628836135,0.062159777911877205
Not Placed,0,Mechanical,7.56,3,1.4699130414296877,-0.4397385407992589
Not Placed,0,ENTC,7.34,2,-0.9519251955562381,1.2822886200653107
Placed,1,IT,7.63,2,0.47131928249357097,0.5911953290901285
Not Placed,0,Mechanical,6.47,0,-1.4504102920419766,-0.5644773371769878
Placed,1,ENTC,8.51,3,2.7406127036717,1.2583070787945976
Not Placed,0,ECE,5.42,0,-2.2077471590687,-2.1791125500948287
Placed,1,IT,8.43,3,1.2680094902291386,0.26404668169619394
Placed,1,CSE,8.44,2,0.6604235127316136,0.3915197924682409
Placed,1,CSE,9.68,3,2.706280255817115,2.0062937814143926
Not Placed,0,ECE,7.49,0,-2.065223667022347,0.9651905778749339
Placed,1,ECE,7.26,1,0.45613857586048623,-1.0062167769535673
Not Placed,0,CSE,7.8,2,-0.7034205511766362,1.1482747236589947
Placed,1,CSE,8.18,3,1.9105201513802457,0.37951877866981926
Not Placed,0,CSE,7.62,0,-0.977337369177365,0.4034896447799581
Not Placed,0,ENTC,6.69,0,-2.0278980339196297,-1.184316873022242
Placed,1,IT,8.17,3,1.958496086348416,0.7128962763222907
Placed,1,ECE,7.7,2,-1.1507249030667968,1.0657792614094024
Not Placed,0,Civil,6.84,1,-0.11057148711376148,-1.6806117637993532
Not Placed,0,ENTC,6.32,0,-2.3638904547111306,1.0019739396443705
Placed,1,CSE,9.8,2,1.4678508953385951,2.4148934527363615
Placed,1,ENTC,8.41,1,0.4240477617247945,-0.3246912756036615
Not Placed,0,Mechanical,8.18,0,-2.654400566872413,1.4417326825835717
Not Placed,0,ENTC,7.6,1,-0.20410759438328369,-1.591368725091691
Not Placed,0,IT,8.29,2,0.3333999019699069,0.46910827031387675
Not Placed,0,IT,6.81,0,-1.859617412936113,0.4646730548320055
Placed,1,IT,7.87,3,2.8014688771002545,0.34542335246743705
Placed,1,IT,7.91,3,1.999306892716961,1.1619493131738068
Not Placed,0,ECE,6.83,0,-2.018342401184635,1.4412554634367931
Placed,1,CSE,7.61,1,0.8174229174454445,-0.28931675379306004
Not Placed,0,ECE,7.35,1,0.23287813267663454,-0.6730189108601787
Not Placed,0,ECE,7.05,0,-1.51434530220543,-0.9936679461313295
Not Placed,0,CSE,7.24,1,-0.7019771005720735,-0.18217360908398797
Not Placed,0,IT,6.25,1,0.22121818940194177,-1.6194374261417956
Placed,1,CSE,8.6,3,1.217229429052671,-0.4714228001160227
Not Placed,0,IT,9.03,2,-0.26356976315303765,2.627568789288673
Placed,1,Mechanical,6.91,1,-0.11989676818158596,-0.035001412580922625
Not Placed,0,CSE,8.64,0,-1.3403300756187226,0.18696325577084094
Placed,1,IT,7.67,3,1.3491259771532802,-0.8539154309563235
Not Placed,0,IT,7.69,2,-0.5505686298634676,0.6646125821906788
Not Placed,0,ECE,6.6,0,-2.840850198097111,-1.2957680324883705
Not Placed,0,ECE,7.23,0,-1.5611870830853374,0.8920623065394361
Not Placed,0,Civil,8.15,1,-1.2405521728581301,-1.8899686974951806
Not Placed,0,CSE,6.87,1,-0.09052163368500439,-0.709882021789153
Placed,1,IT,7.07,2,-1.148074077611136,1.6483204166576606
Not Placed,0,ENTC,7.27,0,-1.4746260843961199,0.38446355424876655
Not Placed,0,CSE,5.0,0,-3.002764718242681,-1.4098098298599446
Placed,1,CSE,7.98,2,0.031756581433945996,0.5540226432711048
Not Placed,0,Mechanical,8.24,2,0.26845765801473115,1.0142152212064715
Not Placed,0,CSE,8.01,2,-0.43145803549167905,0.9571370200117594
Not Placed,0,CSE,8.5,2,0.35353923836756923,1.9776764617935756
Not Placed,0,Civil,7.32,0,-1.3765504017140637,-1.2585802349739246
Placed,1,CSE,9.24,3,2.7825468519262535,-0.4425307029697454
Placed,1,IT,6.98,2,0.2385177052950278,1.5205200605303097
Placed,1,CSE,7.51,1,-0.7850356004475675,-0.6572223788992813
Placed,1,IT,7.43,2,-1.8128355944331345,2.0442977922319576
Not Placed,0,CSE,7.86,2,-0.5243224666945852,0.65000074160363
Not Placed,0,ENTC,7.5,2,-0.27366417420189454,1.2371560200165594
Not Placed,0,Civil,7.61,1,-0.40424970533897314,-0.8299266697019926
Placed,1,ECE,7.12,2,-0.425891335020285,0.7323947841611237
Placed,1,Mechanical,7.33,3,2.1078638034745505,-3.4543374182636453
Not Placed,0,CSE,5.8,0,-2.00677418018221,-0.8053794606564635
Placed,1,CSE,8.38,3,2.9722170084634714,0.5630544291002425
Placed,1,IT,6.83,1,0.1568176440604584,-0.9833390216808999
Not Placed,0,CSE,7.28,1,-0.4732095168063898,-0.6361047804053154
Not Placed,0,CSE,6.8,0,-1.9106651146732834,-1.6907281325641221
Placed,1,IT,8.18,3,3.8141566026426905,-2.2462860393108084
Not Placed,0,Civil,7.24,0,-2.0614805145108788,0.620401313670407
Not Placed,0,IT,5.62,1,-0.8842470246486605,-0.6594311542322724
Placed,1,ENTC,7.94,3,2.004163857366471,0.25685487163214277
Not Placed,0,IT,7.06,0,-2.6304390088726035,-0.042744217920929924
Not Placed,0,CSE,7.68,0,-2.0292117310578033,0.08150302825970202
Placed,1,ECE,8.41,3,3.6016489553316466,-1.069681411693528
Not Placed,0,CSE,6.86,1,-1.1991828497207393,-1.6692955427150873
Not Placed,0,IT,7.66,2,-0.93915177819922,1.8387491693660232
Not Placed,0,ECE,7.04,1,0.9514476917567043,-1.5692163985538847
Placed,1,ECE,8.54,2,0.8967484610802967,1.5471354632626566
Not Placed,0,CSE,7.77,2,0.864937797493387,0.015107563397828433
Placed,1,CSE,7.68,3,2.219519621809749,-1.6800207792767259
Not Placed,0,IT,6.65,0,-1.8203477254769374,-1.2136906164133838
Not Placed,0,CSE,8.34,0,-2.4596232204123885,0.9272824308246235
Not Placed,0,Mechanical,8.45,1,-0.8651362483671727,-0.9935531398677976
Not Placed,0,IT,7.05,0,-3.5245289475603983,0.06807030417695528
Not Placed,0,CSE,7.83,0,-1.3686289974929848,0.2967581633531472
Placed,1,ECE,8.2,3,2.2783204935889865,-1.2039088895019259
Placed,1,ENTC,9.59,2,0.68462092675008,1.803203850307872
Placed,1,IT,8.03,2,-0.8207508889923005,2.288198139624681
Placed,1,ECE,7.7,3,1.719874932965388,-0.4147316358026254
Not Placed,0,ECE,7.57,2,-0.26444405093742906,0.9235770828100346
Placed,1,IT,7.62,1,0.11871098420709428,-0.36743679262653467
Placed,1,IT,8.35,2,0.00385084174817178,1.8386501880084039
Not Placed,0,ENTC,6.95,1,-0.6400657593528458,-2.4735227602603804
Placed,1,CSE,8.49,2,1.4056703099622725,1.36841339167872
Not Placed,0,IT,6.39,1,-0.3401864554738618,-1.4433507657199813
Placed,1,CSE,8.27,2,0.26595093442454276,4.48777119225001
Placed,1,CSE,8.5,3,2.8442732120492056,-1.1528540249329062
Not Placed,0,IT,8.39,2,0.7269676952976318,0.5604515319387166
Not Placed,0,CSE,7.93,0,-1.1400681244335544,-0.7972553029171461
Placed,1,CSE,8.04,2,-0.7953365279434922,0.36501607223323773
Not Placed,0,CSE,7.36,0,-1.0365197468036176,0.12635640557978253
Not Placed,0,CSE,6.74,1,-0.9836888152147009,-1.0233820063758536
Placed,1,IT,7.91,1,-0.1509867286932987,0.45487440351929764
Placed,1,ECE,7.76,3,2.544959879138357,0.08876009570621439
Not Placed,0,ECE,8.49,2,-1.83654803536028,2.8838571707231933
Not Placed,0,CSE,7.58,2,-0.034376752944109155,-0.19364736418219838
Not Placed,0,IT,7.84,2,-1.3779880879781246,2.6375509298470035
Placed,1,IT,7.94,3,5.172974076271794,-1.953708516607951
Placed,1,Civil,8.19,3,2.819956458121898,-0.36269033881030144
Placed,1,IT,8.51,2,1.0719460350565522,2.488602214076857
Not Placed,0,CSE,6.89,1,-0.8771144908763345,-2.377507451750432
Placed,1,ECE,8.3,1,0.40166562791888993,-0.8132220200012211
Not Placed,0,ENTC,7.55,2,-0.761341380144891,0.3469732337214235
Placed,1,Mechanical,8.25,2,0.8309259337822497,2.2589973831685564
Not Placed,0,CSE,8.96,3,1.8405967780120263,0.07906861256826615
Not Placed,0,Civil,5.91,0,-3.4727147186209932,0.7336133197573855
Placed,1,IT,8.73,3,2.609046055530367,1.6873526464299002
Placed,1,ENTC,7.6,3,3.0378563293891703,-1.7921650802351412
Not Placed,0,CSE,6.97,1,-0.4198599816499958,0.026347935203821414
Not Placed,0,Civil,7.33,1,1.1964064834442016,-2.982942470988746
Not Placed,0,Mechanical,6.82,0,-1.711677423862585,-0.711700432217688
Placed,1,ENTC,8.13,2,0.320240397230827,0.751889760115556
Not Placed,0,ECE,6.82,1,-1.035143283181708,-1.1571990766654943
Placed,1,IT,8.72,3,2.229436101372717,0.7521533641118489
Not Placed,0,CSE,8.29,1,-0.4444653040345474,0.21811324527072928
Placed,1,IT,7.89,3,2.070845834367921,1.1481437945139616
Not Placed,0,ECE,5.97,0,-2.0840869298340134,-1.6882881030495147
Not Placed,0,IT,6.58,0,-3.4444397461277267,0.0022691483803865173
Not Placed,0,CSE,7.63,2,-0.3041986133480538,0.6920685155342063
Not Placed,0,CSE,7.68,2,-0.0883953799682896,0.9669411911258403
Not Placed,0,ENTC,8.5,1,-0.07799001641991651,-0.5017676756864801
Not Placed,0,CSE,5.22,0,-3.9216003696309434,-2.2278477752502126
Not Placed,0,CSE,7.05,1,-0.8147026004647172,-0.8601232701470297
Not Placed,0,IT,8.41,2,-1.6081818632214064,1.931430852144673
Not Placed,0,CSE,7.41,1,1.3337016108285735,-1.974687185578491
Not Placed,0,CSE,7.3,1,-0.9420183209499245,-0.4955326821848856
Placed,1,IT,6.33,1,1.031703771354981,-1.3783779290386413
Placed,1,ECE,8.6,2,-0.0208725034504111,1.8203677220240735
Not Placed,0,CSE,7.29,2,0.8018859031839918,0.7122687438273282
Not Placed,0,Civil,8.63,3,1.2071538510223294,-0.5310737076501176
Not Placed,0,CSE,8.95,2,-0.7997844843854675,2.844342015521622
Placed,1,CSE,8.82,2,0.6257038324918658,-0.07867674030701172
Placed,1,Mechanical,7.67,3,3.013172653624199,-0.22484953523481632
Not Placed,0,Mechanical,7.29,1,-1.0774044308991546,-2.515702608336544
Not Placed,0,CSE,7.23,0,-2.081953943107531,-0.5403268164845775
Placed,1,IT,9.37,3,1.9570506551752356,1.275164781233287
Placed,1,CSE,7.52,1,0.28864211283931424,-1.3060340038999745
Not Placed,0,ECE,8.6,1,1.0303540650975884,-1.5534347166402886
Placed,1,CSE,8.11,2,-1.3688490141745226,1.7395390007200866
Not Placed,0,IT,7.35,0,-2.9376865888941937,0.7161491962677017
Not Placed,0,CSE,7.48,1,0.30641822630935095,-0.5649531798776688
Placed,1,IT,8.71,3,1.7049087149205873,1.0368646248133069
Not Placed,0,Mechanical,7.73,1,0.640811837036246,-1.911154996055005
Not Placed,0,IT,7.31,1,0.7045923679480505,-0.295935407196886
Not Placed,0,Civil,7.01,0,-2.1718804960098512,-0.9687278086376253
Not Placed,0,CSE,7.97,2,0.8095166200609861,1.2573447582014576
Placed,1,Civil,7.26,2,-0.7787140103573874,0.6054123531623529
Not Placed,0,ENTC,8.2,2,0.5820901511601348,0.6535369054705092
Not Placed,0,IT,9.86,2,0.9416110270448995,0.9899899610994403
Placed,1,CSE,8.14,0,-1.5956374092448036,0.765699384819678
Placed,1,IT,9.23,3,2.1045160428970675,1.1066213112865355
Not Placed,0,ECE,7.09,0,-2.4962467823372565,-1.6536232624430203
Placed,1,IT,8.28,3,3.0931686344865086,1.2257875284091184
Placed,1,ECE,8.77,2,2.2753951319121506,2.9618700041874897
Placed,1,Mechanical,8.87,3,1.6278216791541786,0.7472060394109614
Not Placed,0,CSE,8.79,1,0.8855763395653454,0.10900676508313005
Not Placed,0,ECE,7.71,2,-0.6859825602957116,0.26356406627431067
Placed,1,Mechanical,8.46,3,2.5981392356788215,0.4512985975109783
Not Placed,0,ENTC,6.84,2,-0.2808852212143455,0.44803602528822156
Not Placed,0,IT,9.07,2,-0.3215048015780884,2.0690998451268667
Not Placed,0,CSE,6.89,1,-0.3676208433669455,0.05295512185511086
Placed,1,CSE,8.77,3,3.438527097570693,0.18452442954411027
Not Placed,0,CSE,8.59,2,1.3281087621172865,0.6342986011032132
Placed,1,CSE,8.58,2,1.0541804840987576,2.624220166344185
Placed,1,Civil,9.46,2,1.1355534131195455,1.1286711691016138
Placed,1,CSE,8.59,3,2.3259954642084772,-1.5634966610952654
Not Placed,0,CSE,6.57,1,-1.1200749071228269,-2.053188445729759
Placed,1,IT,8.2,2,-0.278271996286399,2.7571339423408907
Not Placed,0,Mechanical,6.09,1,1.8048694514057535,-3.432265391046219
Placed,1,CSE,7.62,2,1.1010670207357847,0.7845327738682292
Placed,1,IT,7.34,1,0.3134514199462915,-0.8411394086847639
Placed,1,CSE,8.24,3,5.048551033770338,0.6335653098496576
Not Placed,0,CSE,7.0,1,-0.8514083029227223,-1.6993784112501926
Not Placed,0,CSE,7.03,1,-0.9150896600248727,-0.6614630155565214
Not Placed,0,CSE,8.13,0,-2.9050840799416497,-0.5676102107220788
Placed,1,CSE,8.7,3,1.9232062590234646,1.4095909268477387
Not Placed,0,IT,7.7,0,-1.544518674169319,0.47605243180988793
Placed,1,CSE,9.67,2,1.2491300665731802,1.2687332400230074
Placed,1,ECE,7.41,2,0.4488394201204547,0.7567835940223688
Not Placed,0,CSE,8.28,0,-2.0845387020799135,1.036998687691757
Placed,1,Civil,7.99,3,1.420143720958472,0.5295341669246566
Not Placed,0,CSE,7.41,1,1.0006577891368182,-2.2816370928035754
Not Placed,0,CSE,8.81,2,-1.1939891203723099,2.438818710430554
Not Placed,0,ECE,6.94,2,-1.092916645330102,1.0246924494568472
Not Placed,0,CSE,5.94,0,-3.7081307025824044,-0.40794623976020133
Placed,1,IT,7.59,2,1.4129691100763595,1.177289695065638
Not Placed,0,CSE,7.48,0,-1.3956660899534847,-0.07593108876781166
Placed,1,Civil,8.6,3,2.5269881650877717,0.3142450299107444
Not Placed,0,CSE,6.64,0,-2.468556115040214,1.0592740001256484
Placed,1,IT,8.15,2,0.7998335152640003,1.2362086419957499
Not Placed,0,IT,8.04,2,-0.864217730100753,0.9910174821847837
Placed,1,CSE,7.97,1,-0.16498822224063067,-0.7074078158240187
Not Placed,0,IT,8.59,2,0.3309863825960869,0.2246964893485072
Not Placed,0,ENTC,7.68,1,1.296480882346478,-2.2094065696604943
Not Placed,0,Civil,7.74,2,1.2804729401657582,0.7235501278503691
Not Placed,0,Civil,8.08,3,1.4278302387085833,-0.2777417953513095
Not Placed,0,CSE,7.61,1,-1.0208848735841118,-0.9081660181581447
Not Placed,0,CSE,6.55,0,-2.5486596270765256,-0.031029212130453846
Placed,1,CSE,7.35,3,2.145168319950777,1.7793106185104919
Not Placed,0,IT,7.48,1,-0.6613627312504337,0.1731752450977492
Not Placed,0,CSE,7.22,0,-0.947073272441717,-0.12025632237215374
Not Placed,0,IT,7.43,1,-0.06039725547713019,-0.7782136029179066
Not Placed,0,IT,7.85,1,-0.6546459550591717,-0.33980797073138774
Not Placed,0,ENTC,7.47,1,2.063120387122298,-4.229117890860463
Not Placed,0,ENTC,8.43,1,1.4888006341640792,-2.0471301238291115
Not Placed,0,Mechanical,8.44,1,0.23417662906741596,-0.23393017990955003
Not Placed,0,CSE,5.68,0,-0.9970748946392384,-0.2568571041394874
Not Placed,0,Mechanical,6.48,1,-1.2217530437540998,-1.9260893841506022
Not Placed,0,CSE,5.66,0,-2.9330845523836166,-1.1786917541947746
Not Placed,0,IT,7.47,1,-0.49269116382547956,-2.80303758669817
Not Placed,0,CSE,7.41,2,-0.8255701237584078,1.3426858492100338
Not Placed,0,CSE,7.83,1,0.5415768201582918,-1.574428427965839
Placed,1,CSE,8.42,3,3.0429161460239076,-0.33503633287463613
Placed,1,ENTC,7.66,2,1.2902473576320286,1.1956472665542854
Not Placed,0,CSE,7.19,1,0.25020950134453923,-2.016560453336296
Not Placed,0,Mechanical,7.7,0,-2.6783863379072947,0.08942194681140415
Not Placed,0,IT,7.28,1,0.10941786698536816,-0.9999398514529942
Not Placed,0,ECE,6.44,0,-3.158050231384275,0.2787584463745362
Not Placed,0,Mechanical,8.51,1,0.34930391647412695,-1.9778520628907583
Not Placed,0,CSE,8.06,2,-1.057638140018768,1.2168742636402743
Placed,1,Mechanical,8.93,3,3.1394104878830262,-0.22220901633877324
Not Placed,0,ECE,6.65,1,-0.41702189238107873,-0.2976003036352895
Not Placed,0,IT,6.33,0,-3.00615581065518,-1.8138640313847525
Not Placed,0,ECE,6.9,0,-1.8927139408111948,-1.5300531912186173
Not Placed,0,ECE,8.04,2,-2.238188274809273,2.130969399954996
Placed,1,IT,8.43,3,3.0673810942771076,0.014767067211695458
Not Placed,0,CSE,7.94,3,2.5755631872133686,-1.4505781290472013
Not Placed,0,IT,7.82,1,0.30702351639770176,-0.5472614018888872
Not Placed,0,CSE,8.43,1,-0.5751407461957693,-0.10597226565212056
Not Placed,0,Civil,7.31,2,-1.0302538999573927,2.2110863126098614
Placed,1,Civil,8.6,2,-1.6880144408236528,2.175530352655626
Not Placed,0,ECE,9.39,1,0.20902207858881605,-0.5290873951721232
Placed,1,CSE,6.8,0,-2.0975033274957036,2.179537937208291
Not Placed,0,CSE,7.48,0,-3.1489973440923316,0.7321410423001058
Not Placed,0,IT,6.52,1,-0.2742536970283592,-2.318298342354769
Not Placed,0,CSE,6.88,1,0.203700743791826,-3.2059510751323446
Not Placed,0,ENTC,8.03,1,-0.45350108567987696,0.11211175653829897
Not Placed,0,CSE,6.27,0,-1.7715516006580503,-1.096799640601919
Not Placed,0,CSE,7.04,0,-1.6851064016134585,-0.8317165731937187
Placed,1,IT,8.6,3,2.4123450619197198,1.7381632658686346
Not Placed,0,Mechanical,7.89,1,0.47780600259182937,-1.005581575158587
Not Placed,0,CSE,8.35,3,1.3044893944930638,0.4811765231707303
Not Placed,0,CSE,6.6,0,-3.570690417046127,0.23668941743688596
Placed,1,CSE,7.76,1,0.30716919815674737,-0.5790841118154043
Placed,1,CSE,9.3,2,-0.06212281397395567,0.34785015539077
Not Placed,0,ECE,7.14,3,1.5338049605409378,-1.304110875557423
Not Placed,0,ECE,7.29,0,-2.114147132172322,-0.9702283856222682
Not Placed,0,ECE,8.19,1,0.20975938470711522,0.34417034077084535
Not Placed,0,IT,6.94,0,-3.4536454474430576,1.1774994719465521
Placed,1,Civil,8.31,2,2.027387653555146,2.066990131781125
Not Placed,0,ECE,6.17,0,-2.311777230915384,-2.041194854767772
Not Placed,0,Mechanical,5.64,0,-2.443745555822344,-0.5498357163281401
Placed,1,IT,7.97,3,1.9668544975115287,-1.2505908881971426
Not Placed,0,Civil,6.87,1,-0.7528526395018214,-0.5084265959505696
Not Placed,0,ECE,7.22,0,-1.4404284304181645,0.6968990078469124
Not Placed,0,CSE,8.45,2,-0.6464985114896951,0.9315446255089221
Not Placed,0,IT,8.23,1,0.7207144595725333,-0.7356231277715205
Not Placed,0,CSE,6.66,0,-3.6195281650764843,0.2717658079580904
Placed,1,ENTC,8.14,2,-0.21612830499229999,0.8455999333746895
Not Placed,0,CSE,7.44,0,-0.9919010719250755,-0.6104300904558183
Placed,1,ECE,8.05,2,1.401638543341454,2.2324580507681606
Not Placed,0,ENTC,7.68,1,-0.5623235756835576,-0.6036568639916554
Not Placed,0,ENTC,6.42,1,-0.32191129931656226,-2.446015069715058
Not Placed,0,CSE,7.09,2,-1.0786021641508559,0.7029618513461385
Not Placed,0,Mechanical,5.65,0,-4.5344176807022,-1.8874874928839411
Not Placed,0,CSE,7.86,3,2.4578464113295353,-0.027327137286811076
Not Placed,0,ENTC,8.04,2,0.05318931157973656,0.4438663915579788
Placed,1,CSE,7.1,1,0.38486731439649086,-0.33641074155657186
Not Placed,0,CSE,7.6,3,1.8899587863055367,-0.7349440170065882
Not Placed,0,CSE,6.87,0,-2.1072335724786124,0.28457144366900894
Placed,1,ENTC,8.77,3,5.45998919289036,1.330180150501453
Not Placed,0,ECE,6.61,3,1.5676254994903387,-1.2061913720620328
Not Placed,0,IT,7.44,0,-1.5731596383064084,-0.4545289565013203
Not Placed,0,IT,6.6,0,-3.1126903724726582,-1.7756900711448989
Placed,1,ECE,7.9,1,0.9063859257271427,-1.0008107745340338
Placed,1,CSE,8.58,3,3.587843287446809,-2.278890871077158
Not Placed,0,IT,5.94,1,-0.6857972265492946,-2.2494377672588404
Not Placed,0,ENTC,8.26,1,0.722560195341063,-0.3252999555306993
Placed,1,CSE,9.09,3,2.0138054895695356,-0.7514172608130001
Placed,1,IT,7.81,3,2.2802150101110352,1.3679744322820326
Placed,1,CSE,7.13,2,0.1183648582223724,0.09523412688664187
Not Placed,0,CSE,7.67,0,-1.2074535720017783,-0.6381875478148542
Placed,1,ECE,7.24,3,1.2690506792155678,0.3173508109352319
Not Placed,0,IT,9.37,3,1.5289673319985229,0.39858442844699254
Not Placed,0,CSE,8.41,2,-1.6324240010351618,3.3091139595330366
Not Placed,0,CSE,8.47,2,-0.15790601798573975,3.290843039540361
Placed,1,CSE,9.53,3,4.345210262829021,0.2582466222905975
Not Placed,0,IT,8.84,2,-0.5873640852756333,1.1160598622304707
Placed,1,CSE,7.6,2,0.47118045156173327,0.2896859053000654
Placed,1,ECE,7.72,3,2.6033619836844966,-0.111600676987254
Placed,1,IT,9.71,2,2.67610273938813,2.9327089656647893
Not Placed,0,Civil,7.07,1,1.6876071933211223,-2.5712487787406695
Not Placed,0,Civil,7.55,2,0.2228883026288096,0.5746191046935868
Not Placed,0,CSE,6.84,0,-1.627014053163266,-0.6016563471328875
Not Placed,0,ECE,6.15,0,-2.778158114090711,0.7261808311557217
Not Placed,0,ECE,6.95,0,-3.280118041314189,0.36618969181638716
Placed,1,IT,6.97,3,1.898876404044696,-1.4056764083689914
Not Placed,0,CSE,7.17,2,-1.510331282278302,2.116676177147134
Not Placed,0,Civil,8.22,2,-1.6873454474776342,1.6503936870675813
Not Placed,0,IT,7.69,2,0.07241792209474239,0.6324601706988473
Placed,1,CSE,8.56,2,0.789835542531395,1.381092954888272
Placed,1,ECE,7.83,2,0.08501099379229582,0.9920301170801581
Placed,1,IT,7.85,3,2.504312021802663,-0.466089386717835
Not Placed,0,CSE,7.45,1,0.12679621015898096,-1.9867333349077163
Placed,1,Mechanical,9.35,3,3.257391564043771,0.35309246264974786
Placed,1,IT,7.34,3,3.734684541863704,-0.19885119310444505
Not Placed,0,IT,8.48,2,-0.8414338042239559,0.8265818432446965
Placed,1,CSE,6.7,2,0.4479742358176811,0.8589566556390716
Not Placed,0,ENTC,7.49,0,-2.517629851066454,1.5746910747425615
Placed,1,CSE,9.41,3,2.4851403850738656,-0.7208518523511066
Placed,1,CSE,8.28,2,1.9201414201100255,1.861208561550353
Not Placed,0,ENTC,6.51,0,-3.4983490490202485,0.06701548721626632
Not Placed,0,Civil,6.82,0,-2.87111819344058,0.40023508460653734
Placed,1,IT,9.06,3,4.514843521288609,-0.001267811672839848
Not Placed,0,ENTC,7.78,2,-1.66071547388807,3.5192927988987885
Not Placed,0,CSE,7.47,2,-0.4701733846604878,0.4376491048320984
Placed,1,IT,7.04,2,0.5070667689990828,1.454545025625322
Not Placed,0,CSE,7.43,1,0.20934685153791485,-1.9013204576588163
Placed,1,CSE,8.9,3,4.498221225653493,-2.2335978548192448
Not Placed,0,Mechanical,7.1,2,-0.0664059739687638,0.1613997812159907
Placed,1,CSE,7.19,2,-0.6570863749181908,2.077767097885136
Not Placed,0,ECE,8.21,2,-0.008734563055752907,2.0584265931460015
Placed,1,IT,6.82,3,2.913462718880851,-0.3589661388922388
Not Placed,0,IT,6.91,0,-3.0771249670591505,1.0905568508379304
Placed,1,Civil,7.71,2,0.7418123784548579,0.27279952799736107
Placed,1,ENTC,7.73,3,1.630756577116925,0.9358651345419735
Not Placed,0,CSE,7.01,0,-1.529606211571733,-1.146548248774884
Not Placed,0,IT,8.1,3,2.5404469720854195,-1.8640565773585098
Not Placed,0,IT,7.89,0,-2.2441740931648573,1.6704495700087074
Placed,1,Civil,6.02,3,1.1138263153724761,-0.37716536236473985
Placed,1,IT,8.36,2,0.24450698061185855,0.2945621168703091
Not Placed,0,CSE,7.22,0,-2.0442873435458897,-1.2148958662148333
Placed,1,ECE,8.39,2,-0.4066826355566444,0.6036911362716563
Placed,1,Civil,9.47,3,3.4380815067373494,0.6090834289002364
Not Placed,0,IT,7.64,0,-1.2585017226894375,0.21978198905374544
Not Placed,0,ENTC,7.15,0,-1.5568369035771066,0.7352430316956873
Placed,1,CSE,8.87,3,3.805954886119811,1.3960199418781576
Not Placed,0,ECE,6.99,0,-1.2277389597941184,-0.5523190157433402
Placed,1,IT,9.31,3,2.7952484224927714,0.6025801220241319
Not Placed,0,Mechanical,7.31,2,-1.6711450056554462,1.0458902329674968
Not Placed,0,ECE,7.17,0,-2.2487030999377176,0.18153194427215544
Placed,1,Civil,9.71,3,3.244732194392757,-1.775647261605818
Placed,1,CSE,8.01,2,0.758625200337581,0.8210080168434118
Placed,1,Mechanical,9.08,3,1.322716056074941,-0.1849100114076043
Placed,1,CSE,7.68,2,-0.21459977734570596,1.973408568524956
Not Placed,0,CSE,7.62,1,0.16318943876271472,-0.8621564390432216
Not Placed,0,IT,5.21,0,-4.056421806366024,-0.8323498316327672
Placed,1,ENTC,8.56,3,2.431484852114661,0.6103032187339978
Not Placed,0,CSE,8.03,2,0.9505899732957296,1.3588956263830052
Placed,1,ECE,7.6,0,-1.9321339872557721,-0.9423407025125337
Not Placed,0,ECE,8.2,3,1.764825842918816,0.38985903281340056
Placed,1,ENTC,7.73,3,2.809897210119963,-1.8144594654109614
Not Placed,0,CSE,6.9,3,1.7789244471670167,-1.0857741342196134
Not Placed,0,ECE,8.01,0,-1.3514534213381282,-1.3142172606204447
Not Placed,0,CSE,7.54,2,-0.19602957738979213,0.7704503572950377
Not Placed,0,ECE,8.33,0,-1.7381380951206071,0.5151254712552288
Not Placed,0,CSE,7.46,2,1.1816730319646185,1.0282995261938488
Not Placed,0,ENTC,7.3,1,0.4140273375264475,-0.9466521097314448
Placed,1,ENTC,7.24,1,-0.11597944504878993,0.3452563171517956
Not Placed,0,CSE,6.95,1,1.434925215181305,-1.8669516752709423
Not Placed,0,IT,7.26,0,-1.3999764885534844,0.8202551010776393
Placed,1,CSE,8.07,2,1.311564463375799,1.281331135859215
Not Placed,0,ENTC,7.06,2,-1.6594137262952933,2.082227801924119
Not Placed,0,Mechanical,6.7,0,-1.3261839362341121,0.03417658342935353
Placed,1,CSE,8.37,2,0.8801759469357343,2.179971105306501
Not Placed,0,Civil,7.58,1,0.37380031622819987,0.027920964097861045
Not Placed,0,CSE,8.35,1,-0.25478576635744077,-0.49802956595133097
Not Placed,0,Mechanical,7.51,1,1.037491192296113,-2.322501453023407
Not Placed,0,Civil,7.21,0,-2.3911198089917245,1.4550852448771348
Placed,1,CSE,6.22,1,-0.8698049555400684,-1.3753907671578378
Not Placed,0,Civil,6.74,0,-3.0121486730163984,0.5345839212379664
Placed,1,CSE,6.96,1,-1.2125605328843638,-0.35327698688905834
Not Placed,0,CSE,7.94,1,1.185873709288347,-2.4580474923869264
Not Placed,0,ENTC,7.61,2,0.0865923324933718,0.5033800524542699
Not Placed,0,IT,6.83,1,0.32254535579508564,-2.9894634223124643
Not Placed,0,IT,5.34,0,-4.4283445928770435,-1.1725089644675797
Placed,1,IT,8.09,2,0.5095809051083139,0.4972345132644733
Placed,1,ECE,8.45,2,0.365762121817926,2.527404628700298
Not Placed,0,ECE,8.52,3,2.170795818448085,-2.402294386639275
Not Placed,0,ENTC,6.88,0,-1.8162156024449516,-0.10893405490564381
Not Placed,0,Mechanical,8.57,2,-0.7625177786974119,2.786819542949335
Placed,1,Mechanical,8.18,3,1.9098263507537991,0.28033100090312213
Not Placed,0,ECE,8.18,2,-0.5492323616723161,2.6017578729330673
Not Placed,0,Mechanical,7.18,0,-1.7725283161583638,1.0152676147472521
Placed,1,CSE,7.59,3,1.3931305242192946,0.1873857944831199
Not Placed,0,ECE,9.26,3,2.2977971660306307,1.657489251721235
Placed,1,IT,9.13,1,0.7713099127388885,0.35449548869381753
Placed,1,IT,7.66,2,0.16903030541496677,1.6482444428413319
Placed,1,CSE,7.86,3,3.8382122321537744,0.3511191319034986
Not Placed,0,IT,5.83,0,-3.3165130558056846,1.2109658382504762
Not Placed,0,Civil,8.72,2,1.3079233267780577,1.698130164316905
Not Placed,0,CSE,8.33,2,-0.4522982525809253,1.0140391031518905
Not Placed,0,Mechanical,7.99,1,0.2079775510802764,-1.5719653094938881
Not Placed,0,CSE,7.19,0,-2.3499715583183383,0.21302999519651233
Not Placed,0,ECE,7.76,2,-0.7447307566887761,0.9448140155046666
Placed,1,CSE,8.95,3,1.6597001604914852,0.8213918561477467
Placed,1,Civil,8.01,2,-0.20740121239975795,2.2426737983607166
Placed,1,IT,9.94,3,2.428185999154524,1.14061835709287
Placed,1,ECE,8.39,3,1.7471875963286163,-0.22836372859470028
Not Placed,0,Civil,6.92,2,0.28072989040717056,-0.16092539842794096
Not Placed,0,ENTC,7.35,0,-3.776738619595921,0.7082354746388564
Not Placed,0,ENTC,7.1,2,-0.9384067577620618,0.9114670753356564
Placed,1,CSE,8.43,2,1.5631972481656682,2.2282958595724263
Placed,1,CSE,8.68,2,-0.04974046932717025,1.2574759409524703
Placed,1,IT,9.16,2,0.7728983404079026,0.8935224938121173
Placed,1,CSE,7.42,3,2.0482861264237178,0.4579099927387398
Not Placed,0,IT,8.1,1,0.9186658230640774,-1.7900935652334888
Placed,1,ENTC,8.79,2,-0.0421589606615143,1.477136788181403
Placed,1,Civil,9.02,3,3.4166531040744808,1.3820507344800141
Not Placed,0,ECE,6.65,1,-1.1522167435968371,-2.795855383451524
Not Placed,0,ENTC,8.23,2,-0.2958320936637498,1.7316105427857265
Not Placed,0,CSE,6.69,2,0.1690205206843099,0.33962818788739263
Not Placed,0,IT,7.19,2,-1.401079493565982,1.323718550563546
Not Placed,0,ECE,6.59,0,-3.4555808172974967,-0.33839666684817116
Placed,1,CSE,7.17,2,-0.48154847355289176,0.7045378521839539
Not Placed,0,CSE,6.47,0,-1.8948593414576866,0.937287918213483
Not Placed,0,Mechanical,6.7,0,-2.277904651060313,0.47707901799932917
Not Placed,0,CSE,6.93,1,0.3680534412313052,-1.2763602614212235
Not Placed,0,CSE,7.96,3,1.3653600455212402,-0.9961636547730208
Placed,1,IT,7.73,1,-0.0013409131792255556,-0.08578507006669414
Not Placed,0,ECE,6.3,0,-1.2177068949041054,-1.1677957711097011
Placed,1,IT,10.0,2,1.0927867429660345,1.4401579993317486
Not Placed,0,ECE,7.28,0,-1.776928262762328,-0.6795984260667447
Not Placed,0,CSE,6.57,1,0.06866264114878272,-3.4594205071197566
Placed,1,ENTC,8.2,3,3.3541880458991247,-0.8631640715381282
Placed,1,Mechanical,7.7,1,-0.3270897882372653,-0.09999890669232298
Not Placed,0,CSE,7.01,1,-0.3948454414438539,-0.3353221341659603
Placed,1,ENTC,8.03,3,2.980048102568164,-2.0207905154803183
Not Placed,0,IT,7.13,1,-1.3781270803244183,-1.0078080912574174
Placed,1,IT,7.45,1,-0.004147315468865218,-0.3202998699833826
Not Placed,0,CSE,8.95,2,0.6458070374290453,0.4903008091187273
Not Placed,0,CSE,7.81,0,-2.770607763660008,1.2217828309667826
Not Placed,0,Civil,8.22,2,-0.7323939545367623,0.27680339215662647
Not Placed,0,ENTC,7.26,1,0.4963098073246059,-1.1812467021695239
Not Placed,0,Mechanical,7.83,2,-1.9624157207345982,2.0059561899669154
Not Placed,0,IT,7.04,1,-0.6448620651291287,-1.490020343330194
Not Placed,0,ECE,7.01,0,-2.839170497240707,-0.26704906480879786
Not Placed,0,ECE,7.35,0,-2.1399191332802894,-0.3488734255654441
Not Placed,0,IT,7.11,0,-1.5698172371980676,-0.7675098891745542
Placed,1,ENTC,8.58,2,0.6158246960665926,2.702001308911521
Placed,1,Mechanical,8.19,2,1.186924222641693,1.4804695817748854
Not Placed,0,Mechanical,5.75,0,-2.2519593196522227,-1.3329340453611978
Placed,1,Civil,9.17,2,1.2659426257636979,1.8801816161289553
Placed,1,IT,8.24,3,1.274981446031006,-0.9320119004655752
Not Placed,0,Mechanical,8.67,0,-1.4525013966352958,-0.4183656604179674
Not Placed,0,Civil,7.55,1,0.24922712161674193,-1.5608992255601613
Not Placed,0,ECE,6.43,0,-2.0673694411073984,-0.8815720438340746
Not Placed,0,IT,6.57,2,-0.8212928304853293,0.027586285604306926
Placed,1,CSE,9.15,3,4.294526266165681,1.2690108841417633
Not Placed,0,IT,6.32,2,0.29347971887605984,0.2674411035204194
Not Placed,0,IT,6.47,0,-1.7744487142116334,1.0440245271839572
Placed,1,Mechanical,7.33,1,1.1673996071031947,-0.7562109554704978
Not Placed,0,Civil,6.52,1,-0.8642661135158354,-0.5965351734465846
Not Placed,0,Mechanical,8.15,1,0.25511377248511924,-0.20152348235257886
Not Placed,0,CSE,8.22,1,1.396373813984125,-1.062095157396515
Placed,1,ECE,8.05,2,0.6831150791108771,0.6915351485159807
Not Placed,0,CSE,7.18,0,-1.7351092228913476,-0.5491778327503025
Placed,1,CSE,7.95,2,-0.08812510039454927,0.4070348437817608
Placed,1,CSE,9.22,3,4.922714982422334,0.8222423092892417
Not Placed,0,Civil,6.48,0,-1.8899758750780888,0.7340972176970028
Placed,1,ENTC,8.65,3,5.461532146897483,-2.785541411843226
Not Placed,0,ENTC,8.39,2,-0.7000065166888508,0.5778830835935965
Not Placed,0,IT,7.61,3,1.297618536297828,-0.6222703794302438
Not Placed,0,CSE,7.84,2,-1.682350484064497,1.6591076395777904
Placed,1,ECE,8.0,3,2.1627765472326153,-0.7278204299881891
Not Placed,0,ECE,6.87,0,-3.492576185564422,-0.4667147168092004
Not Placed,0,Mechanical,6.31,1,0.20552321193778564,-3.405439818918471
Placed,1,IT,8.47,2,1.2165716300926281,1.2042288217676989
Not Placed,0,IT,6.64,1,0.3537367113456486,-0.9407094628466869
Not Placed,0,Mechanical,6.77,0,-3.3980306424183615,-0.6140911350080246
Not Placed,0,CSE,7.26,2,0.026911739942283727,0.3749612548151406
Placed,1,CSE,7.94,3,2.894757344105786,0.3255546260283367
Not Placed,0,Mechanical,7.28,1,0.06280542107550986,-1.520042084630093
Placed,1,ENTC,7.08,0,-2.2612784065133065,0.19375815478349143
Not Placed,0,ENTC,8.51,1,1.3264700912202236,-1.435082838645788
Not Placed,0,IT,7.42,0,-2.291146450493052,-0.13718548796868135
Placed,1,ECE,7.02,2,0.7972092283589376,2.726120534976568
Not Placed,0,CSE,8.04,0,-2.46703610903799,0.16857274735137978
Placed,1,ECE,7.75,3,2.9156117796323784,-0.7989740811579743
Not Placed,0,CSE,7.72,2,-1.0173056101132656,0.5527573624305354
Not Placed,0,IT,8.08,3,1.2460899707955715,-0.27513281443900794
Not Placed,0,CSE,7.58,0,-1.9169998623511977,0.1607892852450006
Not Placed,0,CSE,8.42,0,-2.248201628953498,0.8450195192783063
Not Placed,0,CSE,6.49,1,0.30787657528602597,-1.0237513851615663
Placed,1,IT,8.76,3,2.9798227212860597,2.1005499377023478
Not Placed,0,Mechanical,6.92,2,0.9140640397247379,0.2627077381587867
Not Placed,0,CSE,6.31,0,-1.4509685504920726,-0.281474191233603
Not Placed,0,CSE,7.03,1,0.6861244330062369,-1.5423967806463434
Placed,1,ECE,7.4,2,0.2087077344557409,0.1902161868184011
Not Placed,0,ECE,7.08,2,-1.4580795695009523,1.5858230415204142
Placed,1,CSE,6.88,1,1.3642608694965657,-1.403841220574912
Not Placed,0,IT,8.56,2,-0.3601063828778112,0.47595191663077957
Not Placed,0,IT,6.96,2,0.961048892098536,0.7745042854344005
Not Placed,0,IT,5.78,0,-1.804084282546351,-0.980585444154004
Placed,1,CSE,7.4,1,1.6010825907337336,-1.811288938987656
Placed,1,ECE,9.44,3,1.7052929591969757,0.6039411197307879
Not Placed,0,CSE,6.8,1,-0.3363758294954597,0.07467509995667965
Not Placed,0,IT,6.94,0,-1.738355122086932,-0.15037833757856403
Placed,1,ECE,7.36,1,0.6038086476801339,-2.026100497070847
Placed,1,IT,9.01,2,0.15335696313033492,3.731266879833445
Not Placed,0,Mechanical,7.39,1,0.953032872537492,-2.7538727640017715
Placed,1,CSE,6.83,3,2.8911424018778904,-3.269976557314222
Placed,1,ECE,8.01,3,1.9483019262766579,-0.7726556845391273
Placed,1,CSE,7.95,0,-2.8293445854855204,0.144640719943959
Placed,1,CSE,8.11,2,4.3744682824477265e-05,1.2634150212647641
Not Placed,0,CSE,6.8,1,1.121632085820573,-2.1388133878594373
Not Placed,0,Civil,7.22,2,-1.0989332094536564,1.5855849923775418
Not Placed,0,IT,8.66,2,-0.6137776648701528,1.4169783970679637
Placed,1,CSE,8.05,3,1.8040524208047002,1.1035880276066483
Placed,1,ENTC,8.39,2,-0.3375021991977903,0.9773280165622238
Not Placed,0,CSE,7.65,2,-0.45320470672468993,0.6382534446277196
Not Placed,0,CSE,8.6,2,-1.181697240182242,2.049731788277349
Placed,1,Mechanical,7.95,3,3.211213801660069,-1.3257461227845664
Not Placed,0,CSE,7.25,0,-1.9466919727457135,0.008560973252641038
Placed,1,IT,8.33,2,0.43624627230825924,1.7997598057700293
Not Placed,0,Mechanical,6.96,1,-0.8790625336132125,-2.1807663093123844
Placed,1,IT,9.01,2,1.7118778103113772,1.6777229647764227
Placed,1,ENTC,8.56,2,0.9552972897976795,2.95603320949654
Placed,1,IT,7.45,3,2.5913102395007033,0.4319432472043129
Not Placed,0,IT,7.54,1,0.1943448980948888,-0.6337931194478287
Not Placed,0,CSE,7.81,1,-0.6715674253184187,-0.6017414516665979
Placed,1,Mechanical,7.55,2,-0.9136673657034257,0.9023367773763491
Not Placed,0,IT,8.82,2,-0.44154819692338776,1.717411556123547
Not Placed,0,CSE,7.24,1,0.010652821867260163,-0.4372778113834817
Not Placed,0,CSE,6.42,0,-3.6258408580570824,-1.5831145857910895
Not Placed,0,IT,7.48,0,-1.9447123506493091,1.3493914132110882
Placed,1,IT,8.34,2,1.2060015594244726,1.162032525316772
Placed,1,Mechanical,8.56,3,1.5228474041748319,0.7576982684336953
Not Placed,0,ECE,7.8,0,-2.070169619067674,0.8557081185212949
Not Placed,0,CSE,7.16,0,-1.6736841048768984,-0.8332958220155354
Not Placed,0,CSE,7.66,1,-0.1551875276279795,-0.5738098525036938
Not Placed,0,IT,7.14,0,-2.7088342090968642,0.49347597804498555
Not Placed,0,CSE,5.74,1,-0.9604624697872615,-1.5356629565156728
Not Placed,0,CSE,6.98,2,-1.383946228632487,2.5255043540019972
Not Placed,0,Mechanical,8.13,1,0.36124564982030094,-0.7315020156527994
Not Placed,0,CSE,7.47,1,0.10535143763214698,-0.5779008753747633
Placed,1,CSE,7.44,3,4.316234213212332,-2.505911576746924
Placed,1,ECE,8.64,3,1.7278180526770481,1.2778722489525298
Not Placed,0,CSE,6.88,0,-3.057496560508118,0.12858754579279974
Not Placed,0,ENTC,6.96,0,-3.0854146950569143,0.36977406875217594
Not Placed,0,ECE,7.98,2,0.1272256655926283,1.4107900214994118
Not Placed,0,IT,7.09,0,-3.6526871306043067,-0.6714307263774159
Not Placed,0,Mechanical,7.09,0,-3.672924622082676,-1.9459829963269084
Placed,1,CSE,9.02,3,2.2859748005821494,-0.41126337530474144
Not Placed,0,IT,6.79,3,1.9345142658334538,-1.5546628963436129
Not Placed,0,ECE,7.08,2,-0.5778984497348274,0.2929042463099465
Not Placed,0,ENTC,8.07,2,-0.9220351614391694,2.0319665673935465
Not Placed,0,IT,7.66,3,2.044940541001851,-2.1423890667512238
Not Placed,0,CSE,6.53,1,0.053048726399321525,-2.8491012388595274
Not Placed,0,Mechanical,9.22,2,0.15610345164991746,0.6525099680686224
Not Placed,0,ECE,7.02,1,0.293516018546367,-1.4459285432981055
Placed,1,CSE,7.49,1,1.549958569463623,-1.5274681315775265
Placed,1,CSE,8.07,3,2.1071293180034183,1.5716933490461809
Placed,1,ECE,9.54,2,0.3731098446662293,1.1825085059532288
Placed,1,ECE,7.35,2,-0.45353617555275383,1.871791543654444
Not Placed,0,IT,6.92,0,-3.19139664391303,0.5987317329389655
Placed,1,CSE,8.12,2,-0.5700073980007719,0.6802308614081354
Placed,1,CSE,9.47,3,2.917399164724727,0.45849525608429226
Placed,1,ENTC,7.82,2,0.4971473710414565,0.5597954383227873
Not Placed,0,ENTC,7.46,2,-1.7501900483558708,1.8936479269616309
Not Placed,0,ECE,8.03,1,0.6598512198511745,-0.08582108625831562
Not Placed,0,ECE,5.94,1,-0.5144957699467,-1.4036203649598067
Placed,1,CSE,7.18,2,-0.5081898792651566,1.1169405462444608
Not Placed,0,ENTC,6.15,0,-2.003147914403141,-1.5121980390182288
Placed,1,Mechanical,7.39,3,1.4491798714343105,0.47182291041042257
Not Placed,0,ENTC,7.26,1,1.19466888200424,-1.9665525222003624
Not Placed,0,Mechanical,5.46,2,-1.0295634325033338,0.38292871472315415
Not Placed,0,Mechanical,7.85,1,0.5238343889838633,-0.8885058164156445
Not Placed,0,IT,8.23,1,1.2086010936494107,-0.9222281454284971
Not Placed,0,CSE,7.54,1,-0.4215167554895892,-1.2174188596490272
Not Placed,0,CSE,6.4,1,-1.6264512305509355,-3.3211211078220493
Not Placed,0,CSE,8.78,2,0.6950403637827709,0.9776855355610952
Placed,1,ENTC,9.31,3,5.908181419960938,-0.943885066847711
Placed,1,CSE,8.04,3,2.10158314931071,0.8839056800373772
Not Placed,0,IT,7.4,1,-1.127538736192589,-1.6962657670274903
Placed,1,CSE,7.41,3,1.7184749764741012,0.3034233789680839
Placed,1,IT,8.07,2,0.7518701623744256,0.885979403513821
Not Placed,0,CSE,7.78,2,0.2813375950352359,0.9414497916046696
Not Placed,0,IT,8.07,2,-1.9228532519376005,2.3333210826007735
Placed,1,IT,8.08,2,0.12219762347717036,1.860776320255475
Not Placed,0,CSE,7.07,1,-1.0474876284796568,-0.8403312131550459
Placed,1,ECE,7.0,1,0.30556848827596256,-0.4917904743775716
Not Placed,0,ECE,7.46,2,-0.8325340246790782,0.23403972062588974
Not Placed,0,IT,8.1,0,-1.2295877154000119,0.9531396366952902
Not Placed,0,Civil,6.37,0,-1.269147333097638,-0.524885839729738
Not Placed,0,IT,7.51,0,-3.029388998214477,1.2863960808005797
Placed,1,ECE,7.67,1,1.1634117005148847,-0.16810342825215943
Not Placed,0,Mechanical,7.29,3,1.7126683501584898,-1.6763717867945718
Placed,1,Mechanical,8.89,2,0.3354228381908144,3.862432865947168
Not Placed,0,CSE,8.75,1,-0.2987103213420717,-0.4899651862389145
Not Placed,0,CSE,8.05,2,1.4019355222853216,1.739900487329861
Placed,1,ENTC,9.2,3,3.9705294502970148,-2.47606583080717
Not Placed,0,ECE,8.45,2,1.2454942992329308,1.1436709102420666
Placed,1,ENTC,7.81,3,1.3007337667878476,-0.4561373342804726
Not Placed,0,CSE,7.29,1,0.7890159137332641,-1.0537302553092904
Not Placed,0,Mechanical,7.36,0,-2.735976198923083,0.20949625596884197
Not Placed,0,Mechanical,8.02,2,-0.9301236358895251,0.805545741123293
Placed,1,ENTC,7.38,0,-1.475671985988103,-0.14939177964918943
Not Placed,0,Civil,6.41,1,-0.5944522088504981,0.02139005250034701
Not Placed,0,CSE,7.38,0,-1.6537529960120338,0.22509091490099434
Placed,1,IT,8.57,3,1.675862231190826,-0.2854714917715648
Not Placed,0,ECE,5.51,0,-2.481602569758061,-2.3678324995849587
Placed,1,ECE,8.89,2,1.339069025832523,1.2305494576630291
Placed,1,CSE,8.19,3,2.344244191850465,-0.5334359054434001
Not Placed,0,CSE,7.5,1,0.3029229165441403,-0.32665833208671036
Not Placed,0,ECE,7.94,1,-0.9995073024624536,-1.0950927710178224
Placed,1,IT,8.52,3,1.1662471891326576,0.25923099407859734
Not Placed,0,ENTC,7.73,0,-1.2873853147257646,0.3206345825339653
Placed,1,Mechanical,8.51,2,0.35962697311761316,3.164297701206512
Placed,1,IT,8.42,3,3.2655430520220605,1.0189394445358366
Not Placed,0,ENTC,7.85,0,-0.9876581540114252,0.18525929729005453
Not Placed,0,IT,6.76,0,-1.9706007752893229,0.7979313791657486
Placed,1,CSE,7.62,3,1.882188640195046,-0.09729710525941872
Not Placed,0,Mechanical,5.96,1,-1.0092034749609804,-2.3955304084860156
Not Placed,0,IT,8.08,2,-0.2415265705596765,0.14053910825465835
Placed,1,IT,7.34,3,1.3872894138832175,-1.1785060492138206
Not Placed,0,Civil,7.18,2,-0.5550695741549582,0.7970754385763177
Placed,1,IT,8.26,1,1.0885108885166501,-0.19547940849374945
Not Placed,0,CSE,6.62,0,-1.7544686786111545,-1.3612917419091988
Not Placed,0,CSE,7.8,2,-0.3975632802079409,0.5739027452581874
Not Placed,0,IT,7.41,1,-0.8404141637128228,-0.986347089752546
Not Placed,0,IT,7.55,2,-1.4200771857099181,1.1520739799038944
Placed,1,ENTC,7.94,2,-0.21147563303653963,1.390809773451884
Placed,1,CSE,9.25,2,-0.8996075812398004,3.1270449232253834
Placed,1,CSE,8.04,2,1.1009841577494324,2.596708172762759
Not Placed,0,ECE,8.85,2,0.9323850668452309,0.6132354192989793
Placed,1,CSE,8.89,2,0.38517136668800656,2.3887033558746302
Not Placed,0,CSE,8.35,2,0.5163993101178381,0.975834104784486
Not Placed,0,Civil,6.13,0,-4.049380765071996,-0.9512487756459613
Not Placed,0,ENTC,7.5,0,-1.8668299206025156,-0.8880856865162963
Not Placed,0,CSE,6.77,0,-2.175450635304955,-0.8328790747036124
Placed,1,CSE,10.0,3,2.8336201360940594,1.6751686809218653
Placed,1,ENTC,6.85,2,-0.02862791907498263,0.8592619231648062
Not Placed,0,ECE,6.43,0,-3.428719077140397,1.0241498927513053
Not Placed,0,CSE,5.35,0,-2.9295362687920887,-2.6652918237886825
Not Placed,0,CSE,6.82,1,0.43916165014548814,-2.0712247303189435
Placed,1,IT,7.8,2,-0.806161468141207,0.5567987969268906
Placed,1,Civil,8.62,1,0.44599472782222327,-2.48366032333306
Not Placed,0,ECE,6.79,0,-3.1234566402454784,0.10824466576638268
Placed,1,CSE,8.7,3,1.8615898269159163,-0.6552918606348884
Not Placed,0,CSE,7.65,0,-2.9276960207625558,0.20223932966513353
Not Placed,0,Mechanical,7.29,3,1.1551290513013421,-0.6522121506255705
Placed,1,CSE,7.85,3,2.9128136582216477,-1.392650611729291
Placed,1,ENTC,8.9,2,0.3166104648683818,0.4297238156907544
Not Placed,0,ENTC,7.74,0,-1.394080445780836,-0.24633622208435701
Not Placed,0,Mechanical,6.76,0,-1.4977588604445997,0.6759765925205301
Placed,1,CSE,8.06,3,2.6331505559918753,0.015435833664169347
Not Placed,0,ENTC,8.05,2,-0.31942855501213085,1.6117275873071404
Not Placed,0,CSE,7.54,0,-3.2881802102847844,0.849989963387185
Placed,1,Civil,8.57,3,2.486411616208158,1.0927724832602963
Not Placed,0,IT,5.75,0,-2.6710162142171394,-2.279571341814081
Placed,1,CSE,8.0,1,0.011741401548291275,0.07538105731763853
Placed,1,CSE,8.37,1,0.4382391490138418,-0.8450840952034472
Not Placed,0,Mechanical,6.47,0,-2.1315888425526,-1.2758434357472008
Not Placed,0,IT,6.44,0,-2.1362636989078743,-1.0187487692796082
Not Placed,0,IT,8.55,3,1.6738222713371298,0.891867269834313
Placed,1,ENTC,8.7,2,1.239490221610713,0.7349384894087196
Placed,1,CSE,8.86,3,1.609023647626023,0.19482680200504787
Not Placed,0,CSE,7.11,0,-3.2083429072221463,1.0591462392588948
Placed,1,IT,7.87,2,0.22607521824475688,0.5110821211110328
Placed,1,Mechanical,7.98,1,0.5589402423666514,-0.6473818192440562
Not Placed,0,ECE,6.25,1,-0.5968746014748797,-1.9009805555401003
Not Placed,0,ECE,7.83,2,0.43582521454473666,1.1896597888252065
Placed,1,Mechanical,7.82,3,2.8276017269949913,-1.4549072983101083
Placed,1,ENTC,8.33,2,1.5964688008312464,2.305668435489408
Not Placed,0,CSE,7.21,1,-0.43950297665372323,-1.5993635775120367
Not Placed,0,IT,8.76,2,0.2909961658916739,0.8378033461463161
Placed,1,ECE,7.77,1,0.008192118290550526,-0.7664131500483056
Placed,1,ECE,9.15,2,-0.6478221466293137,1.8215646677072823
Placed,1,IT,8.33,3,3.162090704780324,-0.4734460808276196
Not Placed,0,Mechanical,7.94,2,0.18717788779974623,0.06825117081585019
Not Placed,0,CSE,6.7,0,-2.408120004595078,-1.4754056196415908
Placed,1,CSE,6.58,0,-1.9624678312496346,-1.5985050889303132
Placed,1,CSE,9.06,2,1.465185143709225,1.3802197669935272
Not Placed,0,Mechanical,8.45,1,-0.24679866654064506,-0.40918053940615456
Placed,1,IT,7.46,2,0.06217666748553824,0.6725518573997724
Not Placed,0,CSE,7.35,2,-0.8764755889317851,0.3625364298803043
Placed,1,CSE,7.89,3,2.2736671031673548,0.8125454467253019
Placed,1,Civil,6.56,3,3.8990101389071112,-1.07030920475571
Placed,1,CSE,7.3,2,0.42497218478889365,0.8266556081960924
Not Placed,0,CSE,8.22,0,-2.152424091885378,1.973731695520009
Placed,1,Civil,8.33,2,0.8777749700054895,2.129691821028393
Not Placed,0,ECE,7.39,1,0.015200486101432856,-0.11465809326542198
Placed,1,IT,9.06,3,3.2398569940207507,1.2782433217306803
Not Placed,0,IT,8.59,2,0.15069497853990083,1.3698779231913722
Not Placed,0,ECE,7.05,0,-1.8703604218072294,0.5981637780515694
Not Placed,0,CSE,6.62,0,-1.7601837691641051,0.1469974702737306
Not Placed,0,IT,8.21,2,-1.0841236034437636,0.8312842168287651
Not Placed,0,CSE,7.32,0,-2.916786401605226,1.3616470543552146
Not Placed,0,Civil,7.16,1,-1.184374824340276,-0.4078357782893323
Not Placed,0,ENTC,7.89,2,-1.3282296640690001,2.346172543859625
Not Placed,0,CSE,8.31,1,-0.08085093460964601,-1.3749635497475574
Placed,1,IT,8.37,1,1.4487834058174571,-0.28553077251656983
Not Placed,0,CSE,7.75,2,-1.0184133900647658,0.55813302252387
Not Placed,0,Civil,5.75,1,-1.1377603745426612,-1.7333653912650318
Placed,1,ECE,8.51,2,-0.5968251599716206,0.8475625399861745
Not Placed,0,CSE,7.01,0,-2.3739863487441077,0.8674147822311091
Not Placed,0,ENTC,7.96,2,0.46617267297710213,0.4568643932612136
Not Placed,0,IT,7.6,1,-0.0989605551616676,-0.8824879186818227
Placed,1,CSE,9.61,3,4.189534254222411,-0.001980972746277212
Placed,1,CSE,9.45,3,2.5989098619851108,-0.15956784348589345
Placed,1,Mechanical,7.31,3,2.5267141016712342,-2.42560613335978
Not Placed,0,ENTC,6.56,2,0.42234131545936143,0.1097264374121218
Not Placed,0,CSE,6.62,0,-1.126279827299594,-0.4689099578404452
Placed,1,CSE,7.93,2,0.8151470620244686,1.6423763170264232
Not Placed,0,Mechanical,7.24,0,-1.881014954187228,1.428858532532374
Placed,1,IT,6.76,1,-0.5217566899844135,-1.1784886704653734
Not Placed,0,IT,7.25,2,-1.6504383930255173,1.850800244274107
Not Placed,0,Mechanical,8.08,2,-0.19774499979597665,1.6175127940272764
Placed,1,Mechanical,7.63,2,1.2196810495012012,1.9752899795905559
Not Placed,0,CSE,7.29,2,-1.502382930801021,1.1765740746058613
Not Placed,0,IT,7.4,1,-0.8160317942933992,-2.4574000487818295
Not Placed,0,ECE,7.56,1,0.5768608029523137,-0.14085804402038998
Placed,1,IT,7.89,3,1.3894263250698393,0.20712905955235272
Placed,1,ECE,7.94,3,2.070437551099883,0.7105166725457659
Not Placed,0,ECE,6.3,1,-1.1512915397745236,-1.8324318127715777
Placed,1,ECE,7.84,1,0.7247114208319507,-1.1246711081708574
Placed,1,CSE,7.39,1,-0.39814219551324237,-3.335617127022219
Not Placed,0,ENTC,6.84,2,-1.247375436684138,0.9048280991043265
Placed,1,Mechanical,7.38,3,2.4349188473420997,-0.22852274740638634
Placed,1,ECE,8.68,3,2.411206067646559,-0.5345062322657376
Placed,1,CSE,8.39,2,0.53547173865821,0.4120628089902428
Placed,1,Civil,7.78,3,2.0401681302551804,-0.6510872644198352
Placed,1,CSE,6.94,3,0.9465429997447029,-0.5032790529953852
Placed,1,IT,6.54,3,1.9414292438489413,0.34579983422505334
Not Placed,0,IT,6.9,1,1.1951650278283314,-1.4501268422661842
Not Placed,0,CSE,7.71,2,-1.3842610062155103,1.1794430659425288
Not Placed,0,IT,7.73,0,-1.5269887139454867,1.1781459746755416
Not Placed,0,ENTC,7.15,0,-1.6173873987652252,1.2393092069049176
Placed,1,IT,8.45,3,3.5198157849555742,0.5650254927806877
Placed,1,CSE,8.03,3,4.670171571388212,0.17281311516610692
Not Placed,0,Mechanical,5.45,0,-2.4094300453641946,-1.4263250535678649
Placed,1,IT,7.79,1,0.3390490302397861,-0.2245174869876761
Placed,1,CSE,8.34,3,1.9960609036513304,0.4935123057441778
Not Placed,0,Civil,7.87,1,0.9084645343951729,-1.4005931363867428
Placed,1,IT,8.19,3,2.3041059208567845,0.8084616055941016
Not Placed,0,CSE,7.48,2,0.10636315109637624,1.6334103903350967
Not Placed,0,IT,7.64,1,0.0633055188146528,-1.7178922694396854
Not Placed,0,ECE,7.66,1,1.0119061395318574,-1.0150998416399801
Not Placed,0,CSE,7.86,1,-0.32867759934341995,-0.36728982422632833
Not Placed,0,Civil,7.21,0,-2.3812633813055135,0.5986909537359778
Not Placed,0,ECE,8.63,2,-1.2172162889187788,2.7093164794578075
Not Placed,0,ECE,8.91,2,-0.6040280668841471,2.0343124144402926
Not Placed,0,Mechanical,7.25,3,1.5359624588131153,-0.9248934786724431
Placed,1,IT,6.71,3,1.0273199061897889,-0.009209932991967075
Not Placed,0,ENTC,6.56,0,-2.827694683345256,0.40058859664896423
Not Placed,0,ECE,8.04,3,1.0081017281301943,-0.14389302663051523
Not Placed,0,ECE,8.2,0,-2.356613975059611,1.665936181935233
Not Placed,0,ECE,8.05,2,-0.6636434350874584,1.150650566638381
Not Placed,0,IT,8.12,1,0.4016842104734661,-0.20869192346386908
Not Placed,0,ENTC,7.22,1,0.6905764678531345,-1.1461741672153312
Not Placed,0,ECE,6.01,0,-3.3135056839208117,-1.6518252047846644
Not Placed,0,ENTC,7.28,0,-1.510360216532318,-1.2825309193212167
Not Placed,0,Mechanical,9.11,2,1.0030517787870763,1.611414434818198
Not Placed,0,CSE,7.93,0,-2.372031351623346,0.24329603381088816
Not Placed,0,Civil,8.06,3,2.0794873569069736,-1.4688570707101811
Not Placed,0,IT,8.47,1,0.2961351868484837,-1.4373424520044893
Not Placed,0,IT,6.99,0,-1.9345603698832505,-0.4118434048970413
Not Placed,0,CSE,7.89,2,-0.5162680626331242,-0.04596781954667077
Placed,1,IT,8.14,3,2.1925109952854194,-0.09543170355408517
Not Placed,0,CSE,6.91,0,-2.373093270808025,-0.6784680864254188
Not Placed,0,CSE,8.01,0,-1.6123529644710726,-0.16492348202434728
Not Placed,0,ECE,8.8,2,-0.20066453075055055,1.968573159198373
Not Placed,0,Civil,7.36,3,3.30707663567544,-2.454728801527064
Not Placed,0,ENTC,6.24,1,-0.3316194406505894,-2.059521028464993
Not Placed,0,CSE,7.85,0,-1.875641166340746,0.08392942290335115
Not Placed,0,Civil,7.14,1,-0.05702814680756329,-1.6209356388037588
Not Placed,0,ENTC,7.85,2,0.9308058671244067,0.91162351840393
Not Placed,0,ENTC,6.98,2,0.08004714726576728,0.535084704300726
Placed,1,IT,7.75,2,-0.040190802134724105,3.011605975357635
Placed,1,ECE,8.74,2,-0.23060810843733487,2.38013150508168
Not Placed,0,IT,7.68,2,-1.1038754675217823,0.7576882920724591
Not Placed,0,CSE,6.3,2,-1.4006526954231449,1.44480841402312
Placed,1,IT,8.02,3,2.0932844809323155,0.07795613647302448
Not Placed,0,ECE,7.72,2,-0.37593155039022097,0.09123631864648916
Not Placed,0,IT,7.88,1,0.5818248684418867,-0.6791995716967258
Placed,1,CSE,8.53,2,0.0895195267819554,3.0282877531674486
Not Placed,0,ECE,7.25,0,-1.1163753869292103,-0.45356522400344207
Placed,1,CSE,7.46,3,1.3761901468578186,0.06221234638305076
Not Placed,0,CSE,6.82,0,-1.7773731264830637,1.5755731137600668
Placed,1,Mechanical,7.86,3,2.8529263704467103,-2.1393550718493546
Not Placed,0,Mechanical,7.84,2,0.8630095113357634,0.436520846368865
Placed,1,Mechanical,7.48,1,0.9674451912506784,0.1615186695861125
Not Placed,0,ENTC,8.34,2,-1.3601262092590158,2.0744033826787223
Not Placed,0,CSE,6.82,1,0.24712068345387628,-1.1491020500031048
Placed,1,IT,7.81,2,-0.9331544376246668,0.9675919484826505
Placed,1,CSE,8.21,2,0.8880242690957926,1.6473961241094452
Placed,1,Mechanical,7.24,2,-1.0531371934077327,1.512624991879707
Placed,1,CSE,6.53,1,0.0004292628376638435,-0.8452811756836746
Not Placed,0,IT,6.26,0,-3.561081314757227,-0.7990083768048833
Placed,1,ENTC,7.83,2,1.3357355021523374,0.8584439177059873
Placed,1,ECE,9.14,3,2.5599089028595974,1.1475503655466883
Not Placed,0,CSE,7.18,1,-0.8581757486589988,-1.6773337756821198
Placed,1,Mechanical,8.08,2,0.05304959363401305,0.27184922034248066
Not Placed,0,ECE,5.64,0,-1.8684843710896384,-2.3983474358724197
Not Placed,0,Mechanical,8.02,1,0.2634514113886847,-0.274005087950421
Not Placed,0,CSE,6.77,0,-1.506923064574612,-0.8352829310207068
Placed,1,CSE,7.37,3,1.5170731414959904,0.4115470632031269
Placed,1,IT,7.77,3,2.866048479393551,-0.5883436001849158
Not Placed,0,CSE,6.29,0,-1.550537665083864,0.03205775934907006
Placed,1,IT,10.0,2,1.8242493966578996,3.6957948137357524
Not Placed,0,IT,7.19,1,-1.0554644104403204,-1.2281864825732747
Not Placed,0,CSE,8.22,1,1.052033587181726,-0.17493955464730157
Placed,1,CSE,8.97,2,1.1056179598076836,2.519102912255435
Placed,1,CSE,7.95,2,-1.260571612483257,2.0114646934925897
Not Placed,0,IT,6.66,1,-0.6382990955635683,-0.6509452604404102
Not Placed,0,CSE,7.79,1,-0.9204763085377397,-0.5279660789004982
Not Placed,0,IT,6.14,0,-2.793379481292005,-0.9306621850782588
Not Placed,0,IT,7.42,2,0.22324897859821202,0.391596337966245
Placed,1,Civil,9.13,3,2.6150128415231015,1.1379534023737066
Not Placed,0,CSE,6.5,2,-1.2471822158022414,1.32793577631037
Not Placed,0,ENTC,7.0,1,0.4263266217114595,-1.5597802890095944
Placed,1,IT,9.28,3,1.7169925784596,0.8924427045675866
Not Placed,0,CSE,7.55,2,-0.816774631019678,2.215847751710854
Not Placed,0,IT,6.94,0,-3.9647354516747235,-1.1053941041667605
Placed,1,CSE,8.03,1,1.1922564899496202,-0.3454636332662596
Not Placed,0,ENTC,7.3,0,-1.5817221461642768,-1.5938147571700183
Not Placed,0,Mechanical,5.39,0,-3.6140602289762143,-0.14191697883064236
Not Placed,0,CSE,6.54,0,-2.7129080481713532,-1.1769409070789285
Placed,1,CSE,9.45,2,0.571256068700277,2.5601855759911314
Not Placed,0,ENTC,7.98,2,1.5386375205598697,1.3168343356852423
Placed,1,ECE,8.94,2,0.8119155045752396,3.2167557430746863
Not Placed,0,CSE,6.83,0,-2.858611973296259,-1.6624830267352457
Placed,1,CSE,7.65,2,-0.575469893632841,1.3245347482419414
Not Placed,0,CSE,7.56,0,-3.391198067703864,-0.018422896080816244
Not Placed,0,CSE,7.23,1,1.1870277155041329,-0.8928622047708106
Placed,1,CSE,7.88,2,0.06004651001720641,1.1079723424779935
Placed,1,IT,6.75,3,3.084090478563426,-1.229202082688778
Placed,1,CSE,8.73,2,0.3585474715817716,1.971550361630958
Placed,1,CSE,8.1,3,2.9221880431837235,-1.160372328364508
Not Placed,0,CSE,7.55,2,-0.021468185817379807,0.4841197613257264
Not Placed,0,CSE,7.81,2,-0.30347416796054105,0.052088697998951876
Not Placed,0,ECE,7.44,0,-2.2369402323108436,0.5549910525591187
Not Placed,0,CSE,6.23,0,-3.3254671426881672,0.819395482664152
Not Placed,0,IT,6.86,0,-2.1031939294469706,-0.16397757212796854
Not Placed,0,CSE,7.55,0,-2.0292512143785046,-0.7705680812177976
Not Placed,0,IT,7.4,2,-0.5464468379606809,0.46123277970337523
Not Placed,0,CSE,8.25,0,-0.9910774450461236,-0.043666209591496793
Placed,1,CSE,8.18,3,1.5094410825899685,0.2302111993020084
Not Placed,0,CSE,7.22,0,-2.8120486874463464,-0.6793587629665002
Not Placed,0,CSE,6.89,0,-2.217544666936472,-0.5729986250134165
Placed,1,CSE,8.34,2,0.10508900083156276,0.35332202484066694
Not Placed,0,CSE,7.86,1,-0.6010576866881036,-0.26614568184841436
Placed,1,IT,7.17,1,0.28339423152322085,-1.5386341374197285
Not Placed,0,Civil,6.73,0,-2.835362655275545,-0.4262220994370909
Not Placed,0,CSE,7.13,0,-1.3621137648734267,-0.12631978007974265
Not Placed,0,ECE,8.03,1,-0.23580921310955255,-0.5945381826248424
Placed,1,IT,9.13,3,2.086505853562168,1.304933973078525
Not Placed,0,Mechanical,7.52,3,2.6077705039034758,-3.047698885996101
Not Placed,0,CSE,6.99,1,0.7573502971883735,-3.330375620496475
Placed,1,CSE,9.53,3,2.537021249711394,0.9327973594951453
Not Placed,0,ECE,7.38,1,-0.4346249124029692,-1.0985378174156397
Not Placed,0,CSE,7.03,3,1.0646822646412224,-0.733487254584809
Not Placed,0,Civil,7.35,1,-1.3422504066109024,-0.9384500338128375
Not Placed,0,IT,7.31,0,-1.513191039921604,-0.007377839970405704
Placed,1,ENTC,8.78,2,1.2820958714268047,0.8117202058048345
Not Placed,0,Civil,6.28,0,-1.2946376772841435,0.5673657674036207
Placed,1,CSE,8.21,2,0.30218616947140947,0.5995087018298146
Placed,1,Mechanical,7.69,2,0.22021168103517,0.3783459840069809
Not Placed,0,IT,7.23,0,-2.887154081949806,1.0082400068158124
Not Placed,0,ECE,7.41,2,0.3899689393746737,0.9210860512208408
Not Placed,0,CSE,7.49,3,1.284839028030147,-0.5217613907563118
Not Placed,0,CSE,7.77,1,0.9553628698033497,-0.1505539590096687
Placed,1,CSE,7.32,2,-0.32793668411249116,1.3878637185308556
Not Placed,0,ECE,7.64,2,-1.6335425787870037,1.3671084400187652
Not Placed,0,ECE,7.04,1,0.9766073751234802,-3.2030451648575586
Placed,1,CSE,9.55,3,2.2155934402684703,0.7381665366386556
Placed,1,CSE,8.56,2,0.9226861592899253,2.010128886165239
Not Placed,0,CSE,8.12,2,-1.1935740368622119,0.7867254399079054
Not Placed,0,ECE,7.32,1,1.0580280180023458,-0.17811805223075258
Placed,1,IT,8.4,3,2.0254447194013228,-0.5723414014632454
Not Placed,0,CSE,7.95,1,0.08692506689989093,-0.5339327916690827
Not Placed,0,Civil,7.8,1,-0.027943859379185622,-0.5682350178545673
Not Placed,0,Civil,7.25,2,-0.9442459074755314,0.25557403981663535
Placed,1,CSE,7.93,2,0.18349674997178853,0.8713687960849761
Placed,1,CSE,9.13,3,1.8161262320854576,1.4002197858368517
Not Placed,0,ECE,7.77,1,0.13041653971857764,-0.849732374599874
Not Placed,0,CSE,7.48,0,-1.183332414327009,0.4811619028824496
Not Placed,0,IT,7.78,1,0.8255014592339744,-0.5060235196728077
Placed,1,Civil,7.74,1,0.2277426658355656,-0.9655606405285311
Not Placed,0,CSE,7.23,1,0.6823129879028554,-0.7173643830767349
Not Placed,0,CSE,7.07,2,-0.6568194514472316,-0.0758878914447764
Not Placed,0,CSE,8.37,2,-0.8564766865540003,0.833704250088873
Not Placed,0,Mechanical,8.72,2,0.6514649738112704,0.7087126498325031
Placed,1,ENTC,9.63,3,2.486685443675519,1.552771382512114
Not Placed,0,IT,8.09,1,-0.8689500004004536,-0.5613352892193287
Not Placed,0,ECE,7.8,1,-0.6068105660517822,-0.2442333799331338
Placed,1,Mechanical,8.47,3,2.5494747986502597,1.1847579792914689
Not Placed,0,ECE,6.93,2,-1.1288155661336141,1.88226801063358
Placed,1,IT,8.25,3,3.015797668455676,-0.7315180943667448
Placed,1,CSE,8.58,3,2.4060774893288257,0.8799104058106719
Placed,1,ENTC,8.57,2,1.043274594684604,0.9512110079709224
Placed,1,IT,9.12,3,1.8894921741589183,0.7666234192303522
Not Placed,0,CSE,7.19,2,-1.1225443227132532,1.2848335489053173
Placed,1,ECE,7.28,1,0.7155530847141969,-0.32700910977581377
Not Placed,0,ECE,7.52,1,-0.15343930695807523,-0.3989891305175171
Not Placed,0,IT,6.75,2,-0.13407787874263896,-0.0611785389570912
Not Placed,0,CSE,8.16,2,-0.3016764716530513,1.0265826413588282
Not Placed,0,CSE,8.27,0,-1.6309222400636865,-0.2569669381293536
Placed,1,IT,8.18,2,0.8454465539525872,1.5245109372492667
Placed,1,CSE,7.83,3,2.771640109374074,0.19508795315975827
Placed,1,CSE,8.55,2,-0.28225446046505615,1.0359056951128545
Placed,1,IT,8.19,2,-0.018610751384666665,1.2497276875138288
Placed,1,CSE,7.19,1,0.12491706227841348,0.17320992618693176
Not Placed,0,Civil,5.19,0,-2.4161369438814626,-2.1289721983478787
Not Placed,0,CSE,7.42,0,-2.004995026192779,0.36782238419220703
Placed,1,CSE,7.73,2,-0.17085550753549997,0.9154619556939846
Not Placed,0,CSE,7.74,2,-1.3130592813119688,1.6639888092250743
Placed,1,CSE,7.55,3,2.0847924948147645,-1.0075771057219303
Not Placed,0,CSE,7.24,2,-0.803182372916868,0.670293307448105
Not Placed,0,Mechanical,6.98,2,-0.42735700709815383,1.742854310547449
Not Placed,0,ECE,6.82,0,-2.7475308207086737,-0.8320246375259778
Placed,1,CSE,8.07,2,1.267559850075537,1.121107739073182
Placed,1,CSE,8.63,3,2.1912641344572688,0.279206756097239
Not Placed,0,CSE,6.64,2,-1.078906988430194,1.0946476142637025
Placed,1,CSE,7.65,3,1.8514413274230224,-1.0950759609639187
Placed,1,CSE,8.37,3,1.8647828796481214,1.0180769313241573
Placed,1,CSE,7.54,1,-0.08001663602428755,-2.3508919095669003
Placed,1,CSE,8.31,3,2.2477843176235233,-0.5101890707493323
Placed,1,CSE,8.62,3,5.002955489159243,0.16846574478142748
Not Placed,0,ENTC,8.04,1,1.0383731370022535,-2.1500188751210074
Not Placed,0,CSE,7.28,0,-2.5891742030616087,2.22057270962193
Placed,1,Mechanical,8.82,2,0.2144058996612734,2.495205374689955
Not Placed,0,CSE,7.47,1,-0.768599918567,-0.9270429047354842
Not Placed,0,ECE,7.47,0,-3.4376312487405234,0.24328779571470796
Placed,1,ECE,8.14,2,0.9329555704179942,1.2434737813399945
Not Placed,0,ENTC,7.44,0,-3.0030499916783095,-0.4951810450796946
Not Placed,0,ECE,7.51,1,0.18679293434823538,-1.8141843784966225
Not Placed,0,IT,7.38,1,-0.47528296844174883,-0.2848744425661964
Placed,1,CSE,7.55,2,0.2527111392959176,0.964643867121785
Not Placed,0,Civil,7.87,1,-0.7232877273698523,-0.5041087884071904
Not Placed,0,CSE,6.02,0,-3.7555329481824073,-1.6203557643485333
Not Placed,0,ENTC,7.62,2,0.7202898070004573,1.646153044341723
Not Placed,0,Mechanical,6.2,0,-3.7356524412191354,-0.053866895419438184
Not Placed,0,CSE,7.35,2,-1.4196615847076761,1.8391890029770117
Placed,1,Mechanical,7.99,3,2.0319339836903425,-0.5192031268663524
Placed,1,CSE,7.42,2,-0.16908014369280044,0.869606463642611
Placed,1,IT,8.3,2,0.47678500122784895,1.0626367993815757
Placed,1,ECE,8.0,3,3.1347688488180334,0.6327931005010878
Placed,1,ENTC,5.87,0,-1.6906630363596908,-0.895530007051851
Not Placed,0,CSE,8.72,1,-0.19298476791261365,0.19565383465381425
Placed,1,IT,7.91,2,0.8268999412753005,0.5628943500218964
Not Placed,0,ECE,7.22,0,-1.9288522025362569,-0.15378438975998368
Not Placed,0,ENTC,7.3,0,-3.6018935389425946,0.0297591261234759
Placed,1,ECE,5.93,2,0.26352736124099063,-0.38010511585100487
Not Placed,0,CSE,7.89,2,-1.1284044167951277,1.71259988624493
Not Placed,0,CSE,8.25,3,2.576759503668115,-0.775517408861191
Not Placed,0,CSE,7.12,0,-1.9413002762284572,-0.16612832298442431
Not Placed,0,IT,6.93,0,-2.6184369052561776,0.8097464015257978
Not Placed,0,ENTC,7.82,2,-0.5899070574700411,1.1953845257174103
Placed,1,IT,8.72,1,1.1491395550700119,-0.6044694533396877
Placed,1,CSE,8.63,3,2.1235007434468818,-0.6697600268867351
Not Placed,0,Mechanical,8.4,3,1.764018223566919,0.19634924688843525
Placed,1,CSE,9.42,3,3.513892541561807,-1.7123268940225598
Placed,1,ENTC,8.49,2,-0.6205056774053996,1.9883578458044573
Not Placed,0,CSE,8.68,3,1.9952897704238697,-0.6886286907745091
Not Placed,0,CSE,7.77,2,-0.13246720236575774,1.0491462626956267
Not Placed,0,ECE,7.41,1,1.347895914084299,-2.4176727580663555
Placed,1,Mechanical,8.66,3,2.5299072246651173,1.1429683219087565
Not Placed,0,ECE,6.87,1,0.7377098632687782,0.07443487141344263
Not Placed,0,CSE,8.06,0,-1.5129759318373175,1.1532419702273204
Placed,1,IT,7.18,1,0.037250916566648765,-0.7798138575754371
Not Placed,0,ENTC,7.99,0,-1.1762739287221653,0.03361108630749254
Placed,1,CSE,7.93,3,1.516272624598867,0.2963727748403859
Placed,1,IT,7.84,2,0.9475254768849508,0.07629762043982968
Not Placed,0,CSE,7.68,2,-0.8754090176892148,1.3113917419451873
Not Placed,0,IT,8.15,1,0.793675612097392,-0.8095730679526901
Placed,1,IT,8.29,3,2.0655498317053627,1.7508449599514944
Not Placed,0,Mechanical,6.51,0,-2.994290909357374,0.293103023258988
Placed,1,CSE,7.66,3,2.9526415097464733,-0.3153864310588572
Not Placed,0,CSE,7.34,1,-1.2342070514294925,-1.4467576122359507
Not Placed,0,Mechanical,7.87,3,1.2667987653317316,-0.17519295572099963
Not Placed,0,Civil,7.35,1,-1.2823376925753953,-3.070170134302766
Not Placed,0,Mechanical,8.78,2,-0.3857062774330787,0.5463279988968198
Not Placed,0,ENTC,7.64,0,-1.2867491088917713,-0.02892646940925225
Placed,1,Civil,8.54,3,2.0139388217861325,0.7693961313225208
Placed,1,IT,6.89,3,2.969667491360666,-2.540815019280077
Not Placed,0,Mechanical,7.46,3,1.7641210676346781,-1.1897127246239136
Not Placed,0,CSE,7.18,2,-0.8767300202758663,1.0181184535090002
Not Placed,0,IT,8.03,2,-1.5938082891628933,1.3349385101085665
Not Placed,0,IT,6.69,0,-1.0662999817054963,-0.13520276404774564
Not Placed,0,IT,6.25,1,-1.3144767424682002,-1.1854191806215841
Placed,1,ENTC,7.17,1,1.2739811157348595,-1.5492149499429404
Placed,1,Mechanical,8.18,3,1.4363157782408809,-0.1277496777061086
Not Placed,0,IT,7.01,1,0.04169105844183213,-0.7774110884557177
Not Placed,0,ENTC,7.93,1,1.7227347635266583,-1.9455555903203399
Not Placed,0,ENTC,7.15,2,-0.17273398747592594,0.2750357650386627
Not Placed,0,IT,6.21,2,-0.12704095702365287,0.21581967756532308
Placed,1,ENTC,8.42,2,1.170342319547856,0.9350256902415995
Placed,1,IT,8.25,3,4.838180218775458,-0.9026640867152835
Not Placed,0,CSE,7.67,1,-0.46549788969514494,-1.4062290953141878
Not Placed,0,CSE,7.74,1,-0.26619235485998066,-0.2462367599472644
Placed,1,Mechanical,7.52,1,0.5384428315675792,-0.5016528199764138
Placed,1,IT,6.82,1,0.8498839585745231,-1.8413186875783067
Placed,1,CSE,8.81,3,3.6300713792849795,-0.14717954290989219
Not Placed,0,CSE,7.61,1,0.6696009395612128,-1.1183364864883236
Not Placed,0,ENTC,8.01,1,-0.5171507197320315,-0.2297878065088247
Placed,1,Mechanical,7.28,2,-0.7674636723413125,2.128404735917903
Placed,1,CSE,8.08,3,1.635633445785553,-1.2204672584759184
Placed,1,ENTC,8.67,3,3.0756336845426673,2.279287472013037
Placed,1,ECE,7.84,0,-2.4272415697362573,1.8421461098536567
Not Placed,0,IT,8.01,2,-0.8360539658571762,1.4707646263371992
Placed,1,CSE,8.45,1,1.9498774460147335,-2.6158626680902173
Not Placed,0,CSE,8.3,2,0.10702944534832698,1.7153711113660506
Placed,1,ECE,8.59,3,1.7853955900186875,-0.7168486902190719
Placed,1,CSE,7.97,2,-0.37801508806677037,2.5633833284493193
Placed,1,CSE,7.97,2,0.054491921539839824,0.9975441742020524
Not Placed,0,Civil,7.9,0,-1.5417918829129935,0.724232833603095
Placed,1,Mechanical,8.44,2,1.2075069110503596,0.8040313483155599
Not Placed,0,CSE,7.33,2,-0.3549257436592886,1.6886067541639143
Not Placed,0,ENTC,8.15,0,-1.9222533729813822,-0.03383898511116108
Placed,1,Civil,9.65,2,0.8457493209732343,2.848164122089417
Not Placed,0,IT,8.01,2,0.0904570139838482,1.4594964606658056
Not Placed,0,ECE,6.68,0,-1.62484283037314,-0.5249944799780523
Not Placed,0,CSE,7.45,0,-1.1858536339347516,0.08903256251824523
Placed,1,ENTC,8.23,3,2.4172107187860616,1.8120973389614397
Not Placed,0,IT,7.13,0,-1.901932087086117,-0.42333777659334454
Placed,1,ENTC,6.87,2,-0.7017208340958453,0.26209642582133397
Placed,1,IT,6.53,1,-1.04753594265599,-1.3770152753007792
Placed,1,CSE,7.52,2,-0.7965006953846178,1.3556468282849594
Placed,1,ENTC,9.07,3,3.167824996470299,1.7389900057480747
Not Placed,0,IT,7.25,2,-0.5763377227270046,0.5482810630237986
Not Placed,0,Mechanical,8.44,1,0.15469981482988127,-0.7445011596115276
Not Placed,0,IT,7.46,0,-2.1461412170521696,0.09264371698473883
Placed,1,CSE,7.37,1,0.7617662759198459,-1.0897406423925549
Not Placed,0,ENTC,8.14,0,-1.5500807275809603,1.2378028540919601
Not Placed,0,IT,6.4,0,-2.964095464974949,-3.216121659092527
Not Placed,0,ECE,9.12,2,-0.07339723908235404,0.4403692549139782
Not Placed,0,CSE,8.16,2,0.2665618053171773,2.0920621595259705
Placed,1,ECE,8.59,2,-0.65601325015079,3.1156071639603553
Not Placed,0,ECE,7.48,0,-3.016777920923237,-1.9117520625852773
Not Placed,0,CSE,8.12,2,-0.8160046703724813,1.3597824901788527
Not Placed,0,CSE,8.49,0,-1.6021073431062818,1.5999716741200787
Not Placed,0,IT,7.62,2,0.3406107060923392,-0.004310573985041814
Not Placed,0,Civil,6.96,0,-2.442717388899618,-1.166764997720316
Not Placed,0,CSE,6.9,0,-2.064922347901968,-1.372608915240142
Placed,1,CSE,7.34,1,0.21706532334731074,-0.3162651505355132
Not Placed,0,IT,7.89,1,0.5419416379522005,-1.2459426079978102
Not Placed,0,ENTC,7.56,2,-0.6093279990579171,0.5931240810645271
Not Placed,0,CSE,7.28,0,-2.3394358880400987,-0.5925600445589505
Placed,1,IT,8.28,2,-0.8023244235073069,0.5642747909104654
Not Placed,0,Mechanical,7.31,1,0.5381428952203753,-0.729911816777847
Not Placed,0,Civil,7.19,1,1.4826241863975498,-1.522088946588782
Not Placed,0,Mechanical,8.5,2,-1.6965844164911952,1.906839011157816
Placed,1,CSE,8.17,1,0.029468998527550135,-0.8928053664824979
Not Placed,0,CSE,6.66,0,-3.140246414464506,-0.640263201599575
Not Placed,0,IT,6.57,0,-2.5183024557271048,-1.6241609261834573
Not Placed,0,CSE,6.76,0,-1.4907841027706343,-1.2664346160039999
Not Placed,0,ECE,7.67,1,-0.19858345768507613,-0.37414560614172737
Placed,1,CSE,8.7,2,0.5692463263160031,1.0134468541006798
Placed,1,CSE,8.93,3,3.5925356034601155,-0.10494120714711147
Placed,1,CSE,8.34,3,1.5762677040388697,-0.5857820108663085
Placed,1,ENTC,9.33,3,1.9625200278382882,1.076133834295856
Placed,1,IT,7.87,3,3.4725491837538596,1.3731622340890355
Not Placed,0,Mechanical,8.64,2,-0.36947947560583555,0.587484462481936
Not Placed,0,CSE,7.21,0,-1.7977488459805762,0.7665343817577481
Not Placed,0,ECE,6.38,0,-1.72514712638081,-1.1670536945824024
Not Placed,0,Civil,7.44,2,-0.955199319279815,0.3496446908655011
Not Placed,0,IT,7.59,1,-0.4128689415230603,-0.2778926961096644
Placed,1,Mechanical,9.9,3,2.704249926760059,0.75174911835209
Not Placed,0,ENTC,7.7,1,0.1299259014081332,-0.9214218998338832
Not Placed,0,Civil,6.83,0,-2.5902598692832353,-0.243925677543044
Placed,1,CSE,8.52,3,2.915828871949075,0.6834783563150022
Not Placed,0,IT,7.05,0,-1.5427894260338146,-1.39920566598428
Placed,1,IT,7.82,3,2.0794942845355346,0.7602393949623969
Not Placed,0,ENTC,8.45,2,-1.1296426233939616,2.1645108451929747
Placed,1,IT,6.91,3,2.05417333588944,-1.5956374426772029
Placed,1,CSE,8.99,2,0.5444380007543338,0.3996245052119159
Placed,1,Civil,8.66,2,1.0789492587283673,0.7794767996490198
Not Placed,0,CSE,8.0,0,-2.2530079814730772,1.5144779005137452
Placed,1,CSE,9.19,2,-0.16570661735872833,1.6128985475695587
Not Placed,0,ENTC,7.38,0,-2.291847238184009,-0.17662915657545447
Not Placed,0,CSE,8.38,0,-1.6441016988838266,0.5159635093427629
Placed,1,CSE,7.94,3,1.7521239373956699,0.7599692156067851
Not Placed,0,IT,7.16,0,-1.6187166565909354,-0.9383864385887004
Not Placed,0,CSE,7.18,0,-1.1509832293957951,-0.3910834955198286
Placed,1,IT,9.43,3,2.5280064317280724,1.6972084037248614
Not Placed,0,ENTC,8.6,2,-1.8180543968962937,2.919163582726427
Placed,1,CSE,8.46,2,0.23798152913854517,0.48089470812814017
Placed,1,CSE,7.17,3,3.1776723265303914,-0.4646583014608589
Placed,1,Civil,8.3,3,1.6076595324497902,-0.2265942579125402
Placed,1,ENTC,7.39,2,-0.06008268085936365,0.1999285266878851
Placed,1,CSE,9.14,3,2.350484367544203,0.23969581909092036
Placed,1,Civil,8.73,3,4.809322419963752,0.73326623121034
Placed,1,IT,8.48,2,0.6323997131137915,0.2920937519942273
Not Placed,0,CSE,8.4,1,0.5667516016189121,-0.43755031734135214
Not Placed,0,Mechanical,7.63,1,0.33532764080306704,-1.9622823326411987
Placed,1,CSE,8.11,3,1.6767961494475483,-0.5798887606809137
Placed,1,CSE,9.01,3,3.826464384757415,0.4803964805776677
Placed,1,ENTC,8.1,2,-1.14666070160177,1.8823470616499522
Not Placed,0,IT,6.99,2,0.6103438166398412,0.19588340178326313
Placed,1,IT,8.77,3,2.4205488218904607,-0.1951727005451824
Not Placed,0,ENTC,7.12,0,-1.5845244559669778,-0.5741271219331142
Not Placed,0,IT,7.67,1,-1.0201134004966699,-1.7763695365390837
Placed,1,IT,7.3,3,2.1056818430311712,-1.323438987622424
Not Placed,0,CSE,5.48,0,-2.0319152280969126,-1.5001317403581649
Placed,1,CSE,7.85,2,-1.0988568500128324,0.6159955085264303
Not Placed,0,CSE,9.55,2,-0.11405150649850404,1.3233186061796816
Not Placed,0,ENTC,7.97,2,-0.5183827746885853,0.19618863747377227
Placed,1,CSE,10.0,3,2.190673866668517,0.28170144486378584
Not Placed,0,ECE,7.57,3,1.276933012009602,-0.39351520028768217
Not Placed,0,IT,7.89,0,-1.575839184294705,-0.27179415407059077
Placed,1,CSE,7.61,3,1.0729895610766007,-0.01823206647840347
Not Placed,0,Civil,7.75,2,0.1604483638212204,0.5565950712202856
Not Placed,0,CSE,8.01,2,0.007853833309575967,0.534223136029772
Placed,1,CSE,8.98,2,2.0650631209732655,1.9279569120197688
Not Placed,0,Civil,6.99,1,-0.47387547982383876,-2.0918150695356794
Not Placed,0,CSE,7.71,1,0.8129981726674466,-0.8905635367235979
Placed,1,CSE,8.22,1,1.3724219648759106,-0.2049643536945466
Not Placed,0,CSE,8.79,2,0.09357341369083931,1.236634496341571
Not Placed,0,ECE,5.87,1,-0.3548039366154602,-2.5314246373754736
Placed,1,IT,6.51,2,-0.3682948724709647,0.16328845233514608
Placed,1,ECE,7.73,2,-0.6635440584247568,0.5529938394739007
Placed,1,ENTC,8.65,2,-0.13504932846631482,2.3073520977119832
Not Placed,0,ECE,7.29,2,-0.6391446183465876,2.2443059201921036
Not Placed,0,IT,8.27,2,-0.9924391933766387,1.1194254578329768
Placed,1,IT,9.38,1,0.42927869447611644,-0.6367347138275247
Placed,1,ENTC,7.71,3,3.732591850085067,-2.872223216569132
Not Placed,0,Mechanical,7.51,0,-2.4531368098686857,2.457665088997175
Placed,1,IT,8.1,3,2.897606107274904,-0.8829689759895973
Placed,1,CSE,7.85,3,1.641517475662607,-0.6020139929253556
Not Placed,0,ECE,7.92,0,-1.4686511826728983,0.761987082471854
Not Placed,0,ENTC,7.55,1,-0.012515303147887716,-1.5455211712084673
Placed,1,Mechanical,7.48,1,1.113838243220807,-2.568907593318892
Not Placed,0,ECE,6.85,0,-1.1846749523948645,-0.2953031644377186
Not Placed,0,IT,8.22,1,1.1853712277854334,-1.4666353270975472
Not Placed,0,ENTC,6.82,1,-0.8518640508899817,-0.5138937496384487
Not Placed,0,Mechanical,7.01,1,-0.22578652154745538,-0.9360930667843901
Not Placed,0,CSE,6.68,0,-3.5789683738636793,-0.05211300836375321
Not Placed,0,CSE,7.42,1,-0.06032225303973805,-0.07809396738823875
Not Placed,0,IT,7.72,1,-0.7701465125650745,-2.0947506221354684
Not Placed,0,CSE,6.77,2,-0.779566559363995,1.3154257899632362
Not Placed,0,Mechanical,7.47,3,1.4858789477592704,-0.9853599130841523
Not Placed,0,IT,7.84,2,0.20520136262244684,0.7212157206246504
Not Placed,0,ENTC,6.37,0,-1.5441501144087693,-0.9812724261272315
Not Placed,0,IT,7.05,2,-1.2129554108964637,0.9714640354545294
Placed,1,CSE,9.23,2,1.178718655057256,2.347625616332848
Not Placed,0,ECE,7.1,0,-1.38378263030567,0.6209183894233293
Placed,1,IT,8.3,1,0.23982654410483623,0.11631809102833697
Placed,1,ECE,7.27,2,0.7284788263987027,1.0289331166247813
Placed,1,CSE,7.87,1,0.798652386532182,0.08553802441338873
Not Placed,0,ENTC,7.02,1,0.9995831759267946,-1.2153922689666263
Not Placed,0,Civil,6.08,0,-3.1556752590242128,-2.5598219133680113
Not Placed,0,CSE,7.33,2,-1.1033560523434485,1.4338785270588856
Not Placed,0,IT,8.08,2,0.9495963619605216,0.43300832147328594
Placed,1,ENTC,8.28,3,1.752703988564906,1.259909217470346
Placed,1,CSE,7.82,1,0.6350156605497337,-1.3478953300761805
Not Placed,0,IT,7.04,0,-3.113856014479192,-0.3402073946267896
Placed,1,Mechanical,8.48,3,1.6793702868482325,0.6436646286857352
Not Placed,0,CSE,7.09,1,0.2236701902383895,-1.5654211458438891
Not Placed,0,ECE,7.14,1,0.057427203965956686,-0.48156390996844944
Not Placed,0,CSE,6.87,1,1.2205147410832258,-2.1433988791794922
Not Placed,0,ECE,7.34,0,-1.6578581075929901,1.1857132550614846
Not Placed,0,ECE,7.45,0,-2.5585535587805963,1.7763477004592683
Placed,1,CSE,7.95,3,1.3410845982487483,-0.33456954321344995
Not Placed,0,CSE,6.55,1,-0.9180138488687243,-1.4243479794745966
Placed,1,CSE,7.31,2,-0.7439005006614325,0.5607326650999318
Not Placed,0,IT,7.02,1,0.14398388709135984,-0.19042805479483832
Not Placed,0,ENTC,8.06,1,0.20017613322597333,-0.21708774325221236
Not Placed,0,Mechanical,7.96,0,-3.079796329054685,-0.41106731440954253
Not Placed,0,ENTC,6.82,1,-0.29639751583837415,-3.2614730688870543
Placed,1,ECE,8.12,2,-1.3232982678642886,3.062109327817749
Not Placed,0,CSE,7.66,1,-0.05334917663693428,-0.42498141568636066
Not Placed,0,ECE,8.37,2,-0.22390762134893236,0.5204479770732817
Not Placed,0,ECE,7.15,1,-0.0022247701454363553,-0.2146860542974145
Placed,1,IT,8.2,2,0.3669712231055542,0.8415260154425999
Not Placed,0,CSE,8.44,2,1.3916945944107346,2.181398099140395
Placed,1,CSE,7.76,3,2.247207138368286,-0.2244003435665099
Placed,1,CSE,9.48,3,4.565037693634789,1.0868121829467294
Not Placed,0,ENTC,8.12,2,-0.4168964700986878,0.9137439768560015
Placed,1,CSE,9.2,2,1.3086453012978077,0.750410816072556
Placed,1,ENTC,9.84,3,4.642398434798587,0.01519855761715255
Not Placed,0,Civil,6.28,1,-1.3312667409498338,-1.9809382538424527
Placed,1,Mechanical,8.68,3,2.2070505606826685,0.8525883312546679
Placed,1,ENTC,8.14,2,1.1646971750548127,1.2521073245830445
Placed,1,Mechanical,7.91,1,0.6727811580999202,-0.018664025940207142
Placed,1,CSE,7.14,1,1.0020223371278771,-1.245091551966164
Not Placed,0,ENTC,6.94,1,-0.6079270094858673,-0.6922110174146566
Not Placed,0,ECE,6.8,1,-1.115852689733915,-0.49406819129601326
Placed,1,Civil,9.59,3,4.70225590635345,0.1618162381112634
Not Placed,0,CSE,8.11,1,-0.39012443157604626,-1.060341358632433
Placed,1,CSE,6.54,0,-1.6595478372057504,1.3788471667844722
Not Placed,0,ENTC,6.81,0,-2.4928828939318297,-1.6938975693771967
Not Placed,0,ENTC,5.98,0,-2.0463649293729884,-0.7161455440596746
Placed,1,IT,8.71,2,0.910594115038433,1.0381200721005168
Not Placed,0,ECE,7.74,0,-1.4020791950809466,0.7712472079784207
Not Placed,0,ECE,8.13,1,0.8570034607500948,-0.1287025664559455
Placed,1,ECE,7.7,3,1.7418875523651118,-1.0142378354799122
Placed,1,Civil,8.51,2,-0.20748628587772328,2.9603020787040033
Not Placed,0,ECE,7.36,2,-0.1548919277087601,0.44449688433065204
Not Placed,0,Mechanical,7.95,0,-1.3273164037193022,0.5023259511947158
Not Placed,0,CSE,7.93,0,-1.570248054006419,1.0240606188931243
Not Placed,0,IT,6.71,0,-3.4475700653951877,0.7289449822780312
Not Placed,0,CSE,7.09,0,-1.5814094573630366,-1.3052054056656173
Placed,1,CSE,7.44,2,-2.1096081527948094,2.9236373062595087
Placed,1,ENTC,7.97,2,-0.001957171597545268,0.51603214937297
Not Placed,0,ECE,8.88,2,1.221777543528293,0.759517298058312
Placed,1,CSE,7.8,2,0.24134013408903393,0.6891652488569759
Not Placed,0,CSE,7.63,0,-2.348872753003891,2.2882927777965816
Not Placed,0,Civil,7.96,2,-1.8777547358376423,1.9198650895801168
Placed,1,IT,7.57,1,-0.3582498399195063,-0.034642972497585814
Not Placed,0,IT,7.68,1,-0.837934043477314,-0.42989809884471286
Placed,1,ECE,8.99,3,4.619412091073187,0.7427887324422106
Not Placed,0,ECE,7.51,0,-0.9047339573882303,-0.22459796214670688
Not Placed,0,CSE,7.92,0,-1.48911140905492,0.20049854698646807
Not Placed,0,IT,7.15,1,0.2161892379709342,-1.5038214187541192
Not Placed,0,CSE,8.77,1,0.19163911237016254,0.006811888870662704
Not Placed,0,IT,6.93,0,-2.4916742979427147,0.9213161296581948
Not Placed,0,IT,7.64,1,0.5762940357130086,-1.6262741443375412
Placed,1,CSE,8.54,3,1.4357956306388349,-0.45099816777158364
Placed,1,IT,6.96,1,0.6872593441448397,-0.7635278932090305
Placed,1,CSE,8.44,2,0.0041882240578834575,1.270881621481901
Not Placed,0,ENTC,5.96,0,-2.5247555884271344,-2.4470047406214634
Not Placed,0,IT,6.77,0,-1.9915021959132764,-0.28469558463340167
Placed,1,CSE,7.62,1,0.6934685104763986,-0.002596578591276975
Placed,1,CSE,9.75,2,1.6668571148995972,2.9506232778489134
Placed,1,IT,7.82,2,1.2163236102146413,1.7281905925752046
Placed,1,ENTC,7.84,1,0.9579475089590995,-1.1727129940630896
Placed,1,IT,8.68,3,1.7397790307663832,0.8492792674481402
Not Placed,0,Civil,6.78,2,-1.1484194148355407,1.576254964943216
Not Placed,0,ECE,5.12,1,-0.943138467791775,-3.8785092591500554
Not Placed,0,CSE,9.17,2,1.822905194678797,1.5344476452539197
Not Placed,0,Mechanical,8.21,1,0.7082998635257775,-1.046350872046771
Not Placed,0,CSE,7.32,1,0.42724839760713745,-0.29647387255868507
Not Placed,0,CSE,7.75,2,-0.30250029740817447,2.010721244694042
Not Placed,0,CSE,8.59,1,0.13286204021869188,-0.3156326287865734
Not Placed,0,ECE,7.59,1,-1.7631292894774853,-2.4012216612260144
Not Placed,0,ECE,7.82,2,0.6057323656648277,0.5531957863224988
Placed,1,ECE,9.43,3,3.8196490799970713,-0.3560797158756771
Not Placed,0,Mechanical,6.64,1,0.049528711942391584,-3.25709765937988
Not Placed,0,Civil,8.14,1,0.94625200339901,-0.5353087398620988
Not Placed,0,IT,6.66,0,-1.4817165387691589,1.0797968938047668
Placed,1,Mechanical,9.03,1,-0.5675131951096849,-1.1041247318516016
Placed,1,IT,7.95,3,1.3107353010656209,0.3254045645684156
Not Placed,0,Civil,7.12,0,-3.8725939866034294,0.23022151090321522
Not Placed,0,CSE,6.42,0,-1.4340909430590563,0.12825980066895326
Not Placed,0,CSE,7.4,3,1.2098769419344495,-1.1081088515454078
Placed,1,CSE,7.86,3,2.3930918603763636,-0.767852055636923
Placed,1,IT,8.68,3,1.2016508331063387,-0.10355751901780764
Not Placed,0,ENTC,6.77,1,0.6638378910753113,-0.8528501106410052
Placed,1,IT,7.0,3,2.442813870023818,-2.278291955525937
Not Placed,0,CSE,7.28,0,-0.8571279001972195,0.16246072404527978
Placed,1,Mechanical,7.04,3,3.241715123205925,-1.1623084302757511
Not Placed,0,ECE,7.26,3,1.3293575324132783,0.579693166866614
Not Placed,0,ECE,6.9,1,-1.1360996560265275,-0.3574664107886787
Placed,1,Civil,8.05,3,3.567108103092748,0.15297774919735846
Placed,1,IT,7.29,0,-1.7149968041314316,0.6468683274608024
Placed,1,CSE,7.71,3,1.4191144081253966,0.4087371064774295
Placed,1,IT,7.96,1,1.0877830031470426,0.3958839013618318
Not Placed,0,IT,6.53,1,0.48867052790567544,-2.2453296346385554
Not Placed,0,IT,8.2,1,0.07937199495090029,-0.22119628630118782
Placed,1,ECE,7.88,2,0.04257692131424902,0.46208188945464646
Placed,1,CSE,7.88,2,0.9232230217003897,0.9144368785123248
Not Placed,0,ECE,7.59,0,-2.4716865578640155,1.8061920630725996
Not Placed,0,ENTC,7.47,1,1.4448397538018711,-1.529972176274789
Not Placed,0,CSE,7.75,1,-1.013345762717011,-2.372110254048883
Not Placed,0,CSE,7.78,2,-0.8620139170204211,0.2681276043432367
Not Placed,0,IT,6.7,0,-0.9919469860251322,-0.552928377691651
Placed,1,ENTC,9.04,2,0.9701119823664006,2.1362739796293884
Not Placed,0,CSE,7.11,2,0.22772944863052536,0.29595452569453634
Placed,1,ENTC,7.76,2,-0.9375638765693562,1.3114958524162297
Not Placed,0,CSE,8.69,2,-0.3944167500720371,0.34896476502861196
Placed,1,ECE,7.41,2,-0.47827077175694144,0.40871060660221337
Placed,1,CSE,7.9,2,-0.15498351457461235,1.376635024756109
Not Placed,0,CSE,5.84,0,-3.5993398750318897,0.9400660348108418
Not Placed,0,CSE,6.02,1,0.28525993751877404,-1.2420276507883332
Not Placed,0,ECE,7.68,0,-1.5846324544630392,0.8961159408118755
Placed,1,CSE,7.86,1,0.785143236511901,-0.8348892211136634
Placed,1,ENTC,8.64,2,1.624651363827685,2.249392272221463
Placed,1,IT,8.38,3,2.4471678657749654,-0.9625454683909724
Not Placed,0,Mechanical,6.35,0,-2.097953960459555,-1.7007010478969258
Not Placed,0,Mechanical,8.78,3,2.0125455273663357,0.7141633844549219
Not Placed,0,CSE,6.69,2,-0.33840692449808624,0.37503428837080527
Placed,1,IT,8.43,2,1.3571365888898748,1.3276994735568637
Not Placed,0,CSE,7.32,1,-0.8471785202960481,-0.8793993829347816
Placed,1,IT,10.0,3,2.4526887057383044,1.2505774015822506
Not Placed,0,CSE,7.2,1,0.19857475422744353,-0.755713953539128
Not Placed,0,CSE,7.64,2,-0.19857921421632974,1.3986051961954145
Not Placed,0,ECE,7.83,3,1.7974454784356373,-1.6155597602400067
Placed,1,IT,7.49,2,0.9429829820893756,1.1046784253644268
Not Placed,0,Civil,6.85,1,1.501536983354895,-1.8619133703137543
Placed,1,IT,9.57,2,0.9334429929593444,1.7068019124222442
Not Placed,0,IT,7.18,3,2.412008860515398,-2.0391791875153293
Not Placed,0,IT,7.15,2,-0.5087909296743024,0.04500788111538633
Placed,1,Mechanical,7.61,3,4.374081821091279,-1.0755421190220982
Placed,1,Mechanical,7.86,2,-0.4586429394330734,0.8168473785331014
Not Placed,0,IT,7.12,0,-1.7676552605797757,1.1723146036756775
Placed,1,ECE,8.51,1,0.7973133930968337,-0.994257150464636
Not Placed,0,IT,7.83,3,1.3686741741354334,-0.006651183590795253
Not Placed,0,IT,7.72,1,0.42906828776391465,-0.9382318463363924
Placed,1,IT,8.17,2,0.24376157704272117,0.8409317814776675
Not Placed,0,ENTC,6.98,1,0.46621218098243644,-2.2613650978876683
Not Placed,0,CSE,7.2,1,-1.116736119079541,-1.0518503153268401
Not Placed,0,CSE,7.68,1,1.0549053074811336,-2.042313462134366
Not Placed,0,IT,8.49,2,-0.8149481523768618,0.1520442026978543
Not Placed,0,Mechanical,7.49,0,-1.8340161408673454,-1.0398551399004523
Not Placed,0,Civil,7.43,0,-2.8244646918372958,-0.6702080792567828
Placed,1,CSE,5.91,0,-1.6707191550179152,-0.08870377623578785
Placed,1,ECE,7.11,1,0.5769405076162164,-0.3631608958820809
Not Placed,0,ECE,6.3,1,0.27502939084645833,-2.50133510437758
Not Placed,0,Civil,6.51,0,-2.354992384406286,0.28778331656366074
Not Placed,0,CSE,8.01,3,1.6221407688280551,-0.12340515611765149
Placed,1,CSE,10.0,3,3.187120106466146,0.7376330644750348
Not Placed,0,CSE,7.87,0,-2.101298464920827,1.4026165549990817
Not Placed,0,ECE,7.98,2,0.6295584270106751,0.08710588513781684
Not Placed,0,CSE,7.05,0,-2.8860494877009772,0.7543373234525749
Not Placed,0,IT,6.81,2,-1.1155385220008749,1.2716218308284488
Placed,1,ENTC,9.45,2,1.6186802920874688,1.2395493897646845
Not Placed,0,Mechanical,7.02,1,0.32250510439202823,-1.331233371558341
Not Placed,0,CSE,6.0,2,0.3836279759636533,-0.13832946577184924
Placed,1,CSE,7.91,3,2.1145096859417642,1.2483216157016876
Not Placed,0,CSE,7.33,2,-0.20024193152679776,1.1752037141144924
Not Placed,0,CSE,8.21,1,1.0614626557985474,-1.0592789855236675
Placed,1,IT,9.03,2,1.0668313833829608,2.0906935275584053
Placed,1,CSE,8.01,2,-0.15145470831775712,1.0575956024988737
Not Placed,0,CSE,7.89,1,-0.9568362342077155,0.3548026561552062
Not Placed,0,Civil,8.26,2,-0.044962933350755484,1.279765110896361
Placed,1,IT,10.0,3,5.050226154994285,-2.387657424104181
Placed,1,CSE,9.64,3,2.4639545240019762,1.7097506972983412
Placed,1,CSE,7.43,1,0.9994068825476726,-2.646798961955348
Placed,1,ENTC,8.51,3,2.075292901357169,1.7911806359942615
Placed,1,CSE,9.22,3,4.386925180589863,1.3415951446648664
Not Placed,0,CSE,8.29,1,0.6582132610873276,-1.6702126531255983
Placed,1,CSE,7.64,2,-0.31108570068504304,0.24713907857858564
Placed,1,CSE,7.28,2,0.32645076956526886,0.6077798852111382
Not Placed,0,CSE,7.78,0,-1.7054826711467213,-0.38630351920421757
Not Placed,0,ECE,6.73,2,-1.198678578494383,1.0976372226326991
Not Placed,0,CSE,8.46,1,0.05646641848136198,-0.6556151195772376
Placed,1,ECE,8.88,1,1.0053891703592397,0.0986062726510592
Not Placed,0,IT,7.36,0,-2.405130959779508,2.3896703547168334
Not Placed,0,ECE,7.32,2,-1.4636591953897018,1.54114637467876
Not Placed,0,Civil,6.8,1,-0.1999331742891191,-0.8984170733996221
Not Placed,0,CSE,8.1,1,0.969941589547826,-1.4384748513028935
Not Placed,0,ENTC,7.69,0,-2.4404737311989715,1.3707521168857104
Not Placed,0,CSE,6.47,0,-1.398744626117466,-0.5201632166125054
Placed,1,ECE,10.0,3,8.0665126856685,-1.8665334473852295
Not Placed,0,CSE,6.19,1,0.31944768385498723,-1.2032633393509662
Not Placed,0,Civil,6.48,0,-2.7946476101360664,0.10975264960530441
Not Placed,0,IT,8.5,3,1.345007524362824,0.12615253120874426
Placed,1,IT,8.26,1,1.2169467151612847,0.11386691092667049
Not Placed,0,IT,7.09,2,-0.7098779303586278,0.6861350212717012
Not Placed,0,CSE,7.04,1,0.25879083448008916,-1.1702165985485713
Placed,1,ECE,8.09,3,2.1235419395393285,-1.4240986619855691
Not Placed,0,ECE,8.02,1,-0.20581118943187138,-0.1254199861883511
Placed,1,IT,7.1,1,0.7802603573850572,-0.535113786222536
Not Placed,0,ECE,8.54,2,-0.5530812482222371,0.40403745327068497
Not Placed,0,IT,8.19,2,-0.4410901349193221,0.09054928559553825
Placed,1,ENTC,8.84,3,2.061543735943552,-0.9671108337189442
Placed,1,CSE,7.66,2,-1.150426108047621,0.8487298616335714
Placed,1,CSE,8.39,1,0.7749343471681768,-0.6586346495809762
Not Placed,0,CSE,7.51,0,-1.9789354853161287,0.335697288434182
Not Placed,0,CSE,8.16,2,-0.6071923907021105,0.8425840997208928
Not Placed,0,ECE,8.0,1,-0.8187613658989927,-0.5097638902140614
Placed,1,Civil,8.42,2,0.47021376702282097,2.8204699429430753
Not Placed,0,CSE,8.14,0,-1.6420195019303134,1.0878362342113546
Not Placed,0,CSE,6.09,0,-3.711350304561587,-1.0036720881636159
Not Placed,0,CSE,7.17,0,-3.019614648259016,0.679338946787027
Not Placed,0,ECE,7.77,0,-1.5406481481778316,0.9639973367595145
Placed,1,CSE,8.1,2,-0.5055628688081446,1.9294273790313952
Not Placed,0,ENTC,8.4,1,0.05174204053999483,-0.10145115136438779
Placed,1,ECE,8.17,3,2.5589080710828833,0.5221484157993478
Not Placed,0,CSE,7.1,1,-0.4553058728354844,-1.652977624914049
Placed,1,Civil,8.48,2,1.233560016079864,0.418088690961137
Not Placed,0,IT,7.01,0,-1.9397870648263502,-0.010927821375990847
Placed,1,ECE,8.77,2,0.8354665422635228,0.4846990358520212
Placed,1,CSE,8.83,1,1.2385180042574329,-0.4489491191510776
Not Placed,0,IT,7.69,2,-0.10367394545776963,1.1330498345063043
Not Placed,0,IT,7.15,1,0.886369094545752,-1.0116053162288217
Placed,1,ECE,7.11,1,-0.5574415100743586,0.0777159762876843
Placed,1,IT,6.77,2,-0.49578125998688466,0.1400490961795139
Not Placed,0,Mechanical,6.92,2,0.2620717968029534,0.2626735401092319
Not Placed,0,CSE,7.55,0,-2.2419638281997605,1.7075534435336823
Not Placed,0,CSE,7.22,2,-1.0557129448158387,1.3341859768529474
Not Placed,0,ECE,6.33,0,-2.6223765968374524,-1.7862850857602706
Not Placed,0,CSE,7.29,0,-1.4720021111943933,0.35444037705090586
Not Placed,0,IT,7.78,1,0.5361546666949566,-1.4515209220984935
Not Placed,0,CSE,7.41,2,-0.8332157218979633,0.7969362515551301
Not Placed,0,CSE,6.94,0,-1.3861074335782624,-0.24771496615514876
Not Placed,0,CSE,5.67,1,-1.751103573296599,-2.7497107067614306
Not Placed,0,CSE,8.67,2,1.7181072537581883,2.6806393800379396
Placed,1,ECE,7.67,1,0.1601766018486549,-0.4045492630914573
Placed,1,ENTC,7.97,3,1.8430736091170579,-0.32744578482495484
Placed,1,CSE,7.85,3,2.076791268138172,-0.6390943846508754
Placed,1,ENTC,8.12,1,0.22665928621585402,-0.030709890097909642
Not Placed,0,IT,7.9,0,-1.6573091647544351,1.057562082159467
Not Placed,0,CSE,7.78,0,-2.3116467470375603,1.1494874257205367
Not Placed,0,CSE,8.35,1,-0.9963453411650671,-0.8480670794242738
Placed,1,CSE,8.53,3,4.95875178309525,2.305970607166227
Placed,1,IT,8.88,3,2.962147296932437,1.0025343858403466
Not Placed,0,IT,6.99,1,-1.3955233879379692,-1.7308407231804273
Placed,1,CSE,7.91,3,2.3579798896406534,-1.8914696985727988
Not Placed,0,CSE,6.34,0,-4.154455450338515,-0.1916665416997667
Placed,1,CSE,7.29,1,1.8578556724738555,-1.8672590153468545
Not Placed,0,CSE,7.53,0,-1.7579112266561479,-0.6549654649814195
Placed,1,CSE,8.33,3,4.459491554833535,-0.13908317660679997
Not Placed,0,ECE,7.6,0,-1.0092482605629147,0.03934204719472711
Placed,1,CSE,8.27,3,1.3292043799908317,-0.1645644275517363
Placed,1,IT,7.41,2,0.1124230313071451,0.08319169617228589
Placed,1,CSE,7.21,3,4.435661266091088,-2.8849821494391272
Placed,1,CSE,7.02,1,0.5149598803267353,-0.009846439678482276
Placed,1,ECE,8.29,2,1.672142080008362,1.2360396930026387
Not Placed,0,ENTC,7.38,1,-0.12413305286300341,-1.1366802733285313
Not Placed,0,CSE,5.64,0,-2.5903422309823925,-1.9733380743157072
Placed,1,CSE,8.24,3,2.431215567929688,-1.303743473725489
Placed,1,CSE,6.91,1,0.9872193362382882,-0.8229905696835593
Not Placed,0,ENTC,7.86,0,-3.0732153593442937,0.6257746296071447
Not Placed,0,ECE,6.74,2,-0.8888817981882124,0.48955557216162676
Not Placed,0,IT,7.71,0,-1.480334802504218,-0.46001077843850846
Not Placed,0,Civil,5.26,0,-2.1589886006854186,-2.5853534840481793
Not Placed,0,CSE,7.67,0,-1.0420248812500874,0.1958547145363173
Placed,1,Civil,6.96,3,3.3130524344276018,-1.3560909009191862
Not Placed,0,CSE,6.62,0,-2.8217168173436145,-0.05993282171952805
Placed,1,CSE,8.35,2,-0.4258784464258597,2.8305463884249282
Not Placed,0,CSE,7.6,2,0.4716099146007541,1.3276331164779125
Not Placed,0,IT,7.49,2,0.17764842250999707,-0.06132652437103134
Not Placed,0,ECE,7.08,2,-1.537681118733076,1.7563157125599558
Placed,1,IT,8.46,3,3.7344739302240417,0.30010020168743
Not Placed,0,IT,7.33,0,-2.1129730324402423,0.782371801211128
Placed,1,CSE,8.96,2,1.0033655210396044,2.9053860906216182
Placed,1,Civil,8.75,3,1.6322348781325666,0.19758746507259137
Placed,1,Civil,8.91,2,0.45831294725362387,0.8854934634817097
Placed,1,CSE,8.52,3,4.883426655266092,-0.5309018233241051
Not Placed,0,CSE,7.18,0,-2.9379385927127317,0.1380513931535073
Not Placed,0,IT,7.74,2,-1.394809349812778,2.5343035224838455
Not Placed,0,CSE,7.53,2,-1.0557768330970665,1.1328850474595984
Not Placed,0,Civil,8.41,0,-1.4143589235644414,-0.1851486546874921
Not Placed,0,ENTC,7.69,0,-2.2801745894277827,0.9049660573058166
Placed,1,ECE,7.49,1,0.31070464520591135,-0.7836503938083346
Not Placed,0,CSE,9.11,1,-0.4761030846524264,0.16546761017883974
Not Placed,0,ENTC,7.42,0,-1.4968391925414504,-1.1180603280349064
Not Placed,0,Civil,7.17,0,-1.9582180982217787,0.2249805848746868
Placed,1,Civil,7.36,3,1.964123902100935,-0.9174515900968732
Placed,1,ECE,8.61,1,-0.8395339593929952,0.45904537470762224
Placed,1,IT,7.86,3,1.7353720075830625,0.3565054925604679
Placed,1,Civil,8.09,2,0.6527943533944616,0.6594189761526551
Not Placed,0,CSE,7.9,2,-0.6575569697672957,0.299524518226499
Not Placed,0,IT,5.84,0,-1.5998631684158438,0.6643034604466116
Placed,1,IT,6.79,1,-0.03277439693259107,-0.8232117223264671
Not Placed,0,CSE,7.46,0,-2.5502913618875658,0.4068573918825621
Placed,1,ENTC,7.97,2,0.7102174139141071,1.6452122583562603
Not Placed,0,Civil,6.86,1,-1.5769290781927203,-2.6008402297918196
Not Placed,0,Civil,6.84,1,0.13749782798185078,-1.8725775757194574
Not Placed,0,CSE,7.43,1,-0.1252860898985488,-0.5244589924027476
Placed,1,Civil,8.83,3,3.1317883570661924,0.29268462271202794
Not Placed,0,IT,5.87,1,-0.6811024143929351,-0.9593246813760369
Not Placed,0,IT,5.45,0,-3.150932819894457,-2.3728038715263713
Placed,1,IT,9.18,3,3.486642471013256,-0.9476771901397585
Not Placed,0,ENTC,6.4,0,-1.0091468573099671,0.4644427874128011
Not Placed,0,Mechanical,7.36,2,1.2106583948124374,0.5498014414025726
Not Placed,0,ENTC,6.42,0,-2.3043329820288325,-2.4931539917163277
Placed,1,Civil,7.44,2,0.80491249401274,1.075246048622348
Not Placed,0,CSE,7.58,2,-2.0152498233586704,2.4860587679332813
Placed,1,ENTC,9.07,3,2.041513514616136,1.7030230635077925
Placed,1,CSE,8.31,3,1.9288488830064714,0.5438859892735647
Not Placed,0,ENTC,6.61,1,-0.8664270500371702,-2.163458250432294
Not Placed,0,ENTC,6.08,0,-3.781138095498812,0.2944194738375561
Placed,1,CSE,8.12,2,0.8296146523554343,1.4877438372912928
Not Placed,0,IT,7.26,2,-1.1615413557848535,1.28315444816239
Not Placed,0,CSE,7.09,0,-1.9971746837024988,-1.3045237882202565
Not Placed,0,Mechanical,8.71,0,-2.5576484687124306,1.889881526187261
Not Placed,0,ECE,6.21,0,-3.287557596503475,-1.5845132472962329
Not Placed,0,CSE,7.39,2,0.8568444229790914,0.7959460855129827
Not Placed,0,Civil,8.24,2,-0.15730278736109618,1.1984100225815133
Not Placed,0,CSE,6.7,1,0.37779284126005885,-3.0311926098770714
Not Placed,0,CSE,8.8,2,0.3337125386841866,0.2977178374414206
Not Placed,0,ENTC,6.84,0,-1.054174704962764,-0.15624804032074988
Not Placed,0,CSE,7.64,0,-2.3678971281074963,1.9737302772219187
Not Placed,0,CSE,7.11,0,-1.2476458086859081,0.3372091729634789
Not Placed,0,ECE,5.37,0,-2.163060635909086,-2.2746813235764307
Not Placed,0,CSE,7.34,0,-1.163606836511996,0.1740652225823699
Not Placed,0,CSE,8.37,0,-0.9357690124234599,-0.2627797605660661
Not Placed,0,IT,6.82,0,-1.4618782202250526,0.46354682392865965
Not Placed,0,Mechanical,7.17,1,-0.1921298415312128,-2.058404526442117
Not Placed,0,CSE,7.26,0,-3.646457061390707,-0.8612674902296116
Placed,1,Mechanical,8.16,2,0.18809213627322882,2.3636849719782846
Placed,1,ECE,7.39,1,-0.7197843900457034,-1.7682550193749784
Not Placed,0,IT,7.72,2,-0.08937073138971637,1.0136320976901623
Placed,1,CSE,7.73,0,-2.8429544574009693,0.8619725666494636
Not Placed,0,CSE,7.26,0,-1.8813715615781075,-1.3091348516914743
Placed,1,ENTC,9.14,2,-0.1816398895371063,4.742892793786033
Not Placed,0,CSE,6.83,0,-1.3821044042218993,-1.2946573910001133
Placed,1,ECE,8.3,3,2.17765784652959,-0.5011700311594038
Not Placed,0,ENTC,8.78,2,0.3034162854019729,0.281866150666256
Placed,1,CSE,7.58,1,0.6802563776495922,-0.9809105030526304
Placed,1,Mechanical,7.75,2,1.0223796443955684,0.8355063397596029
Placed,1,CSE,8.15,2,0.906249956012093,0.28878757819864503
Not Placed,0,ECE,7.38,0,-2.2948704024754445,0.48703754410276834
Not Placed,0,IT,6.09,0,-1.9545656909586788,-0.46665762685184525
Not Placed,0,CSE,7.49,1,0.7250145847883508,-0.4351834687468072
Not Placed,0,ENTC,9.1,2,0.4660167103825932,0.8741015006089903
Not Placed,0,CSE,8.18,0,-2.327030447707212,1.143987199371421
Placed,1,Mechanical,7.77,3,2.4568062384584963,-0.4204156351828887
Placed,1,ECE,8.34,3,1.6579266464096276,0.05436570300718935
Not Placed,0,ECE,7.58,1,1.6795321720559169,-1.8250905063217115
Not Placed,0,CSE,7.73,0,-2.5601560323093837,1.6814778401198291
Not Placed,0,Mechanical,7.33,2,-0.9131069854093847,0.39108698251134133
Not Placed,0,Civil,8.11,1,-0.24949131434520114,-0.12737736022315505
Not Placed,0,CSE,7.24,0,-2.0709874158260124,1.0858395437912811
Placed,1,CSE,7.43,1,-0.1290574190855512,-0.18682175512227553
Placed,1,Mechanical,8.45,1,0.7581343145157079,-0.723738784270376
Placed,1,IT,7.53,1,-0.04751657007539118,-0.1422651756265773
Placed,1,CSE,8.18,3,2.7973854990874916,0.16149670716614706
Not Placed,0,Civil,8.25,0,-2.072684119990351,1.832645687124763
Placed,1,CSE,7.63,1,0.6428081288647025,-1.050668646058742
Not Placed,0,Civil,7.4,0,-2.2542397894066,0.4663330000733609
Not Placed,0,CSE,6.58,0,-1.1307131282893124,-0.15878963419881575
Not Placed,0,CSE,6.77,1,-0.049097133352674294,-1.2698548530259939
Not Placed,0,CSE,8.22,3,1.7780915900841774,-0.13665957927468772
Placed,1,CSE,8.2,2,0.26231516248118425,1.5075284373412197
Not Placed,0,Mechanical,6.86,1,-0.6431042356798684,-1.4710817013404929
Placed,1,ECE,8.04,2,-1.6812494198743126,2.829651405121736
Placed,1,Civil,7.88,3,2.375890394299525,-0.5706290425014875
Placed,1,CSE,8.5,3,1.4071581024667905,0.5042392595809211
Placed,1,Civil,9.54,2,2.0502604423930078,1.7766811927578132
Not Placed,0,ECE,8.19,1,0.025140383640257318,-0.15428822468093567
Not Placed,0,IT,7.11,0,-1.7347633543052507,0.7029270133198634
Placed,1,CSE,8.33,2,0.2640735429251569,1.3135516697578191
Not Placed,0,CSE,6.81,0,-1.1687484863902504,0.49904766165470144
Placed,1,CSE,9.59,2,1.0087883136180935,1.3509231179334178
Placed,1,Mechanical,6.66,2,0.40408370888144884,1.027687713393941
Placed,1,Civil,8.07,3,2.5200370454476384,-1.6326048430092097
Not Placed,0,IT,7.7,2,-0.6990384686563361,0.6948897026467795
Not Placed,0,IT,7.35,2,-0.2703883211790538,0.12127876806227025
Not Placed,0,CSE,7.29,0,-1.2253386132670467,-0.39999979650291556
Placed,1,ENTC,8.86,2,1.7328244481871635,2.5345881653387026
Placed,1,ECE,8.18,2,0.10716640938842609,0.522117647701242
Placed,1,CSE,7.57,3,2.0328280427169356,-0.5619929600354003
Placed,1,ECE,9.17,3,2.098097123075259,0.3107981038211687
Not Placed,0,Civil,7.6,1,1.0395934755560814,-2.446686960422061
Placed,1,CSE,8.32,1,0.6473558231066542,7.296354077619119e-05
Placed,1,IT,6.56,3,2.015741269409108,-1.2545711698345212
Not Placed,0,ECE,6.61,1,0.40188183476615524,-2.917635920318577
Placed,1,Civil,8.3,1,1.4040426519404627,-0.17137267112848914
Not Placed,0,ECE,7.96,3,2.8267222593819774,0.9021537810232423
Placed,1,Mechanical,9.52,3,3.3600075721198115,0.37164663594313063
Not Placed,0,Mechanical,7.1,0,-1.439842793610559,0.31381330363071325
Placed,1,IT,8.27,2,1.0505447863591857,0.3902362938692432
Placed,1,ECE,7.49,3,3.1629153359340285,-1.7457674748497627
Not Placed,0,Mechanical,8.42,1,1.2215946179874286,-0.27445798925961806
Not Placed,0,IT,8.35,1,-0.48688241604065297,-0.1810339853337594
Not Placed,0,ECE,7.68,0,-2.9888369787546316,-1.218528829600651
Not Placed,0,CSE,7.07,0,-1.328334023901872,-0.4987473465203152
Not Placed,0,ENTC,7.41,0,-1.9403488813440846,0.9138243637297665
Not Placed,0,CSE,6.75,1,-0.677111084541226,-2.1286724327834765
Not Placed,0,CSE,8.01,0,-2.0635009180837267,-0.33550173519653853
Not Placed,0,ECE,5.31,0,-4.862958573136141,-0.6321140633337126
Not Placed,0,CSE,7.21,1,-0.20314188316295753,-0.6003536574546566
Placed,1,IT,8.47,2,-0.3192848599233527,2.881325286229268
Placed,1,CSE,8.45,1,1.5080170835885007,-1.4476968431865531
Not Placed,0,Mechanical,6.33,3,1.0062579175706967,-0.7557348475778338
Placed,1,Civil,8.2,3,1.4661296619621962,0.8172240814982342
Not Placed,0,ECE,6.73,1,0.1364120327745249,-1.8479153735108496
Not Placed,0,IT,7.38,1,-0.16015473984738737,-2.3193530436799388
Placed,1,ENTC,8.35,0,-1.9649836403186167,1.6979283146321096
Not Placed,0,ECE,6.87,0,-3.3829266618016636,-0.20578402615839012
Placed,1,CSE,8.91,2,1.5040321802585923,1.565069604916584
Not Placed,0,CSE,7.92,3,1.3192540483004538,-0.15362032985968682
Not Placed,0,IT,8.09,1,0.365616905742219,-0.0479256473920916
Placed,1,IT,8.62,3,1.8389260145291102,-0.104530039311481
Not Placed,0,ECE,8.46,2,0.015820889217594673,0.7411981143241433
Placed,1,CSE,8.38,3,2.011024929971761,1.591864186405354
Placed,1,CSE,7.14,2,1.434011190397981,0.8412417486502609
Not Placed,0,CSE,6.76,0,-2.6562172158026787,-1.0120466735522307
Not Placed,0,ECE,7.46,0,-2.016569963889782,-0.430925513091144
Not Placed,0,ECE,8.1,0,-1.7680719633243005,1.4403522894953222
Not Placed,0,CSE,6.61,0,-2.9034351011358592,-0.25263836912707777
Placed,1,IT,8.2,2,1.328108511865226,2.0539106747795994
Placed,1,IT,8.02,2,0.9859048492706592,0.607722095898707
Placed,1,CSE,7.55,3,1.805981325334041,-0.20450808040327417
Not Placed,0,CSE,7.75,1,-0.4931782821447987,0.15957415822319337
Not Placed,0,CSE,7.76,0,-2.3890588296519613,-0.13896441213831412
Not Placed,0,CSE,8.08,1,0.9752310715044314,-1.5077143115564953
Not Placed,0,IT,8.33,2,0.2763229843764951,2.2113031662000475
Placed,1,IT,10.0,3,4.528628252786771,2.3153848218612323
Placed,1,ECE,7.84,3,1.6089897821617176,0.5088562849351468
Not Placed,0,CSE,7.15,1,0.9788378200463549,-0.6012088454017469
Not Placed,0,ECE,6.08,0,-3.2633442695288473,0.7666204054931999
Not Placed,0,IT,6.5,0,-3.189252540754274,-1.6819005772681768
Placed,1,ENTC,7.06,1,0.3813878710587882,-1.018362124347509
Not Placed,0,CSE,8.29,1,0.7327872169930546,0.23444735992785035
Not Placed,0,ECE,7.36,0,-2.927873202600688,1.5471316893785327
Placed,1,CSE,8.05,3,3.043932541157997,-1.97433865041266
Not Placed,0,CSE,7.08,1,-0.8335240360715994,-0.16215452804943775
Not Placed,0,ENTC,8.09,1,0.8732344878032584,-0.3270982652104124
Not Placed,0,IT,8.44,3,2.6169654373161007,1.0022475559794362
Not Placed,0,IT,7.36,0,-1.5503325140397053,-0.5093177854301576
Not Placed,0,IT,8.07,1,1.33807968771194,-1.8438776662334722
Placed,1,Civil,7.33,2,-0.503202961944256,0.39423831811948096
Not Placed,0,Mechanical,6.65,0,-1.5976771830067478,-0.11014250517945112
Placed,1,ECE,8.17,3,3.2167969032505495,-0.04647959964125672
Not Placed,0,CSE,8.05,0,-2.539649327918283,0.7127024923537179
Placed,1,IT,8.2,3,0.9936904466476856,-0.04199945679368985
Placed,1,ENTC,8.51,1,1.09849611455273,-0.10878899843091352
Placed,1,IT,7.49,1,1.5083298508180598,-0.7451269460804764
Not Placed,0,CSE,7.55,3,2.4931402061406964,-2.735943969674464
Not Placed,0,ENTC,7.46,2,-0.6206391761639566,0.005683994402894043
Not Placed,0,CSE,7.99,0,-1.8002883383662274,-0.43219906615628645
Not Placed,0,ENTC,7.58,1,-1.1440961285495856,-1.8939831687408477
Not Placed,0,ENTC,7.81,2,0.2937786056583702,0.41862053508079883
Not Placed,0,ENTC,7.09,1,1.498523940571186,-1.3761352812960113
Not Placed,0,ECE,6.83,1,-0.392749645405347,-1.2988863844709997
Not Placed,0,CSE,6.93,2,-0.5011827905938524,0.8307962421175037
Not Placed,0,ECE,8.05,2,-0.8348165061891062,0.2973294800188993
Not Placed,0,ENTC,7.66,1,-0.08413002948009916,-1.214883331949208
Not Placed,0,ENTC,7.28,1,-0.9331916396145766,-1.5778728180305162
Not Placed,0,Mechanical,8.26,2,-1.582757717750265,2.622495107965293
Placed,1,Civil,8.94,2,-0.38547031060421755,1.7327142813013332
Not Placed,0,ECE,7.28,1,0.2229962672226075,-0.12689877760008725
Not Placed,0,Mechanical,6.78,0,-1.961421287216063,-0.06590635262986054
Placed,1,CSE,8.5,2,0.3281745818176552,4.034222627270585
Placed,1,Civil,7.71,1,-0.2194881446650976,-1.820707310809008
Placed,1,Mechanical,7.54,2,-1.0034173553118446,1.529371115600121
Not Placed,0,IT,8.57,2,-0.20402624955244658,0.8440756235245811
Placed,1,ECE,7.48,1,0.5494378257836945,-1.088166639523185
Placed,1,CSE,8.04,0,-2.503004895166837,-1.421419614571244
Placed,1,ENTC,7.84,1,1.2964457275144523,-1.1105983755163165
Placed,1,IT,10.0,3,3.1669466922155007,-0.05854054782817687
Not Placed,0,CSE,7.59,2,-0.8787970753156881,1.914779702127502
Placed,1,CSE,8.5,3,3.249991448249828,-1.1874640914727028
Not Placed,0,CSE,7.49,0,-1.7067470268108555,0.09720027684250257
Not Placed,0,Civil,8.08,2,0.15012296364058839,0.10096000327923721
Not Placed,0,CSE,7.53,0,-1.713680926396091,-0.47828923862126393
Placed,1,CSE,8.38,2,-0.19567205645651548,1.3524162903831818
Placed,1,Mechanical,7.62,3,1.960097441496613,-2.5987236703206844
Placed,1,IT,8.13,3,3.329296655511819,-0.5226398534843907
Not Placed,0,CSE,7.06,1,0.06502506374890737,-0.03686893566903533
Not Placed,0,CSE,7.02,0,-1.8333676121748943,-0.5297971334578537
Not Placed,0,Civil,6.1,0,-2.842561487180436,1.2181888203465554
Not Placed,0,Mechanical,8.01,0,-2.2207185490721844,1.6811328404386416
Not Placed,0,ECE,7.15,1,-0.31119592965926157,-0.6814839852820065
Placed,1,CSE,9.57,2,0.1874790634255675,3.0332439091392716
Not Placed,0,CSE,7.3,0,-1.4336483894978982,-1.2611398791535133
Placed,1,CSE,8.76,2,1.2628757604298282,1.3833296430498458
Placed,1,CSE,8.67,2,0.5496885433017032,1.185738663171117
Placed,1,CSE,7.49,2,0.08512445807374429,0.7400136324615781
Not Placed,0,IT,7.07,0,-2.1248853645998316,-1.2708065611617292
Not Placed,0,Mechanical,7.59,2,0.7462982111607057,-0.19866408881754882
Not Placed,0,ECE,8.66,2,1.5307330315291705,1.6631060724253623
Placed,1,IT,9.64,3,2.6699107078020865,2.690439837272714
Not Placed,0,Civil,6.65,0,-3.4541815081129807,0.16542113160025762
Placed,1,CSE,7.71,3,2.988361928938576,-2.6710392672978864
Not Placed,0,ENTC,7.19,0,-0.8976982314471196,0.08486038951042785
Not Placed,0,IT,7.39,0,-1.8943463641015437,-0.10478286705887203
Placed,1,Civil,9.15,3,4.5834359330437815,0.127608274760047
Placed,1,IT,7.05,0,-1.2980619997866967,0.028500811408269867
Not Placed,0,Civil,6.33,1,0.5004023012060609,-0.6194565525770918
Placed,1,ECE,7.87,2,-0.056204586845177124,0.6984410013272914
Placed,1,CSE,8.02,3,1.9685629996041951,0.16273408604000997
Not Placed,0,IT,7.34,2,0.20077010550505697,-0.09004270507201129
Not Placed,0,ENTC,7.12,0,-1.141069027600591,0.20760242836269835
Placed,1,IT,7.84,2,-0.833991566047663,1.4805799890700502
Not Placed,0,IT,6.55,0,-3.1745362223243974,-0.944521268540943
Not Placed,0,ECE,8.06,0,-2.8817003384320055,0.028558181886936197
Not Placed,0,IT,7.4,1,-0.39482042069330636,-1.4184578359086937
Placed,1,CSE,8.88,2,0.49061672075162155,2.1297543494265656
Not Placed,0,CSE,7.97,2,-0.8913917689228911,2.962488552470004
Placed,1,IT,7.57,2,1.3355357325971187,0.8553157658000085
Placed,1,CSE,7.5,2,0.4290226337888214,1.5443270859091138
Not Placed,0,IT,6.06,1,0.4964158887710844,-1.1589067913987172
Not Placed,0,Civil,7.59,0,-2.532856961396422,1.0573373969600077
Placed,1,IT,7.53,1,-0.8237171982303635,-0.11875538435532468
Not Placed,0,ECE,7.74,2,-0.48380314654825823,0.3978546548435559
Not Placed,0,ECE,7.54,1,0.23366126869004955,-1.3861027872198504
Placed,1,ENTC,8.91,2,1.7604804573237818,2.0894775963603953
Placed,1,CSE,7.47,1,1.9380677169433878,-2.7424078626916866
Not Placed,0,IT,6.98,1,1.6873751040055651,-1.449358800665858
Not Placed,0,CSE,6.28,1,-1.0547177102424334,-1.483435037813666
Placed,1,ECE,7.32,1,0.7534267179702435,-0.6962844053527364
Not Placed,0,ENTC,6.81,0,-3.460599507927698,-0.1932222545919519
Not Placed,0,IT,6.6,0,-1.9773398139057023,-3.1099019394746343
Placed,1,ENTC,7.44,3,2.9870490068920406,-2.0744670139049384
Not Placed,0,IT,8.67,3,2.209022866487621,-0.30775856275670516
Placed,1,CSE,8.49,2,0.23408712459771203,1.346375384572297
Not Placed,0,CSE,6.61,0,-1.9216362484709757,0.05803492186344444
Not Placed,0,IT,7.73,3,1.845103248076423,-0.9199719941512439
Not Placed,0,Civil,8.06,2,-0.9736458454797176,1.5547021157711984
Placed,1,ECE,8.2,1,1.816348982201577,-1.2849692843813278
Not Placed,0,CSE,9.06,2,0.4054888456491123,1.1443083598465271
Not Placed,0,IT,6.71,0,-2.0336524710933697,-0.25500154125663643
Placed,1,ENTC,6.95,1,-0.47027368969029454,0.029664822411089697
Not Placed,0,ENTC,7.14,1,-0.07474252059797264,-1.0222000060316607
Not Placed,0,IT,8.01,0,-1.690409649362135,-0.8415786621813706
Not Placed,0,CSE,5.39,1,-1.4118278123588284,-1.7480827427082057
Placed,1,ECE,7.51,1,1.4510866458514373,-1.6911333613368378
Not Placed,0,CSE,6.18,1,-0.4944686322419999,-1.2996736238156423
Placed,1,CSE,7.7,1,0.6382524826023594,0.16896425157481962
Placed,1,CSE,9.46,3,3.7730632236100363,-0.9147666274334116
Placed,1,CSE,8.47,2,-0.8260117420376775,1.5879982758669242
Placed,1,IT,6.66,1,-0.5716957558545883,-0.908430948887625
Not Placed,0,CSE,7.34,2,-0.4016445725515836,0.19452109915955026
Placed,1,IT,6.94,1,0.00682290809080177,-0.40481011454451005
Placed,1,IT,8.8,3,2.5971294226963053,-1.4939930967746735
Not Placed,0,Civil,5.83,0,-4.536695041694779,-0.7567499310676827
Not Placed,0,IT,7.33,1,-0.06314577533293317,-0.540549587369452
Not Placed,0,IT,7.11,0,-1.3478240096477805,-0.16849543842021303
Not Placed,0,Mechanical,6.7,1,-0.7442880832610888,-1.7217294631829585
Placed,1,Civil,9.11,3,5.264237878820586,-0.2002097728568289
Not Placed,0,ENTC,6.37,0,-2.7448100510842806,0.4491925578750117
Not Placed,0,IT,6.68,1,0.8597019825124174,-0.6266374403776797
Placed,1,ECE,9.06,3,6.246925037368829,-0.7480088268744935
Placed,1,ECE,7.62,2,0.47530682700165755,2.1727404002652553
Placed,1,ENTC,7.55,2,0.34215984003891975,1.1805376397886134
Not Placed,0,IT,7.17,1,1.1550322891441782,-0.5612256680840065
Placed,1,CSE,7.7,1,1.0720504939380868,-0.33142406193669305
Placed,1,CSE,7.34,3,2.305047928661524,-0.788024606036742
Placed,1,ECE,7.08,3,1.361843657374656,-0.49344112339433455
Not Placed,0,CSE,6.51,0,-2.3315684426080914,0.10902491609593812
Placed,1,CSE,7.73,1,1.034556493914471,-1.1137734396655863
Not Placed,0,ECE,7.19,1,-0.7885144086973443,-0.3959218281520163
Not Placed,0,Mechanical,7.3,2,-0.8489244611123952,-0.10037930766900571
Not Placed,0,Mechanical,8.26,2,0.8010480244536493,0.07496373866625844
Not Placed,0,ECE,7.27,3,1.407095440953066,0.07405040104790178
Not Placed,0,IT,7.61,2,-0.29076022332148876,1.421715567969474
Placed,1,Mechanical,9.12,3,4.351975193456858,0.9836024950514133
Not Placed,0,IT,8.03,1,-0.3212720994464167,-1.7208161645693436
Placed,1,IT,7.24,3,0.8990466665510354,-0.5137696051307219
Not Placed,0,CSE,6.77,1,-0.20641065223012695,-1.797978935249991
Placed,1,ECE,7.59,0,-1.7318075536615896,0.6799557905043151
Placed,1,IT,8.37,2,0.577813805920584,2.067703323320538
Placed,1,CSE,7.2,2,0.5973074649445725,1.0420513330657644
Not Placed,0,IT,7.66,0,-2.4999991765716327,0.6399112365785765
Not Placed,0,ECE,7.18,1,-0.5838686777284505,-0.5269531729768432
Not Placed,0,ECE,7.35,1,-0.9894482830884053,-0.36070198261821584
Not Placed,0,CSE,6.61,0,-1.5363039729612806,-0.03176332973213644
Placed,1,CSE,7.88,1,0.8027280080688562,-1.4654277616114173
Placed,1,ENTC,7.77,3,2.6795961373756016,-1.3373678250523648
Placed,1,CSE,8.9,3,2.0584730965056512,0.3434982393590739
Not Placed,0,CSE,7.74,0,-2.2633381568507223,0.7335554086498307
Not Placed,0,CSE,7.04,2,-0.9777357177681993,0.2915613393618163
Placed,1,ECE,8.88,3,2.831131627040449,1.1480379949001305
Not Placed,0,ENTC,7.95,2,0.2284022528128661,0.8003671285014656
Not Placed,0,IT,7.8,2,-0.8912743665188977,0.3916922841451932
Not Placed,0,Mechanical,7.63,2,-0.7840256994828299,0.48296647201814946
Placed,1,CSE,7.77,3,2.3959244370658785,-0.23912516760103508
Not Placed,0,Mechanical,6.91,0,-2.9624970666132193,-0.32585733473923056
Not Placed,0,CSE,7.57,0,-1.2698422187420753,-0.5812775735522526
Not Placed,0,CSE,7.45,0,-2.201592237184489,0.3368181575129679
Not Placed,0,IT,7.94,3,1.2831959881193717,-0.29108404860692527
Not Placed,0,CSE,8.59,0,-1.2966255405519242,0.40865055671977557
Placed,1,CSE,8.46,2,0.24065610295549683,2.1956258058349647
Not Placed,0,Mechanical,8.07,1,-0.04549343908690869,-0.3878421369598855
Not Placed,0,Mechanical,6.17,0,-1.4918126725717884,-0.2126181866983778
Not Placed,0,CSE,7.27,0,-1.5955942112488988,-1.169356370051412
Not Placed,0,Mechanical,6.09,2,-1.3967519608453574,0.760459192723861
Not Placed,0,Mechanical,8.56,2,-0.5338700080893597,4.211476641884491
Placed,1,Civil,7.54,1,0.7608927399823858,-0.8112841873392614
Placed,1,CSE,7.51,1,1.1012111293713538,-0.5568165124178371
Not Placed,0,IT,7.06,2,-0.7482158645095199,0.14708143605314666
Not Placed,0,Civil,8.71,2,-1.8516790259290041,2.256253045073765
Placed,1,ECE,7.73,3,1.5457753279633868,0.7762337016085212
Not Placed,0,CSE,7.54,2,-0.967374423765637,0.9704425382438068
Not Placed,0,CSE,7.75,2,0.132384505132217,1.2984087673966183
Not Placed,0,IT,7.81,2,-0.061227876891341584,1.5813522729181404
Placed,1,IT,7.53,3,2.433131438222186,1.0484581661242944
Placed,1,CSE,8.71,3,4.732756679993669,-2.024415005736023
Placed,1,CSE,8.7,3,1.8687859123981123,-0.5148884785666772
Placed,1,CSE,7.72,2,-0.021304800464200132,0.40962215474178865
Placed,1,CSE,6.98,1,0.42284186185247014,-1.7389006732317653
Not Placed,0,IT,7.92,1,1.0604856390591795,-1.958921564760564
Not Placed,0,IT,7.13,0,-1.3257467320837943,0.16560089957824872
Not Placed,0,CSE,8.85,0,-1.596640582828727,0.9217758715550657
Placed,1,IT,8.98,2,-0.36147999741711057,0.9175636761782446
Not Placed,0,Mechanical,8.25,0,-2.8201550100015833,1.236105606977219
Placed,1,CSE,6.65,0,-1.733059862398225,0.17519146461984453
Not Placed,0,CSE,7.24,1,-1.0431985309962637,-1.9420528312323313
Not Placed,0,CSE,7.47,0,-2.990701342701751,0.16613168391710403
Not Placed,0,ECE,6.93,1,0.19679432039007166,-0.9031432911799794
Placed,1,IT,7.38,1,-0.1310948473382436,-0.1933891533681088
Not Placed,0,ENTC,7.84,0,-2.354007104875031,1.378808997617678
Placed,1,IT,8.09,1,0.48995113172786464,0.24539706108039927
Not Placed,0,CSE,8.74,0,-2.021228355868305,1.148939757508964
Placed,1,CSE,7.62,3,2.8658568717899304,-2.16324029299823
Not Placed,0,CSE,7.39,0,-2.5177987887440016,0.7505565458865164
Not Placed,0,ECE,6.55,0,-2.4464072049359475,-0.052792940626403446
Not Placed,0,ENTC,7.94,2,-0.33598205993424024,0.793801723228929
Placed,1,CSE,7.26,1,-0.17924407325298775,-1.5948125074052362
Placed,1,IT,7.46,2,0.4403904700811466,1.789374201537247
Not Placed,0,ECE,7.16,0,-2.3744763669237483,0.7601234380924387
Not Placed,0,CSE,7.19,1,-0.141775125014641,-0.38343863740766954
Not Placed,0,ECE,8.25,2,-0.36968395938337667,0.8420977084747278
Placed,1,CSE,7.59,2,-0.33113450619371787,0.9243876298554736
Placed,1,CSE,8.97,3,5.573047623653125,1.213392271742277
Not Placed,0,ECE,6.69,0,-2.069218560475052,0.7533423175763767
Placed,1,CSE,8.71,2,1.2537191328473996,1.9725320391079781
Not Placed,0,Mechanical,7.22,2,0.1264637090699015,1.0200356622496092
Not Placed,0,ENTC,7.6,1,-0.33939591948794395,-0.09691215834107793
Placed,1,CSE,8.06,1,0.4364941620663366,-0.2498520747858503
Not Placed,0,IT,8.52,2,-1.6080670694989716,3.024644051484583
Placed,1,IT,8.55,2,1.6791471081341327,1.6358098744014786
Placed,1,IT,8.53,2,1.4235865096670495,1.825766089675785
Not Placed,0,CSE,7.47,0,-3.1512570132263593,-1.027024139713518
Placed,1,IT,9.18,2,0.4136777443948888,2.719870528208469
Placed,1,ECE,8.17,3,3.120949440283052,-0.17520333500320096
Not Placed,0,CSE,5.14,0,-2.738538595963052,-1.71134946818097
Not Placed,0,IT,7.69,2,-0.2823397525762769,1.9160077848458175
Placed,1,CSE,7.34,1,-0.5436260556299541,-0.7820894512711551
Not Placed,0,ENTC,7.4,1,1.215439559330732,-1.3297498337743026
Placed,1,CSE,8.21,3,2.8985293632374485,0.4004807269844664
Placed,1,Mechanical,7.93,3,2.393249583080263,-1.5750044442636006
Not Placed,0,Mechanical,7.09,1,0.8705326852765303,-0.19349907409701012
Placed,1,Mechanical,8.94,3,2.835750407024935,0.7768311953299066
Not Placed,0,ECE,6.57,0,-1.985966425988454,-1.1650331802292335
Not Placed,0,ENTC,6.52,1,0.4209531126825671,-2.2641939970566267
Not Placed,0,CSE,6.74,1,0.3438107280932301,-2.4054122514786473
Placed,1,ECE,8.04,1,0.9157737088060415,-0.24817903003378455
Not Placed,0,CSE,7.98,0,-1.8401729077180207,0.1992537718847646
Not Placed,0,IT,6.98,1,-0.8124662787464446,-1.488146119926307
Not Placed,0,Civil,7.16,0,-1.3608022793723933,-0.5091038589944584
Not Placed,0,CSE,7.66,3,1.1357340018163906,-0.22962033954927713
Not Placed,0,IT,6.76,1,-0.35470389426102833,-0.445371365828102
Placed,1,IT,8.34,1,0.9980347460547699,-0.6021655510288405
Placed,1,CSE,9.0,3,2.163996485422059,0.013661386101525204
Not Placed,0,ENTC,7.52,0,-1.1376644123867914,0.23825178189105442
Not Placed,0,Mechanical,7.96,1,0.8733226197806047,-0.04692007955159224
Not Placed,0,IT,7.76,2,0.03472643543529935,0.00033195826046841705
Not Placed,0,IT,8.83,2,-1.9741795058791505,2.4033801213621993
Placed,1,IT,9.32,2,1.9523749503146688,1.613476747979115
Not Placed,0,ECE,7.36,2,-1.7847935086805962,2.712116276993944
Placed,1,CSE,7.69,3,1.7886519559194411,-1.3610375759899669
Placed,1,ENTC,8.4,2,0.2395676064253863,1.6933093880310153
Not Placed,0,ECE,7.96,1,-0.4687768441461986,-0.4666827840100601
Not Placed,0,IT,6.89,1,-0.20486553146086095,-1.542758333954831
Not Placed,0,CSE,6.13,0,-4.009696599012621,-0.35389173060158724
Not Placed,0,CSE,7.16,0,-3.325045342406714,-0.542178526611425
Placed,1,ECE,7.95,3,1.6980116967676837,-0.4743608119325435
Not Placed,0,ECE,7.33,1,-0.6609675326202797,-0.6722072557733575
Placed,1,Civil,6.77,0,-2.226945386558533,1.2804324071976847
Not Placed,0,IT,7.17,0,-1.766763278114364,-0.24953940085376794
Placed,1,Civil,9.22,2,-0.41414408107866246,3.207927068782927
Placed,1,CSE,6.71,0,-1.6941978431959188,0.5442764236800441
Not Placed,0,CSE,7.4,1,-0.9356539401719666,-0.36004639185222226
Placed,1,IT,7.23,1,1.4117484820564559,-2.0672519907149223
Placed,1,CSE,9.33,2,1.0386307802332593,2.7658290530275367
Not Placed,0,IT,6.41,0,-3.735635333570152,-0.9658014330783978
Not Placed,0,IT,7.0,1,-0.8977355752874534,-0.6571623759511015
Not Placed,0,CSE,7.72,1,-0.6037930047923864,-1.3702181894463903
Not Placed,0,ENTC,7.81,1,-0.18924926937656653,-0.15402056185740257
Not Placed,0,ENTC,8.62,2,0.7367763364852615,0.7015607553569192
Placed,1,ENTC,8.53,3,3.169237652267181,1.6131343967979228
Not Placed,0,ENTC,7.07,0,-2.3714743408470986,-0.6688035587736998
Not Placed,0,Civil,7.93,1,-0.22333322648562334,-0.9742524101362918
Not Placed,0,IT,7.52,3,2.3578588753770418,-1.1290787214925952
Not Placed,0,Civil,7.28,3,2.0477353576847905,-1.275932919350698
Placed,1,CSE,8.53,3,1.032607892827075,-0.19014951636882516
Not Placed,0,CSE,7.88,0,-2.7882229032597974,1.0414253279917962
Placed,1,CSE,9.02,3,3.3752730767361827,1.1344671553643138
Placed,1,IT,8.07,3,1.6208354917730248,0.09900813800550196
Placed,1,IT,8.46,3,2.567712136622068,-0.35148094572664845
Not Placed,0,CSE,5.36,0,-3.0429872764252095,-1.2896089781021265
Not Placed,0,ENTC,7.74,0,-1.2238595211471417,0.20286342439108643
Placed,1,Mechanical,8.04,3,1.821440400816864,-0.7900109202133139
Placed,1,IT,8.12,3,1.5408165982380588,-0.05111122518787428
Placed,1,CSE,8.98,3,1.8730824243232382,0.5222093922134512
Placed,1,ECE,8.2,2,0.645870280659126,1.4097609104359194
Placed,1,CSE,6.64,2,0.8254064342159597,0.38054076080402804
Placed,1,CSE,8.13,2,0.6674708116668696,3.692981091003326
Placed,1,CSE,8.38,3,3.483449396627222,0.2880689081604517
Placed,1,ECE,7.15,3,1.7675872064088267,-1.4881526776949587
Not Placed,0,IT,7.32,2,0.13404283436626035,0.49915316801073134
Not Placed,0,IT,8.34,2,-1.8364815534879075,1.8858462519158732
Not Placed,0,IT,7.68,1,1.032970749886765,-1.510291479915941
Placed,1,CSE,8.6,3,5.460434963660267,-1.7719950604113273
Not Placed,0,CSE,7.83,1,-0.47280468695657724,-0.8212094610916262
Not Placed,0,CSE,5.82,0,-3.0441347813264774,-1.4163938233747293
Placed,1,Mechanical,7.73,2,0.5667466283803895,2.344503748490941
Not Placed,0,CSE,7.34,1,-0.6240098487671016,-0.9186225200473415
Not Placed,0,IT,8.2,3,1.262660673565425,-0.5195539880828078
Placed,1,IT,8.04,3,1.6918093610763056,-0.36320868031935477
Not Placed,0,Civil,6.88,2,-1.6604230577432608,1.982834133688217
Not Placed,0,CSE,7.85,2,-0.7277352045964712,0.5240974205354108
Placed,1,ENTC,8.13,2,0.5331345087935543,1.6988841563568104
Not Placed,0,Mechanical,8.06,2,-0.38869416822452685,1.3681205398588225
Not Placed,0,Civil,8.51,3,1.157558112303707,0.11515361456011675
Not Placed,0,Mechanical,6.81,1,-0.7803982905176612,-1.8949772237185276
Not Placed,0,CSE,7.55,1,1.1936439902155644,-1.0259696541933099
Not Placed,0,CSE,5.78,0,-1.3520367053123654,-1.4969808606085646
Placed,1,Civil,8.68,2,0.6515012787300294,0.5896771232146899
Placed,1,ECE,7.78,1,0.2914322443498828,-0.5186590237245873
Placed,1,ENTC,7.6,2,-1.0967098076627395,0.7351514531339787
Placed,1,Mechanical,7.59,3,2.7129187898983305,-0.2957843165557897
Placed,1,ECE,8.11,1,0.8554587414557293,-0.16235895858796257
Not Placed,0,ECE,8.58,2,-1.3729391408745888,1.1984611209815488
Not Placed,0,ECE,7.45,1,-0.17020381616237987,-0.6743058505847395
Not Placed,0,CSE,8.05,0,-2.1384693803422454,0.8132817506493432
Placed,1,CSE,8.04,2,-0.25927168580989834,1.4686551678158448
Not Placed,0,ECE,5.83,0,-2.682924164730657,-1.4593660123944932
Placed,1,Civil,7.1,1,0.6268473308687643,-1.087583343210125
Placed,1,Mechanical,8.07,3,1.4801607922303375,-1.8012255926027727
Not Placed,0,IT,8.75,2,-0.6439244729649988,1.665226624625914
Placed,1,ENTC,8.86,3,3.1407794356930183,2.0093825614692364
Placed,1,IT,6.66,1,0.044019562217507024,-0.45118175212010053
Placed,1,ECE,8.55,3,1.2880000813153711,0.14826556861203205
Not Placed,0,Civil,8.58,2,-1.5616666618012378,1.7547075161825205
Not Placed,0,Civil,8.05,2,-0.8441924119198979,0.9699019169151495
Not Placed,0,ECE,5.98,0,-2.3854180406314702,-1.9277731443841697
Placed,1,ECE,7.24,1,1.0570661656334852,-1.829047337663056
Not Placed,0,CSE,7.79,2,-1.0977565015172446,1.3053324418389676
Not Placed,0,ECE,7.5,2,0.09154990912288447,2.0808497585674965
Not Placed,0,CSE,5.86,0,-3.1119746549224048,-1.6555525192124656
Not Placed,0,IT,7.48,0,-2.2156209980408184,0.9849558306001801
Placed,1,ENTC,6.91,0,-1.441527545925688,0.4714964464785938
Not Placed,0,IT,8.2,3,1.424329636125744,-0.395826649720659
Placed,1,ECE,8.11,2,0.15945616253947997,2.3152045103664283
Placed,1,CSE,8.14,2,0.2708441434959551,1.960417392179279
Not Placed,0,IT,7.39,0,-1.3603305137316928,0.64970604169905
Not Placed,0,IT,7.72,1,0.3533743122537726,-1.0593915973120054
Not Placed,0,IT,7.63,0,-2.6036998264531235,1.0378422169774155
Placed,1,IT,8.48,2,-0.2813861314257339,1.3991962252509407
Placed,1,ECE,7.25,3,2.4290297607442226,-0.25565924237199383
Not Placed,0,CSE,7.06,1,1.3040297606568618,-0.8075077025633722
Placed,1,CSE,8.52,3,2.4308282443533185,0.13252492698986074
Not Placed,0,ENTC,8.4,1,0.9859079056206,-1.7377794756217122
Not Placed,0,ENTC,8.1,2,-0.47468215804758174,1.131274928429423
Placed,1,ECE,9.04,3,4.063114987975036,-0.3567705002739515
Not Placed,0,ECE,9.48,2,-1.0441827328045292,2.752365930884574
Placed,1,ECE,8.75,2,0.7701688020816712,0.7454155268343978
Not Placed,0,CSE,7.06,1,0.8871903727544965,-0.2917583552319193
Placed,1,CSE,8.41,1,0.7910114781047634,-0.4075356459482059
Not Placed,0,CSE,7.79,2,0.4518213883458344,0.4817620098757995
Not Placed,0,ENTC,7.22,0,-1.5948877026299688,0.696042970654091
Not Placed,0,CSE,7.07,0,-3.153145724341738,1.318405296235193
Not Placed,0,Civil,7.93,1,1.0941265259781185,-1.585482340867728
Not Placed,0,IT,8.39,1,0.7985488177357507,-1.3052156159247092
Placed,1,CSE,8.87,2,1.8668766182883667,2.3386422791512174
Not Placed,0,IT,8.27,3,1.7275130261563372,0.11474986322138539
Placed,1,ENTC,8.19,3,2.881511344787482,1.1766556002899493
Not Placed,0,CSE,7.53,0,-2.1394867872301444,-1.3721565688834774
Not Placed,0,ECE,7.88,1,-0.433628442850388,-0.5277032022837794
Not Placed,0,ECE,6.43,0,-2.7220626731048654,0.4704870017384778
Not Placed,0,IT,8.18,3,1.3734030468448426,-0.24107452541635294
Not Placed,0,ENTC,8.07,0,-2.124444210567931,1.600735970803497
Placed,1,ENTC,9.33,3,1.7743219799240764,1.1245939127409947
Placed,1,ECE,7.67,3,2.5212331426944203,-1.7192511551546734
Placed,1,CSE,8.71,3,1.8782788368285486,0.4029771530485504
Not Placed,0,ECE,7.3,0,-1.7841585250391123,0.15065914767388008
Placed,1,ECE,9.14,3,1.9584190578739853,0.06090344557319842
Placed,1,Mechanical,8.93,3,3.615899546407901,0.02776119407918415
Placed,1,IT,8.66,1,1.050120354363959,-0.29860618801631283
Not Placed,0,Mechanical,7.75,1,0.4396090255937141,-1.063874569360675
Not Placed,0,Mechanical,7.51,0,-1.8596000126742105,0.09509672194081477
Not Placed,0,CSE,7.38,2,-1.1976968586983145,0.9127083590568824
Not Placed,0,ECE,6.87,1,-0.269278745605658,-0.8441833568931416
Not Placed,0,CSE,8.1,2,-0.4043657380603811,1.5791199812085122
Placed,1,CSE,7.49,1,-0.09850176472090963,-0.001714419559714493
Not Placed,0,ECE,8.03,0,-1.680055990994065,0.7656583708835869
Placed,1,IT,7.84,3,2.443439934833766,0.503348279616805
Not Placed,0,IT,6.79,0,-1.9238117788767277,-2.315791903427807
Placed,1,ECE,8.6,3,2.954632084787761,-0.6322845509699904
Not Placed,0,Civil,7.78,0,-2.0527019388106313,1.5084740168148705
Placed,1,IT,8.43,3,2.2372378962030606,-0.18259311881012483
Not Placed,0,IT,6.71,2,-1.7026092075077512,1.73588938341403
Not Placed,0,IT,7.05,0,-0.9905912259294384,0.01952400189487285
Not Placed,0,IT,7.37,2,-0.43773175764711836,0.02456058090776062
Placed,1,Mechanical,7.91,3,2.6224178649756227,-0.9980468943707963
Not Placed,0,CSE,7.61,3,3.2404125938233412,-1.8417304214936927
Placed,1,ECE,8.86,2,1.045520477824977,1.9283057952560916
Placed,1,CSE,8.58,1,1.0181547176838077,-1.3684859517176526
Not Placed,0,Civil,7.08,0,-1.798967870658647,-0.12795858485965272
Placed,1,CSE,10.0,3,3.7364872550249184,1.930034460608401
Not Placed,0,Civil,7.63,1,-0.06981825477137799,-0.941528243422495
Placed,1,ECE,8.8,3,1.6151181879438297,0.8649806340502019
Not Placed,0,Civil,7.46,2,-0.8170062536998427,0.8449847797193787
Placed,1,CSE,8.23,3,1.963301867201844,0.36559463162408556
Not Placed,0,Mechanical,8.51,1,0.5520343834859915,-0.36648592008149505
Not Placed,0,CSE,6.42,0,-3.9198576355485613,-1.1090594197188752
Placed,1,ECE,9.18,2,1.8040072328173586,1.6686212009102708
Not Placed,0,ECE,7.04,0,-1.9748973673638968,-0.17042469368655647
Placed,1,CSE,7.4,3,1.7932973648559878,-1.8824995071797659
Not Placed,0,CSE,7.19,1,1.1531668948903637,-1.123100205926943
Not Placed,0,IT,7.22,1,-0.006854492168730407,-1.155817546902804
Not Placed,0,Mechanical,7.26,0,-2.043138919021827,-1.1528586840247905
Not Placed,0,CSE,6.69,1,1.875729542222286,-3.386118949834374
Not Placed,0,IT,8.35,2,0.3981152866284335,0.3443635700154957
Not Placed,0,ECE,7.8,0,-1.5268026179217724,-0.8197039259742788
Placed,1,ECE,7.58,3,4.286336806828696,-2.453603607425182
Placed,1,IT,8.56,3,2.4290661794456168,0.055118744090325994
Placed,1,CSE,9.2,2,1.6129254673249287,2.9053840303587273
Not Placed,0,ECE,6.37,0,-2.6427999296136706,-1.3468935883913498
Placed,1,ENTC,9.08,3,2.042633043900394,-0.10627286254886113
Not Placed,0,CSE,7.68,1,-0.6670012896221206,-0.9006416582721118
Not Placed,0,CSE,6.55,0,-1.967721988969708,-1.4549102754066336
Placed,1,ENTC,8.05,3,3.249944923210124,0.7407723407441629
Placed,1,IT,7.6,2,-0.2006317191792251,1.1272614529344087
Not Placed,0,Mechanical,8.43,2,0.10359864860863773,1.246019244815528
Placed,1,ENTC,7.82,3,4.798204517626926,-1.6051937579275697
Placed,1,Mechanical,8.0,3,1.5361922857802937,0.2346896071610519
Not Placed,0,CSE,7.33,1,-0.30417356816683183,-2.419293926452266
Not Placed,0,IT,6.83,1,0.9516313654023763,-3.147776638727636
Placed,1,ECE,8.33,1,1.3050778141915986,-0.6593055603174485
Not Placed,0,IT,7.25,1,1.877721092617676,-2.929576918343521
Not Placed,0,CSE,8.04,0,-2.2480289235007453,1.0292906528446293
Not Placed,0,CSE,8.96,3,2.2936880678914293,-0.21163052278318492
Not Placed,0,CSE,7.56,1,-0.24549505169812502,-0.27448205797432235
Not Placed,0,CSE,8.3,1,0.2834375607446395,-1.3610056093000995
Not Placed,0,CSE,7.67,0,-2.9076709572996893,0.08075932182208827
Not Placed,0,CSE,7.39,0,-3.401545174709069,-0.47025519960757006
Not Placed,0,ECE,6.37,2,-0.6953248042216437,1.2796015607771574
Placed,1,CSE,7.67,3,1.572186840436346,-0.05201333094364363
Not Placed,0,ECE,7.56,2,-1.4266723536256816,1.908051693007668
Not Placed,0,ENTC,6.96,0,-1.6437318211549805,-0.7689915784957239
Not Placed,0,ECE,5.97,0,-1.4129457596202428,-0.6646660394179175
Not Placed,0,Mechanical,6.28,0,-1.412225516480712,-0.3205867117665922
Placed,1,Civil,9.22,3,3.490273889601911,0.1969231836050292
Not Placed,0,IT,7.73,3,1.580408698384608,-1.0643354011034432
Not Placed,0,CSE,6.48,0,-2.4518385064986203,0.9080573131783859
Not Placed,0,ENTC,7.19,1,-1.0232151948064994,-1.299858141688627
Not Placed,0,ENTC,7.71,1,-0.9537739374347385,-0.3196046694967928
Not Placed,0,IT,8.08,1,1.7157313301710375,-2.3955391172704936
Placed,1,Civil,7.5,1,1.158812087770558,-1.145075940329611
Placed,1,Mechanical,9.42,2,0.8975668339851764,1.289211826133305
Placed,1,Mechanical,9.46,3,3.7088860651823237,-1.2586309456059923
Not Placed,0,IT,8.03,0,-1.6276729370392238,0.11066233073963244
Not Placed,0,CSE,7.39,0,-0.9341530225633687,-0.40791769336877926
Not Placed,0,CSE,8.03,2,-0.726336084692062,1.7017026787220038
Not Placed,0,CSE,6.57,0,-3.2447020301813647,-2.76216724878796
Placed,1,CSE,8.55,0,-2.2012330753197307,2.097181304968418
Placed,1,IT,7.85,1,0.40815648761546297,0.013936068151250034
Not Placed,0,Mechanical,6.67,0,-3.522634285963823,0.4174979791002408
Placed,1,CSE,7.2,2,0.12047170236266386,0.971259337393945
Not Placed,0,ECE,8.19,3,2.745346493829214,-0.8846221880102692
Not Placed,0,CSE,6.28,2,-1.0052705721666746,0.3532973323668328
Placed,1,Civil,6.94,3,3.067169752362138,-1.0434987957126465
Not Placed,0,Civil,7.3,3,1.665036716604895,-0.15573467524911605
Placed,1,ECE,8.53,3,2.5880188554381953,-1.6415530810047274
Placed,1,CSE,9.16,2,1.207080538454957,0.8169229785187992
Not Placed,0,CSE,8.02,1,-0.14503173377604797,-0.22139285090576208
Not Placed,0,ECE,5.01,0,-2.847910540978447,-1.8741715684773796
Not Placed,0,ENTC,6.75,0,-2.3351618679960042,-1.6988055186916486
Placed,1,Civil,10.0,3,2.6248294589524925,2.226584667129725
Placed,1,IT,7.83,3,2.0082152615012485,-0.20041869885917146
Not Placed,0,CSE,5.48,0,-2.123899701807349,-0.9654697733178876
Placed,1,CSE,9.72,2,0.1441344317817649,2.2923476260728544
Not Placed,0,CSE,6.56,1,-0.1834230106529723,-0.9257426277026595
Placed,1,ECE,8.19,1,-0.25054196896226877,0.23544978892739712
Not Placed,0,CSE,6.73,2,-1.4744620677783613,1.2428494749665888
Placed,1,Mechanical,9.57,3,4.663199093291722,-0.2694986290326506
Not Placed,0,CSE,6.5,0,-2.20655881738022,-1.7817773940808341
Placed,1,CSE,7.2,3,3.6024467765286166,-2.9589179793023237
Placed,1,CSE,8.59,2,-0.6433073227734216,1.14836243608289
Placed,1,ENTC,7.23,2,-0.47705937304529294,1.7775288816362083
Placed,1,ENTC,8.11,2,-0.016951194979007985,2.0418262178277007
Not Placed,0,Mechanical,8.41,1,0.5055724179095712,-1.0043342025052653
Not Placed,0,CSE,7.85,0,-1.40738764460881,-0.4014147712023687
Not Placed,0,CSE,6.76,0,-2.81868872469385,-0.6208366981323693
Not Placed,0,ECE,7.03,1,0.16913539400588135,-0.983716777267652
Placed,1,Civil,7.37,1,0.012239207635426607,0.27294307323502887
Placed,1,CSE,8.2,3,2.3033274145099996,0.045789210156076454
Placed,1,IT,8.39,2,1.5005098856770145,1.8916801871750815
Placed,1,IT,7.87,3,4.289428181699347,-1.1061842820764913
Not Placed,0,ECE,8.3,1,-0.7022202585413434,-1.3078506233363094
Not Placed,0,CSE,6.35,1,-0.35352550062692467,-3.689762131842948
Placed,1,IT,7.95,3,2.364041763501641,0.008245652585725722
Not Placed,0,IT,7.64,0,-2.601040730642044,-0.5287763163372659
Not Placed,0,ECE,8.12,2,-1.1206052022701292,0.8834485040928879
Not Placed,0,CSE,8.34,2,0.053948366771877115,3.0132074106338886
Not Placed,0,CSE,6.81,1,-1.160474775739523,-0.5550395557642863
Not Placed,0,ECE,7.61,1,-1.4598937806266534,-2.3250943386189435
Placed,1,IT,8.83,3,2.1469393378547843,1.256540864275258
Not Placed,0,IT,7.96,1,1.252004360021768,-3.6369224922867187
Not Placed,0,CSE,7.61,0,-2.0328295940369006,1.6604703482390963
Not Placed,0,CSE,6.66,0,-3.760204385669109,0.37024189441535604
Not Placed,0,IT,8.16,0,-0.9849615154752411,0.09366963870656066
Not Placed,0,IT,6.52,0,-2.960794472987445,-0.9219552270498969
Placed,1,IT,7.55,0,-2.160150391760282,-0.40842072858481693
Not Placed,0,ECE,7.28,0,-1.3099316151909368,0.5624522824628039
Not Placed,0,ENTC,8.03,1,0.3417578656483724,-1.0723816502491705
Not Placed,0,IT,7.19,2,-0.9484115244391261,0.2459800982958006
Placed,1,ECE,7.42,2,-0.7074051240011291,1.0478594634458276
Not Placed,0,CSE,6.93,0,-1.0676835330306576,-0.8115200596615539
Not Placed,0,Mechanical,7.49,0,-2.270946942140364,1.0872317162172476
Placed,1,CSE,7.88,1,1.5621601163093115,-1.2597597592855834
Not Placed,0,IT,7.4,1,-1.1136065750531776,-0.9745844714397394
Not Placed,0,CSE,7.43,1,0.5413244396153837,-0.030023882409413283
Placed,1,IT,7.84,2,0.7000808322733347,0.9853047778426183
Not Placed,0,IT,8.55,2,-1.6829948691320937,1.357176857041994
Not Placed,0,CSE,8.33,2,-0.3687993043877988,0.3430025546498575
Not Placed,0,ECE,6.6,1,-0.39224509222740656,-2.4311556278587045
Placed,1,IT,8.35,3,1.6314548259737416,-1.3791427603120656
Placed,1,CSE,8.86,2,1.361641194369844,1.787686863947487
Placed,1,Mechanical,8.3,3,3.3230089487974146,1.7832105612709295
Not Placed,0,CSE,5.65,1,-1.1496198775776127,-2.2906303074945216
Placed,1,IT,7.93,1,1.4423615259276341,-2.877700364205036
Placed,1,CSE,8.88,3,2.3142002974339473,1.492475357405866
Placed,1,IT,7.32,3,0.8937476000068246,-0.17154049041866387
Placed,1,ENTC,10.0,3,2.9600232366457346,2.967202280059488
Not Placed,0,CSE,5.85,1,-1.3528782846485574,-2.1420370618632925
Not Placed,0,IT,7.82,0,-2.0827517500580837,0.1546496238201026
Not Placed,0,ENTC,8.31,3,1.5176657405346627,-1.0256176738242895
Not Placed,0,ENTC,7.85,1,1.0310674622180773,-0.5175289934424411
Placed,1,ENTC,7.83,2,1.5926853329343242,1.1321819096494055
Not Placed,0,CSE,6.82,1,0.9486630213797403,-2.950131910567787
Not Placed,0,CSE,7.21,2,-1.3122101490313527,1.3794564864581165
Not Placed,0,Civil,8.19,3,2.6320420147134587,-0.2522871258708211
Not Placed,0,CSE,5.9,1,-1.195699059439721,-3.327059611725388
Not Placed,0,Civil,8.47,1,0.49367355240526684,-0.3826674549620203
Not Placed,0,ECE,7.6,0,-1.8989957434827747,1.1673544948743197
Placed,1,ENTC,8.17,2,0.4484499509285865,1.4163272747316813
Placed,1,IT,8.42,3,2.056047956316136,-0.4246363757096776
Placed,1,Mechanical,10.0,2,2.7639165529007252,4.118104378815497
Placed,1,Mechanical,8.89,3,3.703696462476922,0.2883683287795892
Placed,1,ENTC,6.68,3,1.2979421718858768,0.4173188068797229
Placed,1,Civil,9.54,2,1.3626664056982194,1.6777133953882746
Not Placed,0,ENTC,5.39,0,-2.866291329413063,-1.2318778048737626
Not Placed,0,CSE,7.32,1,-0.6707944182083936,-0.14054561700940787
Placed,1,ECE,7.85,3,2.9160626765264266,-0.8190915146595508
Not Placed,0,ENTC,7.42,1,-0.673847750859291,-1.3906296664399482
Placed,1,ENTC,7.94,2,0.9072798076649254,1.9154529972411405
Placed,1,ECE,7.56,2,1.2214983628425415,0.5753914348046899
Not Placed,0,ECE,8.79,1,0.3065517476969871,0.32299581478703754
Not Placed,0,Mechanical,7.29,1,0.5347607582389643,-1.091808755054472
Placed,1,IT,7.6,1,-0.2551928203466338,-0.05728899259966964
Placed,1,ECE,9.21,3,4.372052322357365,-0.20035637630809003
Placed,1,CSE,8.52,3,3.662687351500227,1.127771621500173
Placed,1,ENTC,7.56,1,-0.026179111761032263,-0.6997194465997603
Not Placed,0,IT,8.1,3,1.5688592984395449,-0.316780203408124
Placed,1,CSE,9.29,2,2.313066734916212,2.5537172981107914
Not Placed,0,IT,6.52,0,-1.3120443715978205,0.674448609369811
Not Placed,0,ECE,6.78,1,-0.9387752739988996,-1.6787813796978093
Not Placed,0,ENTC,7.21,1,-0.048604965030552685,-0.37217834091492596
Placed,1,ECE,7.88,2,0.06537226456164191,0.5666055793580792
Placed,1,CSE,8.52,2,1.1121507757580842,1.2117471758921197
Placed,1,CSE,7.05,0,-0.8218350915149877,0.1935309760443644
Not Placed,0,ECE,6.9,0,-3.463300308448107,-0.43951035279992023
Not Placed,0,Mechanical,6.59,1,-0.6526729986480687,0.08058436398590359
Not Placed,0,ECE,6.9,1,-0.5459182198857107,-1.0552868399389104
Not Placed,0,IT,7.14,0,-1.9633370701563388,0.5459032289108575
Not Placed,0,CSE,5.86,0,-2.3110751686876725,-0.6955510748866488
Not Placed,0,ENTC,7.22,1,-0.030381333016023766,-0.8821103854822608
Not Placed,0,CSE,6.81,1,-0.6494256975118506,-1.1854967138119827
Not Placed,0,ECE,7.56,2,0.4439212309604966,0.3395884032896835
Not Placed,0,Mechanical,9.14,2,-0.10512367623634018,1.3625654099131785
Placed,1,Mechanical,6.35,3,2.5458312590916337,-1.395992336449229
Not Placed,0,IT,8.56,2,-1.5144822803499107,1.6469153050764573
Placed,1,CSE,9.12,2,2.231885740701106,2.6014686953542605
Not Placed,0,ECE,8.52,2,-1.5264461636523636,2.708598046288249
Not Placed,0,Mechanical,7.99,0,-1.6188895683109508,-0.8008917785648274
Not Placed,0,CSE,8.82,2,-0.8210808052156037,0.12169059767014483
Placed,1,IT,8.24,3,3.295214289409855,-1.5601262790112638
Placed,1,ECE,8.64,3,4.0760071421702015,-0.9995931332182981
Placed,1,CSE,7.8,1,1.1519502264397328,0.08772182327101122
Not Placed,0,CSE,6.8,0,-1.5228065298115547,-0.13183772412613928
Not Placed,0,Civil,8.69,0,-2.447250547494383,1.3645113275896217
Placed,1,CSE,9.92,2,0.6674663509961359,0.3267618149555196
Not Placed,0,IT,7.41,0,-3.213417547395906,0.7466092410590791
Not Placed,0,IT,7.72,0,-1.0100058442573783,0.33131626843823886
Not Placed,0,IT,7.8,2,0.19993836156565012,0.8546776248985052
Not Placed,0,IT,6.45,0,-1.704688982451109,-0.8826003853466204
Not Placed,0,CSE,6.98,2,-0.6332486027035488,-0.14509388163868395
Not Placed,0,IT,7.96,2,-1.1696714540894642,0.5692662545371818
Not Placed,0,CSE,7.62,1,-1.0188501486495554,-0.6624013157386681
Not Placed,0,CSE,7.71,2,0.15955589501773762,0.2506687546962223
Not Placed,0,ECE,7.72,3,1.7320515729958172,-0.21970940837828629
Not Placed,0,Civil,7.6,2,-0.08221066542759849,-0.30222094701805874
Not Placed,0,Civil,7.05,0,-1.9899650256904398,-0.027032504930177663
Placed,1,CSE,8.07,2,0.6244138797370777,0.8062177591408279
Placed,1,CSE,7.98,3,3.365135445504056,-0.1539571745527989
Not Placed,0,ECE,6.95,0,-1.3836878859659234,0.8474410538182976
Placed,1,CSE,8.05,3,1.8107134306738484,1.376884378540237
Not Placed,0,ENTC,7.17,1,0.8622160350690182,-1.9640124223595086
Placed,1,ECE,8.26,2,0.8808298464564008,1.0928235015092467
Not Placed,0,IT,7.66,2,-1.14343078981978,0.6685961074155746
Not Placed,0,CSE,8.04,0,-1.8933944842127708,1.62462531399755
Placed,1,Mechanical,7.85,1,1.5037345435985283,-1.096701039428142
Placed,1,CSE,7.65,1,0.3557605139102712,-0.6060711370242807
Not Placed,0,ECE,7.98,1,-0.8743500340121122,-0.7961014978740422
Placed,1,ECE,8.42,3,2.2940106821420843,0.2902486017973819
Not Placed,0,CSE,7.8,1,-0.9596578256043828,-1.7349207218543958
Not Placed,0,CSE,7.79,0,-1.532632632782849,-0.3318090102821794
Not Placed,0,ECE,7.4,0,-2.6967478301040995,0.5004030193372916
Not Placed,0,IT,6.15,0,-2.718664748241294,-1.4231214026657601
Placed,1,ECE,7.73,3,1.6712794767714625,-0.4294287019671817
Not Placed,0,IT,6.62,1,-1.3438643278220885,-1.7350966430171078
Placed,1,Mechanical,7.22,1,1.0351565843002528,-0.036372539973162095
Not Placed,0,ENTC,6.96,1,-0.8563256846560968,-1.1914813737905303
Not Placed,0,IT,7.09,0,-2.5658387288449735,-0.42181587225197825
Not Placed,0,ENTC,7.14,0,-1.3943174582645332,-0.506039194851007
Not Placed,0,ECE,8.11,1,0.3119794613351517,-0.42553569731277546
Not Placed,0,ECE,7.98,1,-0.3376684151091853,-1.2551157711981398
Placed,1,CSE,7.79,0,-1.728316114545002,0.7925857211660631
Placed,1,CSE,8.73,2,-1.1855513159542297,1.1810805207542625
Placed,1,ECE,10.0,3,2.748307038195434,1.7586914375494163
Not Placed,0,CSE,8.13,0,-1.2689581377275263,-0.5974112936962106
Placed,1,CSE,8.47,1,0.13381835621624186,0.054682531477864005
Not Placed,0,CSE,7.94,2,-0.5330846748512116,0.16776507639310706
Placed,1,Mechanical,8.25,3,3.2900310303516065,-0.6765889729929968
Not Placed,0,Civil,6.32,0,-2.0372645587886975,0.24582530690837495
Not Placed,0,CSE,5.4,0,-1.60743023137573,-0.7169056763497352
Not Placed,0,CSE,5.9,0,-2.8338855738961066,0.3150771398696253
Placed,1,IT,7.17,3,1.850035011439921,-0.32325988382303766
Placed,1,Mechanical,8.86,3,3.2798639127517024,0.944552875464659
Not Placed,0,IT,7.92,0,-1.5958728160027378,-0.3142474625893636
Not Placed,0,ENTC,7.37,0,-1.636268647350561,0.46167907343615283
Not Placed,0,ENTC,8.18,0,-2.897560118821494,-0.24908028265369456
Not Placed,0,CSE,8.0,2,-0.2032784007884692,0.2043520299562107
Not Placed,0,ENTC,6.55,0,-2.438285457691936,-0.054732600072855915
Placed,1,CSE,8.1,3,2.974758726588799,-0.772946862719045
Placed,1,CSE,8.41,2,1.3066808314887592,1.1331940398650098
Not Placed,0,Mechanical,9.49,2,-0.0816454058448283,0.5013788767915435
Placed,1,CSE,7.63,1,1.2925285524946584,-0.99416739650779
Placed,1,IT,9.14,2,-1.51329634322711,1.4882839067243794
Not Placed,0,ECE,7.36,1,-0.9035608555116607,-1.9995541945448132
Placed,1,ECE,9.68,3,2.1980669309747243,1.76163172198679
Placed,1,ECE,7.19,2,0.3102793711800113,0.36621798729019545
Not Placed,0,CSE,8.25,2,-0.29290730137714355,1.8471716564592022
Not Placed,0,ECE,7.94,2,-0.17475586920227593,0.530193056115269
Placed,1,CSE,8.97,1,1.002784430799493,-0.133108418754133
Placed,1,CSE,8.85,3,2.682000499156548,-0.9939915355375469
Placed,1,IT,6.81,1,0.6280010653877824,-0.9977456298005419
Not Placed,0,ECE,7.41,0,-1.4394530161719998,-0.06009836100096859
Placed,1,ENTC,9.51,3,3.4053140579436403,-0.9731417001552005
Not Placed,0,IT,7.78,0,-2.2823331096591226,-0.06394401370893796
Not Placed,0,IT,8.39,2,-0.6290281241114836,0.8185587876069773
Not Placed,0,ENTC,6.79,1,-0.5048051526584976,-0.7055395688209077
Not Placed,0,CSE,7.49,1,-0.6598960484234866,-0.010701013759925432
Not Placed,0,CSE,7.1,0,-1.2041624856731223,0.05660439388046612
Placed,1,CSE,8.49,2,0.768017125207996,0.8004622063688855
Not Placed,0,CSE,8.33,0,-1.6402081866621454,1.2393060518254813
Placed,1,IT,8.74,2,0.44247814982460226,1.804632577872115
Placed,1,ENTC,6.78,0,-2.304405221561152,-0.1473883864183672
Not Placed,0,IT,8.17,2,-0.39931617018212867,0.5550241142028716
Not Placed,0,ENTC,7.72,1,0.6442133190704971,-1.0847692775260491
Not Placed,0,ENTC,5.62,0,-2.64696566372581,-1.1132144205454328
Placed,1,IT,8.09,3,2.2370815381885976,0.5379971975637251
Placed,1,ENTC,8.8,3,4.5076122280631745,1.017465396625999
Placed,1,ECE,9.04,3,1.9099874067695433,1.3540659447771457
Not Placed,0,Civil,7.67,2,-0.27133217245895536,0.994416114198254
Placed,1,ECE,8.41,3,3.0898418194884183,-1.0147242023229717
Not Placed,0,CSE,8.16,1,-0.16883590557832898,-0.8344839930721167
Not Placed,0,ECE,7.05,0,-2.1571467624573915,-1.4511310445618881
Placed,1,ECE,6.94,1,0.3109024823857538,-1.7689304844951623
Not Placed,0,ENTC,7.66,1,-0.21471476352089067,-1.621843352925515
Placed,1,CSE,7.5,1,0.8535167100606917,-0.6415166217996296
Not Placed,0,ENTC,7.77,2,-0.22535202661255013,0.6986395700666043
Not Placed,0,CSE,7.34,2,-0.4725109258301027,0.40036518154062783
Not Placed,0,Civil,7.88,3,1.49161064802759,-1.5298632199565179
Not Placed,0,CSE,6.79,0,-3.0474405598549983,0.3804630907866744
Placed,1,IT,9.0,2,0.5497871822989232,1.6578801539316386
Not Placed,0,IT,6.15,1,-0.6792345762213724,-1.0300558333545202
Not Placed,0,Mechanical,7.63,2,0.21207396869370868,0.38175174296197595
Not Placed,0,ENTC,7.53,3,1.7336452184234914,-1.4188365340824742
Not Placed,0,CSE,7.58,2,-0.6801640167139701,0.9214918035584116
Not Placed,0,Mechanical,6.98,1,-0.12533518357682435,-0.2877462463033894
Not Placed,0,CSE,6.42,0,-1.5219686416968106,0.1706169388851324
Not Placed,0,CSE,7.9,2,-1.9046396062680646,2.3374329943797
Not Placed,0,IT,7.53,0,-1.1758892495868645,-0.7696812197137218
Not Placed,0,CSE,8.03,0,-1.71092283160165,-1.0496359044594317
Not Placed,0,CSE,6.3,0,-2.719422770960289,-0.5651722909206286
Placed,1,IT,9.16,2,-0.03415380383918547,2.275073951736971
Not Placed,0,IT,7.63,3,1.8006423099707114,-2.342003417445346
Not Placed,0,CSE,5.11,0,-3.921523125231104,-0.3773076776998216
Placed,1,CSE,7.86,1,0.22816515844568197,-0.2734185052120458
Not Placed,0,CSE,7.3,0,-1.2761178321411704,-0.3000506378808377
Not Placed,0,CSE,6.74,1,-0.5258650961370682,-0.21160747123716975
Placed,1,IT,8.75,3,3.0099584643941166,-0.4334391426953546
Placed,1,IT,8.49,3,2.3729452162792137,-1.2416767236676185
Not Placed,0,ECE,7.99,2,-0.48382611709975815,0.27191155206505535
Placed,1,ENTC,7.77,3,1.6482165294692614,-0.5894387864287144
Placed,1,CSE,8.13,3,1.6252451112689654,-0.0922718602441824
Not Placed,0,CSE,6.36,0,-1.8819291647824066,-1.1623310927342043
Placed,1,Civil,7.86,1,0.9255032371549701,-0.47342686590481475
Not Placed,0,ENTC,8.75,2,1.581432992099014,2.6237594154545953
Not Placed,0,CSE,8.58,2,-1.2823657731174145,0.8393674777597134
Placed,1,Mechanical,6.81,3,2.85324648223447,-2.05548650512299
Not Placed,0,CSE,7.86,0,-2.6696909096188652,-0.3709579551614528
Not Placed,0,CSE,6.75,0,-2.9826762645268157,1.081607131870981
Not Placed,0,ECE,7.83,2,-0.31026980078759914,0.7601439516714031
Placed,1,CSE,7.06,1,0.1489617915343795,-0.7838626588588218
Not Placed,0,Mechanical,6.96,2,0.26537010831462376,0.4676641659763452
Placed,1,IT,8.0,3,4.504102521914163,-0.7194206694868814
Placed,1,CSE,7.08,1,0.9337702257862802,-1.6464403778572174
Placed,1,IT,7.02,2,0.3126112622390564,0.15842488128744064
Placed,1,ECE,8.0,3,1.7076335428602802,-0.9571455671657012
Not Placed,0,CSE,6.44,0,-1.4434162084109905,-1.3854871219923777
Not Placed,0,CSE,7.43,1,-0.6014317546068833,-2.249664067256604
Not Placed,0,Mechanical,6.39,0,-1.9984279889220835,-0.25693331424047366
Not Placed,0,IT,6.55,1,0.9870511202840064,-1.359795767851121
Not Placed,0,IT,8.7,2,0.38645985557717005,0.587853073467827
Not Placed,0,CSE,7.35,0,-1.6691315312815336,1.2336812505461976
Not Placed,0,CSE,7.09,0,-1.7890718446924412,1.4644212975448305
Not Placed,0,IT,8.42,2,-0.1829180191978641,2.3844755449223207
Placed,1,CSE,9.07,3,1.831596298933404,0.7566594063581519
Not Placed,0,CSE,7.91,1,0.03881429433646673,-0.5030430779401931
Placed,1,CSE,8.57,2,1.0205781693827007,1.601148899431595
Not Placed,0,ENTC,7.23,1,-0.6501279877838292,-1.5932165338579156
Not Placed,0,CSE,7.75,1,0.47065483806353275,-1.144657517051729
Placed,1,CSE,7.71,1,-0.3440468302280733,0.05909252489998771
Not Placed,0,CSE,7.98,1,-0.5515091317537896,0.017944692303010257
Not Placed,0,Civil,8.52,2,0.2412299500468794,1.8607016352051262
Not Placed,0,ENTC,6.45,1,-0.8642784104376572,-1.8224325544586861
Not Placed,0,CSE,6.94,1,-0.10465626864439143,-0.32306179136072427
Not Placed,0,ECE,7.29,0,-1.823957025617905,0.44409717695530065
Not Placed,0,CSE,6.88,0,-1.3402284933217585,-0.8980418359109823
Placed,1,IT,7.9,3,1.194813687314499,0.3714927755680644
Placed,1,CSE,7.88,3,4.210530242587403,1.1202575443793887
Not Placed,0,CSE,7.75,0,-1.663815515762181,-0.36322839148962144
Not Placed,0,CSE,7.36,0,-2.6105973227684487,0.6454122001197444
Placed,1,CSE,8.85,2,-0.46527418156037875,1.3960044379188237
Placed,1,ECE,7.88,2,-0.18715452756484138,1.201266053258923
Not Placed,0,Mechanical,7.57,2,-0.36151204716341917,0.2849442911397124
Not Placed,0,Mechanical,7.76,2,-0.6601108752504812,0.55912394443593
Placed,1,CSE,8.33,2,-0.6135941438199197,2.491603023814056
Placed,1,ECE,7.88,3,2.41545839055514,-0.6603822102091086
Not Placed,0,CSE,6.97,0,-2.780967929526372,0.9641894606756853
Placed,1,CSE,9.2,3,4.582151186796689,-1.1076785942891694
Placed,1,ENTC,8.09,2,1.1024654006595263,1.02075177862173
Placed,1,IT,6.72,3,2.272263436241856,-0.19776211554262496
Not Placed,0,Mechanical,6.16,0,-3.081386510689245,-0.45416044202106637
Not Placed,0,CSE,8.29,2,0.17391209485994186,0.25778636568044255
Placed,1,IT,8.8,2,1.3389795289918631,1.9837443583606955
Not Placed,0,CSE,8.08,1,-0.06727133824958838,-1.191005541281026
Not Placed,0,ENTC,8.22,3,1.2748514903473123,-0.005694013142601939
Not Placed,0,CSE,0.0,0,-9.833138246813217,-8.458360225873932
Not Placed,0,CSE,0.0,0,-9.833138246813217,-8.458360225873932
Placed,1,CSE,8.7,3,16.704605792364912,-9.297762563513793
Not Placed,0,CSE,0.0,0,-9.833138246813217,-8.458360225873932
Not Placed,0,CSE,0.0,0,-9.833138246813217,-8.458360225873932
Not Placed,0,CSE,0.0,0,-9.833138246813217,-8.458360225873932
Not Placed,0,CSE,0.0,0,-9.833138246813217,-8.458360225873932
Not Placed,0,CSE,0.0,0,-9.833138246813217,-8.458360225873932
Not Placed,0,CSE,0.0,0,-9.833138246813217,-8.458360225873932
Not Placed,0,CSE,0.0,0,-9.833138246813217,-8.458360225873932
Not Placed,0,CSE,0.0,0,-9.833138246813217,-8.458360225873932
Not Placed,0,CSE,0.0,0,-9.833138246813217,-8.458360225873932
Not Placed,0,CSE,0.0,0,-9.833138246813217,-8.458360225873932
Not Placed,0,CSE,0.0,0,-9.833138246813217,-8.458360225873932
Not Placed,0,CSE,0.0,0,-9.833138246813217,-8.458360225873932
Not Placed,0,CSE,0.0,0,-9.833138246813217,-8.458360225873932
Not Placed,0,CSE,0.0,0,-9.833138246813217,-8.458360225873932
Not Placed,0,CSE,0.0,0,-9.833138246813217,-8.458360225873932
Placed,1,IT,10.0,2,-0.10288550474660972,3.332329152684551
Not Placed,0,CSE,0.0,0,-9.833138246813217,-8.458360225873932
Not Placed,0,CSE,0.0,0,-9.833138246813217,-8.458360225873932
Not Placed,0,CSE,0.0,0,-9.833138246813217,-8.458360225873932
Not Placed,0,CSE,0.0,0,-9.833138246813217,-8.458360225873932
Placed,1,CSE,8.25,3,1.5722346707704342,0.7733644774879332
Placed,1,CSE,8.0,3,1.5876599916879612,0.4951554458573455
Placed,1,CSE,8.0,3,1.5876599916879612,0.4951554458573455
Placed,1,IT,9.3,3,16.894190926634632,9.755123276974045
Placed,1,CSE,8.0,3,1.5876599916879612,0.4951554458573455
Placed,1,CSE,8.0,3,1.5876599916879612,0.4951554458573455
Not Placed,0,Mechanical,6.45,0,-3.391763164567983,-1.5235551260055793
Placed,1,IT,7.92,2,1.003596770175067,0.7329623955584791
Placed,1,CSE,8.74,3,4.885067095954706,1.1905878397904415
