placement_status,placement_prediction,Cluster,PC1,PC2
Placed,1,0,-1.3244150829088162,-1.7208798209075296
Placed,1,1,2.5305327872664285,1.5548908866039144
Placed,1,1,0.8057017058143446,1.385609351748578
Placed,1,2,1.1079357749271315,1.606299379173999
Not Placed,0,3,-0.2682200929920025,-0.7353027594418694
Not Placed,0,1,1.931479344071302,0.17776972620574813
Placed,1,1,0.4402078470782834,-0.5495635770055497
Not Placed,0,1,1.042764871885018,-0.8963927502231468
Not Placed,0,2,0.6258073193923502,1.1672280965956934
Placed,1,1,1.7541921481358933,0.4813919890921409
Not Placed,0,0,-0.4717245208500173,-0.29029604802274733
Not Placed,0,0,-1.4142462219505159,-0.8400105802878893
Placed,1,2,0.9725626386619903,2.023368806536212
Not Placed,0,0,-0.7853323436016844,-1.325672052339389
Not Placed,0,2,-0.5697080425734254,-0.09587709825632829
Not Placed,0,2,-0.293686844256836,0.335640769642907
Not Placed,0,0,-3.6613083474093133,-1.6683294896960184
Not Placed,0,1,1.9798550121418206,0.3031189526363916
Not Placed,0,0,-0.6348853913255056,-0.7529188800873193
Placed,1,2,-2.117414781346777,1.3819357430581005
Not Placed,0,0,-0.32310319335479054,0.5193515836482221
Not Placed,0,0,-1.9482703727809836,-1.7699923013602095
Not Placed,0,2,-2.9074779998426017,0.08596815243594598
Not Placed,0,0,-1.39529267667532,1.0987038534963787
Not Placed,0,0,-0.6379147283656349,-0.3588297073049453
Not Placed,0,0,-1.7534043672257986,-0.46038213825529056
Not Placed,0,0,-2.000096765147346,-1.1199003473371336
Not Placed,0,0,-0.7122672277776371,-0.5554682444059564
Not Placed,0,2,-0.25394594230675116,0.9970789012413955
Not Placed,0,0,-1.503668957143379,-1.1984628122531868
Not Placed,0,0,1.257498598514027,-2.2058192640833103
Not Placed,0,0,-2.5748288141594564,1.0491208976719752
Not Placed,0,0,-1.5604467526096755,-0.8874895925484885
Not Placed,0,0,-2.0572786949626587,-0.2797098673207698
Placed,1,2,0.23883762040130874,1.3709377436820198
Placed,1,1,1.8374664795081377,-1.8339519492841212
Not Placed,0,1,0.23001688038620238,-0.9736264539953525
Not Placed,0,1,0.44508575968038877,-0.9360068384878005
Not Placed,0,2,-2.720620832922173,0.6062385707836496
Placed,1,1,2.1120258181837728,0.9150575863680448
Placed,1,1,0.34480364583156237,-1.601440703564065
Not Placed,0,2,-2.171735005616834,0.29171078741989226
Not Placed,0,0,1.1503525082427548,-1.5694286651237972
Not Placed,0,0,-1.4484468062745692,-1.8552609485429707
Placed,1,1,1.3434396365302996,1.2078239483173423
Not Placed,0,1,1.1540987327064147,-0.8398866045522266
Not Placed,0,3,0.21611152665943112,0.1311931944700342
Not Placed,0,0,0.07721966121346067,-2.1071790181866605
Not Placed,0,0,-0.8877205946875399,-0.6616337794549539
Placed,1,1,2.0624903533612007,-0.6503718054578336
Placed,1,1,0.3651696214286623,-0.10360820430467244
Not Placed,0,0,-1.256032828964315,-0.7548054762619214
Not Placed,0,0,-0.6992998692992484,0.3135997028377753
Placed,1,1,1.5409429794883809,1.7043549430607998
Not Placed,0,2,0.47243341330935607,0.6332188906567836
Not Placed,0,2,-1.6294291381952197,1.5444739526216154
Not Placed,0,0,-0.22890875361487267,-0.09162972631365021
Not Placed,0,0,-0.9659979511753973,-1.0577115258784011
Placed,1,1,2.1421862957264786,0.07634182824810057
Not Placed,0,0,-2.144241455754092,-1.7659385890875972
Not Placed,0,0,-2.515632918108389,1.4437550992781294
Not Placed,0,2,-1.167393185079969,0.18073149268581284
Not Placed,0,3,0.22563166614963526,-0.760333448577118
Not Placed,0,1,0.7937472583727195,-1.8869145963627276
Placed,1,1,1.6813259738975994,0.7409453217986672
Not Placed,0,0,-1.7187774611023172,1.105169962813152
Placed,1,2,-1.187462741223951,1.2021073518536922
Not Placed,0,0,0.5706994161043975,0.5695175279188721
Placed,1,1,1.2332859614919278,2.214467023235553
Not Placed,0,2,0.41674852452755573,0.6061448475578579
Not Placed,0,1,1.21833528574056,-0.8487398618485296
Placed,1,1,1.3448027730050818,-0.6867331810542665
Placed,1,1,1.3489461772589346,0.8430399829008592
Placed,1,2,0.2834961754831885,0.6509461893081566
Placed,1,1,1.8002181190871125,1.8672649480876438
Placed,1,1,2.759778299601809,1.3444565147227145
Placed,1,1,2.3841520222940895,0.16650621597882403
Placed,1,0,0.16510613231498697,0.9512952937541933
Not Placed,0,0,-2.02632079766947,-0.8527967402048615
Not Placed,0,0,-1.2189152971948238,-1.1120787312240028
Placed,1,3,0.8617677792338748,1.2383376770198398
Placed,1,1,2.32469498327454,-0.9687348051647571
Not Placed,0,0,-1.7914013877617185,-1.3239404378384334
Placed,1,3,0.4040483516873837,-0.198258021916597
Not Placed,0,0,-1.710044666392745,0.7973176326902024
Placed,1,1,2.3718449775453982,0.5775630474153054
Placed,1,2,0.14916457649927342,0.8401923455369144
Placed,1,1,3.3267446859075966,-1.8179981079507146
Placed,1,1,1.3999078952694082,-0.6494614079329851
Not Placed,0,1,2.421130299676876,-0.1897575955171275
Not Placed,0,2,-2.777441096698743,1.293742284825676
Placed,1,1,1.8794434505640887,-1.2001577379336703
Not Placed,0,0,-3.299681543697074,-0.6161872610994933
Not Placed,0,3,0.5264124141179942,-0.27166070538238724
Not Placed,0,2,-0.5830035364130212,0.016267412210838498
Placed,1,0,-0.2818470434756438,-1.0043024005003456
Placed,1,3,0.5366321496474338,0.13672880520348057
Not Placed,0,3,-1.3019415694184857,-0.9796055441802943
Not Placed,0,0,-0.8039458943694249,-0.13635742175326276
Not Placed,0,2,-1.50949080821261,1.270133555165202
Placed,1,1,2.6924848597195634,0.04666061752923392
Not Placed,0,0,-1.8239218316631325,-1.1421421894665296
Not Placed,0,0,-2.723254733056044,0.0020555513766824054
Not Placed,0,1,0.1018505034755675,-0.7179283621497986
Not Placed,0,0,-1.8693960495098558,-0.5097596357156038
Placed,1,1,0.02850492894123481,-1.199409693941723
Not Placed,0,0,-3.063066354019382,-0.08950248488850236
Placed,1,0,-1.6286700352870354,-0.9920396748053861
Not Placed,0,2,-2.016887883658275,0.8132802360164877
Placed,1,2,1.0205975547513704,1.491767567167773
Not Placed,0,2,-0.1874458539886807,0.6951750030184902
Placed,1,1,1.5125860255691377,0.4419463423281378
Placed,1,1,1.1614537426485552,0.10112983401466263
Placed,1,1,0.9435018885309361,-0.7380584246234049
Not Placed,0,2,-1.7953592196390584,1.6824705227758756
Placed,1,2,0.8724191460204068,0.7070141761406189
Not Placed,0,0,-2.8683996687233053,-0.03276246906746244
Not Placed,0,1,1.8485462637387078,0.23009133377501945
Not Placed,0,1,2.773963716044165,-0.99027252505973
Placed,1,1,1.5256712319539003,0.1849436338785755
Not Placed,0,0,-2.9068440173444836,0.14800476310657226
Not Placed,0,0,-1.2206436507615033,-0.4783649328367788
Placed,1,3,0.6728737830334114,-0.844957314201698
Not Placed,0,3,-0.11101500385279785,-1.7266507923068646
Placed,1,1,2.3829103722436598,1.5940767127502875
Not Placed,0,0,-0.9476689179917822,-0.6144584406515122
Not Placed,0,0,-2.9815893514581364,-0.6903371297015575
Not Placed,0,0,-3.037000219586704,0.3057911262756177
Not Placed,0,2,0.044200008313665655,1.1982020697404043
Placed,1,1,2.4596266789173598,-0.41108861645870487
Not Placed,0,2,-0.8118730503509508,0.9467105544431308
Not Placed,0,0,-0.7849837266851574,-1.160294894209743
Not Placed,0,2,-1.6040676838580266,1.12684615145919
Placed,1,1,1.6420946750909322,1.437661025799152
Placed,1,0,-1.620155555457773,-0.5037204970923903
Not Placed,0,1,0.5206369491647831,-0.7811600719213361
Placed,1,0,0.40504477757148905,0.5880991865282127
Placed,1,1,2.371024395837836,0.7206504947133219
Not Placed,0,0,-3.2723937365008173,-1.6963808541452858
Placed,1,0,0.7187756092711758,-0.21096950525097324
Not Placed,0,3,0.7777894611073225,-0.8397281158593933
Not Placed,0,3,-0.7786585863012483,-0.11138660705655262
Not Placed,0,0,-1.555558222878738,-1.8831950762352325
Placed,1,0,-1.6898687789951843,-1.0441185118347616
Not Placed,0,0,-2.4357957494974807,-1.6122581408315917
Placed,1,0,0.37754951120616864,0.6821590133503056
Not Placed,0,2,-1.0298734909512057,0.49773175849919665
Not Placed,0,3,0.3213167423432761,0.4277045471763514
Placed,1,1,0.5661356517124873,0.6954398373343271
Placed,1,2,-1.5573726564448096,0.989439227758594
Not Placed,0,0,1.2322644186988803,-0.11593791093560754
Placed,1,1,2.2602031333944383,-1.0419382543828188
Placed,1,1,1.7175868817292166,0.4213095503124143
Not Placed,0,0,0.6040287670721837,-0.28361783664570145
Not Placed,0,2,-3.0125423588004137,0.3430652738822656
Placed,1,1,3.210996007899392,-1.559189640259573
Not Placed,0,1,1.0578678958183039,-1.208168657502553
Placed,1,1,2.2803111150078026,1.1709513547871906
Placed,1,1,2.715106970796287,-0.3008547858399943
Not Placed,0,3,0.4055815871999543,0.18499432889552295
Not Placed,0,2,-0.19198824070422357,1.5652752585694645
Not Placed,0,0,-1.1772717125095122,-0.28169203566028445
Placed,1,0,-1.7232966095661157,-0.8194398212506921
Not Placed,0,0,-1.9585068464645783,-1.151596582602659
Placed,1,0,-0.5559119679754232,-0.5956388919286196
Not Placed,0,0,-0.5439715693802619,0.670501384218518
Placed,1,1,2.755470330374688,2.5086317032276755
Not Placed,0,0,-0.3249300661678179,-1.1446905223059736
Not Placed,0,3,0.5239349768551292,-0.2576563290549495
Not Placed,0,3,-0.46210120433577523,-2.211912803566183
Not Placed,0,1,0.07452281757957356,-0.7177273459760293
Not Placed,0,0,-2.2186124296819343,-0.10519769538108809
Not Placed,0,0,-2.636019237376381,-1.3542202818433218
Not Placed,0,1,3.4536135506876593,-2.1112613804628944
Not Placed,0,0,-3.2807242978058864,0.12050593413639374
Placed,1,2,0.05777867297693128,1.767620279217124
Not Placed,0,0,-3.151168505986723,-1.141768218900144
Not Placed,0,0,-1.5481876019749752,-1.9939134552384405
Placed,1,3,1.5414275716579653,0.4841026113270952
Not Placed,0,1,0.09099801447891827,-1.7506431201535
Not Placed,0,1,1.5894506481769253,-0.8860917476495467
Not Placed,0,0,-1.7667324120309997,-1.7886693336480723
Placed,1,0,0.03798307001726284,-0.22673993133922138
Not Placed,0,1,1.6202364530909075,-1.8773965708190132
Not Placed,0,0,-2.3270279622651375,-2.4958118461449206
Placed,1,1,1.0514955837377822,0.2046630140322237
Placed,1,2,-0.4105775647280983,-0.01692204664431465
Placed,1,3,1.2753077055905173,-0.2789212184637341
Not Placed,0,2,1.469491064973614,2.376075934456938
Placed,1,2,0.3490585827235521,1.7135347447722948
Not Placed,0,3,-0.2728456511797782,-1.7072306029812636
Not Placed,0,2,-3.077328609083981,0.8412318190319705
Placed,1,0,1.0811271300061946,-0.582417547403791
Not Placed,0,2,-0.6111216305149438,1.477582126634372
Not Placed,0,0,-3.1787830757792914,-0.8787713471891025
Placed,1,0,-1.953718291719022,-0.6842133465226462
Not Placed,0,1,1.7031849592151709,-1.9475030453823394
Placed,1,2,0.5385554488363985,2.199152593197717
Placed,1,3,0.6349769703038783,0.5284937413172621
Placed,1,1,3.0851584157517156,-1.2024186887929966
Not Placed,0,1,-0.04871534770107393,-0.6814152503699265
Not Placed,0,3,0.1730125958116531,-1.698761764737163
Placed,1,2,0.06326289452883882,0.4389837269271308
Placed,1,2,1.0251684824876826,2.457080630446897
Not Placed,0,0,-0.49750056443874435,-1.6546947118107567
Not Placed,0,2,-1.7453402365658706,0.29849167447954367
Placed,1,2,0.34416512546655664,2.1589045841113608
Not Placed,0,1,0.42262682929428363,0.2764412088903024
Placed,1,1,1.094755836569604,1.70764134718442
Placed,1,2,-1.0748913592702032,2.342595659352944
Placed,1,1,1.4387101588829991,1.7345597620064768
Not Placed,0,0,1.543502158286332,-1.9045997254751152
Not Placed,0,0,-2.6410799212123703,-0.8689004678421084
Not Placed,0,0,-3.1701603187287466,-0.9085651868503057
Placed,1,0,-0.7048094152392326,2.0777031076884733
Placed,1,2,0.11452364263644937,1.3223232946856016
Not Placed,0,0,-0.7204059572471557,-0.6524821487889896
Not Placed,0,2,-0.8733247054267027,1.0938260064094607
Placed,1,0,-1.7148382331143892,-0.013709783120535694
Not Placed,0,0,-2.370059460569221,-0.4106833442775896
Not Placed,0,0,-2.707925256743954,0.6112877887219441
Not Placed,0,0,-1.6802855426304975,-0.9113606253737371
Not Placed,0,0,-2.124513639184326,-0.9976959932719344
Placed,1,2,-0.3871867266715942,0.8079649810780304
Placed,1,0,-2.562168773734227,0.03282954317140527
Not Placed,0,0,-2.7413099987406104,0.5854591334267162
Not Placed,0,0,-0.6692726797923056,-1.070553016311187
Not Placed,0,2,0.2512028569009854,1.1610326785712592
Placed,1,3,-1.2300292767937164,-0.70791552350823
Not Placed,0,0,0.6418743474985799,-1.7050180777835067
Not Placed,0,1,0.3338547830168222,-0.4274346251128738
Not Placed,0,1,0.7386871588685231,0.358399057680754
Placed,1,1,2.3015579400563793,-0.9609693519595304
Placed,1,2,0.5360555952691923,1.8431940309641401
Not Placed,0,1,0.8093081237149611,1.4883468449445285
Placed,1,2,-1.5176289692361515,1.436161556361459
Not Placed,0,0,-2.1072094947267503,-0.6391618073105537
Placed,1,0,0.09815260575817374,-0.2646592602520384
Not Placed,0,2,-0.6056109344882477,1.6409658171789914
Not Placed,0,0,-1.6372667552034559,-0.6075520527664716
Not Placed,0,0,-1.1072275321284837,-1.1656162825637781
Not Placed,0,1,2.1603676874909272,0.22134953904597496
Not Placed,0,0,-1.6400930037060844,-0.6792473650849019
Not Placed,0,0,-1.4023629097963768,-0.9906481294742868
Not Placed,0,1,0.46730826395021796,-1.3882319562716576
Not Placed,0,0,-2.399894274059161,-0.9322447122808015
Not Placed,0,0,-2.946718504386806,0.6803857617843778
Placed,1,1,1.522367769070709,-0.5448718752754261
Not Placed,0,3,-0.14278752141163298,-0.379081400745713
Not Placed,0,3,-0.08699423916592107,-2.091985839959319
Not Placed,0,2,1.1350211061942108,0.6739348284082984
Placed,1,1,1.9213510128943612,-0.15813392479257088
Placed,1,0,1.3382506769562619,0.5997230509436605
Placed,1,2,0.1137005451421024,0.5234715787163241
Placed,1,0,-0.42388671207104,0.20801358780251417
Placed,1,0,0.10144410338145375,-1.8336225866020268
Placed,1,3,0.4635328158872966,1.3184392545302088
Placed,1,0,0.045982574594350026,-0.2439881533595855
Placed,1,2,-0.028566495369217675,1.4754847800799316
Placed,1,0,0.6019918568818382,-1.3389181583377718
Not Placed,0,0,-1.0462503194351844,-0.7110039748842857
Placed,1,1,-0.1901571418803014,-1.7244388736741016
Not Placed,0,3,-0.07146151267016765,-0.18090690394142275
Placed,1,1,1.501925924033683,-0.5614710593680685
Placed,1,0,0.8250586625747716,-0.92001071239183
Not Placed,0,0,-2.8168434771442206,-1.0918992537220837
Placed,1,0,0.4919942460711577,-0.08573643264211699
Placed,1,1,1.9094286044559667,-1.5131534978072319
Placed,1,2,0.1838845918363594,1.9810960378715716
Not Placed,0,2,0.5376868176503069,0.06335066817879505
Not Placed,0,1,1.652024317926989,-2.183234095799681
Placed,1,2,-2.375721385494655,1.1824628658756442
Not Placed,0,0,-3.307301785508914,-0.8886589449865903
Placed,1,0,0.16754144766297743,1.1591791111965006
Placed,1,1,0.7321984127618443,-0.3898935958213819
Placed,1,1,2.1016859410951683,-1.066269300393954
Placed,1,2,0.7805838939489239,0.7862863883418906
Not Placed,0,3,-0.10807140120172806,-0.4494525360240021
Not Placed,0,0,-1.7457848298764875,-0.5233732497191831
Placed,1,2,0.6933633959288096,1.8649711734919272
Not Placed,0,2,-0.5499176230376085,0.9135413632347709
Not Placed,0,0,-3.3987254553938047,-1.5669577497101488
Not Placed,0,3,0.17304744444862075,0.884755386327756
Not Placed,0,0,-2.510577166867701,-0.5464192149203608
Placed,1,1,3.025850545573277,-0.3559407408442482
Not Placed,0,1,0.9639598496450328,0.45867441015214955
Not Placed,0,0,-0.36408842514981427,-0.950604821073085
Not Placed,0,2,-1.1528481951054121,0.8886541967584146
Not Placed,0,0,-0.5275347534490865,-1.2380884833462378
Not Placed,0,0,-1.7018017379056543,-1.9261832317827736
Placed,1,0,0.4044203129666523,0.11673056355236
Not Placed,0,0,-1.2754286805324544,-0.7517598152665155
Placed,1,2,-0.5365803926585584,1.1659056506688923
Not Placed,0,0,0.1378298858924076,-0.9126042914337595
Placed,1,0,0.13939263716517722,-1.5222156819771366
Not Placed,0,0,-0.5384751764967638,-1.1463435656990009
Not Placed,0,0,-0.9699766676861943,-0.5312699157970057
Not Placed,0,0,-2.214424825291921,-0.03759413557516271
Not Placed,0,1,2.9493601154949527,-0.26354979820490143
Placed,1,3,0.41947660822982313,0.25875240247073084
Not Placed,0,3,-0.8473989138215008,0.5024640630796293
Not Placed,0,2,-1.6684314669183753,0.43555571497733325
Placed,1,1,1.0152738421069591,-0.9391524254259653
Not Placed,0,0,-1.144681331175393,0.7184380382756945
Placed,1,1,1.592666791717424,-0.304165129127368
Not Placed,0,0,-1.8875038697655522,-1.0587225691836535
Placed,1,1,1.2717707336686028,-1.9337296493518743
Not Placed,0,1,0.7684542870615362,-1.1098548826847163
Not Placed,0,2,-2.212993395870319,0.9581683877507885
Not Placed,0,2,-1.4114933220141592,1.0400463748877076
Not Placed,0,0,-0.6473182566283403,0.7957310236786732
Not Placed,0,2,-0.828270172981174,1.220641994057213
Placed,1,1,1.3966311203022124,0.7545979713172986
Not Placed,0,2,-0.5773639538477489,0.2949218627887721
Placed,1,3,0.3192185359276065,0.6117607500221921
Placed,1,1,-0.35505125861919906,-1.1931772321785268
Not Placed,0,2,-2.2608948353896876,0.26864379758992557
Not Placed,0,1,-0.021143773597389393,-0.9718483643994299
Not Placed,0,0,-0.7415812253001938,0.821318433542038
Not Placed,0,0,-1.626726021874826,0.551242287899829
Not Placed,0,0,-1.3920435941061813,-1.9235039504936435
Not Placed,0,0,-0.7894431379685751,-0.4493436640023379
Not Placed,0,2,-2.2211914840089904,2.0963062152510283
Not Placed,0,0,-2.3966490897305066,-0.19115977282650615
Placed,1,0,-0.2764570252040754,0.6433152775479061
Placed,1,1,2.316562116037928,-0.39520628075396974
Not Placed,0,0,1.180577352441596,-2.1544862930565776
Placed,1,1,1.4212795924661918,0.4936690275550253
Not Placed,0,0,-3.028655985247636,-0.8927518838482288
Not Placed,0,0,0.010723015370757325,0.23741320715092465
Placed,1,1,1.4379660882547933,-0.9637992694811828
Not Placed,0,0,-1.1167629811595068,-2.046431091483601
Placed,1,1,2.985790703568402,0.0038080684729659997
Placed,1,1,1.779514765449312,0.32356313756428373
Not Placed,0,0,-1.3381057944742971,-0.38436343874689677
Placed,1,2,1.1903195612932824,3.785304480491246
Not Placed,0,0,-1.5639559588947867,0.9242541952482476
Not Placed,0,0,-1.8365436455533901,-2.6895135283922045
Not Placed,0,0,-1.6431419105095646,-0.16793117232520477
Not Placed,0,0,-2.0483011467148637,3.3947505834065357
Placed,1,0,-2.7282510764011514,2.1780089968992233
Placed,1,1,1.0229714900607094,0.8353128216217665
Not Placed,0,0,-0.6208061471994982,-0.7115004136114451
Placed,1,1,2.1174393503888687,-1.583165702977874
Not Placed,0,2,-1.9349337726322475,-0.13302499069435994
Not Placed,0,0,-1.7470716725063806,0.7903092967165111
Not Placed,0,2,-1.6772552774782756,1.1839195175729462
Not Placed,0,0,-0.22684878975991138,-1.4656975823823482
Placed,1,1,1.4018527097856337,-1.8229972749630328
Not Placed,0,2,-0.6497182075993578,0.8207928152988234
Placed,1,1,3.3901924301997206,-0.22924635035309054
Placed,1,0,-0.991266434059122,0.7120367080411426
Not Placed,0,0,-0.16579673773789635,-0.5672118948194558
Not Placed,0,0,-1.2954472624309767,-1.9801589097247014
Not Placed,0,2,-1.5312840673783294,0.5552110911442995
Placed,1,1,2.688853662029908,-0.11827523017174466
Placed,1,1,2.114105425627901,0.03532642501512401
Placed,1,1,3.595114391170845,-0.1932429732492232
Placed,1,0,-0.014422017196555025,0.997419770398045
Not Placed,0,0,-1.0490292875146816,0.1743988859096312
Not Placed,0,2,0.5008764027209766,0.4095270646193908
Not Placed,0,2,-0.5490988201585677,0.9665287740728238
Not Placed,0,0,-0.0009470130150565838,-0.7753480633538811
Not Placed,0,0,-2.6932781160177552,-0.7516662825755434
Not Placed,0,1,2.4190852208242246,-1.038618080051293
Placed,1,2,0.24235578373855932,1.2803035717253282
Placed,1,1,3.0661499598327855,-1.5811906479721505
Placed,1,1,2.2712867080735974,-1.4002260448150154
Not Placed,0,3,0.4902067637546873,-0.33299873488414633
Not Placed,0,0,-2.182530320575735,-0.35758642428564474
Not Placed,0,0,-2.1541678214309194,-1.0704991963700237
Not Placed,0,0,-0.46868246217877374,-0.17335420695014164
Not Placed,0,0,-2.4585982741203494,0.48826530891477044
Placed,1,1,4.24741669539608,-2.469824019174791
Not Placed,0,1,2.6985108420623534,-0.045830584287669
Not Placed,0,0,-0.20046284280360283,0.13010444243972225
Not Placed,0,3,1.7351785355425908,0.4451006393733356
Placed,1,0,-2.409777219322334,0.8952972000743974
Not Placed,0,1,2.516758072706299,-1.581430645476959
Placed,1,2,0.1832749891988666,2.7056980210874544
Not Placed,0,1,1.5563476583460614,0.539305165105443
Placed,1,1,3.1397729330065416,-1.0516208259572575
Not Placed,0,2,-0.804822819280132,0.6790600153997673
Not Placed,0,0,-0.10518755208688778,-0.2590136655986036
Placed,1,0,0.2912898667184328,-0.3557718721375553
Not Placed,0,0,0.34192142672713743,0.03371512635273479
Not Placed,0,0,-2.1295858901331424,-0.34228649571984227
Placed,1,1,2.830242451043521,0.9466227833019486
Not Placed,0,1,1.6274747171394899,0.11391755383063837
Not Placed,0,1,0.997363922491536,2.1559174164531827
Placed,1,0,0.7994225875575699,0.5097991933115775
Not Placed,0,0,-0.7372985965036574,1.1972591615764874
Not Placed,0,2,0.08864534560151796,0.2781485278242653
Placed,1,2,-1.3097467078040923,2.3310607468104148
Not Placed,0,0,-0.45196034600770485,-0.7170582368087447
Placed,1,1,2.224584016704644,0.6973067517531856
Placed,1,1,2.0992687407603707,-1.0977087553865805
Not Placed,0,0,-1.3999529366880654,-0.3733590902230911
Placed,1,0,1.1276777924342565,0.7995092623720403
Not Placed,0,0,-1.3832002492006965,0.024732727465155032
Not Placed,0,0,-1.9376170875960022,-2.197184058903455
Placed,1,1,2.6781359715560145,-0.7103772708448114
Placed,1,1,1.254886958112584,0.1365121103925034
Placed,1,1,2.170692536309271,1.9278931496916836
Not Placed,0,0,-0.3859074423960568,-0.11155030359870155
Not Placed,0,0,-1.0980783654655766,-0.009488735907562221
Not Placed,0,0,0.019184828956197497,-0.7879155411806557
Not Placed,0,0,-1.399578894820791,0.08944197173022117
Not Placed,0,0,-2.9105827982685097,0.9751039594102772
Placed,1,1,4.034331684252827,-0.30999630297563385
Not Placed,0,3,-0.43289021595953403,-0.5095796728386118
Placed,1,2,-0.47898292434576567,1.4141893286904421
Not Placed,0,0,-0.617269101582707,-1.8445850136846444
Placed,1,0,-0.9248791190585137,-1.319034025819033
Placed,1,1,2.4690090637158697,-1.9530333505552604
Not Placed,0,2,-0.46921552274936423,-0.007685789735993513
Not Placed,0,0,-2.0336792028912023,1.3372774776194838
Not Placed,0,1,0.5354974549363807,0.24642267104186447
Not Placed,0,1,0.375740457795482,3.0860719943813306
Placed,1,1,0.7733359790723034,0.42465967389721077
Not Placed,0,0,-0.6739831446943065,1.3805108846813223
Not Placed,0,0,0.7275751275687693,-2.329343492253968
Placed,1,1,1.3084648033400499,-0.1651687365576483
Not Placed,0,1,2.750603541627058,-1.1517305643617077
Placed,1,1,3.212408062337299,0.44746840964293577
Placed,1,3,0.3874384152139378,0.0400585161197603
Not Placed,0,0,-0.48906072363682523,-0.687867072903347
Not Placed,0,0,1.1751627113639909,-2.336652239850578
Placed,1,3,0.5073283322849925,0.26604774980005536
Not Placed,0,2,-2.609925801931796,1.9349904858877713
Placed,1,0,-0.761634750208679,-1.387708211788025
Not Placed,0,0,-1.9755765999485202,-0.7417860117226796
Not Placed,0,3,-0.6866663868732775,-0.07079378423761282
Not Placed,0,0,-1.292238594571295,-0.8511020936949074
Placed,1,1,1.2426170803568286,-0.20562030077302218
Not Placed,0,2,-1.0588626333661826,-1.4871507749428106
Not Placed,0,0,-2.875193505918247,-0.1522080987179198
Placed,1,1,1.7782427782145158,-1.8316293073130796
Not Placed,0,2,-2.119503258962542,1.451391260869768
Not Placed,0,0,-3.0476996824156624,-0.7843953598576614
Not Placed,0,2,-0.22773087050749688,0.8359706437501534
Not Placed,0,0,-0.8397156657135345,-2.705902182106845
Not Placed,0,3,-0.7968782663022217,-1.1791618229363847
Placed,1,0,-1.5771274648957756,-0.32633560305231546
Not Placed,0,1,1.0331639703031505,-1.0983966672755698
Placed,1,1,1.785991944998702,-0.7968425431114485
Placed,1,1,1.362005272925175,0.6594785097207632
Not Placed,0,0,-0.37733852639689813,0.22250122225800753
Not Placed,0,3,-0.05184264801276675,0.44777655521858384
Placed,1,1,3.9618983777579504,1.3984774028760278
Placed,1,1,1.6950465816669769,-0.32646926745877664
Not Placed,0,0,-3.477921473489513,-0.6336574550845498
Placed,1,1,0.43890054989809896,0.9936197639923373
Not Placed,0,3,1.0310090537929857,1.0876275675315124
Not Placed,0,0,1.2801950534958353,-1.0398911200926328
Not Placed,0,0,-1.47030541580246,0.6077944228440526
Not Placed,0,2,-2.341109264674914,1.6465529963923784
Placed,1,1,0.667336219720894,-0.6783382198140638
Not Placed,0,2,0.18473881917179064,0.9124035230910095
Placed,1,0,-0.02881193479191629,-1.4058158386624064
Placed,1,2,-0.005785001890258784,0.35161277622872683
Placed,1,1,2.267052139423257,1.8068849711315162
Placed,1,0,-1.7234123077516514,0.6646164308245144
Placed,1,0,-1.4214880992394747,0.0032152122844366048
Not Placed,0,2,-1.5655949353698515,-0.12647494799678197
Placed,1,1,1.616636239789718,-0.9536065757275074
Placed,1,2,-0.42773695964981356,0.9982487517236259
Placed,1,0,-0.7517064120559369,0.6630120134349657
Not Placed,0,0,-1.2168339260139713,0.18511645997871476
Not Placed,0,3,0.9539678084559307,-0.7657429906864378
Placed,1,0,0.1913496119684832,-0.06902306150744222
Not Placed,0,0,-0.6458239275522135,-0.34725644449727633
Not Placed,0,3,0.31742091365594577,-1.5307927685886755
Not Placed,0,0,-2.368587383300927,-0.8185815018032429
Placed,1,2,0.4630281104947332,1.73379111205992
Not Placed,0,0,-0.4925441090387827,-0.9139541257030178
Not Placed,0,3,-1.0743046426482508,-0.9004467344960292
Placed,1,1,2.788799704442499,1.057836574869309
Not Placed,0,3,0.4194582049058088,-0.31857032548841946
Placed,1,3,0.5659080433239817,0.9252299916798895
Placed,1,1,1.574012153396898,-0.5166556290162869
Not Placed,0,1,2.3963426523214344,-0.7259058927206506
Not Placed,0,3,0.12957922036431843,-0.6087211172477579
Placed,1,2,0.8606984733512377,2.5176577618467295
Placed,1,0,-0.38588322366019545,0.8758395424001311
Not Placed,0,2,-0.7826293943922422,0.99696095181901
Not Placed,0,0,-0.25145151197275784,-1.4679257614859171
Not Placed,0,1,-0.014528839342223742,0.03395209686522063
Not Placed,0,0,-0.6393928010263183,-0.0014567946575604928
Not Placed,0,1,2.246423626533716,-0.4320362424952679
Placed,1,0,-3.1888281935640084,-0.25641644241761846
Not Placed,0,2,-1.461963469776919,0.15567004137556723
Not Placed,0,2,-0.937352626455014,1.9003312951446067
Placed,1,3,1.145210616274565,-0.008045348609610318
Placed,1,2,-0.7180778622004276,0.6690538738880628
Not Placed,0,0,-1.5974766909868245,-0.9320094249899968
Not Placed,0,1,1.556618113750747,-0.27984221521410924
Not Placed,0,0,-1.038962034803164,-1.9576515963696033
Not Placed,0,2,-1.5978765373013595,0.6646742419365094
Not Placed,0,2,-0.7045245499943702,0.5419300720366843
Not Placed,0,2,-1.6649421608228585,1.0077258570784597
Not Placed,0,0,-2.156581889764442,-1.3412099138870646
Not Placed,0,1,2.1275180997564744,0.3382048704131868
Placed,1,0,0.42762863168892673,-0.828432230803104
Not Placed,0,2,-1.3523271727930477,-0.16624897165069347
Not Placed,0,0,-0.9051898573261542,-1.5888755860271093
Not Placed,0,0,-2.022889327053315,-0.9867784297567198
Not Placed,0,0,-1.2894431710592094,-0.5643818242137195
Not Placed,0,3,-0.22826659268712635,-0.4108675245049887
Not Placed,0,0,-1.8024196891485935,-1.3936229395354822
Placed,1,1,1.8635109111923418,-0.14962682521204873
Not Placed,0,0,-3.596224537864424,-1.8582562158484999
Not Placed,0,0,-2.432701710081172,-0.9744331519055108
Placed,1,0,0.9887834140020473,-0.3635981053611691
Placed,1,0,-1.592173963108215,0.5685897925608508
Not Placed,0,0,-0.9326330279539837,-0.40955818099926505
Not Placed,0,3,0.686655524264655,-0.5042857560446556
Not Placed,0,2,-1.152167735366042,-0.32504687287662903
Not Placed,0,2,-0.3831396821994951,0.8933245236785663
Placed,1,0,-0.5517784079179612,-0.47823011622718964
Not Placed,0,0,-1.8591505849680194,-1.7979684004509189
Placed,1,1,3.2741618914152855,-0.7610042069703823
Not Placed,0,1,1.6274167550249647,0.3984089874801535
Not Placed,0,1,3.7069375892419103,-1.1170815939983079
Not Placed,0,0,-2.390182646460956,1.831070103653706
Not Placed,0,0,-2.766659256479924,-0.2488619902786481
Not Placed,0,0,-0.21447156828765562,-1.8320377320937997
Placed,1,1,5.500941701385876,-0.17728220823928972
Placed,1,1,2.418782197532222,-0.8252255899957271
Not Placed,0,2,-1.4453569846786578,0.778997848262951
Placed,1,1,1.647270477590296,0.981000890587857
Placed,1,1,0.5027731789453721,0.2556327828859461
Placed,1,2,-0.41909065889814,1.6549285227106116
Placed,1,0,0.053694172536881885,1.1438150043514004
Not Placed,0,3,-0.649253332570774,-0.8704820737770963
Not Placed,0,2,-0.1329626683357337,1.5873714745256406
Placed,1,1,1.6202934180776654,-1.1801567491070457
Not Placed,0,0,-0.12263408753647377,-0.444737277195192
Not Placed,0,2,-1.3437774552223203,1.952822514126979
Not Placed,0,0,0.4469252651428578,0.36073969399644784
Not Placed,0,0,-3.0074161455050334,0.12632006789553463
Not Placed,0,3,-0.4117727134860692,-0.9965678069028275
Not Placed,0,0,-2.674152816523374,1.0698869408076306
Not Placed,0,3,-0.9457591071158379,-0.2813242650987704
Not Placed,0,1,2.722994886511014,-1.0108503982342993
Not Placed,0,0,-1.886907579045092,-0.5562534788350872
Not Placed,0,2,-2.3892363898836395,0.9128679600848021
Not Placed,0,0,-1.6363371504828537,-1.8552199149709578
Not Placed,0,2,-0.6873535036332902,-0.22780711956388344
Placed,1,2,-1.311823152688411,0.4944723321992826
Not Placed,0,0,-1.6412565963861598,-1.5005502260741557
Not Placed,0,1,0.39278591435950455,-0.009447373816564658
Not Placed,0,0,-2.232114748368267,-1.469358695395073
Not Placed,0,2,0.846892435689972,-0.16183299860645056
Placed,1,1,2.4043476631162655,1.5011508849173147
Not Placed,0,0,-1.1177257336848285,0.5519894610451153
Placed,1,0,-0.3601552985440797,-0.4639652965716224
Placed,1,1,1.5411648469369486,-1.90792749019679
Not Placed,0,1,1.2099436797066885,0.08136778629221648
Placed,1,3,0.31783278305444734,0.579699728740637
Placed,1,0,-0.7680396754335854,0.4626643843710169
Not Placed,0,0,-1.8983507828504322,-0.749268109718135
Not Placed,0,0,-0.5689054053473682,-0.6567510996921504
Not Placed,0,1,0.4812453766004038,-0.32078625749505285
Placed,1,1,2.135848336911281,-0.08622094224310453
Placed,1,2,-0.861684706634287,2.417073561459413
Not Placed,0,0,-1.941725410205567,-1.6142790746877678
Not Placed,0,0,-0.6588454996912618,-0.623743414717686
Not Placed,0,0,-3.006177756760481,-0.6250052435446546
Not Placed,0,0,-1.4804799422574788,-0.1491851344884299
Placed,1,3,1.471746386447144,0.34192539714161163
Not Placed,0,1,1.6261264621865228,-0.39415800500452575
Not Placed,0,0,-2.9916648164990916,0.47141470236963545
Placed,1,0,-0.39852211638687923,0.007655801899807132
Not Placed,0,0,-1.7008280506645508,-1.3921470685687145
Not Placed,0,0,-0.7885311491147039,-1.160939194965994
Placed,1,0,-1.6027016285354094,2.244807955384088
Not Placed,0,2,-2.337332723397567,-0.09707482710890639
Not Placed,0,0,-2.219985574014957,0.3447466543731618
Not Placed,0,1,1.9019811830159516,0.24159245847329588
Not Placed,0,0,-1.6658594943286253,-0.8435991063029994
Placed,1,0,-0.8958716746226125,0.29047373874086835
Placed,1,1,1.2645184164418912,0.8832260559825473
Placed,1,2,0.6693801537020077,0.5775888756967574
Placed,1,1,1.8163217449743758,2.2754633832439533
Placed,1,1,2.0667249269617924,1.7245868882047708
Not Placed,0,1,1.6907083695744614,-1.1333678875745496
Not Placed,0,1,0.5835114632330677,-1.231963825997663
Placed,1,1,3.3687303986739465,-0.209650216154408
Not Placed,0,0,-2.220392984403918,-2.2873195095921877
Not Placed,0,2,-1.7539509913056954,0.5494158899834446
Not Placed,0,3,0.5389611057346098,-0.4600290869399846
Placed,1,1,3.5068470809083223,-0.0001309589297105985
Not Placed,0,1,1.1757134217233627,-0.4958489952362201
Placed,1,1,3.8993914754442316,0.35267762503091094
Not Placed,0,0,-1.8812320913865186,-0.15565874707841046
Placed,1,1,3.289318983764224,1.3238677593748787
Placed,1,1,3.512351755567669,-0.5012653984692332
Not Placed,0,2,-1.1511786641888897,1.5017716568396622
Placed,1,0,0.2810045862448851,-0.7410599496909396
Not Placed,0,1,1.2746053454651443,-0.6599542726549539
Placed,1,0,-0.35195329317850876,0.6185423273557678
Placed,1,2,-0.7118589318209482,0.9951865552936308
Not Placed,0,0,-1.6759588140376425,-0.9951416645740172
Placed,1,1,1.2793782016052604,-0.7086702224146709
Not Placed,0,0,-1.3193575241623405,-0.8699509527409423
Placed,1,0,-2.6602996301973474,0.4718792774566523
Placed,1,0,-1.012915089959556,0.016022913803882384
Not Placed,0,0,-2.4631821552174467,-2.1356218253974335
Not Placed,0,0,-1.5648240583012203,-0.6453238536916523
Not Placed,0,2,-0.05568381866739088,1.4414302799070018
Placed,1,1,3.9116717071697207,2.394326789687032
Placed,1,0,1.0201480115841737,-0.8501197161317784
Not Placed,0,0,-2.098017994755304,-1.257484515265766
Not Placed,0,2,-0.6404265930875188,-0.045106026624934174
Not Placed,0,1,-0.46867932351780256,-0.8811835389750949
Not Placed,0,0,-0.6122561636893243,-0.7074358254656743
Not Placed,0,3,-1.265052370053025,-2.2085538154959337
Not Placed,0,2,-1.0671315170190279,2.4019209897333935
Not Placed,0,0,-0.7857982311544788,0.01318749018740933
Placed,1,2,-0.2048782381142365,3.8448660376008252
Not Placed,0,3,0.09716658151003993,-0.7118724912291166
Not Placed,0,0,-1.984827491019129,0.32062832333242325
Not Placed,0,2,-1.2611180294761757,-0.29377561586088735
Not Placed,0,2,-0.6788569543922875,0.4129587057274415
Placed,1,3,0.8385536734974944,0.1785271029298159
Placed,1,0,-1.4649008450729806,2.3837363910157325
Not Placed,0,2,-2.02447337749334,0.47638300484332335
Placed,1,3,-0.7663992861077351,-1.5125668783015689
Not Placed,0,2,-2.0383440624138105,0.8683073633171995
Placed,1,3,0.7336919897582109,-0.31993043109795605
Placed,1,1,2.1769134947781072,0.2529838718025501
Placed,1,1,2.1120012645992308,-0.6695927851702757
Not Placed,0,0,-1.5458160658167395,0.16775752968371774
Not Placed,0,1,-0.435125195371432,-0.15137944340325915
Not Placed,0,2,-0.04204569025348498,2.1367033582266552
Not Placed,0,1,1.8747835703726303,-1.3485840732668002
Not Placed,0,0,-1.8398117521053519,-0.594569393971026
Not Placed,0,0,-0.3101383533760422,0.23443838743429996
Not Placed,0,2,-1.3410751764886846,1.4450367788655
Placed,1,1,2.240548643904858,1.141559386923343
Placed,1,2,-0.4744506705299551,2.396497320428926
Not Placed,0,3,-0.5043022208236673,0.23479185723452958
Not Placed,0,0,-0.8959665316970875,0.1896780678194541
Placed,1,3,-0.011201867681727769,-0.10482580710187364
Not Placed,0,3,0.4390905524772271,0.656477172624663
Not Placed,0,0,-2.827132408849948,0.8188954470546415
Placed,1,0,-0.4591599135575459,0.3339303632437733
Placed,1,1,2.9762283148975546,-0.9210976334903779
Not Placed,0,3,0.6295146896773482,-0.6928906253002102
Placed,1,2,-0.39848635888579503,1.512762339167697
Not Placed,0,0,-0.7350846008421386,-0.5861140455501449
Not Placed,0,2,0.7299988480424046,0.355382845130842
Not Placed,0,1,1.869199591605483,-0.49024020462518764
Placed,1,2,-1.4495007407780853,0.6388400671982127
Not Placed,0,1,0.10627768644723255,-0.4526935308056623
Placed,1,1,0.3284557825421525,0.050102232482606056
Placed,1,0,1.0806619879207644,-0.32517400383537653
Not Placed,0,0,-1.686748742294715,-0.5618087537517342
Not Placed,0,3,-0.5587445682495339,-0.5836933984569127
Not Placed,0,0,-3.0319879630882403,0.7560566256789865
Not Placed,0,0,-1.4811441481763026,-1.3202183196878874
Not Placed,0,0,-0.6591013918205847,-1.2478541763636668
Placed,1,1,1.2946940561946634,-0.028935029521178348
Placed,1,1,2.3528855929997783,-0.1999353857764525
Not Placed,0,0,-0.6893685143748375,-0.14717122014557346
Placed,1,1,2.1149284070238297,-0.46892413439245045
Not Placed,0,2,-0.22521625007833027,0.49083309905155376
Not Placed,0,2,-2.863988067886806,1.0841660897096268
Not Placed,0,0,-1.4419091901022183,-0.5485082950838619
Not Placed,0,0,-0.26831419394313427,-0.5976047295807339
Not Placed,0,3,-0.6669077042925832,0.3785676164213237
Not Placed,0,2,-0.8345658830086093,0.16685485043976905
Not Placed,0,1,-0.020609218573234202,-0.5906892137216365
Placed,1,1,6.140392921801721,-0.9884283240702777
Not Placed,0,3,0.3407995869427048,0.27717547318771146
Placed,1,2,-0.48620941483367225,0.1449851065805388
Placed,1,1,1.6581235769333706,-0.2576156577927813
Not Placed,0,2,0.05033774790514138,1.2826773904003954
Not Placed,0,1,0.3541110818888291,-0.3500966297530987
Not Placed,0,3,-0.8806109589871142,-1.7643342630107606
Placed,1,0,-0.7019948911880718,1.1035520401363392
Not Placed,0,2,-2.1271294445623896,1.2929791630115512
Not Placed,0,2,-2.7062290497105064,0.8746369501252217
Placed,1,1,2.031461657255238,0.5505013438191377
Not Placed,0,0,0.190533341888552,-0.6774317463452874
Not Placed,0,0,-3.106598198696894,-1.1584878027163286
Placed,1,3,-0.7232116841042759,-0.8960297011519034
Not Placed,0,1,0.8183875821952922,-1.6786536763653925
Placed,1,0,-0.7240886641376562,-0.14523991552687227
Placed,1,1,2.837908336934403,-0.7174275364538045
Not Placed,0,2,-1.5094872758699023,0.1530121041065442
Not Placed,0,2,-1.6460619455884706,0.795932111485546
Placed,1,2,0.052952665165923875,1.0282322004147832
Not Placed,0,1,1.8560944543048512,-1.536055256871803
Placed,1,1,1.8373422101077455,2.3941233714079138
Placed,1,1,2.0564695770781873,0.10455040627149129
Not Placed,0,0,0.010713050224972154,0.15285046483721332
Not Placed,0,0,-1.9985377386591727,-1.156525484592905
Not Placed,0,1,0.32119695691280964,-0.7645553500006212
Not Placed,0,0,-2.618434738101027,-0.8253477911820917
Not Placed,0,0,0.41961580508879703,-2.3660890656091853
Not Placed,0,0,-1.3375482830749679,1.2010724326820805
Placed,1,1,1.6376654075056127,-0.6523964169119536
Not Placed,0,2,-1.095117416192535,0.632856073195524
Not Placed,0,2,-0.44420552027121385,0.8836609227093409
Not Placed,0,3,0.0014507094945832115,-0.11021674923185973
Not Placed,0,0,-0.7808792625169967,-0.42907433590758093
Not Placed,0,0,-1.6999282126309807,-1.7759306005431583
Placed,1,0,-2.2487296444638156,-0.19842079247193628
Not Placed,0,1,0.25713292448824987,-0.9068333783329574
Not Placed,0,2,0.271290210186821,0.7101040176534432
Placed,1,1,3.2780455956943784,0.4405332633248744
Placed,1,1,3.379596593914579,0.1806098380873652
Placed,1,2,0.5783078526718604,1.5651938259904317
Placed,1,1,3.8288837642664393,0.5350835135452771
Not Placed,0,3,-0.17723553776791426,-0.059675720351099665
Not Placed,0,0,-1.9920125485474434,-0.5437125406307337
Not Placed,0,1,0.9271091351551489,-0.6646698573595922
Placed,1,2,-1.7632667786431038,0.470498866461331
Not Placed,0,2,0.3508212492480848,-0.04928110378775322
Placed,1,1,1.5439020764913851,0.008955197698731682
Placed,1,2,-0.3396662286149039,-0.43699704647736193
Not Placed,0,3,1.0982347925406535,0.3611208613568181
Not Placed,0,0,-0.8572989196620674,1.4255713360967461
Not Placed,0,2,-1.1705990230484993,1.2593868156137136
Placed,1,0,-0.2788793697069162,0.7705630212059379
Not Placed,0,0,-2.8558169875676356,-0.481414074221788
Placed,1,1,1.379412640819231,-1.2901462107148065
Not Placed,0,3,-0.059826055702679515,-0.20033315303991173
Not Placed,0,1,0.8113601212481708,1.4134134985142226
Not Placed,0,2,0.2993558635024873,0.9824971628831335
Placed,1,1,1.52459154600141,0.3904921386290749
Placed,1,2,-1.1294567238669728,2.2080844257128507
Placed,1,1,1.5471224584494538,-0.05662329891580644
Not Placed,0,3,0.31766337912608594,-0.2796955793766238
Placed,1,3,0.38933747117570267,-0.19066802220665832
Not Placed,0,1,0.5025622548957522,0.30474333206971993
Placed,1,2,0.07979500488513008,1.883453642122278
Placed,1,1,1.1480184591315803,-0.28529369020119116
Placed,1,1,0.8685849173236186,-0.9045020105307722
Not Placed,0,0,-3.060378425904449,0.11617580383083453
Placed,1,1,0.32752708556670995,-1.456969093461588
Placed,1,3,0.5660924082645833,-1.4901799006638148
Placed,1,0,0.9445305617940131,0.2126716497420023
Not Placed,0,0,-1.4140397964272682,0.611990807628155
Not Placed,0,2,-0.6227459538178883,1.8004060419067172
Placed,1,3,1.0854137284309344,0.7698706671601363
Not Placed,0,0,-2.6402965751548044,1.395565978750312
Placed,1,0,0.7051338078715109,0.7118450284844262
Placed,1,0,-1.2062362379145855,0.20775733489929668
Not Placed,0,0,-1.8958896442801014,-1.8621348623024119
Placed,1,1,3.0746368120499157,0.1623545066653034
Not Placed,0,0,-3.277130637378686,-1.0999039655241645
Not Placed,0,0,-1.7284151377365566,1.2090413238413167
Not Placed,0,3,0.11968272672396789,-1.3902675279506622
Not Placed,0,0,-0.7278669254968372,-0.08091847554878626
Not Placed,0,1,1.6008966299859877,-0.41867599917936044
Placed,1,0,0.2574840664621249,0.5288897511697364
Not Placed,0,0,-2.4366488487014837,-0.22987091193111
Not Placed,0,2,-1.0119636804078014,1.527474137473536
Not Placed,0,0,-1.8092312915791666,-1.7831601857486443
Not Placed,0,0,-2.863771865863858,-0.06543358136414348
Placed,1,1,1.636126999258103,-0.26134102409723187
Not Placed,0,0,-1.6744258453896872,-0.45768732528204453
Not Placed,0,3,1.0648750045452036,-0.29696334885398906
Placed,1,1,5.018513967620683,0.4035390602490301
Not Placed,0,2,-0.03405397998595044,1.8820308507910601
Placed,1,2,0.3241046778544165,3.7184472259536387
Not Placed,0,3,0.8924364471325202,-0.5523254223456853
Not Placed,0,1,0.873385579119819,-2.228705817887376
Not Placed,0,0,-0.7836719400430141,-1.0324852563326619
Placed,1,0,-2.4187968784716336,0.4654150074038866
Not Placed,0,1,0.2600874240309436,2.465083338828309
Not Placed,0,0,-0.33743068469825804,-0.22292981832296827
Not Placed,0,1,0.8919318459649801,-2.343517443800769
Not Placed,0,0,-2.2907345590492976,0.051737977800647615
Placed,1,2,0.8382234822970164,1.3485397633286005
Not Placed,0,2,0.28592752960333384,0.8683555002465586
Not Placed,0,0,0.7541866040800033,-1.9832361420999618
Not Placed,0,0,-2.481887791390358,-1.0986669188272657
Placed,1,3,0.6525861837321193,0.26271467206090054
Not Placed,0,0,-1.4175559891787837,-0.6852509597336612
Placed,1,2,-1.214953224389889,0.31180116669496777
Placed,1,1,2.1272797689938248,-0.42022451960012314
Placed,1,1,0.7328656989005851,2.319338241651516
Placed,1,2,0.7429278542176943,1.7676513969622847
Placed,1,1,1.6655098387924947,0.6806326396068949
Not Placed,0,0,0.33473976804040306,-1.9472521141061425
Placed,1,1,1.4768062277402978,1.1318779092528313
Not Placed,0,0,-2.77198326875922,0.5987775770209018
Not Placed,0,0,-0.21667886907811104,0.17815802981499132
Not Placed,0,3,0.9442766676980894,-1.6964153195179477
Not Placed,0,1,0.8191858744443902,-1.2208330405046348
Placed,1,2,0.24207885543085947,1.7641151597210474
Placed,1,2,-0.41174893078710423,1.086637446557483
Not Placed,0,1,1.313543573803725,-1.2770254144459774
Placed,1,1,1.2635457781848969,-0.3288751455503944
Not Placed,0,1,2.6007664621550948,-0.2614180411057353
Not Placed,0,1,0.9072785234708101,-0.6113301834730395
Placed,1,1,1.2407389603136454,0.3615016766483907
Not Placed,0,2,-1.0067925305666126,0.856503490204289
Not Placed,0,0,-0.063935549531443,-0.8494873823782645
Not Placed,0,0,1.260435521577985,-2.3733136264712362
Placed,1,1,2.2179486731074154,0.5964531788539422
Not Placed,0,0,-0.6502150690229774,-0.7589961353903303
Not Placed,0,0,1.4376495581207882,0.9157741922705823
Not Placed,0,2,-0.9020238671302299,1.1270729758818137
Placed,1,3,0.16794934447075485,-1.5936900630786912
Placed,1,1,0.4790395561469194,-0.12077710533588457
Placed,1,2,-0.6929658300821171,2.06266152312856
Placed,1,2,-1.0336992832930914,1.1797182860050015
Not Placed,0,0,-2.7131223262847897,-0.6602648407434849
Placed,1,3,1.2532747591646856,0.2481223088229076
Not Placed,0,0,-0.3145625992516256,-0.3386799168143545
Not Placed,0,1,1.893966953449215,0.5850154372468039
Not Placed,0,0,-3.117030456291616,-0.6778009112839202
Placed,1,1,3.712143301501541,1.9839011971384433
Not Placed,0,0,-0.37666833078129974,-2.530909777548716
Placed,1,1,1.9531091263964395,-0.7287152595940134
Not Placed,0,1,1.3391502491576728,-2.070855222672558
Placed,1,1,5.838409288568873,-0.36605062571914776
Not Placed,0,0,-1.260577921055399,2.1640263225989655
Placed,1,3,0.8320631199940034,0.3752383781604874
Not Placed,0,0,0.1266226882819056,-0.7178848711580882
Not Placed,0,0,-0.8466556949302082,0.08295962000237452
Placed,1,2,1.5002001630684383,1.5951044775855772
Not Placed,0,1,2.204756042999326,-0.4449840324631467
Not Placed,0,1,0.7898341211138927,0.4836511130089961
Not Placed,0,0,-2.275557713724147,-0.11398989827119714
Not Placed,0,1,0.42727568698841534,0.7798067083609351
Placed,1,0,0.06331226550671057,-0.5194370233619949
Placed,1,2,1.18226925142122,1.274838793808234
Placed,1,3,1.2083441307951095,-0.3593905762067097
Not Placed,0,0,-2.0453707361629574,-0.14821867359578506
Not Placed,0,1,1.3595163381397097,-0.9230541423129215
Placed,1,1,2.7989588414950397,0.9968808794407098
Not Placed,0,1,2.3178219815626737,-0.5076986737059603
Placed,1,1,3.8332099203403276,-0.6697519788019926
Not Placed,0,2,-1.5621752099207604,1.131055181487068
Not Placed,0,0,-2.1480531749117704,-2.111032916734136
Not Placed,0,2,-2.2752749497582165,0.09162803584088221
Placed,1,1,-0.07285476800187164,-1.2210368129008309
Placed,1,3,1.4202447055376572,0.2666400389255933
Placed,1,1,2.140308179393605,-1.1805784343606602
Not Placed,0,0,-2.4437868113189904,-1.6255680588572168
Not Placed,0,3,-0.4223755073118395,-0.3947811261629016
Placed,1,0,-1.226353765543722,0.8392410216127204
Placed,1,1,2.241170169305259,0.16334108544192572
Not Placed,0,2,-0.36053368605263647,1.678923543304297
Not Placed,0,0,-1.774126209101033,-0.5044630540936763
Placed,1,1,1.141290307960501,-0.23741289701818613
Not Placed,0,0,0.4636245289075096,-1.7304922662795923
Not Placed,0,1,1.1339798593720505,1.685907921042354
Not Placed,0,0,-2.2477800658753253,1.5136317082676194
Placed,1,1,1.244259550783303,2.7758445753825938
Not Placed,0,0,-0.6488005319373963,-0.4562853149571999
Placed,1,0,-0.4409451531073695,-0.2037818334500872
Placed,1,1,0.10401714645675621,-0.641547002191523
Not Placed,0,0,-0.47411025043095273,0.5208277248291838
Not Placed,0,0,-1.164116549305873,-0.6388256261756323
Not Placed,0,1,1.1215564900883503,-0.4225966660017167
Placed,1,0,-0.2359812271080431,0.3711326479827259
Placed,1,2,-0.3779043689705981,1.027673110770326
Not Placed,0,1,0.33296488391355583,-1.3270075199957192
Placed,1,1,3.716059739000958,1.5844273707132268
Not Placed,0,0,-1.1225385908095102,-1.042066387336814
Not Placed,0,1,-0.1488979946482221,-1.7279128586787473
Not Placed,0,2,-2.1732700361715858,1.6195773826621518
Placed,1,2,0.38815429518044126,2.459803104290239
Not Placed,0,1,0.44626124719348215,-1.7604941275522323
Not Placed,0,0,-2.8761894447239555,0.4577044080569494
Placed,1,2,0.49204031022365163,1.2708612461829452
Not Placed,0,2,0.08206184432324072,0.8099572342250672
Placed,1,2,0.7092471703329211,2.1996592854695014
Not Placed,0,0,-1.624849592242778,-0.2770953225270538
Not Placed,0,3,0.9404137540786115,-0.5150195304399383
Not Placed,0,0,-1.6457068237811523,0.20703530864278671
Placed,1,1,-0.2157485247032773,-0.3095906542919278
Not Placed,0,0,-1.3399755449180113,-1.382674952326399
Placed,1,0,-2.458706543710801,3.04252554399235
Not Placed,0,0,-1.1206918459266035,-1.039099463115367
Placed,1,2,0.535791026045614,0.8604306855997161
Placed,1,1,2.2320570111434566,1.9683386564903735
Not Placed,0,0,-1.707406976876749,1.2629653747889757
Placed,1,1,1.6052034746109143,-0.5867645026598021
Not Placed,0,0,-2.076158045003326,0.29424207417105164
Placed,1,1,2.746537024528901,1.1572824424164911
Not Placed,0,0,-1.134785714585542,1.5701742136070977
Placed,1,1,1.8062593474382884,0.6137537324614923
Placed,1,2,-1.1836919820495968,0.7684443243674886
Placed,1,1,5.175741387486252,-1.3489792326815722
Not Placed,0,0,-2.631065869925028,-0.24174795177808583
Not Placed,0,0,-2.9716428650778957,-1.5126741556168433
Placed,1,1,0.9992750818231608,-1.311457051097171
Placed,1,2,-1.4876243267259674,1.6962942823367093
Placed,1,1,4.05337416306052,-0.4820777931147388
Placed,1,1,2.1269141089181214,0.03961806430748483
Not Placed,0,0,-1.0179312382169117,-2.441927447489077
Not Placed,0,0,-0.4308693095630097,0.5252431073365694
Not Placed,0,1,0.6041647194715504,-0.1388067624868119
Not Placed,0,0,-0.5738781550393921,-1.0103376662265835
Placed,1,1,1.808182075621338,0.6592004598170315
Not Placed,0,2,-0.21345107396918575,0.18254600264400253
Not Placed,0,0,-0.7462569476075517,-0.3206892195002446
Placed,1,2,0.028142029436560446,1.4110058541653328
Placed,1,1,0.500932987606683,0.6062227835544665
Placed,1,1,3.439283538771519,-0.7438130943540545
Not Placed,0,0,-0.9282576854917965,-0.6245251308104668
Not Placed,0,3,-0.33641978718865545,-1.0448232428926538
Placed,1,3,1.239307109873195,-1.1573517277671803
Not Placed,0,2,0.34010335264145475,1.2594335190503272
Placed,1,2,0.9790853005608928,0.08040399461518291
Placed,1,1,1.8474847101498169,-1.9679509670663846
Not Placed,0,2,0.024689375271780174,0.4619272524778624
Not Placed,0,0,-2.252982665352462,1.1547537964774797
Placed,1,2,-0.45156312467330245,-0.07286344480485554
Not Placed,0,2,-1.3711535516317412,1.3282323692739373
Placed,1,1,2.319474589095038,-0.0958957397960005
Not Placed,0,3,0.9363219250173184,0.009611596243056632
Not Placed,0,1,1.6222263260101712,-1.2729736703692112
Not Placed,0,2,-1.2611008958955257,0.7294176222912157
Placed,1,1,2.176115100031365,-0.2835991922752524
Not Placed,0,0,-2.2599682593303534,-1.3614895346182871
Not Placed,0,0,-3.1380391124818656,-0.7097040930062914
Placed,1,2,-1.2297706360770368,2.8312198410032177
Not Placed,0,0,-2.7175237587881464,0.5671730786839306
Not Placed,0,0,-0.4639328181243973,0.8345742504038308
Placed,1,1,0.253974157076035,1.0332327443242812
Placed,1,2,-0.318618065106102,2.5115182326886405
Not Placed,0,3,-0.34539214091417186,-0.18155421281912082
Not Placed,0,0,0.07781098896602456,0.36362663457223093
Placed,1,2,-0.48216032346254517,0.7553636195528234
Placed,1,2,-1.2288590825083296,2.1061432242638363
Placed,1,2,0.8721380176927715,1.0344282890082752
Not Placed,0,3,-0.39689412707961585,-1.6225357082831475
Placed,1,0,0.6800329759739338,-0.832134585414583
Not Placed,0,2,-1.8868278602057786,1.686867214312151
Not Placed,0,0,-3.1559215398121214,-0.2778329203760373
Placed,1,1,2.1912512360092316,1.9600184875565816
Not Placed,0,0,-0.5515767136039299,-0.3844943991103483
Not Placed,0,2,-0.30866513814352986,2.128940662816526
Not Placed,0,0,-0.24775018246911593,-1.5319425816274146
Placed,1,1,2.2169671657890144,1.0284536591931914
Not Placed,0,0,-3.4412418498116737,-1.65591801572116
Placed,1,1,1.9185511797493102,0.20159615554784183
Placed,1,1,1.0951655745774553,-0.3448078310811668
Placed,1,2,0.25804982202157156,1.4743437411375353
Placed,1,1,3.5404243522349486,-1.3121820781130231
Placed,1,2,0.5743396100630092,1.904271896011438
Placed,1,2,0.7750269486229467,2.396386547319923
Not Placed,0,0,-0.18386493623460418,-1.1065608113423724
Not Placed,0,0,-1.5716376367923006,1.206352002678672
Placed,1,3,0.3861494092052362,-2.072383228735843
Not Placed,0,2,-0.4935627365378547,-0.7780642351038007
Not Placed,0,0,-3.169634925516381,0.22763176310174152
Placed,1,0,0.5313181249137553,0.31756630419277726
Not Placed,0,3,0.3378045342276849,0.07650168083146514
Not Placed,0,0,-2.5812700094217242,0.9775801763317085
Placed,1,1,1.4648078978071284,-0.10396837367138911
Placed,1,1,0.6623094930526214,0.641458584020049
Not Placed,0,1,3.229481420677342,-0.19300938343590918
Not Placed,0,0,-0.9170337490201261,-0.8876770718893301
Placed,1,0,1.4985413950976092,-2.6045869720873
Not Placed,0,0,-1.0903911510756557,0.4540659390304205
Placed,1,0,-0.9207359308284466,-0.3237948076979186
Placed,1,1,1.452927859124212,-0.16556383431025265
Placed,1,1,1.619567460531853,1.8021715208466706
Not Placed,0,0,-1.381875732390115,-0.23362537851681742
Placed,1,1,2.605566462818484,-0.4540023298089131
Placed,1,1,1.02185885197709,0.49746040338737096
Placed,1,1,1.4897794179066841,1.202873970201846
Not Placed,0,3,-0.017571341782165115,-0.8894613089890414
Placed,1,2,0.2786629671635813,2.977745666027295
Not Placed,0,1,0.5906583348657058,-0.373104900806745
Placed,1,0,-1.5344321626003736,0.7452722533246685
Not Placed,0,0,-1.1400081268957547,-0.5793908549472175
Not Placed,0,1,1.9837273133014173,-1.81769463378405
Placed,1,1,2.2538038803720055,-1.2741370695911118
Not Placed,0,0,-2.0641347266555634,0.48996244358050967
Not Placed,0,3,-0.5841122131932136,0.5770299757914832
Placed,1,3,-0.5067668435581545,-0.23560068007477836
Not Placed,0,1,-0.1370709239086458,-1.535007233900311
Not Placed,0,0,-1.1313792746497353,-1.6529553176806273
Not Placed,0,1,0.9025067057669921,-1.0380223674188755
Not Placed,0,0,-2.598441529803834,0.44039133852794826
Placed,1,1,4.250837017458598,0.4348171134476427
Placed,1,2,-0.019840057149206305,1.9042641623497818
Placed,1,1,1.92859543367872,0.5573796910659441
Not Placed,0,3,0.5689513939038839,-0.018533765048147396
Not Placed,0,2,-2.623844653250398,1.5556790062769645
Not Placed,0,0,-0.8877264264667327,0.6153832159137994
Not Placed,0,0,-3.458029335635888,-1.8566408709750768
Not Placed,0,2,1.1794397006973698,1.365581954648742
Not Placed,0,1,1.2682064882219881,-1.0621676731263259
Placed,1,1,1.3273537294707127,0.9826028522577936
Not Placed,0,0,-1.2315414140880503,1.2033114337140227
Placed,1,2,0.8838081458505482,0.4334038542532768
Not Placed,0,1,1.0914534275169292,-1.0520249485591666
Not Placed,0,2,-0.4955166336221418,1.3692150673979662
Placed,1,2,0.7707393563237218,2.270149269223814
Not Placed,0,2,-1.2687643151345285,1.9905206562727604
Not Placed,0,0,0.3213145484196077,-0.22570600547719605
Not Placed,0,0,-0.5153998724048408,-0.16263065533146318
Not Placed,0,1,1.3511536528015158,0.10758843367287793
Placed,1,1,1.13581875148782,-0.883426038597021
Not Placed,0,1,0.5245024755042861,-0.09778373509441479
Placed,1,2,1.3018232716585936,3.4497217895233545
Not Placed,0,1,3.584623188736287,-0.01614850585162972
Not Placed,0,1,0.7891570236598167,-1.526781745894323
Not Placed,0,0,-1.630392382178143,-0.35828107708003365
Placed,1,2,-0.33859030765105685,0.691840313060135
Not Placed,0,0,0.8853880053562901,-2.1622560768620307
Placed,1,1,3.064174911266633,-0.784493927451673
Placed,1,1,0.970177233337881,-0.9665627314314107
Placed,1,0,-1.0477047365461287,-0.7584006649044424
Not Placed,0,0,0.163402051771646,-1.1496453259833996
Placed,1,2,0.3828540370556772,0.547511410420489
Placed,1,0,-2.3197844896153397,2.5212171295591923
Not Placed,0,3,1.7022093818258706,1.1782653929100746
Not Placed,0,0,-1.6017750522666734,-0.4208210510204223
Placed,1,2,-1.2348285996115962,0.7642501306230941
Not Placed,0,0,-1.110023659496222,1.3638178860596184
Placed,1,2,-0.9418044619241097,2.365195764798712
Not Placed,0,0,-3.0269953372144127,-0.35442368700830734
Placed,1,1,3.2910377219987708,-2.493285720966459
Not Placed,0,0,-3.1261454353894766,-0.06821005347654055
Placed,1,3,2.016859288697017,0.5237393951809677
Placed,1,2,0.1202952141882421,1.5219719847137472
Not Placed,0,0,-0.8095975647019025,-1.1036435894763605
Not Placed,0,0,-0.6519062081915612,0.24942413137801472
Not Placed,0,1,1.6777353901780505,-1.37876675972602
Not Placed,0,0,-3.149769023006545,0.2846186816171753
Placed,1,0,-1.0827574223951686,-0.3050197894101605
Placed,1,2,1.1012962682814196,2.1835560004308685
Placed,1,0,-0.633600968045019,0.8836274732071683
Placed,1,2,-1.123339580263605,1.3419260620901916
Not Placed,0,0,-2.9907879535077955,0.17790714245704528
Not Placed,0,2,-0.0793252002360832,1.0092185614366762
Not Placed,0,0,-1.8350106191450903,-2.3692866749535053
Placed,1,2,-0.23324991037191106,0.9233057295379214
Placed,1,1,2.0053704104144785,-0.22042235529852036
Placed,1,1,1.4626812036647014,1.491151290177769
Not Placed,0,0,-1.1425588039644299,0.7073414684864907
Not Placed,0,0,-1.6298881964134162,-0.15502802599441462
Not Placed,0,3,1.2847578674609117,-1.5006200748995346
Not Placed,0,0,-1.9878114669116622,-1.4977786755028908
Not Placed,0,1,1.5271137880501298,-2.332756825468767
Not Placed,0,2,-3.095736828837252,0.4846405709961201
Not Placed,0,3,0.3246180283190669,0.3667619549402949
Not Placed,0,1,2.296543976532333,0.05919196420441122
Placed,1,1,2.592791743147179,-1.0673086573964732
Not Placed,0,0,-1.1085074491073628,-1.4112318534212642
Not Placed,0,0,-0.9836569403706057,-0.6750303675569851
Not Placed,0,0,-0.48307983497339657,-0.4939439327176545
Placed,1,1,2.861755652446849,-0.14689512605012178
Not Placed,0,2,-0.2922881177710382,0.10567123435537736
Placed,1,2,-0.4585871401430916,1.0153378927130938
Not Placed,0,0,-0.909558883724123,-0.06197796882274242
Placed,1,2,-0.36068480867047287,1.6604086958264686
Not Placed,0,3,-1.5060262687921337,-0.5184121153002954
Placed,1,0,0.4673400105117744,0.16862318056850595
Placed,1,0,-1.2471481487844156,1.2567056619140362
Not Placed,0,2,-1.8371076661732455,1.2903077495686304
Not Placed,0,2,-1.15955653099286,0.770138203477516
Placed,1,2,0.27396662786292586,0.797176430041178
Not Placed,0,0,-2.3300685455218755,-2.0492581924424877
Placed,1,0,1.0980745457964296,-1.067608763409168
Not Placed,0,0,-0.6300691816846792,-1.3789422536400113
Placed,1,2,-0.18423821792908704,-0.15593072823389456
Placed,1,1,0.6168235211235065,-1.138098145246293
Placed,1,2,0.23992626357426725,2.290203699272721
Placed,1,1,2.827922852785166,1.5445765318490103
Placed,1,0,0.2673777875162557,-0.37342251851126573
Not Placed,0,2,-0.1127223854571047,2.169127736759188
Placed,1,2,-0.7176922032030082,0.5446738945759694
Placed,1,0,0.923151654730663,-1.7324102954108864
Placed,1,0,-0.002502582667500524,-1.049884918186023
Not Placed,0,2,0.23767395135034458,1.758002356141828
Placed,1,2,-0.21787796461410436,1.4408741423412812
Not Placed,0,1,2.2738791066598787,-1.552455113069059
Placed,1,1,2.4116973777142903,0.2973922225196455
Not Placed,0,3,-1.103426120406102,1.236211496618438
Placed,1,1,3.0232351883061783,-0.8102285900173152
Not Placed,0,0,-0.791899618298846,0.023730069113526292
Not Placed,0,0,-2.107297029866715,-1.5833244957401393
Not Placed,0,3,-0.338703718435765,0.595925515536632
Not Placed,0,0,-0.8986120000218007,-0.20320508735753634
Not Placed,0,2,-2.126973299898963,0.5329857027744215
Not Placed,0,0,-1.0284681176127028,0.20164680954539296
Not Placed,0,2,-1.327522605171461,2.0008881936659084
Placed,1,1,0.5527662543674672,0.19283619053539944
Placed,1,3,0.4390496090090989,0.4495084922569685
Not Placed,0,1,1.2717754620717707,0.8657070489666358
Placed,1,1,1.8792962014265988,-1.5485370881931435
Not Placed,0,1,0.554658538959698,-1.263311045338138
Placed,1,1,2.7454947330997848,-0.24015512292479263
Placed,1,2,-0.07842416108278555,1.8189022334884344
Placed,1,1,3.6008713111728174,-0.6914149101718929
Placed,1,0,-0.7483734572812419,-0.8322574838323828
Placed,1,2,-0.8683503241888018,0.8683613247928723
Not Placed,0,0,-2.7905812636946044,-0.6503949988308992
Not Placed,0,0,-1.9741921584680688,-1.6637128833608712
Not Placed,0,3,1.1411354652920893,-1.2628261306866748
Not Placed,0,3,-0.054499654204682606,0.06786633056330504
Placed,1,1,1.017164172896458,-0.05455268071543111
Not Placed,0,0,-0.7809277905887397,-0.7846368259812794
Not Placed,0,0,-1.6226419928501934,0.0412015346502943
Not Placed,0,2,-1.8592413106094419,0.9887719446362491
Not Placed,0,0,-2.888216133743524,0.7436331020668406
Not Placed,0,0,-1.1511091854686577,-0.4965327797053856
Placed,1,2,0.8318516685088169,-0.46661255138723307
Not Placed,0,0,-1.8342219522618375,-1.3372300883890635
Not Placed,0,2,0.6286668045007568,0.9338414020186991
Not Placed,0,1,0.7766111465523315,-0.8425401295851013
Not Placed,0,0,-0.7775161940617596,-0.5390624415246105
Not Placed,0,2,-1.105873733254991,0.6828565169585039
Placed,1,2,-1.3965307789245975,1.75657095154424
Placed,1,0,-0.7875318983938601,-0.5048122261573376
Placed,1,2,-1.3484885695410536,1.4178669835976967
Not Placed,0,0,-2.711926521221784,-0.5058305800673858
Placed,1,1,2.5315509264294587,-1.3344327242461578
Not Placed,0,0,-1.0391744542079362,-0.8342472297645842
Placed,1,2,2.1411449655427663,1.7113009154459082
Placed,1,0,0.2527149284226839,-1.181626105170877
Placed,1,1,2.865098493022106,-0.841897769743462
Placed,1,1,2.419420487915465,2.2239252560430494
Not Placed,0,0,-3.0013310563444207,-0.9580462772130014
Not Placed,0,2,0.22321809860660202,0.6688968754099057
Not Placed,0,0,-0.7058385547357077,0.1704519364776307
Not Placed,0,2,0.4360829072497724,-0.12405291764044335
Not Placed,0,1,1.4736084634114168,-0.4431488509532013
Not Placed,0,0,-0.8450017143673126,-0.2069021763234714
Not Placed,0,0,-1.1581698406356238,-0.73699649888485
Not Placed,0,0,-1.8102990443944087,-1.1612270685765547
Not Placed,0,0,-0.09065118827913157,-0.022320974891649276
Placed,1,2,-0.407979553499951,2.4029635686593354
Placed,1,1,2.0612521847673135,0.8253986097147512
Not Placed,0,3,0.8829697609298147,-0.14505725059216742
Placed,1,1,5.715578391298881,0.9041808268898011
Placed,1,0,-2.375538607625706,-0.2917459443177129
Not Placed,0,3,0.21680579746713624,-0.5017187334094801
Not Placed,0,1,0.13905007912416056,-0.46030417989297506
Placed,1,0,0.6990406478087405,-0.5576052289728614
Placed,1,1,2.7591855602675266,-1.7071852185480094
Not Placed,0,0,-1.80825701926069,-0.2657484496456023
Not Placed,0,0,-0.5646707506754274,0.5162645253305467
Not Placed,0,2,-0.957116394559758,-0.4258389506297256
Not Placed,0,1,0.0679422657763334,-2.0355665156030476
Not Placed,0,0,-0.18058687002052215,0.5985484230664886
Placed,1,1,2.108683235102455,1.6229034557359907
Placed,1,0,-0.5702644264951282,-0.3221558298868883
Not Placed,0,0,-1.009448691416934,-0.6587692613145077
Not Placed,0,0,-1.630325040548347,-0.5226536151171053
Placed,1,1,1.8659181332861856,-0.7095385562901296
Not Placed,0,0,-2.7416163849536392,0.18592106426883986
Not Placed,0,1,-0.20110280336509756,-0.23497017604375503
Not Placed,0,1,0.7818422353840648,-0.8662270510755492
Not Placed,0,0,-0.49369052340418507,-0.3535328836121939
Not Placed,0,2,-1.13283208710286,0.2540845007495222
Placed,1,1,2.4074061171127554,0.48132683628686984
Not Placed,0,0,-0.9212108562033338,-1.7710747478240205
Not Placed,0,2,-2.5089957995513874,0.7671802458340671
Placed,1,0,-0.982340385593649,0.5080235131038225
Placed,1,1,2.5504763883960355,0.1582062381457571
Not Placed,0,0,-1.6311399374666582,0.17722072534241234
Not Placed,0,0,-1.6849339226098252,-0.40477878199268413
Not Placed,0,1,-0.4421038340093271,-1.6043568847858787
Not Placed,0,2,-2.5544313967639676,1.2416280652598186
Placed,1,1,0.6380478231975332,0.5102891083715175
Not Placed,0,2,-0.6488704148006521,1.7080388028508933
Not Placed,0,3,0.029387009665697086,-1.3221942171156704
Placed,1,1,3.4978327729540872,-0.9964386045459541
Placed,1,2,1.1699729374517038,1.4304343572573102
Not Placed,0,1,0.772091108100514,0.5350008270257713
Not Placed,0,0,-0.9576447961205659,0.6667637394668902
Not Placed,0,0,-0.17964674623309,0.6406419870812884
Placed,1,2,-0.0304320640975536,0.8089918168822796
Placed,1,1,0.9345033568756594,-1.8007662146713692
Not Placed,0,2,-2.071768947258185,1.2892374873545882
Not Placed,0,3,-0.5257219198426467,-0.16104383211716813
Placed,1,1,3.14605284179305,-0.08747439543789713
Not Placed,0,0,0.20179380435019634,0.11852500548114887
Not Placed,0,1,0.21444695166564773,-1.7472349584781313
Placed,1,3,0.4875645995219085,0.8135034859103137
Not Placed,0,2,-0.7017819362650604,0.8998545906710385
Placed,1,1,2.434159127082768,-1.0124112631889006
Not Placed,0,0,-1.8771399325258165,-0.8487583040846471
Not Placed,0,1,1.5916020946492342,-0.9341025434573329
Not Placed,0,1,1.0508042025036346,1.4768929781539037
Placed,1,2,0.41147701265994296,1.3013364524405113
Not Placed,0,3,-0.47419110193194597,-2.063909706508042
Not Placed,0,0,-1.9567111365417447,0.522253320689749
Not Placed,0,1,1.1046429579817532,2.4717414510697404
Not Placed,0,0,-3.2849050091235013,-1.467617442379348
Placed,1,1,1.8817863583927223,-0.7580642768652812
Not Placed,0,0,-2.9410535836352567,-0.9415752584124741
Not Placed,0,0,-2.7364554098390443,-0.17037677026890113
Placed,1,1,2.7492254085002736,-2.2406687068559905
Not Placed,0,0,-0.9428571409151761,-1.456967640545428
Not Placed,0,0,-0.8467826927626756,0.410556854545897
Placed,1,1,3.8257387846342734,0.7785756681590765
Placed,1,1,4.239568139482233,0.2527696354942735
Placed,1,0,-0.6463720985121214,0.22355078620666263
Not Placed,0,1,1.2128889962992138,0.312279819156609
Not Placed,0,0,-1.348620167366582,0.049190577534812985
Not Placed,0,0,-0.3730091830639199,-1.52350824277189
Placed,1,0,-0.899378064608222,0.03373755107875094
Not Placed,0,1,2.4189235950884784,-1.4970503601988634
Placed,1,0,-1.0828619440983656,-0.0193344399694543
Placed,1,1,2.4821332728961414,-0.2654960253041246
Not Placed,0,2,-1.6524281272894612,0.3378065849311469
Not Placed,0,2,0.6269097918706926,-0.4720534111068051
Not Placed,0,1,1.5170351431685756,-1.9569382938277322
Not Placed,0,1,-0.07801672130260875,-1.4414077251635282
Placed,1,1,3.841098851890374,-0.5884280586854671
Not Placed,0,1,2.292967260158467,-2.4761605854557107
Placed,1,1,1.8522341283853065,0.545543786887026
Placed,1,1,0.5507800109239428,-1.2662287488592854
Not Placed,0,0,-2.0326757972911342,-2.9114267331213064
Not Placed,0,0,-1.7081673617474917,0.25486625311730926
Not Placed,0,0,-2.057852471453375,0.03962865387882136
Placed,1,0,0.07391379319472097,1.288040908849439
Not Placed,0,2,-1.0034594622603352,-0.13074030516722757
Not Placed,0,0,-2.9614977669487517,0.0038551832514961935
Placed,1,1,2.221173227666815,0.46682954290986534
Not Placed,0,0,-3.327127893229074,-0.1197682435161902
Not Placed,0,1,1.0200056519339322,-0.721671586049875
Placed,1,0,-0.3852125447295529,0.2356075543363086
Not Placed,0,1,1.2744589069826648,-1.2529578787886315
Placed,1,2,-2.2150651472748404,1.1788639316436198
Not Placed,0,0,-1.112163019611579,0.12266855317629383
Not Placed,0,0,-1.967369150527338,0.45465532162303396
Not Placed,0,0,-1.124730272166128,-0.9454865825352259
Not Placed,0,2,-3.0849981467129903,0.579546836875028
Placed,1,1,1.3880537641433353,0.7778252462085254
Placed,1,1,3.445659183587404,-0.9431364841661194
Not Placed,0,2,-1.4431377127891856,0.9426860209896023
Not Placed,0,0,-0.029053475696070995,-0.3620446999691084
Not Placed,0,3,1.2150283420991463,-0.9560898769089549
Not Placed,0,0,-0.43784641719918255,0.55110064348603
Placed,1,0,-0.4487348486128009,-0.10588185857896404
Not Placed,0,1,1.62016299271196,-0.9610034896703131
Not Placed,0,0,1.0407041176584877,1.4303733175321918
Not Placed,0,2,0.3965152294537869,0.5254264783820904
Not Placed,0,0,-2.9490002580533905,-0.20901426777544757
Placed,1,2,1.0604447688762508,1.584860192145539
Not Placed,0,0,-1.1984298492534398,-1.577900578606495
Placed,1,0,-0.8542804757792543,0.8920932300791181
Not Placed,0,0,0.2950542850852862,-0.46702396069534596
Placed,1,1,2.7961546197267806,0.9564284319543997
Not Placed,0,0,-1.7084836411480935,0.11972944657515491
Placed,1,1,1.6896393232733753,0.44106972293321894
Not Placed,0,1,0.5249466958860824,-2.2285824753388384
Not Placed,0,0,-2.7350962258473097,-0.8704980372068469
Not Placed,0,1,-0.20378415302473113,-1.209027856776751
Not Placed,0,3,0.566563980792207,-0.8334697198424788
Not Placed,0,0,-3.3716583644378257,-2.3086631634516235
Placed,1,2,1.057723000342473,1.5186982865042757
Placed,1,1,1.8944493601516725,-0.5195750427094303
Not Placed,0,3,-0.6405198390650643,-0.6838102975646257
Placed,1,1,1.8759470543626993,0.8033685957045986
Not Placed,0,2,-0.1465543479120155,0.5440883686763267
Not Placed,0,3,-0.25199836054516817,-0.21967777516660297
Not Placed,0,1,-0.08587942620416789,-0.4538870295005236
Not Placed,0,0,-0.4710725136103348,-0.7920783689794945
Not Placed,0,2,-1.5124129356887595,0.7483619664245401
Placed,1,1,2.5322867564924634,1.0393804195772942
Placed,1,1,1.2247725255296271,-0.2004216525456943
Not Placed,0,0,-1.7288595772497888,0.055603735422774046
Placed,1,0,0.5943670428033321,0.01151683268521558
Placed,1,1,0.8915958811729896,-1.460458582240444
Placed,1,2,-0.48190349416877526,0.33975760187985526
Not Placed,0,1,2.9969272167763945,0.3531094129537886
Not Placed,0,0,0.2852304677690012,0.21535048749121113
Not Placed,0,0,-2.7511331812156956,-2.26551109306025
Placed,1,1,1.1159119434549747,0.3645546323687027
Placed,1,1,1.721089837054542,-0.0010204994169734894
Not Placed,0,2,-3.1565414008692163,-0.03044254422721368
Not Placed,0,0,1.1178975521256642,0.17997552052469507
Not Placed,0,0,-0.7766265851004249,-1.526307465517802
Not Placed,0,1,1.4164623319217413,-0.5188627046362145
Not Placed,0,1,0.5288116592643515,-1.262170963532683
Not Placed,0,0,0.695446895549846,0.06188954748858714
Not Placed,0,1,0.4634278415519871,-0.12310983143373874
Not Placed,0,0,-0.8605009987271406,0.04101223176204
Not Placed,0,1,2.2341116850738545,-0.25074197138369003
Placed,1,2,-1.5387163023049188,1.4307005670648871
Not Placed,0,2,-0.4826065977498751,1.3517502613590908
Not Placed,0,2,-2.3811632994436054,-0.7530409171071025
Not Placed,0,1,0.13429397974286125,-1.3759818140911126
Not Placed,0,1,0.8430594422517095,-2.144390482088602
Not Placed,0,0,-0.2814358314999473,-1.4514969497456003
Not Placed,0,0,-0.06672309952532304,-0.9263934162912221
Placed,1,1,2.3890000303242656,-0.027768444155151166
Not Placed,0,1,1.1720025045338458,-0.853579573732985
Placed,1,1,2.271537931146667,-0.9694708908923397
Placed,1,3,0.6680736029577893,-0.6372366439158039
Not Placed,0,0,-3.1856107706599106,-0.28895124213026585
Placed,1,3,1.0034927030134435,0.5964698829858489
Not Placed,0,2,-1.4129464860604641,1.164375160654882
Not Placed,0,0,-3.4962937300932397,-1.393565548294707
Placed,1,1,2.622138007517568,-1.6912764107309386
Placed,1,0,-1.690460736793874,-0.10253812864155423
Not Placed,0,0,-1.7369766934227422,-1.5324405466144886
Placed,1,1,3.1576728301515735,-0.016528552936876023
Not Placed,0,0,-1.4565446257278634,0.7986725477318033
Not Placed,0,0,0.4327003149372841,-0.8912744768643877
Placed,1,0,-1.6513943465157364,1.075446184430721
Not Placed,0,0,-2.24016133568478,1.7162975010276196
Not Placed,0,1,1.0153876254905059,-0.18532270027030207
Placed,1,0,0.9108257043174626,0.0796121289739668
Not Placed,0,3,0.04738609399040945,0.06671694917434112
Not Placed,0,0,-1.2448773968867284,-0.6845371715360591
Placed,1,1,3.40363555591479,-0.763300673007767
Not Placed,0,1,0.544684450743169,1.7869973886659993
Placed,1,1,2.073955124314235,1.0593250912711982
Placed,1,1,0.6674183122097196,-1.6226506489864483
Placed,1,1,3.9332709918444415,-1.615843972343905
Placed,1,1,2.357881991691294,-1.2651647522794751
Placed,1,1,2.058926458487871,0.32688103614441416
Not Placed,0,1,0.5269427061006804,-0.633687740109497
Not Placed,0,2,-0.9373455702459941,1.4096589684080947
Not Placed,0,2,0.27645152349397606,0.6195048163647106
Placed,1,2,-1.7786823486558088,-0.017675924218938092
Placed,1,2,-0.5797177960481841,0.8146948919164902
Not Placed,0,2,-0.41422686156355676,1.3984047957529349
Not Placed,0,0,-1.2942217417886133,-0.2827523800565959
Not Placed,0,1,1.81115487491579,0.5404962557809544
Not Placed,0,0,0.08946113495850165,-2.1472105741875773
Not Placed,0,2,-1.2741731995737058,1.804691435807016
Not Placed,0,3,0.14788703435514208,-0.7673857275841506
Placed,1,0,-1.4792182523165183,-0.49955625994289726
Not Placed,0,0,-3.386170378144156,-1.6229552481539709
Not Placed,0,0,-2.7587932223005196,0.29467018100701087
Placed,1,2,0.17774937769336063,1.9496949468693587
Placed,1,2,1.2423659391473352,3.169490543901976
Not Placed,0,0,-1.5716774832296092,-0.744539290005508
Placed,1,1,1.0879419983499412,-1.3318733755644327
Placed,1,1,2.266621880891023,-1.6068451543082902
Not Placed,0,1,0.8725018392872719,-0.6065829963750753
Placed,1,1,1.207128011700258,-1.2885093567707842
Not Placed,0,1,1.0970900191390387,-0.8184910509625097
Placed,1,1,1.119021760246262,2.09723936122397
Placed,1,1,3.050987972052352,-0.8656898073009853
Placed,1,1,1.605939130035377,-1.941181266297399
Placed,1,2,1.4977220283150345,1.6530110204929405
Placed,1,1,4.791675821994005,-0.23152312265916627
Placed,1,1,3.3096149900026166,0.4007511388732366
Not Placed,0,2,0.6034484917495345,0.6294825041706925
Placed,1,1,3.1786508768362327,-1.104224047931634
Not Placed,0,3,-0.7678932986204287,-0.8025299871202517
Placed,1,1,3.6629831435935754,0.37788607520430817
Placed,1,2,-0.8957923942836129,1.2940511976536442
Placed,1,0,-0.31741754144613055,-0.21179318641547137
Not Placed,0,2,-0.45193790377024506,0.9824115714731424
Not Placed,0,0,-1.8582117306523938,0.2590664516547461
Not Placed,0,0,0.4201031996263066,-1.9520543871005525
Placed,1,2,2.230348720594249,2.43759041621511
Not Placed,0,3,0.3334344172589051,-0.356358344302857
Not Placed,0,0,-3.4181721916193495,-2.5357526263529646
Placed,1,2,-1.455964160426649,1.8857300668594448
Not Placed,0,3,0.9191713329718668,-1.4705018987688872
Not Placed,0,0,1.046727747475673,0.1656563904446668
Placed,1,0,-0.07032689127789703,-1.4280765737092813
Not Placed,0,1,0.8883198470923752,-1.2274894214662617
Not Placed,0,1,2.0943264884970882,-2.2863838087147443
Placed,1,1,1.895130798018527,0.8151086568303395
Not Placed,0,0,-2.424232674366832,-0.47596507644955416
Placed,1,1,4.2381529010800065,0.031650553130005046
Placed,1,1,1.3575102891948945,0.943410478634623
Placed,1,0,-0.1072846965769065,-0.11835310527957577
Not Placed,0,0,-0.2864674825053257,-0.8684197087561272
Not Placed,0,1,0.3381508100782939,0.3565440374313509
Not Placed,0,3,1.1504705055173532,-0.570797921987888
Placed,1,2,-0.5184017828788705,1.3325945835257509
Placed,1,1,1.8800545614469824,0.07724728401287585
Not Placed,0,0,-3.4801221992523272,-1.427586522149127
Placed,1,0,1.5403800641165262,0.33205988604760783
Not Placed,0,0,-2.58800055550988,-0.09515596143073965
Not Placed,0,2,-1.454288498860404,1.522235371572037
Not Placed,0,0,-1.4132943217739622,-2.241722744264229
Placed,1,2,-1.969454828107775,0.9806037106096525
Placed,1,1,2.155107097459993,-2.8992550025146
Not Placed,0,1,1.4207721021055189,0.04614003542862018
Not Placed,0,2,-2.3494836475682477,0.6691178768674447
Placed,1,1,2.3393283517982395,0.7464953906787425
Not Placed,0,3,0.05539107331322298,-1.9443729116201252
Not Placed,0,2,-2.133258420409094,-0.46694292254377207
Not Placed,0,0,-2.0292898152177363,-1.169794798371206
Not Placed,0,2,-0.7542089226444727,0.20502247976115004
Placed,1,1,1.6435055227389321,-1.9110242605372143
Not Placed,0,0,-0.771408480476501,-1.6587324880453163
Not Placed,0,1,2.196820105990371,-1.581746586906684
Placed,1,1,1.713482743330875,1.1115510563716198
Not Placed,0,3,0.844448295557138,-0.024088956600939064
Not Placed,0,3,-0.20664080382556718,0.9439744926606648
Not Placed,0,1,0.46880033532482723,-0.952946161588875
Not Placed,0,0,-3.3559550666888858,-0.5853631692970003
Not Placed,0,3,0.8266936325930704,0.17573831721217245
Placed,1,1,1.054155513958894,-0.39915387990113194
Not Placed,0,2,-0.7079389670125239,0.4919021229671214
Placed,1,1,3.0407497750050076,-1.8906294958488088
Placed,1,1,1.2945027470786787,-0.7739450719352702
Not Placed,0,3,-0.05589311766953375,-0.4492838897805566
Not Placed,0,2,-2.784434229789014,0.9187853350566221
Not Placed,0,0,-1.9426040623688852,0.5341839345054094
Placed,1,1,0.5941295297295046,3.4213021551030556
Placed,1,3,0.46482921705167624,-0.009698942334020636
Placed,1,1,2.402416481930991,1.0810852248114273
Not Placed,0,2,-0.34927324417368305,2.408118932433193
Not Placed,0,0,-0.22867483103269357,-1.3773030215036404
Placed,1,1,1.743187640071335,-1.1113329331757973
Not Placed,0,0,-0.891941986674341,-0.6735527925917223
Not Placed,0,0,0.15278905209858495,0.5207865212147478
Placed,1,0,-0.5359700987680184,-0.7519461818523753
Placed,1,1,3.4427183769160767,1.7460970912507356
Placed,1,1,2.2921810470172184,0.20178748199310645
Not Placed,0,2,-2.107254722427758,0.8797674239812261
Placed,1,1,1.6618074688598354,-0.6296405298811965
Not Placed,0,0,-3.1308089550265366,-0.5644672286150003
Placed,1,3,0.8391666259974625,-0.1753675166771797
Placed,1,1,2.5515888966659857,-0.27572190543525044
Placed,1,0,0.8100877401555007,0.378957254722318
Placed,1,2,-0.5432720329888397,1.4699301950227657
Placed,1,0,-3.061006678507084,-0.6484330260058631
Placed,1,1,0.900329509963485,0.6511291902618113
Not Placed,0,1,-0.0006815078341515575,-1.4106004790188378
Not Placed,0,0,-2.4407748096688415,1.0048310981558577
Placed,1,2,0.5270703530637756,1.2048299663146007
Placed,1,1,1.6830616292632665,-0.05995295263657829
Not Placed,0,1,1.7475215189105078,-1.20492528434303
Not Placed,0,1,0.49912808325459046,-2.2418788830063607
Not Placed,0,1,1.0246842693943838,-0.3148059632751706
Placed,1,2,0.11237989610557443,1.4809444458545906
Not Placed,0,0,-1.1228585879763482,-0.11392738992088564
Placed,1,0,-1.3022237014829114,0.14844878607359419
Not Placed,0,0,-0.5753897686142911,-2.3427129664416677
Placed,1,1,2.0815720935250424,1.7539188982730263
Placed,1,0,0.6732726148574222,-0.2399321847896433
Placed,1,1,1.8539218066233216,-0.19222519913354352
Not Placed,0,1,0.7454906316623322,1.0922993667652692
Placed,1,2,-2.3153259514310958,2.1834305036435118
Placed,1,1,1.4348952015041114,1.6849854748623847
Placed,1,1,3.481199097227081,0.4337598993690133
Not Placed,0,2,-1.0536993214710153,-0.05120616716475087
Placed,1,0,-1.1582461760208502,0.006107742491476883
Placed,1,1,1.0629304168231313,1.4272068931882413
Placed,1,1,2.2171074348065343,-1.0918491707702425
Placed,1,2,0.026112620173347055,0.9080959414746109
Not Placed,0,3,0.8941287827381569,-0.9466866850944804
Not Placed,0,0,-0.02150056102937055,-0.15224180180654756
Placed,1,1,3.7869137816709597,-1.2739746034275394
Not Placed,0,1,0.5174388208514742,-0.2567910642437313
Not Placed,0,3,-0.08112137113967986,-0.7701776847842795
Not Placed,0,0,-2.150213990451922,-1.078352849203204
Not Placed,0,1,2.2074728066801073,-1.8678848841944458
Not Placed,0,0,-2.0850084518171665,0.6104396950331524
Placed,1,1,1.5270709566009955,-1.321477622615189
Not Placed,0,0,-3.3765551775628975,-1.2687603917755819
Placed,1,2,0.15665874070626729,0.2972979495835637
Placed,1,0,-0.47420934828046407,0.9831861333750708
Placed,1,1,3.085646729704366,0.12335569714238395
Placed,1,1,2.399387336252398,3.184470031151105
Not Placed,0,0,-0.6341991488351147,-2.710505863047333
Placed,1,1,2.0679750854464407,-0.8038050832989495
Placed,1,0,-0.5162161382571822,0.7681566229715276
Not Placed,0,0,-2.782364956471814,-0.4772313495675206
Not Placed,0,0,0.019602194329780602,-0.09550105005929296
Placed,1,2,0.17762337966335212,1.1566341397653335
Not Placed,0,0,-2.602590519373787,1.8942320091015108
Not Placed,0,0,-0.9980171375350391,-0.501086865311249
Not Placed,0,1,0.9175408684617179,-1.1643811880681445
Not Placed,0,2,-1.9499229067047021,-0.4564011075774153
Placed,1,3,-0.04583852766030561,-1.6582962337011038
Placed,1,3,1.381231018178188,0.32619303172119046
Placed,1,3,0.0627052112264628,0.15141298498174235
Not Placed,0,3,0.844107371320047,0.19056026085845593
Not Placed,0,3,-0.651617407533012,-1.6458194723909616
Placed,1,1,1.642981424142789,0.501815373141571
Placed,1,2,-1.035667589222785,-0.009474965803814543
Not Placed,0,2,-0.7889877824508869,0.1856796368791424
Not Placed,0,2,-1.1443972528682,1.5502878459355034
Not Placed,0,1,1.673486216992766,-0.8023723947033179
Not Placed,0,2,-1.231937880526506,2.2531424495628225
Not Placed,0,1,0.8515777203555296,-0.624886795966778
Placed,1,1,0.762090328914469,0.5634391905875076
Not Placed,0,3,0.21887749446603086,1.0340466301926672
Not Placed,0,0,-0.9657546944496344,-1.234554365993821
Not Placed,0,0,-1.9327846056610432,-1.1555798814841556
Placed,1,2,0.07479702997121222,1.114864897588816
Placed,1,1,1.763990317306905,-1.1101732676277938
Not Placed,0,0,-3.2268806228848215,-0.7053929984395398
Not Placed,0,1,1.2577283634565497,-1.500139625632997
Placed,1,0,-1.3697339869126128,0.34020743122283137
Not Placed,0,0,-0.9613182099007662,-0.5270901915275785
Not Placed,0,0,-1.7051822801143637,1.2071651290500625
Placed,1,2,-2.6388071633415486,0.4358160776985636
Placed,1,1,0.8057756545854828,0.2451679797830842
Placed,1,2,0.7151374843800822,1.7412418412430313
Placed,1,2,-0.09240964167046738,2.5054863642704963
Not Placed,0,2,-2.233597357464297,0.1780943377130885
Not Placed,0,0,-0.717754629367055,-1.8629000665130557
Not Placed,0,0,-2.88037437416664,0.6044798926537588
Not Placed,0,0,-2.6748407207767158,0.762391894569942
Not Placed,0,0,-1.4706807575100007,-0.5870643356918724
Placed,1,1,2.082753734788112,0.09610409367914087
Not Placed,0,2,-0.4577321158174475,1.1782072233273848
Not Placed,0,0,-3.068818818049898,-0.3349991268425664
Placed,1,2,0.5193969565132904,1.2328340190646043
Not Placed,0,0,-1.5592496538770824,-0.14286531145083425
Not Placed,0,2,-2.0436733293933242,0.3719813217794222
Not Placed,0,0,0.02915184646239706,-0.4782472121984072
Placed,1,2,0.468293785789045,2.3392401469943445
Placed,1,1,3.6139159400032423,-1.435795543408157
Placed,1,1,3.1639982136246614,0.0967841206258442
Placed,1,1,0.6730303842422158,0.22102667253800742
Placed,1,2,0.1670386436559025,0.7711098100530724
Not Placed,0,0,-2.1694449754710803,-0.7585881418497427
Not Placed,0,0,-0.1623898041488614,0.038514546131024965
Not Placed,0,2,-0.3618020964120678,-0.06615806110399264
Placed,1,0,0.33909108949565403,-1.2180929092077555
Placed,1,1,1.4744777769932143,0.9906692648277039
Placed,1,1,1.5675632257797099,0.0604436309679654
Not Placed,0,0,-1.1781139755969081,-0.05400358578723285
Placed,1,1,1.7351180961733017,0.9238122384607942
Not Placed,0,0,-3.1877720967137626,-0.7010869802558968
Not Placed,0,0,-0.22542962764153743,-0.2711885220834846
Not Placed,0,0,-2.0805083316575868,-0.818250838015371
Placed,1,3,1.5099762366166023,0.36802117871885476
Placed,1,1,1.194413306464519,0.49864397834151797
Placed,1,3,0.27639922019456126,-0.07599089449715721
Not Placed,0,0,-2.734024021783678,-1.8393851734374609
Not Placed,0,3,-0.6931986463397527,-1.2951092111430098
Not Placed,0,0,-1.162435675797284,0.4509416267647167
Placed,1,1,4.778346021490365,1.1349205548044337
Not Placed,0,3,0.05236953570947491,-0.6452092897261525
Not Placed,0,0,-0.11248069455045817,-0.6526294044257649
Not Placed,0,2,-1.8281224530704046,0.6543822035735357
Not Placed,0,2,-1.3277878285104645,-0.07502881582419166
Not Placed,0,0,0.10184554471527506,0.3059500726460888
Not Placed,0,0,-2.884733741529372,-0.5132411734043523
Placed,1,0,0.9290310735333045,-0.9485220372356771
Not Placed,0,0,-1.6015543549664337,1.4273240840922432
Not Placed,0,0,-1.7564861233353508,-1.1211734156283686
Placed,1,1,2.7817001353817132,-0.5255061342156747
Placed,1,0,-1.507506350665836,0.40605577039838386
Not Placed,0,0,-0.1841472280327898,-1.757963116790526
Placed,1,3,0.28602807212476444,-0.3657841949975313
Placed,1,1,1.701219938684963,-0.23034486735875048
Placed,1,2,-2.2232277203023347,1.6179849795821375
Placed,1,3,0.7395575114229176,0.2748005914661165
Placed,1,1,2.9344832067772404,1.6021001467108156
Not Placed,0,1,1.8791576667100687,-0.27471525456300344
Placed,1,0,0.1741240320331134,-0.7325601071409358
Not Placed,0,0,-1.4827593666704166,-0.8952724986284722
Placed,1,1,3.122745442450207,2.1513647449669944
Not Placed,0,0,-2.6462351542532407,1.8416779849894458
Placed,1,1,2.5156204517395087,-0.44099333570077787
Not Placed,0,0,-0.8405154859077992,0.8721710728201054
Placed,1,1,1.1200313460732316,0.27011811331200863
Not Placed,0,2,-1.4230428866219296,0.23240829471012875
Placed,1,1,3.1967925378243898,-1.478587443304429
Placed,1,0,-0.8856423196348967,-1.4068381308837132
Not Placed,0,0,-2.3574519049394307,-0.292760339202174
Not Placed,0,1,1.3142219077880866,-0.005892937861252307
Placed,1,0,0.6070489977581328,1.2303659719620783
Not Placed,0,0,0.23509762725575883,-0.10584980350394013
Not Placed,0,1,-0.23126465102915958,-1.915417441162899
Placed,1,1,2.331231907109057,0.2560644780940252
Not Placed,0,0,-0.7871604370678432,-2.0673219610282456
Not Placed,0,0,-2.9694647406306363,0.1899061363410438
Not Placed,0,0,-1.4521739427234226,-0.44678481650987456
Not Placed,0,1,1.690563189360621,-0.3888770899026848
Not Placed,0,0,0.17434354908162347,0.25847543020559577
Placed,1,0,-0.06395460948969348,-0.7294731808030385
Not Placed,0,0,0.28004688057799193,0.5594884669067091
Not Placed,0,2,-1.9055864291546836,0.3151245774404286
Not Placed,0,0,-2.3197226294879365,-0.5383164299401358
Not Placed,0,0,-1.0304987818336238,0.10399230342232997
Placed,1,1,1.6374435985785514,0.4467740951962407
Not Placed,0,2,0.4458765623135179,1.8693943055153146
Not Placed,0,3,-0.5912309801828536,-0.26871898966071867
Placed,1,1,0.8309727162382728,-0.1690078870224641
Placed,1,0,-1.840719861028262,0.08207615804318208
Not Placed,0,2,0.7616345342302341,-0.11545095883570675
Not Placed,0,2,-1.0163252483378602,1.1971008041301419
Placed,1,1,1.6066862767523369,1.3290006033690904
Placed,1,2,0.555835384716809,2.6266822225263406
Not Placed,0,3,-0.5744390076787067,-0.4094855680793812
Not Placed,0,2,-0.6405499506850144,1.6495988844002658
Not Placed,0,0,-1.4243916720382754,-0.5360434558585163
Placed,1,1,2.103168120997591,-0.12741628073920933
Not Placed,0,0,-3.196601753140517,0.28923360795986425
Not Placed,0,0,-0.3980619128642498,0.06553693557517737
Not Placed,0,0,-1.0113313090837666,-1.4345927270504937
Not Placed,0,0,-0.1494650522846297,-0.17861297374156931
Not Placed,0,3,0.49961379168615627,-0.6100058036270702
Placed,1,0,-0.7315044470604259,-0.6082492540019946
Placed,1,2,-0.30655915562611685,0.6065462598771888
Not Placed,0,0,-1.7149793674438074,-0.490374408806351
Not Placed,0,0,-2.8104945449595578,0.6854785041061598
Not Placed,0,0,-1.2156379112445104,-1.4590126603817983
Not Placed,0,2,-0.021963371475701068,1.3105229343676261
Placed,1,1,3.3362477367576453,0.5232760423062335
Placed,1,0,-0.7698742176650406,2.727623767294195
Not Placed,0,3,1.0690431666579834,0.4248348437262431
Placed,1,1,0.7125917815782543,-1.3999463381620794
Placed,1,2,0.3675973764814134,3.04390493919662
Not Placed,0,0,0.0025369249171992856,-0.19638877295787688
Not Placed,0,0,-2.7735654693316705,-1.4286841550767417
Not Placed,0,2,-2.0019382019211096,0.3394123988654396
Not Placed,0,2,-0.849033014336783,-0.516597061355416
Not Placed,0,0,-1.8939987900227058,-2.62605542204831
Not Placed,0,0,-1.2438530176225828,0.11822227830817923
Not Placed,0,0,-1.0154316662406966,-0.21436469669487107
Placed,1,1,2.2171547837568433,0.5575953535220746
Not Placed,0,2,-1.6852750310653688,1.5823039242251935
Placed,1,1,0.035763927717728496,0.3803946431227125
Not Placed,0,2,-0.550564798854448,1.0492227163279946
Not Placed,0,0,0.4649458526190944,-2.049474544336664
Placed,1,1,2.0900766477787904,-1.978695149807248
Not Placed,0,1,0.7591201596873826,-0.01528169926272929
Not Placed,0,0,0.3462660592817763,-0.10717903243381469
Not Placed,0,0,-1.1600198325768163,-1.236008376440018
Not Placed,0,0,-2.8065690176668983,-0.37225140966584674
Placed,1,2,0.3028228189745291,1.7330981656795168
Not Placed,0,0,-2.6741218109364957,0.1289220415614508
Not Placed,0,3,0.8355537575534598,-0.5841494554809771
Not Placed,0,0,-2.381152537182694,-0.5852817490998287
Placed,1,1,3.602123530126592,-0.5538894345431911
Not Placed,0,0,-0.42908126503072785,-0.04122776513571107
Placed,1,3,-0.9943798455016412,0.46300638866657745
Not Placed,0,0,-1.0565918991918413,-0.655393000988317
Not Placed,0,0,0.1595042665231148,-0.7273247594494352
Not Placed,0,0,-3.001345019930023,0.7170867953323986
Not Placed,0,3,-2.0456407244267756,-1.7713996322187828
Not Placed,0,0,-3.44742465303674,-1.0888628931267539
Not Placed,0,2,-3.193660183513564,1.2816219830711755
Placed,1,1,4.458363333669566,-0.1418750381470368
Not Placed,0,2,-0.17449545902310457,3.1813862286405383
Placed,1,2,-0.007268036662779707,2.575401645864967
Not Placed,0,3,1.2520914947833124,0.27845336890578876
Not Placed,0,0,-0.7453936917465033,1.1019008380506032
Not Placed,0,3,0.30648604932943035,0.38056483093879234
Placed,1,1,0.8420004229471134,0.4696096496635956
Not Placed,0,2,-0.7926175531861723,-0.6466183442323177
Not Placed,0,0,-0.45762135615887306,0.7148478973600496
Not Placed,0,1,4.154366356643286,-2.028272773556997
Placed,1,1,1.4945194733829548,0.20079440739074617
Not Placed,0,0,-1.7421048629396425,-0.2848763284618673
Placed,1,0,0.5306005220115971,-0.8184979623435008
Not Placed,0,0,0.13120427796130368,0.2101919058598489
Not Placed,0,0,-3.0870437459522426,0.06264725489230749
Not Placed,0,2,-2.8695640232814905,1.0846561888498882
Placed,1,1,4.109914248608571,1.022890775203888
Placed,1,1,3.4076276798160583,-1.259410440169963
Placed,1,3,1.8587340046022507,0.18459000151755012
Placed,1,1,2.386877339592426,1.239321503759382
Not Placed,0,1,1.2205454466425594,-1.165662862892541
Placed,1,2,0.8401782531535517,1.4755864924923792
Placed,1,0,-0.8578463428297892,0.5044080702079017
Not Placed,0,2,-0.6832099288076928,-0.1974461348907473
Not Placed,0,1,2.3935757683892356,-1.2746289246565283
Not Placed,0,2,-0.6661610418155012,1.1266449138139658
Not Placed,0,0,-2.7683333603998026,-0.48450871239387905
Placed,1,2,0.047614641693500256,0.9284641146763684
Placed,1,1,1.865402182409283,0.5285990492735326
Not Placed,0,3,-0.2671882944801376,-1.3992596231908796
Placed,1,0,-1.159596084829414,0.292105565789
Not Placed,0,0,-1.9242751446818214,-1.887028886786648
Placed,1,3,-1.0391143300288654,-0.9338532716119088
Placed,1,1,2.7705873449339937,-0.029902837413398855
Placed,1,2,-1.103900089023394,1.805548164836033
Not Placed,0,1,-0.15572710689985322,-0.6906738465531426
Placed,1,1,1.749923697844247,0.6446674822488196
Placed,1,1,4.657883955608924,-1.8827680414985537
Not Placed,0,0,-0.8155688248502272,-0.7695945618773162
Placed,1,1,5.544902909253952,-0.4265135659024077
Not Placed,0,0,-0.7237156088133249,0.9911952258470097
Not Placed,0,3,-0.5776330805046139,0.71784446338516
Placed,1,2,-0.4949336151315113,2.3302035256953326
Not Placed,0,1,1.7033781936108456,-1.0248948105162816
Not Placed,0,3,1.1350396446103477,1.2737514577418065
Not Placed,0,0,-0.1437254484009358,-0.09254507807610357
Not Placed,0,0,-0.43281513020826473,0.10589515988203035
Placed,1,1,2.5057555998792913,2.1027640675520796
Placed,1,1,5.204055222218243,-1.3808336004973367
Not Placed,0,1,0.3571725065409533,0.12271643744486008
Not Placed,0,2,0.6084825568811586,1.5859939987407152
Placed,1,1,0.6636271187225272,-1.019645461079735
Not Placed,0,1,0.15612677532218436,-0.6942492712243148
Not Placed,0,3,-0.09483981405410345,-1.8671678816476962
Not Placed,0,3,-1.4457499950468797,-1.4937705908099315
Not Placed,0,1,0.5470066317014288,0.7996201382872581
Placed,1,3,-0.5499065568195812,-0.8923842954727673
Placed,1,1,3.2803689084384677,-0.29097180433116726
Placed,1,2,0.8671598743192341,1.2512499719380996
Placed,1,1,4.120482966278074,-0.839496395886244
Not Placed,0,2,-2.382222348919272,0.3390288358830566
Not Placed,0,2,-2.266670108725452,0.7633108838664941
Not Placed,0,0,-1.6010209441165761,0.6322092602004054
Placed,1,1,2.275330568755764,-0.43251458978085094
Not Placed,0,0,-2.4416820931872665,0.6382174339424768
Placed,1,2,-1.1238981726207242,0.9743147455205786
Placed,1,2,0.33168250011222794,0.7272981306317721
Placed,1,1,2.4592041267879847,0.8849543873102905
Placed,1,1,2.326010081480411,1.6650409844672298
Not Placed,0,0,-3.1684582680027855,0.9303167509052769
Not Placed,0,2,-1.4137893763900908,0.2658367558169383
Not Placed,0,0,-1.4214108297877486,-0.6533875646886608
Not Placed,0,0,-0.9740904403566372,0.5159847641948964
Not Placed,0,3,-1.9204114185594399,-2.0457775355287207
Not Placed,0,2,-2.1506193717518403,0.4980121434553262
Placed,1,1,2.6718613567926535,2.8715747230123654
Not Placed,0,0,-0.6096105414762106,0.29191957040170385
Not Placed,0,1,2.931105640204523,-0.022956390624248837
Placed,1,3,-0.4869788535506277,-0.4274920795142756
Not Placed,0,2,0.4053013592453234,0.653888410425471
Placed,1,2,0.25680099838731546,0.4094376635524611
Not Placed,0,0,-2.4331278143156743,-1.1890186069834319
Not Placed,0,1,1.595353914273843,-1.1904493427023475
Placed,1,1,3.683638974593003,1.8077938692312259
Not Placed,0,0,-3.3876574525519847,-1.7854431259463979
Not Placed,0,3,0.8554527616423934,-0.991179406240748
Placed,1,2,0.47391127168926434,2.0088396456517565
Placed,1,3,0.12485547101842759,0.3070947092483463
Not Placed,0,1,1.759259409690073,-0.9918757952605447
Placed,1,1,1.8828541059355288,-0.025437536787270013
Not Placed,0,0,-3.331467745534948,-1.2725167974008345
Not Placed,0,2,-0.7890274956055817,0.3007090353559297
Placed,1,0,-0.7722701920487967,-0.26800240295793065
Not Placed,0,0,-1.2266089102617355,-0.9755459395508287
Not Placed,0,2,-0.6948816081945074,0.6633492686532354
Not Placed,0,0,-2.5001975347111585,0.6306511874288647
Placed,1,0,-1.1937408642796112,1.5313470991191256
Not Placed,0,2,-0.3827341180875232,-0.204825738394517
Not Placed,0,0,-2.0091146045599126,0.4852952327311149
Not Placed,0,0,-0.38836599169777447,0.2566347887488224
Not Placed,0,2,-1.0974449890610558,0.664656104535417
Not Placed,0,0,-0.8932262326970933,0.12905839050489443
Placed,1,1,1.2981688148318464,-0.14663172823007276
Not Placed,0,2,-1.2905135475483305,1.0524309242828314
Not Placed,0,1,-0.05662574189454586,-1.3696129304447426
Placed,1,1,2.1319141312693057,0.46387850012528187
Placed,1,1,1.308799995630389,0.36200948266864075
Placed,1,1,1.1250589733423122,-1.2183544535889703
Placed,1,0,-1.0850075678366007,0.041161951889224724
Placed,1,1,1.7506135671386827,1.5454031012524228
Placed,1,1,2.126057045174339,0.15474573278657944
Placed,1,2,0.4314840239964412,1.8803224924801276
Not Placed,0,0,-2.9076588236490557,-1.8987742120936681
Placed,1,2,0.6381189326811355,1.9933195294393808
Not Placed,0,0,-0.6169461350253871,-0.15280768707758527
Not Placed,0,0,-1.033892234688613,-0.28175739479017775
Placed,1,1,3.722190117499827,0.009430685256066215
Placed,1,1,1.6932994091932718,0.9349875252013451
Placed,1,1,3.142675830553101,0.8153747825076113
Placed,1,1,1.7154530988984498,-0.500167655889704
Placed,1,1,3.1633153685125808,-0.4550628893405439
Not Placed,0,0,-1.4982999330872577,-1.1098658163492041
Placed,1,0,-3.0503420076780214,0.24483891287719467
Not Placed,0,1,2.3077471984821143,-2.98579467181813
Not Placed,0,0,-1.4300523605597402,0.11812115515373872
Placed,1,1,3.8065197145090526,-0.944273560233405
Placed,1,1,3.5258826499511504,1.003739628107054
Not Placed,0,1,1.0652219701494998,-1.6827080845208668
Not Placed,0,2,-0.8237746609697228,0.8437437937121838
Not Placed,0,2,-3.154729757254295,0.6591766076803212
Not Placed,0,0,-0.6732890094018846,-0.3793968115016288
Placed,1,1,1.8471247851712986,-0.9418037750873844
Not Placed,0,2,-1.0682833361049044,2.3549808700311825
Not Placed,0,3,0.44468600162119426,0.9522971742091566
Placed,1,1,1.5349956392976405,0.01076666469941301
Placed,1,1,1.5826912843248144,1.8552180687234268
Not Placed,0,1,0.734444452803935,-1.4757867343517574
Placed,1,0,-1.9501944051098246,0.987359649674631
Not Placed,0,0,-1.143274665579332,-1.4445643301098114
Placed,1,2,0.3313965958936538,0.6978004778843203
Placed,1,1,2.000952273858181,1.0512726733180329
Not Placed,0,2,-0.7050203125871523,0.8890157325435508
Not Placed,0,0,-1.2965077216719758,0.019540870088349812
Not Placed,0,2,-1.0193920636111733,1.8974407533480937
Placed,1,0,0.44695667323536403,-1.7067801639988258
Not Placed,0,0,-2.156029572978842,-0.31311996154095156
Placed,1,2,0.5929881612985565,1.3948579278750295
Placed,1,0,-0.3047811966439511,-0.8052341936778975
Not Placed,0,0,-3.016392000277034,0.32967625350762403
Placed,1,3,1.4077183736030383,2.2989340072392133
Not Placed,0,0,-2.1849092171204205,-1.643132244212268
Not Placed,0,2,-2.563639213136644,0.047800388568907476
Placed,1,2,-0.3019320619612224,1.2778949689349788
Not Placed,0,0,-2.4300562961137344,-1.4612301367401002
Placed,1,2,-1.3850397459562342,1.178823500217081
Placed,1,2,-0.07271841315572164,1.3641699626081438
Placed,1,3,1.181997936597189,-0.3200276691869034
Not Placed,0,0,-1.5623552490929562,0.7374222134927941
Placed,1,1,2.8822635776091814,0.18792232628153302
Not Placed,0,1,0.6524004345869582,-1.388828559240445
Not Placed,0,0,-0.24385927201211208,-1.1388443231024372
Placed,1,1,0.6296959803343734,0.5823172108479231
Not Placed,0,2,0.8645178896828827,1.348294933294137
Not Placed,0,0,-1.3547982639319327,-0.09368479473152984
Placed,1,1,0.7555922909869052,0.2753693180381253
Not Placed,0,2,-1.602579970555614,0.2276992783260275
Not Placed,0,0,-1.6602213797411365,-1.255323803022007
Not Placed,0,0,-1.0843143858414392,-0.2201620716941473
Not Placed,0,1,0.49897494298659684,-0.8314301070169752
Not Placed,0,2,-0.6587417143535513,0.6088860717848781
Placed,1,1,1.8589175925073085,1.1912165859722397
Not Placed,0,0,-1.3314236250116211,0.17359615403189282
Placed,1,2,1.476950836407394,-0.2886453499068318
Not Placed,0,0,-1.7890246975721023,-0.6480504545943264
Placed,1,1,4.190720207595306,-1.6892244803577476
Placed,1,0,-1.2519670316785119,1.1975712689484734
Not Placed,0,2,-0.2252315288907663,1.3224475918224696
Placed,1,1,2.1333247878426933,-1.3399576844355308
Not Placed,0,0,-1.066795839909761,-1.703760918360404
Not Placed,0,0,-0.8806815950651056,1.009047440717011
Not Placed,0,2,-2.8174310930312534,1.754750668374612
Not Placed,0,0,-0.7847992912191122,-2.452633638166181
Not Placed,0,1,1.7077537094806852,0.2714098366226989
Placed,1,1,1.0760923198936811,0.6351870441739852
Not Placed,0,0,-2.473221204853771,1.4616501171874732
Placed,1,2,0.3433697629686271,2.311260590054211
Not Placed,0,2,-0.8840207844500231,0.23506000421897097
Placed,1,0,-0.4754540748154755,-0.6387301527686851
Not Placed,0,3,1.1971942918236758,-1.7896493039900077
Not Placed,0,0,-2.830037326485696,-1.8501163838449586
Not Placed,0,0,-0.9617564536990549,-0.793902070807921
Placed,1,2,0.012754389885103364,2.702981357687464
Placed,1,1,3.1495963147197856,-0.6335414687414279
Not Placed,0,1,2.7688314031718946,-2.3864369635088067
Not Placed,0,2,-0.3809663983034913,0.03893929034447369
Placed,1,2,1.3072863934723282,2.376774387669695
Placed,1,1,2.6401998956274473,-0.4064251801807178
Placed,1,1,3.0063197023468757,-1.2476107396480616
Not Placed,0,0,-1.183004916593886,-0.428846247556862
Not Placed,0,3,-0.8514924754473071,0.8244731078156504
Not Placed,0,0,-1.2421905189822717,-1.142904872401378
Placed,1,1,2.062236737166797,-0.8068430637667804
Not Placed,0,2,-1.0506168593047944,0.2480480563294613
Placed,1,2,-1.4074018590561326,1.638107773982995
Not Placed,0,2,-0.3395453528715533,-1.136925178167196
Not Placed,0,0,1.0660724049840211,-2.762337206386972
Not Placed,0,2,0.862799468908155,1.2071580124981383
Not Placed,0,2,-1.6731775891331337,-0.19746509335369725
Not Placed,0,3,0.14105302133558867,-0.44886204882297925
Placed,1,0,-1.8880426313728709,-0.8884220911769389
Placed,1,2,-0.29894599098068647,0.8181979912512419
Not Placed,0,2,-1.8615872660229322,0.47859466942924733
Not Placed,0,0,-0.8064940894245205,0.7106016480483548
Placed,1,3,0.26783297380355886,0.4983235953330011
Not Placed,0,0,0.2379485816696668,-0.2689638393913307
Placed,1,1,3.7060665944616202,0.04949612502924428
Placed,1,2,-0.0207732546554954,1.3154047634924206
Not Placed,0,0,-1.0599258318865137,0.08841804358347512
Not Placed,0,2,-0.5921338499720298,-0.22674677056607845
Not Placed,0,2,-1.576746238106612,1.3851448219719413
Placed,1,2,0.3707736264684702,0.6031221007302217
Not Placed,0,3,0.9871284631280413,-0.93075077869892
Not Placed,0,2,-0.9338410161372643,1.6286221285610474
Placed,1,0,-1.5763446598507345,0.2624018668207743
Not Placed,0,0,-1.7871279662537525,-1.093666180294161
Not Placed,0,0,-1.825679587150703,-0.10389806884535127
Not Placed,0,0,-1.8495998414670085,-1.5306029580204765
Not Placed,0,0,0.026980891943397797,-0.31894761896796453
Not Placed,0,0,-1.6939803618253035,-1.7538931486543312
Not Placed,0,0,-0.5115076550931912,-0.1746345208906229
Not Placed,0,0,-0.6993128056828781,-1.4281765252226204
Placed,1,1,3.4685652382193566,-0.23162112735231394
Not Placed,0,0,-2.156343918207689,-1.1314075234044154
Not Placed,0,3,0.21056389154327865,-0.3561878972831284
Not Placed,0,1,2.1106495800665637,0.7123132118898262
Not Placed,0,3,-1.087297952769042,-1.7353030623490164
Placed,1,1,1.451230948603495,1.0938350099432952
Placed,1,1,1.699696048334545,0.8639840963748338
Not Placed,0,2,-2.8332244495703836,-0.3525621949975872
Placed,1,1,0.5647586728214525,2.474955510119369
Not Placed,0,3,1.0490245985700843,-0.9264015692472067
Not Placed,0,0,-1.4921393919222152,0.3646342492141568
Not Placed,0,0,-0.35133063971685624,-1.1227551495978205
Not Placed,0,3,1.4488600253562216,0.7395833851572203
Placed,1,0,-2.238789593905395,3.8538210821149486
Not Placed,0,1,1.3118724037412386,1.5075225870612543
Not Placed,0,1,1.715024240426886,0.12107854771411955
Not Placed,0,2,-0.7587252897401844,1.0683782746885104
Not Placed,0,0,-3.198534158120297,-0.42315606218811286
Placed,1,0,-0.9401541594746015,1.3035395614776022
Placed,1,1,1.231830866267585,-0.8272768020256224
Not Placed,0,2,-1.0393678751159026,1.880638221300442
Placed,1,1,2.9527360625953354,0.7661745535491621
Placed,1,3,0.5688256268968243,0.2508363100891959
Not Placed,0,3,-0.6600493086611728,-0.8315477500756734
Not Placed,0,0,-2.7416022582466284,1.0821326731765164
Not Placed,0,0,-1.7330284575035888,-0.09584754015873262
Placed,1,1,1.0340484396698277,-0.8075026406753685
Not Placed,0,0,-0.3325589670781295,0.22065763119381943
Not Placed,0,3,-0.21056969469235992,0.02355002867537642
Not Placed,0,0,-0.5208790373951152,-0.12769445005547847
Not Placed,0,0,-2.82720138985177,0.795725786178906
Not Placed,0,0,-2.820636915322573,0.4502802078584045
Placed,1,0,0.41723353443455,-0.04624621906107029
Placed,1,1,1.2967443577390145,-0.8631932698965792
Not Placed,0,2,-2.1132978663203215,0.08557204087060145
Not Placed,0,0,-0.2881655628353752,-0.06143992315886085
Placed,1,2,0.11090145599892742,0.8442485918955367
Not Placed,0,0,-2.8015680071144886,-0.36283949510365227
Placed,1,0,-0.26302580445830526,-0.9882317443703181
Not Placed,0,3,1.5398993001913193,0.010003618640507691
Placed,1,3,0.5962158346805699,-1.820321936733955
Placed,1,1,1.7003432241177203,0.6564576955291079
Not Placed,0,0,-1.2119899825998586,-0.5095750595244163
Placed,1,1,2.407142262905656,1.5847667901963975
Placed,1,3,-0.10166854904700093,0.7793464921356626
Not Placed,0,0,-1.2491362913461954,-0.23794733184676103
Placed,1,1,2.01060497016484,2.0432828375889014
Not Placed,0,3,-1.0243385888090277,-0.9304019272681932
Not Placed,0,0,0.4770820662483243,-1.253959655316299
Not Placed,0,1,1.130441246286059,0.5057761063809569
Placed,1,2,-0.5471961701554486,0.5733675185725562
Not Placed,0,1,2.2660560625906907,-1.362735707091212
Not Placed,0,2,-0.4100833114187227,0.4817250093931424
Not Placed,0,1,1.198788116712447,-0.3553756142557502
Not Placed,0,1,0.4181295841993854,-0.5827442611277618
Not Placed,0,0,-0.19751099458092716,-0.30659695623084166
Not Placed,0,0,-0.389231570525424,-1.250688234888386
Not Placed,0,1,0.1480267007578482,-0.10947799265855145
Placed,1,1,2.427201901335935,-1.3188284001288535
Not Placed,0,0,-2.0637785257929178,1.3199101025573992
Not Placed,0,3,-0.3601453611742885,-1.492104453973256
Not Placed,0,0,-1.6206708179049882,1.013702565837471
Not Placed,0,1,1.4927880262382502,-1.8730880424073935
Not Placed,0,1,0.9907212729249196,0.03539567185927615
Placed,1,1,0.882543234145546,0.8152319672270399
Placed,1,2,1.4302618508411826,1.0034744968030074
Placed,1,2,0.3940456145176152,1.2237686008160287
Not Placed,0,0,-2.9920947793834554,0.13259374726909628
Not Placed,0,3,-0.44179812848293987,-0.8466253228326316
Placed,1,1,1.0575843950850985,0.5738084950407583
Not Placed,0,2,-1.047817744434248,0.13754795230688535
Placed,1,1,1.0402597600656565,0.16294635517145428
Not Placed,0,0,-2.838620264716193,0.7619628024204591
Placed,1,2,1.1924239277492048,2.303376299544466
Not Placed,0,0,-1.356870327826625,-0.7192435957902837
Not Placed,0,0,-0.3375913252772438,0.9067056589080401
Not Placed,0,1,0.7661802612634642,1.949722687783086
Placed,1,1,1.9852039285915049,-0.24143318770491512
Placed,1,3,0.533522885222597,0.5944881451068892
Placed,1,1,0.9240025520656826,0.17321171753702255
Placed,1,0,0.5655297485340314,-0.26038197440919014
Not Placed,0,0,-1.8957312053086224,-1.0140140319099775
Not Placed,0,0,0.08703126915911652,-0.543025116358815
Not Placed,0,0,-2.03447460315033,-0.9417368993782222
Not Placed,0,1,3.5583778199089413,0.9654678217970137
Not Placed,0,0,-1.4709417376488976,0.14711270294102669
Placed,1,1,2.112672631321107,1.638546078498677
Not Placed,0,3,0.9817813108119815,-2.336149218351406
Placed,1,0,0.8555580262644858,0.2446097311838867
Placed,1,1,1.7523744750953296,-1.2809353540404012
Not Placed,0,3,1.0510512453747665,-0.17399236859455763
Not Placed,0,3,-0.11542886848873166,-1.4043762128430075
Not Placed,0,0,-0.01917665854472597,-0.4315263915939547
Not Placed,0,0,-3.470372943877269,-1.9235215811831627
Not Placed,0,0,-1.7052037476038362,-1.1970269602240249
Not Placed,0,1,0.9262558627355438,-0.1613241065450451
Not Placed,0,0,-1.3542990971343003,-1.975036523172124
Not Placed,0,0,0.8492483865780244,0.06766615469258802
Not Placed,0,0,-2.9849878635313063,0.4013251464050996
Not Placed,0,0,-0.6992608057828645,-2.8997334388683615
Not Placed,0,0,-0.3098142140379963,-0.9379346693836209
Placed,1,1,0.25496512300518576,-0.6911086865891432
Not Placed,0,0,-1.4939324806751013,-0.37986615377655175
Not Placed,0,1,0.544402784643981,-0.53270829355025
Not Placed,0,2,-1.6324011082591434,0.9674667759249489
Not Placed,0,2,0.5520869494308853,2.129747974624371
Not Placed,0,1,1.6115474312868077,-0.42202338986175664
Not Placed,0,0,0.5934212612473014,-0.11233501082043709
Not Placed,0,2,-1.6528736357754723,2.4162349738690247
Placed,1,2,-0.48216895682637634,0.5565622946234372
Not Placed,0,0,-0.8315967151475541,-0.28204253402564927
Not Placed,0,1,1.2121577285692984,-0.5021348478333068
Placed,1,1,0.9837408705685435,1.3334159247114876
Not Placed,0,2,-0.8898110132246347,-0.628295547599134
Placed,1,1,-0.16169798235774357,1.0133267975925202
Placed,1,1,1.2918449190795358,-0.08378266179752389
Not Placed,0,2,-1.282882131580264,0.20913799338178715
Not Placed,0,3,0.2016350635103195,-0.1140516332770733
Not Placed,0,0,-1.106468310490785,-0.40317295505702194
Not Placed,0,0,0.3354538034577238,-1.4077419293387747
Not Placed,0,2,-1.9769354252838394,1.2266280383261832
Not Placed,0,3,-0.516684493968109,-1.4076646405358693
Placed,1,0,-1.0903415488332662,-0.13976651473832596
Not Placed,0,1,-0.24407136679173091,-1.155091464451926
Not Placed,0,1,1.8032149129834947,-0.6092035952348853
Placed,1,1,4.160347909951395,-0.21465399682793027
Not Placed,0,2,-1.171405641112297,0.48977687570445777
Not Placed,0,2,-1.3635720799106623,1.738893345636038
Not Placed,0,0,-0.454599497087769,0.09649174838540475
Not Placed,0,0,-2.002909799258408,-1.2170777619550714
Placed,1,3,1.8743744523642385,0.309403033399378
Placed,1,0,0.04603212207167676,-1.619353546139898
Not Placed,0,2,-0.598727486781789,0.676038078445539
Not Placed,0,0,-1.290889084345638,-1.3498854718984816
Not Placed,0,0,-0.24218556409450273,-0.4693591200017882
Placed,1,1,3.5911493635628777,0.6808072369087965
Not Placed,0,2,-2.7863707426232898,1.471945928552069
Not Placed,0,0,-1.7692709157122275,-1.0573718000594448
Placed,1,1,1.7111858742313195,-0.6094773187587923
Placed,1,2,1.044522109791944,2.881907554704995
Not Placed,0,1,1.5775017386786854,0.027446771494667815
Not Placed,0,0,-1.1697669003778548,-1.212543818969583
Not Placed,0,0,-0.8499367897266414,-0.421055720527787
Not Placed,0,2,-3.1245278177053333,0.03880796599611944
Not Placed,0,1,0.09730360023117783,-1.8885907372957724
Placed,1,1,3.083250953360816,-0.5724119966525638
Not Placed,0,3,0.8342647077917833,-0.3437777862338077
Not Placed,0,1,2.00909197351771,-0.10645362541711456
Not Placed,0,2,-1.118625709733939,1.155902489267976
Placed,1,0,-0.7528234301819426,0.818734305444325
Placed,1,3,0.9047582216347199,-0.18624449014086428
Not Placed,0,1,0.5041320942433597,-1.4377621449129063
Not Placed,0,2,-2.4488031133440793,1.065554245799691
Placed,1,2,-0.5679660165378233,1.0150045746976737
Placed,1,0,0.13016517624219254,0.43384385480677345
Placed,1,0,0.2321029652270932,-2.0090752579317983
Placed,1,0,0.007477207537478999,0.7799622306402536
Placed,1,0,-2.98889881184319,0.10247308479405544
Placed,1,1,0.4555549359224808,-0.6317525345584147
Placed,1,2,0.037600774777170665,2.280593093406721
Placed,1,1,1.2547980320428493,-0.7388393130297484
Not Placed,0,1,1.2414706084838874,0.10880956012561696
Placed,1,1,1.8474033076144625,-0.5804153190754321
Not Placed,0,1,0.48211483866679306,0.3423166534466537
Not Placed,0,0,-1.168342517537049,-0.008724064403792812
Not Placed,0,3,1.170121362610026,0.20272114872436012
Not Placed,0,0,0.16878794439122918,-0.3378957221998169
Not Placed,0,0,0.12487649526588752,0.22571857458049902
Placed,1,3,1.4138164141445664,0.5646522276575247
Not Placed,0,0,-2.3799229469548226,-1.119151253041016
Not Placed,0,0,-0.6500181787006616,-0.06896420046778837
Placed,1,1,2.9216469033054686,-1.0215958241420044
Placed,1,3,0.6685578048505737,0.37627353677526265
Not Placed,0,2,-1.4460135524231514,1.306213033071606
Placed,1,1,2.455078412608236,1.576934623827679
Not Placed,0,1,1.9510579121696412,-0.09153793756338084
Placed,1,2,-1.2688211992805882,1.6535741181010386
Placed,1,1,1.510858634733575,-1.0644822515322243
Placed,1,2,-0.0258684369805556,0.8039094304403884
Not Placed,0,3,0.07824660840091814,0.031062187124195013
Not Placed,0,2,-1.3105337673026702,0.05085701309166438
Placed,1,3,1.9198598419767685,0.9220627077366992
Not Placed,0,0,-2.9505205350225827,0.6837157271408862
Not Placed,0,0,-1.1724287970376122,0.8037289910012536
Placed,1,1,2.0191187310255816,1.4465205189755053
Not Placed,0,2,-0.7452226700694644,1.0320394763542962
Not Placed,0,2,-0.4072198552229476,1.693970868447938
Placed,1,2,1.016739358590411,1.375577169748894
Not Placed,0,0,-2.2754740978620887,-0.6242733799240607
Not Placed,0,0,-0.05327035403933132,-1.7409619953461977
Placed,1,1,2.004565114676492,2.389358877844781
Placed,1,1,1.4931566602591118,0.006308240269047945
Not Placed,0,0,-2.1727094725240788,-1.1741311967117303
Placed,1,2,-2.143500404825626,2.739051080137189
Placed,1,2,-0.8702638216963778,1.8946211123581482
Placed,1,1,1.9152040417823044,0.7850009592081829
Not Placed,0,0,-0.558565543673368,0.6218933483659806
Not Placed,0,0,-2.438749556744057,-1.136130261703212
Placed,1,2,0.5787428167001486,1.4199655696786304
Not Placed,0,1,3.0869540098006207,-2.5883818742123994
Not Placed,0,3,1.3813296517505846,-0.4904570275276657
Not Placed,0,0,-0.289077737139066,-0.47214314506617
Not Placed,0,0,-1.2469736330792527,1.3564675940086952
Not Placed,0,3,-0.3775368583206692,-0.5767768228129871
Placed,1,1,1.7893536719505556,0.24813988156502825
Not Placed,0,2,-0.8843577019769665,1.8661257544305645
Not Placed,0,3,0.5300631159082584,-0.2531315698460405
Not Placed,0,2,-0.2767251984438923,0.21209238381398582
Placed,1,2,-0.5465294213567136,2.3260341460981606
Not Placed,0,1,2.2698303115484024,-1.5321591144261357
Placed,1,1,1.474408037254192,-0.7743068023635151
Not Placed,0,0,-0.8963765484598646,-1.310611604147378
Placed,1,1,2.939106952454437,0.3141830546146026
Placed,1,1,2.1942099747378947,-0.7448058806419988
Not Placed,0,2,-2.1182948012193052,0.7517386154413584
Placed,1,1,2.1867088468349265,-2.1724791740514706
Placed,1,1,2.129669717087985,0.07073072563612018
Placed,1,1,3.2265867727390587,-0.6516068173921211
Not Placed,0,0,-2.0379232382784096,0.3267556371971548
Not Placed,0,3,1.4154462954611118,0.705114992660306
Not Placed,0,0,-1.3238143004051937,-0.2848378552029274
Placed,1,2,-0.2146530417894338,1.7805723642320592
Placed,1,0,-0.06313998540784481,0.5298408897902821
Not Placed,0,2,-2.7693011959423526,-0.06402991635830194
Not Placed,0,2,-2.8653532347147235,1.000568747170052
Not Placed,0,3,-1.9950282777625272,-0.27523982366358973
Placed,1,1,2.1522805686932234,0.8511053032405957
Placed,1,1,1.7892490169120205,1.8649655422262787
Not Placed,0,2,-0.6230810221746965,1.5486856706258354
Placed,1,1,0.9529963772799573,0.33909259221184695
Placed,1,1,2.0412295251326094,1.4534110580429438
Not Placed,0,0,-0.8760421006398837,-0.34110770201467777
Not Placed,0,2,0.5496486647947776,1.042411175903064
Placed,1,1,2.825761112012506,0.8976345573216304
Placed,1,0,-1.2841932507992897,0.8414795537950642
Not Placed,0,2,0.7871256032985803,2.2096392429893417
Placed,1,1,2.6398746979135033,1.4273764528529245
Not Placed,0,0,0.7152328368073799,-1.3760473542663745
Not Placed,0,0,1.007479769510928,-1.5465198447370854
Placed,1,1,1.8749465777376422,-0.41225023930471916
Placed,1,1,2.0743769502591056,-1.294642060143656
Not Placed,0,0,-2.20525733941055,-0.6487110086561774
Placed,1,1,3.8502613267041244,-1.380217962868947
Placed,1,2,0.7917351942439744,1.9134751406813368
Not Placed,0,0,-0.9914896528908124,-1.6703877350970822
Placed,1,1,2.029537575407807,-1.4770411478152803
Placed,1,1,1.8307668605009397,-1.0632523997400505
Placed,1,1,2.1708320786828064,0.7452951229557896
Placed,1,3,1.0321181652202396,-0.09693172560354006
Not Placed,0,2,-0.5646910805233938,0.2035646186079828
Placed,1,1,1.3644701502769858,0.5405893039339056
Not Placed,0,3,0.3736461034350858,-1.1289645748310104
Not Placed,0,3,-1.993203871103555,-1.2699006303163982
Not Placed,0,3,0.5253202839345799,-0.6232039072310491
Not Placed,0,0,0.16149784953494833,0.26548117930013787
Placed,1,2,0.013602342333948839,1.086590709889558
Not Placed,0,0,-1.59970882427498,0.11173284737945066
Not Placed,0,1,2.833603108816779,-0.0821825873702926
Not Placed,0,0,-2.9716815502075904,0.3157934043533697
Not Placed,0,1,2.936513281312838,-0.734665579423859
Placed,1,2,-0.6602011037706076,1.1217093939840637
Not Placed,0,2,-2.0728494532704644,0.15434084521722594
Placed,1,2,-0.1692846258245896,1.386075102754735
Not Placed,0,1,0.22331553185098998,-0.8116873864126201
Not Placed,0,1,1.40090395221511,-0.17194922360653764
Not Placed,0,1,1.233691915130104,0.7077509864032999
Placed,1,1,0.19811503185673404,-0.9970457611529706
Not Placed,0,0,-0.6464625437397613,-1.039531307781545
Not Placed,0,1,1.3654274323445903,-0.7125109396469546
Not Placed,0,3,0.4208109159195569,-2.471271486609778
Placed,1,0,-1.4526666305449936,0.0794811199686142
Placed,1,0,-0.24409330571214072,0.485407711203743
Placed,1,1,-0.06993244058623882,-0.0941445381043878
Not Placed,0,3,0.7558523375886708,-0.3984981357194551
Not Placed,0,0,-0.48321629046252523,-0.5742283400487218
Not Placed,0,3,-0.34259393041125097,-1.3915486138376758
Placed,1,2,0.30724513458264624,1.349650459327645
Not Placed,0,0,-1.8614960966088276,-2.03785448689886
Placed,1,1,1.8541738627377982,-0.65879104076966
Not Placed,0,0,-2.484123518601821,0.6564243681072259
Placed,1,0,-2.0896179043433585,-0.54118094329543
Not Placed,0,1,1.3893826202248338,-0.8033508264985997
Not Placed,0,0,-0.8701614493198322,-0.919849387006581
Placed,1,1,1.5142317413293633,-0.7589860499422709
Not Placed,0,2,-1.8949586465416979,1.034361675290198
Not Placed,0,0,-2.4201651723074855,0.10761175090041736
Not Placed,0,0,-1.2690245648218106,-0.021686108541029762
Not Placed,0,0,-0.06955059861861848,-1.0939370423678023
Placed,1,1,0.9875401107700316,-0.6837903988933779
Not Placed,0,0,-2.4048964985595913,0.04833327371699017
Placed,1,1,1.5426949260917984,1.7140121491105393
Not Placed,0,1,1.0812897192330282,0.44026846039830125
Not Placed,0,2,-1.0226289129839468,-0.3172915056432894
Not Placed,0,2,-2.4550858296014186,0.7977782986815926
Not Placed,0,2,-0.7130096181751461,0.9510228066866642
Not Placed,0,0,0.30022669469734964,-1.580749799379096
Not Placed,0,0,-2.2709721413800628,0.6708936974445959
Not Placed,0,2,-0.9065057856592016,0.4693145453763279
Placed,1,1,2.0545496228242723,1.4402379996548949
Placed,1,1,2.550552641764416,-0.06322910355256497
Not Placed,0,3,1.1767506759219457,-1.1161187609962835
Not Placed,0,0,-2.771315305598564,0.602687545698154
Not Placed,0,0,-1.736843283419055,0.04775186306614326
Not Placed,0,2,1.0090943223914242,1.304792720734591
Not Placed,0,2,0.401280743046624,0.867043242116754
Placed,1,1,1.862448002173819,-1.1276760086075173
Placed,1,2,0.46932772716030113,1.2536995601013654
Not Placed,0,0,-2.4778843086284574,0.057461339882617285
Not Placed,0,0,-1.4524938939108092,-1.1570036572177307
Not Placed,0,1,0.26398710669201386,-1.7888846930477929
Placed,1,3,-0.24251432171987614,-0.0666115551299952
Not Placed,0,0,0.03822827215797322,0.0283586372608754
Not Placed,0,0,-0.7290162329992828,-0.4902863509995636
Not Placed,0,0,-2.2619743712600413,2.164301243187463
Not Placed,0,0,-2.0156201523499147,-0.15992743616791488
Placed,1,0,0.38348330014795295,-2.170467566112788
Not Placed,0,0,-2.862819109897611,-0.9406617255835332
Placed,1,1,3.777171272360354,-1.4631732984544081
Not Placed,0,3,0.5143224260875665,-0.13584446350731405
Placed,1,1,1.4337171905590764,0.2340602473775539
Not Placed,0,1,0.8305159128680374,0.4450568957400898
Not Placed,0,0,-2.7081461157337547,1.7472944657075016
Not Placed,0,0,0.041072705292524984,-2.1398330144673907
Not Placed,0,3,-1.2380513345842021,-1.7706498554662162
Not Placed,0,2,-0.31556365700547484,0.18772201947338926
Not Placed,0,3,0.8161436859267686,-0.42467432228595736
Placed,1,0,-0.5199731389336938,0.512382412358567
Not Placed,0,0,-0.49780641871262693,0.652173607294427
Not Placed,0,0,-3.2963979255489457,-0.6379290995616075
Not Placed,0,3,1.7691707292780863,-0.005870424533833522
Not Placed,0,0,-1.5858390173220853,-0.8399596174309225
Placed,1,1,4.0028513761707485,1.7397704574567343
Placed,1,1,1.1052385311415072,0.6117619017389961
Not Placed,0,1,0.672828046809276,0.389443843389734
Not Placed,0,0,-0.6148311078722304,0.3386239776206623
Not Placed,0,0,-1.7822981230694894,-0.18814616747078883
Not Placed,0,2,-0.29716273897663026,0.6243839513373578
Not Placed,0,0,-0.6309511060146301,0.7645509784592425
Placed,1,2,-1.3150671186852725,0.24592937491808048
Placed,1,1,2.9787212802093004,-0.878566776318711
Not Placed,0,0,-1.2845675251732718,-1.6294710482900445
Not Placed,0,1,1.8760906500832895,-0.49088628384304794
Not Placed,0,2,-0.8992614786845503,1.1957566378403035
Placed,1,0,-1.5438403548108641,-0.1358269531152292
Not Placed,0,0,-1.1806189530899807,-0.7310852862064452
Not Placed,0,3,0.5582503527233891,-0.18039458550941523
Not Placed,0,3,0.9048526341143117,0.36628461667300755
Not Placed,0,0,-2.313286013032113,-0.3607741900583624
Not Placed,0,0,-1.5728256371692422,-0.6952257683677461
Placed,1,1,1.4172600016678192,0.18087536449963507
Not Placed,0,1,1.4606609549344538,-0.6944232387690292
Not Placed,0,2,-0.8450551293985635,1.3592790149426004
Not Placed,0,3,0.0865815621132055,-1.6529581376824625
Placed,1,2,1.277865356489184,-0.5285502271087538
Not Placed,0,1,3.323505392926198,-1.0488528308015685
Placed,1,1,2.7066340780913434,-0.782314340375097
Placed,1,2,-1.4767251155792294,-0.15334382203417846
Not Placed,0,0,-3.1106005722703687,0.7952468177522236
Placed,1,0,-1.4540690191942383,-1.3382006429149624
Not Placed,0,0,-0.48754441416358685,-0.6615116406377027
Placed,1,2,-0.8093923695783956,0.6943013996371225
Not Placed,0,0,-3.732125492362414,-2.5142612338125248
Not Placed,0,0,-2.262575018910404,0.15850581248862716
Placed,1,1,2.926768356098003,1.7283943100714152
Not Placed,0,1,1.9580223295775188,-1.7887654154555677
Placed,1,1,1.6238440472983513,-0.19412417535125
Not Placed,0,3,-1.0251725633840596,-0.7109408589189059
Placed,1,2,0.48989484763992003,1.5499857443036413
Not Placed,0,2,-0.45098758711490466,0.3403280382854511
Not Placed,0,1,1.2664089390079287,-1.6712175777856535
Placed,1,1,1.375962767686592,1.9647979373463795
Placed,1,1,0.9585342487397037,0.00552523580555658
Placed,1,1,1.820597685706717,0.06325085048670856
Not Placed,0,0,-3.0299717351722903,0.05442919572342527
Not Placed,0,1,2.623907888060343,-0.9980621260558078
Not Placed,0,3,1.252154960631045,-0.19952680015513044
Not Placed,0,2,-0.9137452520057454,1.8000477025376416
Not Placed,0,0,-1.9554582066144475,2.4497255232829747
Placed,1,3,-1.385418108524306,0.2753016714966992
Not Placed,0,0,-1.002530880444701,-1.065604970813231
Placed,1,2,-0.17831304718419216,1.8457564247799445
Placed,1,0,-0.31358440230731044,0.5717087862966571
Not Placed,0,3,0.08516029371057064,-1.1584328391515188
Not Placed,0,3,0.05590258393292137,0.0704051761241391
Not Placed,0,0,-0.922556675217084,-0.32699147148330565
Placed,1,2,0.08061748710154827,0.2470688685307789
Not Placed,0,0,-1.103618833903199,0.270321239470605
Not Placed,0,0,-3.1635631517849396,-0.5567552794077192
Not Placed,0,0,0.683154849414774,-0.03655437884352969
Not Placed,0,2,-2.6834262152640855,0.754160339486665
Not Placed,0,3,0.17761767784355134,0.17967123540693591
Placed,1,2,-0.21528044019554182,0.1830696267882461
Not Placed,0,0,-1.600108126243866,-0.07244048813038328
Not Placed,0,0,-2.2587924133170567,1.015037166231652
Not Placed,0,2,-1.8340379625920262,1.4544589017666008
Not Placed,0,0,-0.2573492357575485,-0.07866673993060799
Placed,1,0,-0.6818095555824107,-0.23233027873590234
Not Placed,0,3,-1.3823965364714543,-0.7027184030240904
Placed,1,1,1.518180917958346,1.8255984690977525
Not Placed,0,0,-1.1339182902822111,-0.9558665117909851
Not Placed,0,1,1.9690079608529274,-0.06084028280729484
Placed,1,0,0.6844166996900797,-0.20173360764738663
Not Placed,0,0,0.4749057526007826,-3.045837897097496
Not Placed,0,2,-0.13369340608811314,0.23045480855801534
Not Placed,0,0,-1.2301402095661975,-1.311758581003238
Not Placed,0,0,-0.8142241258493443,-1.9799115101513811
Not Placed,0,0,-2.0114100451822705,-1.1840008988355974
Placed,1,1,2.0209729707669974,-2.0308845715377175
Placed,1,1,4.213732280606659,-1.2201637959674365
Not Placed,0,3,0.4815299014254037,0.46085029951454176
Not Placed,0,2,-2.7315734749934366,0.9220304043730876
Not Placed,0,1,2.300257369789361,-0.6062836718125936
Placed,1,0,0.927333845940659,-0.1311461306764848
Placed,1,2,0.18924292965149925,0.8909476602922628
Placed,1,2,-1.025576976957907,1.0383149759818897
Not Placed,0,0,0.33030812860133124,-0.43547528272047886
Placed,1,3,1.1518801869245627,0.10852894427737447
Not Placed,0,0,0.4917352689102733,-0.4446767585780339
Not Placed,0,3,0.4282404391945323,-0.16325747575027155
Placed,1,3,-0.6960426807915111,-1.0442260569096276
Placed,1,1,2.8801107708354343,-1.0721583161900803
Not Placed,0,0,-2.3657870486402053,0.8001797001320508
Not Placed,0,2,-1.1744910581304149,0.12346629138313864
Placed,1,3,1.542838630318349,0.43793805511128303
Not Placed,0,0,-0.1923312439056502,-0.33404429140406167
Not Placed,0,0,-2.6571394582050036,-0.02033626079233627
Not Placed,0,2,-3.121754122500586,0.6609297905976373
Not Placed,0,0,-0.5104680665905399,0.079037524183189
Not Placed,0,2,0.23271441408579205,0.7154683690837034
Placed,1,2,1.0630747631029984,0.986597438884582
Not Placed,0,0,-1.1089876177414362,-0.8246088404942933
Not Placed,0,3,1.4223024664048418,-0.5217548495910079
Not Placed,0,2,-1.0713379623407315,0.7606919555981688
Placed,1,1,1.3913014932429113,-1.1373188417601354
Placed,1,1,1.8634628097776484,-0.46058449638445026
Not Placed,0,0,0.27955882098222,-2.7818474181472155
Placed,1,1,0.9049543773824704,1.8655770374472493
Placed,1,1,0.9862333836128312,0.9436072603369028
Not Placed,0,0,-1.7617481536694075,0.9108365093959828
Not Placed,0,0,1.223216840403285,-1.7657198714591442
Placed,1,1,0.5444846881482429,-0.026153040121735607
Not Placed,0,2,-2.1047156302914924,2.5781597192602237
Placed,1,2,1.6331021184492749,1.5433950183542913
Not Placed,0,1,1.3149828349720423,0.7342196872328957
Placed,1,2,0.18008175376218072,0.8813274918847924
Placed,1,1,2.463548418266976,0.4229575871814441
Not Placed,0,0,-1.0085030461973454,-1.4426675056660478
Not Placed,0,1,1.494555966450334,-1.3958737698195782
Not Placed,0,1,3.8970947853000237,0.5020575111232384
Not Placed,0,2,-0.3547850839620193,1.3577618039757695
Not Placed,0,2,-2.718507426813843,0.6824514315048686
Not Placed,0,2,-0.6938069290311712,2.139686981000285
Not Placed,0,2,-0.8092678220972115,1.0399173267456256
Not Placed,0,0,-2.8539453818530536,0.031023824290553188
Placed,1,1,1.6214358370645463,0.7804399623341544
Not Placed,0,2,0.09288573761053148,0.34018149550457744
Placed,1,3,-0.44020497964134325,-1.9652379225035446
Placed,1,2,-1.8235157163106248,1.1436931134851176
Placed,1,0,-2.6778521975173835,0.22432995233327566
Placed,1,1,2.777854810751664,0.09486342498180807
Placed,1,0,-1.17794893466595,-0.7192263888290287
Not Placed,0,0,-1.0694027198690765,-0.965279415368384
Placed,1,1,0.06630027956046583,2.826297276616238
Placed,1,3,1.4702070741914508,0.34713950532078763
Not Placed,0,2,-0.3529910553977367,1.2803182653132463
Placed,1,2,-0.4399842122897323,1.133228140032571
Not Placed,0,0,-0.06985422408269729,0.3766310600771503
Not Placed,0,0,-0.4199011295791299,-1.6308921061800024
Placed,1,1,4.926445291172312,1.0571625735654058
Not Placed,0,0,-0.900581858314357,0.2642140524234635
Placed,1,1,2.31140706565612,0.5220324056088256
Not Placed,0,0,-2.573912700099904,-1.977252143203009
Placed,1,0,-1.945088430051233,0.5334195594028538
Placed,1,1,2.021569223248283,1.8868684113728271
Placed,1,2,-0.26105960932920375,-0.18362676249512666
Not Placed,0,0,-2.1004360434357707,0.20432795689411598
Not Placed,0,0,0.44186036613267426,0.4522819478638096
Placed,1,0,-0.07557146269391303,-0.026770762500251268
Not Placed,0,0,-0.6858675329269713,-0.6237415656533452
Not Placed,0,2,-0.7851015895431678,1.6572676173603906
Not Placed,0,2,0.7992471022099094,1.2669263986812198
Not Placed,0,1,0.37826095738411164,-0.8731524018924808
Placed,1,0,-1.636759296434914,-1.235389180282866
Not Placed,0,2,-1.4796294591356296,0.8362870494750305
Placed,1,1,3.379716042221052,1.8149337850948326
Placed,1,2,0.8904434669558683,0.5145119772002651
Not Placed,0,0,-0.36233506506352503,0.19576475071674374
Placed,1,1,2.9163979877746593,-0.06124182327092195
Not Placed,0,0,-0.9951077978640739,0.5529683925497412
Not Placed,0,3,-1.0082886380277527,-2.011603493880758
Not Placed,0,0,-0.5690808063993786,0.13161984807004026
Not Placed,0,0,1.274797687011612,-3.113594552192385
Not Placed,0,0,0.466366671089761,0.22898765565068882
Not Placed,0,0,-1.1621998837965377,-0.1050995834471211
Not Placed,0,1,1.0130631488750779,-0.21603569027560077
Not Placed,0,0,-2.302504831834663,-0.32775022179786373
Placed,1,2,-0.615411151267412,3.089636927152475
Placed,1,3,0.240417459340164,0.5111878266491613
Not Placed,0,2,-2.170544289401245,1.9333919674497413
Not Placed,0,0,-1.094800033321764,-0.8086303361994425
Placed,1,1,1.4350157096990734,1.4752505010973251
Placed,1,2,0.10488994828470535,2.027683754733303
Placed,1,1,1.429717337855877,1.5370295815010704
Placed,1,0,-0.841788527258551,0.061270329462751294
Not Placed,0,1,0.9192117563836605,-1.8177811323965907
Not Placed,0,0,-1.2003598799239745,0.37626144361323466
Not Placed,0,3,-1.208520655046135,0.020433049294448166
Not Placed,0,1,0.8994873756906976,-0.10012112064100354
Not Placed,0,0,-1.1518153632405517,0.21992114160156134
Not Placed,0,1,0.2651860447251152,-0.41604078565035446
Not Placed,0,3,0.201116309774924,-0.14421689141030597
Placed,1,2,0.17491925421367113,1.2861660061785762
Placed,1,2,-0.09743647004820565,1.9256501415222171
Not Placed,0,2,-2.9742444000594492,0.7021153190645041
Not Placed,0,3,1.0869352067998255,0.1746102016488644
Not Placed,0,0,-3.332659653595096,-0.4093042490254122
Placed,1,0,-0.8926564858202883,0.7498570397336425
Placed,1,2,-0.16850874114072897,0.8425019314788952
Not Placed,0,3,0.2495858590079811,-1.4563225309607757
Not Placed,0,0,-1.9163602059672755,-0.8691233469694258
Not Placed,0,0,-3.082260511075699,0.1450291517820632
Placed,1,3,-1.0221480528653528,-0.18002186241241186
Not Placed,0,3,0.7278309527084394,1.7646016070530857
Not Placed,0,2,-0.5265755787210655,-0.5127211130798347
Not Placed,0,2,0.48444184932472156,0.25731495372637686
Not Placed,0,0,-3.17131162372919,-1.070127686720899
Placed,1,1,1.05202192719513,-1.4577199406093468
Placed,1,1,1.0477067103223896,-2.1090344009648234
Placed,1,2,-1.012101437161152,1.6740276533861256
Not Placed,0,3,-1.867091397135125,-1.4382526189791685
Not Placed,0,0,-0.39754546646284195,-1.3011742050203685
Not Placed,0,3,-0.11963221519031632,-1.1063454592714301
Not Placed,0,2,-1.0235356115037793,1.247165323454912
Not Placed,0,0,-0.39601728164291855,2.252527309135738
Placed,1,1,2.161280759002987,1.1102439376765993
Placed,1,3,0.3382638755295033,-0.799835670660573
Not Placed,0,1,2.5256716442852025,-2.5506067041389713
Not Placed,0,0,-0.41877977827175034,-0.894442865196487
Not Placed,0,1,1.745156441449626,-0.11407517970996656
Placed,1,1,2.2175278455492706,0.9504649335727264
Not Placed,0,0,-1.3146782791083835,0.9110500037812509
Not Placed,0,0,0.030684397270390296,-1.7056889551312118
Not Placed,0,2,-1.5612941740647823,0.29574887056729304
Not Placed,0,1,1.0209045771826728,1.1462686558934845
Placed,1,2,-0.001618091292548467,2.731401957980659
Not Placed,0,0,-0.26959596275168485,0.5498378987547495
Placed,1,1,2.4668914444472447,-0.0809630432124428
Not Placed,0,0,-2.109270267664583,-0.8284749748191125
Not Placed,0,0,0.39470316522001764,-0.9818069805329492
Placed,1,1,1.9097000000365074,0.5131959705670063
Placed,1,2,0.5503857590574706,1.0375028885354636
Not Placed,0,0,-2.1599776155968367,-1.2262869523234463
Not Placed,0,1,0.14130189660509548,-2.064767910565896
Not Placed,0,2,-1.4412833492107682,-0.2578631567533934
Not Placed,0,1,1.132717500095385,-0.7131885278527452
Not Placed,0,0,-0.9806796736661039,0.6540489807825526
Placed,1,0,0.911005192755163,-0.4326833842388847
Not Placed,0,0,-2.697802914088621,-0.5808489840944615
Not Placed,0,1,1.6027758651175752,-0.09982942479667425
Placed,1,0,0.3862802177805421,-0.3160597396750284
Placed,1,1,1.7349872368693537,0.7893051994809109
Placed,1,2,0.47571623706098637,2.60215792590081
Not Placed,0,0,-1.3909781344186862,1.9518884753722054
Not Placed,0,3,0.7707367913433101,-0.4641250179935265
Placed,1,1,3.8597439181366493,0.6883417055780252
Not Placed,0,0,-0.880930433605011,-0.8568667065831134
Placed,1,2,0.05156956650641095,1.315877598039457
Not Placed,0,0,-1.429499404031058,-0.14175059344333596
Placed,1,2,0.9957236138736537,1.3246645371963626
Not Placed,0,0,-0.7482398300172647,-0.3568345846545921
Placed,1,0,-0.6322736891830173,0.31366283167506104
Not Placed,0,0,-3.199643193186751,0.03252286293572948
Not Placed,0,2,0.6035066022357145,2.1877281647038487
Not Placed,0,0,-1.2159113574429998,-1.3833934605822518
Placed,1,2,-1.1700362903437938,2.1338814690749692
Placed,1,1,2.2013887091291835,-0.5232120360089582
Not Placed,0,3,-0.8080979049889918,-0.5267128221685853
Not Placed,0,1,2.266320119053998,-1.0905944354665904
Not Placed,0,0,0.09799521626332489,-0.4530057057884388
Not Placed,0,2,-1.164811155144847,0.3104869843099478
Placed,1,1,2.625151795289031,1.3317402914170338
Placed,1,2,0.6097915502087572,1.7995917719477177
Not Placed,0,0,-0.7172115049133907,-0.2439963181427803
Not Placed,0,0,-0.9385729533023237,-0.3359945831588795
Not Placed,0,3,0.31752087983304284,-0.2583445312176694
Not Placed,0,1,-0.38936264263804266,-0.7846483506246493
Placed,1,2,0.4053599689614739,0.4059047287148235
Not Placed,0,2,-0.11416114570255204,1.177857562664524
Placed,1,3,0.3521926219242955,-1.5649825852510582
Placed,1,1,1.5582265969161266,2.485650755518354
Not Placed,0,2,-0.5702356966818448,0.7000214035392422
Placed,1,2,1.1096319042933585,1.6779134246305496
Placed,1,1,3.5839022652226586,-1.4207899215038806
Placed,1,1,1.7657021819169016,-0.710022580921257
Not Placed,0,0,-1.094923958817951,-1.785694920892502
Not Placed,0,3,-0.04245360111112078,-2.0124662589521773
Not Placed,0,0,-1.0876416467854686,0.16294845011398654
Not Placed,0,0,-3.2716338650100116,-0.3078351676325969
Placed,1,0,-1.4942702390629115,-0.2814390686030864
Placed,1,2,0.9145529973797943,1.0010153739159866
Not Placed,0,2,-0.08351156396941521,2.1795650371449464
Placed,1,1,2.038265649648476,1.5105766018199278
Not Placed,0,0,-0.2871564804773451,0.46904734305438295
Not Placed,0,0,-1.4281237661853516,0.7966095395477131
Not Placed,0,0,-1.3011850861027787,0.563687902240505
Placed,1,2,0.5176259954024637,2.528940765307196
Not Placed,0,2,-1.7665879641347415,0.8444339323188663
Placed,1,0,-0.9850643771557905,0.5221920791966643
Placed,1,3,0.650002822198185,0.4995641626010234
Not Placed,0,0,-1.9226361691844798,-0.0194847251725268
Placed,1,0,-0.7415705364039089,0.2565383071907705
Not Placed,0,2,-0.5155334906138511,0.44032278246596857
Not Placed,0,0,-1.255460852611694,0.8873680985063763
Not Placed,0,1,2.6457881238317262,-0.29677345378846715
Not Placed,0,3,0.7405324154859968,0.5807002650135201
Not Placed,0,0,-2.7254513147375308,-2.5895228091840012
Placed,1,3,0.3837632132219436,0.02772894566369932
Not Placed,0,1,1.1608121765824102,-0.4642946170690315
Not Placed,0,0,-1.6903361400580679,-1.0602533550645317
Not Placed,0,1,1.1212647420525699,1.361114468989908
Placed,1,0,-0.008168844614230349,-0.40246374443461036
Not Placed,0,0,-1.3492017085096384,-0.6896664222350887
Not Placed,0,1,1.4442492615252895,-0.2767074803955376
Not Placed,0,1,0.830008577253053,-0.5723300973610295
Not Placed,0,2,-1.72891665974713,0.5593659812665199
Not Placed,0,0,-2.893765270364846,-0.4788094793676063
Placed,1,3,0.3094337625469549,1.245158665014068
Not Placed,0,0,-1.1075701265431075,-0.8127174346075926
Placed,1,1,1.5178739855831818,-0.5919153907037131
Not Placed,0,0,-0.9149307330522451,-0.8002743284186848
Placed,1,2,1.4567289554063945,2.6305522200630462
Placed,1,2,0.8238038371146942,2.5181739572714323
Not Placed,0,2,-0.18580208319650965,-0.37267856280354633
Placed,1,0,0.04252210240058916,0.08006267471923557
Not Placed,0,2,-0.9201128502300195,1.0869290149521382
Placed,1,1,4.617721647320608,-0.03829104315033469
Not Placed,0,0,0.5936236130252451,0.5447723031490764
Not Placed,0,0,-2.461541306376448,0.3545788319478119
Not Placed,0,2,-1.4084057337675937,0.6462405349394948
Placed,1,0,-1.6057254181482985,0.664863920533528
Placed,1,1,1.13636258265182,0.154245343156563
Not Placed,0,3,-0.04794293954730251,-0.4498653337949973
Placed,1,0,-1.1137146468787682,-0.1512451621005646
Not Placed,0,1,-0.16317345148390816,-1.4359819673302223
Not Placed,0,0,-1.4755664742708914,0.6670239916383842
Placed,1,1,1.2383682004855299,-0.25646754473920064
Placed,1,2,-1.7232317646680575,1.452250982663302
Placed,1,0,-1.7343584371004688,0.28351003345609177
Not Placed,0,2,-1.023885987294715,0.7394378174034965
Not Placed,0,1,1.0563890734779908,-0.2116804297805848
Not Placed,0,0,-0.9216400767444355,-0.6024922796261303
Not Placed,0,0,-0.05985083146373332,-0.9794037486215783
Placed,1,3,-0.07205153014948693,-1.7483509571372158
Placed,1,2,1.0601458976322866,1.2522590178003616
Not Placed,0,2,-1.9876939868355459,-0.3112348738160879
Not Placed,0,0,-2.058389616621551,0.16649926673527565
Not Placed,0,3,-0.08272177381359178,-1.333186468413898
Not Placed,0,0,-3.4363431779558997,-0.8100852973443593
Placed,1,1,1.908511420147747,0.10609367900807483
Placed,1,1,0.5206701147499274,-1.3672709812092125
Placed,1,1,2.371295936955698,0.28858649207816583
Not Placed,0,1,1.0142443375991341,-1.5601900605968537
Placed,1,2,-0.0939428275747931,1.8799079029136478
Placed,1,1,4.813614786033933,0.8850437158856488
Placed,1,1,0.6354715968990925,1.536624650055711
Placed,1,0,0.3695717605222358,0.4051427064949738
Placed,1,1,4.244782395440104,0.14311575828030626
Not Placed,0,1,3.546398954360516,-2.0285086604235074
Not Placed,0,0,-3.007803151719263,0.16110848703303826
Placed,1,0,-0.9920471231856562,-0.04968536946349807
Not Placed,0,1,1.702249820972851,-0.2180732467852473
Placed,1,0,-0.7095594531901124,0.41076809894791777
Not Placed,0,2,-1.583417036115015,0.13320591491732744
Not Placed,0,1,0.7467636457769264,-0.23452408962408772
Placed,1,1,1.9138890435673137,1.465618374281736
Not Placed,0,3,0.1325292853024734,0.7056182217162152
Not Placed,0,0,-0.9714682683664283,-0.3666178104878734
Placed,1,1,4.130985508630684,-0.8655194032831008
Placed,1,3,0.9223491405126925,0.17403174083993792
Placed,1,1,1.4163040615038107,-0.838644623337666
Not Placed,0,0,-2.6558255385770364,1.4728783534008147
Not Placed,0,0,-1.0644912929083221,-0.6796656920665447
Not Placed,0,0,-3.2126958751030377,-0.23973235641772378
Not Placed,0,1,1.7920068882090519,-1.9349071777244733
Not Placed,0,3,0.16365538101111313,-0.695865249649012
Not Placed,0,2,-1.8124676049057562,1.4374808273225972
Placed,1,2,0.5657197012991557,1.7377654454831084
Not Placed,0,3,1.0036230858288455,-1.719609260455849
Placed,1,1,4.623931102865369,2.054567157271167
Not Placed,0,3,-0.5577023789938946,-0.43741996836926095
Placed,1,1,2.1545624584482765,-0.22354436718223555
Placed,1,1,2.6915908993978164,-0.051818564228381075
Placed,1,1,2.592620740019563,-0.17444971221574734
Not Placed,0,0,-2.339196153733131,0.5581634763717754
Not Placed,0,0,-3.1052212621940454,0.2114944236288187
Not Placed,0,0,-1.146338401424188,-0.6108397021887515
Not Placed,0,1,2.232405336062487,-1.094925441864647
Not Placed,0,0,0.3157084805669431,-0.3999852734833383
Placed,1,0,1.3196936040464549,0.5344201740529327
Placed,1,1,1.826073784962642,-1.0929949667176695
Not Placed,0,0,-1.3763624633673435,0.6126219330367949
Not Placed,0,2,0.1972972974668874,0.07675054703191822
Placed,1,0,-0.2937050705072884,-0.8390092758319194
Placed,1,1,0.7934130277267615,1.3475984941243468
Not Placed,0,0,-3.574879219218316,-0.49414760486523596
Placed,1,0,0.27813171501265516,-0.2920172508467759
Not Placed,0,0,-2.3098662982446734,-1.392937146861935
Not Placed,0,1,1.214620902773414,0.18124893378034473
Placed,1,1,1.4585420059659548,1.069128737660269
Not Placed,0,1,1.539607687891945,-0.4961684906504315
Placed,1,2,-0.9570401564036963,1.1839981093633163
Not Placed,0,0,-0.45808465063112636,-0.83687202474777
Placed,1,1,1.7984255990146514,0.3515397343975378
Not Placed,0,3,-0.2605711590555041,-1.8151066270181389
Not Placed,0,2,0.398708169764442,0.8730038072707549
Placed,1,1,1.6962560703534524,0.9780361745530437
Not Placed,0,0,0.3661065038826643,-2.860361404115577
Not Placed,0,0,-0.0009012592845652143,-1.2801503695868737
Placed,1,1,1.8117178625822346,-0.5879134552856927
Not Placed,0,0,-0.6962702063621328,-1.9103970613288381
Not Placed,0,0,-0.21418184751627195,-0.7533636593565038
Placed,1,0,-0.8427618691006034,0.6902313485177929
Not Placed,0,0,-1.5953586395323451,-2.076086438031603
Not Placed,0,0,-2.045775037960845,-1.9742839708006827
Placed,1,1,2.5435386990089657,-1.2307708430439883
Not Placed,0,0,-1.0356257802695406,-1.7482116793720597
Placed,1,0,-1.0263606117819524,2.309449470079775
Not Placed,0,3,1.767065700295108,0.5041919448453236
Not Placed,0,0,-0.3660229352122103,-0.9570817722140643
Not Placed,0,0,-2.5323346340253097,-0.9560659194656402
Not Placed,0,0,-2.7339970671674947,-2.0485835958260417
Placed,1,2,-0.842752224894323,1.1109412931421174
Placed,1,2,-0.026659439863174948,1.8348718031851377
Placed,1,0,-2.257953788567187,-0.5797107507305205
Not Placed,0,1,0.5318940565633739,-0.501143022867288
Not Placed,0,0,-0.39705137770621624,-1.1588769459674388
Placed,1,0,-1.3553860318228572,0.7158893459784883
Not Placed,0,1,2.7270138927529075,-1.4092603409844007
Not Placed,0,2,-1.702549641590538,1.691998179849763
Placed,1,0,0.42897106416773334,-1.1365367464829
Placed,1,1,2.5153891979338336,0.18207571116759783
Not Placed,0,2,0.2804947906738909,1.1642577876863625
Placed,1,1,3.5808242972312767,-0.2911897778385061
Placed,1,1,3.076693172802237,1.7641223350552113
Placed,1,1,1.017366184741911,-0.6193268212491196
Not Placed,0,3,0.0004272697496975296,-0.06800235079709069
Placed,1,1,2.6018120038543127,2.3309607744778886
Not Placed,0,2,-2.3057353514223276,0.8056780345756848
Placed,1,1,2.437724675911717,0.1901952650064275
Not Placed,0,1,2.161259014671361,-2.1590691969569615
Placed,1,0,-1.0658441571732122,-0.5354270976030712
Not Placed,0,0,-1.4148128780169644,-0.7299481227861332
Not Placed,0,0,-2.2011270103729315,-0.08547388237492103
Placed,1,2,-0.5772236021703452,0.6042506587406061
Placed,1,2,0.9826296337237319,0.7979078661425094
Not Placed,0,2,-0.6045270065430577,1.4077548988441382
Not Placed,0,0,1.0484706155351557,-0.22808097498247604
Not Placed,0,1,1.458221287695496,-1.6982044602874575
Not Placed,0,1,0.6171850377503957,0.30731836513955635
Not Placed,0,0,-2.110154901853806,-1.2202504547476922
Placed,1,2,-1.4303215193541825,1.0531807148025962
Not Placed,0,1,0.7019455274109923,-0.5911441194419136
Not Placed,0,1,0.8853206046777026,0.5493675049008673
Not Placed,0,3,-0.18263664339846292,-0.6915893944264176
Placed,1,0,-1.0072378863708844,0.3377514419473347
Placed,1,2,0.4501306870898534,1.8649167454706443
Not Placed,0,1,0.3666605862056877,-1.0846795228789055
Not Placed,0,2,1.5842587143197453,0.7829931415176914
Placed,1,2,-0.599521485278578,3.461443157705308
Not Placed,0,0,-0.5700627398300773,-0.1922713083795286
Not Placed,0,0,-0.31375305338803,0.34824644494206686
Not Placed,0,0,-1.7923867740732133,-0.5847888657205146
Placed,1,3,0.22297933062375636,0.595273801243248
Not Placed,0,3,-0.37214690306070014,-0.27625744915032063
Placed,1,1,1.875921095464724,-1.0471698143280639
Not Placed,0,0,-1.6364366046246237,-1.811954344110117
Placed,1,1,2.810482045666489,1.34696237068622
Placed,1,0,0.4848542745203723,-0.03961860947124173
Not Placed,0,0,-2.0496769495426883,0.5391833079309024
Placed,1,1,0.039848963266261514,-0.37708639820188067
Placed,1,0,-0.6208864696771643,0.6854071252468221
Not Placed,0,1,1.8443351437155224,1.5321799369741262
Placed,1,2,1.1093335700806204,0.7123833033882625
Placed,1,1,2.9167100098757297,-0.2710250678329723
Placed,1,0,-0.5178125614579826,1.5723890773094618
Not Placed,0,0,-1.3492886593631146,-1.6932843750083733
Placed,1,2,0.5198703515582814,0.30357062146723146
Not Placed,0,2,-1.437985924783724,0.19033889846607766
Not Placed,0,1,2.035547733956023,-0.13950073358050702
Placed,1,1,2.0251556659624703,0.828761108847607
Placed,1,1,1.3997868119106929,-0.3938264689920133
Placed,1,1,2.1355576521232527,-0.20771332739650258
Not Placed,0,2,0.5074484271708211,0.6201580935903652
Not Placed,0,0,-1.3179812444031624,-1.526057361603492
Not Placed,0,0,-3.2012887276996516,-0.2049151781399587
Not Placed,0,1,2.870017484501472,-1.2959155720758972
Placed,1,0,0.3338899636560403,0.2559899477091407
Not Placed,0,0,-1.6626727615984764,-1.30857101691382
Placed,1,3,-1.4616236194219923,0.219870205358543
Not Placed,0,0,-1.767828378583994,-0.7758834163681627
Placed,1,1,1.8496241650726797,0.49912886329886375
Not Placed,0,1,2.464943405608753,-2.2217221190484477
Not Placed,0,0,-1.921280592935008,-0.6670724370497201
Not Placed,0,1,1.9621278540075366,-0.4722637170553385
Not Placed,0,2,-2.0163204692538406,1.3711557565247918
Not Placed,0,3,-0.28515657672029054,-1.6110461364432287
Placed,1,1,1.8484901840986698,-0.7261055964361468
Not Placed,0,1,1.6638833525777326,0.7932380736541874
Not Placed,0,3,-2.4985899546723127,-0.4992103347444225
Placed,1,0,-0.7130876247984089,0.2289817685398551
Not Placed,0,0,0.8464511715838433,-0.924015345349003
Not Placed,0,3,-0.6439591271425424,0.5453559819040137
Not Placed,0,0,0.7057384120305994,0.9295763930496878
Not Placed,0,0,-2.055094029561678,0.6816303074604906
Not Placed,0,2,0.17470880723603874,0.3314591178367799
Not Placed,0,0,-1.2395820833981146,-0.542668019093379
Not Placed,0,2,-0.5864982268451421,0.16362211218968517
Placed,1,0,-0.33389223028565784,0.18879263051463555
Placed,1,1,2.96544242220096,-1.6397844005548314
Not Placed,0,0,-1.0509305301444614,-0.010709003373985119
Not Placed,0,2,-0.5698477582058129,1.1861572527657807
Not Placed,0,0,-2.1926980935739127,-1.0055031533970467
Not Placed,0,0,-0.1448491754447875,-0.3771647157878803
Placed,1,2,-2.5404903756503874,1.9446795371448133
Not Placed,0,1,1.08702942819611,-0.3886921149145912
Not Placed,0,2,-0.9009803055773331,0.9011910409383127
Not Placed,0,2,0.12010210894562375,2.764757017469423
Placed,1,2,2.2816958446590547,1.896810520628117
Not Placed,0,0,-1.3355077759614673,1.7381468834952778
Placed,1,1,0.9335377422107222,1.0677299516842547
Not Placed,0,0,0.7244787921818804,-0.7626918695131889
Placed,1,1,0.33166694236065236,-0.41309225913599373
Not Placed,0,1,1.02397227772189,-0.8792365087473374
Not Placed,0,0,-1.2817287270772821,-1.4169184307395002
Not Placed,0,1,3.1864241593702167,-1.662216016188365
Placed,1,1,1.2011947769949034,1.0803940287736824
Not Placed,0,1,-0.00223269903830171,-0.6266181764217216
Not Placed,0,0,-1.6730071051817936,0.7629470888699368
Placed,1,0,-0.48988448167963067,0.9698721437854566
Not Placed,0,0,-0.6020764858231986,-1.474494587161656
Placed,1,1,1.735347447533305,-0.7712536406179321
Not Placed,0,3,0.6592650932591664,-0.034479995335602066
Not Placed,0,1,3.2242851682012947,-1.0645840400587465
Placed,1,0,-0.47456144601598427,-0.051951169277501916
Placed,1,1,2.3275151667275096,1.8566929504142533
Placed,1,1,1.3781837577910911,-1.6745996126280827
Placed,1,1,0.942117548499837,0.9728561723477442
Placed,1,1,1.931967448109968,0.3703894086825432
Not Placed,0,0,-1.1957864416510984,-1.3813489701281798
Not Placed,0,1,1.5296661536592226,-1.6218293848978675
Not Placed,0,0,-0.8701298534064854,-0.27512720531325763
Not Placed,0,1,2.0782186559023055,-1.5414213035225806
Placed,1,1,1.8259094478082054,-0.29270887083522446
Placed,1,1,1.3162003411003254,0.6493387917241623
Placed,1,1,2.0676888017676167,0.7827048860264535
Placed,1,3,-1.448146610633503,-0.23264159749982077
Not Placed,0,0,-3.592581697720821,-1.0702069867211725
Not Placed,0,2,-0.16798423993291933,1.5918111143586524
Not Placed,0,2,-2.8317495247738704,0.2987400033471631
Placed,1,2,0.4848511926744404,4.263306428077774
Not Placed,0,3,1.2598844382436838,0.09847564903775921
Placed,1,2,-0.13283137733335534,0.30151788175830685
Placed,1,1,1.4578329047123302,0.213524294284738
Placed,1,1,1.6638414988580266,-0.017949374566378466
Placed,1,0,-0.2535110125698332,-0.01237930045475472
Not Placed,0,0,-0.1706272731356216,-2.2431886377814285
Placed,1,1,1.2254416867875615,0.5225667915478317
Placed,1,1,1.8179063009315333,0.8372789115760654
Placed,1,1,3.3499092269813455,-0.09609993800097458
Placed,1,1,0.8844237206712195,-0.5702300807434155
Placed,1,1,2.5583128383273075,2.0001394943940674
Not Placed,0,0,-1.7500896268335493,-0.6052813502778995
Placed,1,1,5.505159429157909,-0.3520791572646013
Not Placed,0,0,0.6907030571166058,-0.08433203011046633
Placed,1,1,2.4009290869410673,0.7068931182415965
Not Placed,0,3,1.7195081240588337,0.6181541402657792
Not Placed,0,2,-0.7026564829185052,1.7106095710877303
Placed,1,2,0.6602196983061122,1.0851727609889361
Not Placed,0,2,-0.17900906766408736,3.194743717439723
Placed,1,1,2.036874095520368,0.16538594065955176
Not Placed,0,3,0.7161159613038024,-1.7752148706600857
Placed,1,0,0.07618945908346596,0.6387444802700691
Not Placed,0,0,-0.8365355523407968,-1.6777542849971
Not Placed,0,2,-0.9909181672425817,0.969124992137301
Placed,1,2,-0.24722545817038216,2.262058866377511
Not Placed,0,1,0.017968708720961415,0.11303994569069442
Placed,1,0,-0.32651268491696517,0.6334560747766089
Placed,1,2,0.4637117805094749,0.9544709732107721
Not Placed,0,0,0.09336629025801053,-1.5939251663540492
Placed,1,1,1.7005761558139545,-0.7801380618097952
Not Placed,0,1,1.7102091769989471,0.019452279831448867
Not Placed,0,3,-0.19185245528633063,-1.1347180779380361
Not Placed,0,2,-2.633274701797177,1.2626728669725835
Not Placed,0,3,-0.37154687975778394,-0.7772067713343664
Placed,1,1,0.12535216725346496,-0.7673565934126362
Placed,1,3,0.8938028121841047,0.12803461451064957
Not Placed,0,3,0.6169280054376053,-0.9115806922868617
Placed,1,2,0.5681123331246043,2.3081822273960784
Not Placed,0,0,-2.496430143712995,-0.31499137521369064
Not Placed,0,0,-2.512169206177352,0.5828931588822084
Not Placed,0,0,0.5165328465505337,-2.199172289815963
Not Placed,0,2,0.04372495261158698,0.5613125312110507
Placed,1,1,2.443931271585465,1.2953686839664296
Not Placed,0,2,-0.12438211411694826,1.0015021141544058
Not Placed,0,1,0.39886196110363814,-0.8094625460815695
Not Placed,0,0,-1.9125182573999904,0.1369642324530917
Placed,1,2,-0.5273645723352464,2.1406016971924977
Placed,1,1,4.310175108090256,0.9023818531172345
Placed,1,3,0.6535086991882834,1.2268134355260067
Not Placed,0,0,-1.1729935799901774,0.34116086814097185
Not Placed,0,0,-0.19099474944625158,1.0653007557914882
Placed,1,1,2.437017682458878,0.5923028683840519
Not Placed,0,2,-2.1253472551591175,1.146262932398154
Not Placed,0,0,-2.2466444939642476,-0.3186834258944735
Placed,1,2,0.7185875588408178,2.185264869925615
Not Placed,0,0,-0.5589800816833772,-0.3217064151275888
Not Placed,0,0,-1.7886843736840687,0.639898997145801
Not Placed,0,0,-1.5653587322011966,0.4203799863571881
Placed,1,0,-0.8113122414721767,-0.033545236881107776
Placed,1,2,0.1560283928829432,1.8954270058400473
Placed,1,3,0.06563706763707497,-0.2844250145619505
Not Placed,0,3,0.924712019976288,-0.7790271211201681
Not Placed,0,0,-0.44908017433228115,-1.1337356019734253
Not Placed,0,0,-0.5697335196430517,0.0998055993266819
Not Placed,0,0,-0.25342580763762945,0.9777374574344214
Not Placed,0,1,2.0216416021677346,-0.1414135113448964
Not Placed,0,3,-0.722555585640992,-1.5711302539272447
Placed,1,1,5.269791098321666,1.6401293901317753
Placed,1,1,1.9599308366275339,-0.9559374558262217
Placed,1,1,1.8753806072498618,1.0192197785479395
Not Placed,0,3,-1.0102089331572295,-0.6077467601253945
Not Placed,0,2,0.14272688101147668,0.8148554138156363
Placed,1,2,-0.5867036373976812,1.7634152225061424
Not Placed,0,0,-0.01594672553352608,-0.07365033800578893
Not Placed,0,0,-1.7324201192583384,-2.332840829669057
Not Placed,0,1,2.0146225562051274,-1.9847623818699758
Not Placed,0,0,-3.117009015188333,-0.9447828630863431
Not Placed,0,3,0.1594309431932639,0.668439325127901
Placed,1,1,2.110049600649955,-0.23924602851511628
Placed,1,1,2.5972192960023306,-1.6283645549722523
Placed,1,2,0.246637005844797,1.2171902719468346
Not Placed,0,3,-0.20122549967149614,-0.35171356837216583
Placed,1,1,1.8481416229873557,1.5926351823930727
Placed,1,1,1.2479292007697227,0.6799648109028548
Placed,1,1,1.2372790246998944,-1.5892060946586462
Placed,1,2,0.3876813738330133,1.2893721348287481
Not Placed,0,0,-0.03706206902399055,0.41528091246104143
Not Placed,0,3,0.6606103913079302,-0.06147949244263676
Not Placed,0,0,-1.065180574874723,0.2463754980416619
Not Placed,0,3,-0.4127400707981515,-1.239432585560063
Not Placed,0,0,-1.0860440007396641,-1.8855473414464814
Not Placed,0,0,-1.5797721185288653,-0.6315560578064713
Not Placed,0,2,-0.9586914604807522,0.3220162504146371
Not Placed,0,3,-1.158604138701631,0.6646535202398666
Placed,1,1,4.253417556092005,0.012289590615502194
Not Placed,0,1,-0.23783788878251516,-1.9154978378644305
Not Placed,0,0,-0.8878389429458097,0.010480844886151282
Placed,1,1,2.996340613579499,-0.7122577403914354
Placed,1,2,0.2222077980297964,0.9127990492713784
Placed,1,0,-0.16705927877626622,-0.07944767122399762
Not Placed,0,0,-0.524690540224088,-1.678726596987556
Not Placed,0,0,-1.5285725024811747,0.28086016707152506
Placed,1,1,2.862480203047765,-2.036604105469363
Placed,1,2,0.16723747720747323,1.8050931695745447
Not Placed,0,2,-0.46340777229848845,0.955986855487082
Placed,1,0,-0.22719271929290782,-0.5081675379661048
Placed,1,0,-2.554756964258349,0.964835501370983
Placed,1,0,1.205617576710934,0.12399233134845661
Not Placed,0,0,-2.1666323293926304,0.4731484140773776
Not Placed,0,3,-0.3662846418462,-0.33355570401933177
Placed,1,1,4.8959829299144335,1.5431118656024796
Not Placed,0,0,0.5085523423319792,-0.4257110534076752
Placed,1,1,0.4754169675909893,1.4143731120305691
Placed,1,0,0.7859362250671764,-0.9545304486359693
Not Placed,0,1,0.46258734835911264,-1.4129873895605973
Not Placed,0,3,0.24204750343290032,-1.2095479890730167
Placed,1,3,-0.6798745768726036,-1.378891835107901
Not Placed,0,2,0.8994277635329333,2.6132047982053033
Not Placed,0,2,-0.8622259893995816,0.5219292272557683
Not Placed,0,1,0.24091237500916185,-1.1600976580931883
Placed,1,1,2.3647428782206865,0.9056562222233072
Not Placed,0,0,-0.6596876049854303,-0.6474315953913763
Not Placed,0,2,-1.1261007441014417,1.4351273149820192
Not Placed,0,3,1.04821484963369,0.3794030496743634
Placed,1,2,-0.4765198357893356,0.23954376342143988
Placed,1,1,1.4078371237434295,0.48963582620837504
Placed,1,2,0.3822182105602797,1.0976293310512815
Placed,1,1,2.557715859252603,-2.343565101687017
Not Placed,0,1,0.05586171270541498,-0.8000211424712855
Not Placed,0,0,-0.6563331395179027,-0.02516803467640549
Placed,1,1,0.8313682520985611,0.594808747001698
Not Placed,0,2,-0.9271674179225813,1.7928723400724833
Not Placed,0,0,-2.2490779703191235,0.43482011888468247
Not Placed,0,2,-1.6780341501542686,0.2173497920715652
Not Placed,0,0,-3.2292209241529477,-0.36560361360870974
Not Placed,0,2,-0.8634813401544248,1.2862120657420966
Placed,1,1,2.0014661404133927,-1.1882745402915216
Not Placed,0,0,-1.9026476546816489,-0.9385864551169861
Not Placed,0,2,-0.26241386176939163,0.6404663811711218
Not Placed,0,0,-0.8786432477466649,-1.5624302315130933
Placed,1,3,0.09151367398255636,0.5439803769688677
Not Placed,0,0,-0.5637441955519127,0.7775517935718608
Placed,1,1,2.4599657154504597,0.07654760541856821
Not Placed,0,3,0.3124824289582428,0.23241651199846167
Not Placed,0,1,0.4994158640296652,1.8467411324921998
Not Placed,0,0,-1.3677293001926258,-0.4322704933310057
Not Placed,0,2,0.9469816585415779,0.8643894358453232
Not Placed,0,3,-0.9485830893919976,-1.9846663136671745
Not Placed,0,1,2.2037845501557194,-0.6191885694504299
Not Placed,0,3,0.8993871842157469,-1.5140751246963005
Placed,1,0,-0.19431433127859143,-0.8856516108061004
Placed,1,2,-0.0584872684319559,1.2366600732683481
Not Placed,0,1,0.8965883542638285,-0.19420667990108978
Placed,1,2,0.44394798747183806,1.4857327640521518
Not Placed,0,0,-0.06135153913054192,0.24674647261399113
Not Placed,0,0,-1.3885834657486658,0.4284569337369883
Placed,1,1,2.667860256303459,1.8347524866082516
Placed,1,1,1.4844779116764615,-0.35020775998471615
Placed,1,1,2.479682389017872,0.13304691390987358
Not Placed,0,1,1.3602377427858798,-0.9468170006117886
Not Placed,0,1,2.093179997138402,-1.3232793042564914
Not Placed,0,2,-2.104481938923914,1.282000901556218
Not Placed,0,0,-1.0589576658624194,-1.6091634264998245
Not Placed,0,2,0.36702827168557667,1.3817086733848538
Not Placed,0,1,3.0664113267774575,0.5561308177193781
Not Placed,0,2,-0.387690987126691,1.052746781077503
Not Placed,0,2,-0.840595831985231,1.872680082666669
Placed,1,1,3.360340271417543,0.8033041364452993
Not Placed,0,1,0.6952967295782898,-0.6487144318831082
Not Placed,0,0,-1.3618897767092835,-1.1636971805860343
Placed,1,1,0.9245159485823581,-0.7690265204405228
Not Placed,0,0,-2.4172845214740737,-1.379144314465839
Placed,1,3,1.1156878219863113,0.6893056546433489
Not Placed,0,0,-2.0520296171271726,-0.4394720275153405
Not Placed,0,2,-1.5201541609408291,-0.0007617058775195064
Not Placed,0,0,-0.3450914733944949,0.12826827522111472
Not Placed,0,1,0.1827830957665382,-1.598263569389469
Placed,1,0,-1.1035296280614204,0.6135852713671753
Not Placed,0,3,-0.3173745655499863,-0.3509433566951928
Placed,1,1,2.333885137720185,0.20038299105709143
Placed,1,2,0.6285611871120504,0.9718941892786452
Not Placed,0,3,-0.2887850701731914,-0.992031278525199
Placed,1,2,1.0118331318480591,0.5639511716153028
Placed,1,0,-1.0477783395409161,-0.6867752492158865
Placed,1,1,2.1958534198640596,0.21804404342369474
Not Placed,0,0,-1.5334754100188768,-0.6035842368867805
Placed,1,0,-1.2788771396980423,0.11375349511534116
Placed,1,2,0.3305550491346565,0.7499811794310076
Not Placed,0,1,1.7600970486478318,-2.12375088327542
Placed,1,1,2.301952348508387,-0.6001040082243688
Not Placed,0,0,0.3561647484642383,-3.2177775253076635
Placed,1,0,-0.4603055258021394,0.47269875092631164
Not Placed,0,0,-1.1039463380390924,0.8336980580977502
Not Placed,0,0,-1.8463248097923262,-1.2464733505731596
Placed,1,3,0.3912966231496845,0.10257124214205486
Not Placed,0,1,-0.11781192645940412,-0.3343513386993394
Placed,1,1,2.893644664164554,0.38419891014148
Not Placed,0,0,-0.6062856411874818,-0.628832378301674
Not Placed,0,0,-2.278495729382973,-0.8108168739720466
Not Placed,0,3,1.0048576540576226,-0.379271965002888
Placed,1,1,4.2216786565383115,-1.470716862310654
Not Placed,0,3,0.7146520762277734,-0.195461010978052
Placed,1,2,-0.10184267966319219,1.7209869036622867
Placed,1,1,4.374303241651575,2.0980325572580405
Not Placed,0,0,-0.4659068741629817,-1.910749820148144
Not Placed,0,2,-1.6009589400160196,0.3567389997880267
Not Placed,0,3,-1.0716763920568297,-1.208792372608048
Placed,1,1,2.5019300796680035,1.1020417858682807
Placed,1,2,0.9563696121229156,1.656481526756729
Placed,1,3,0.35203783406654654,-0.03533747416652333
Not Placed,0,0,-3.0206679018744627,0.021632694378599934
Not Placed,0,1,0.874024082285691,-0.9117254733770237
Not Placed,0,2,0.04488463964061213,0.9773863389608165
Placed,1,0,0.6326543617656861,-0.7353442072072874
Placed,1,3,-0.24472668774544107,-0.8631517821058962
Not Placed,0,2,-0.7756486216599237,0.9719612945499496
Not Placed,0,0,-0.42152115633575843,1.513772736423299
Not Placed,0,0,-1.6635304013278724,0.26079472511953394
Placed,1,1,1.1998352332378648,-0.05742978294830394
Not Placed,0,3,1.0257822951539615,0.09820508144950457
Not Placed,0,2,-1.323128692798444,-0.04766648822461264
Not Placed,0,2,-1.7583503922302293,2.649562995130123
Not Placed,0,2,0.5956052949183711,1.0732413618685521
Not Placed,0,0,-0.5053509446602111,-0.8144670054614693
Not Placed,0,3,-0.12015440446680724,-1.2475995970193652
Not Placed,0,0,-2.200952847838031,0.46194476474137885
Placed,1,1,-0.11735637445901807,0.9907215450162259
Placed,1,1,1.5801050122775095,-0.23488762740325023
Placed,1,2,-0.033597279738812776,1.2857922443922332
Placed,1,0,-0.08046512823609592,0.13502087992551806
Not Placed,0,2,0.01235227822660961,-0.10443583545956031
Placed,1,1,1.8416102989144782,0.4032659375170608
Not Placed,0,1,0.8291712668230035,-1.423438957907862
Not Placed,0,0,-0.9936128543746998,-0.6014529187747396
Placed,1,1,2.7359049167613163,1.2189986676832119
Not Placed,0,3,-0.9833899720994818,0.22500733321889216
Not Placed,0,0,-0.8074707412626619,-0.6624132449582624
Not Placed,0,0,-0.5181850381530783,-0.25433637223400307
Not Placed,0,0,-0.8641447383128867,-0.2085604659631769
Placed,1,0,-1.2377553488305675,-1.3843315595585275
Not Placed,0,2,-2.5000949896044,1.3933051333280657
Not Placed,0,2,-0.0212105331375389,-0.034106013926383676
Placed,1,1,1.60246746023679,-1.245113149179695
Placed,1,2,-0.1579680805026858,2.0099122944861922
Placed,1,2,-0.9775622696466773,0.617499819030821
Placed,1,0,-0.7813445385511999,1.649693490284923
Not Placed,0,3,0.8134366796482968,-0.45976909228703633
Placed,1,1,2.4775100074542693,-1.2335837290099683
Not Placed,0,3,-0.18238153778244093,-0.26432177292994646
Placed,1,1,3.2121622081613013,-0.36959600098490214
Not Placed,0,2,-2.782034547122034,0.25446741849108206
Not Placed,0,0,-1.5427698975779451,0.7751913437357111
Placed,1,3,0.5961572335684834,-0.7638255139066714
Not Placed,0,1,1.9340430447870256,-1.8281782619237112
Placed,1,0,-0.25569518861356777,1.0463080232778483
Not Placed,0,0,-0.6931324807061944,0.7841506813839171
Not Placed,0,0,-1.0522860710573205,-0.3445379329010517
Not Placed,0,0,-2.7797791814672324,0.8241333296343362
Placed,1,2,0.30988647859498386,1.6488416313406307
Not Placed,0,0,-1.7862509928391805,-0.9507276941108672
Not Placed,0,2,-0.359041766909743,2.113303957389071
Placed,1,0,0.38412089029216007,-0.04779781340275108
Not Placed,0,0,-0.3823450626924176,-2.3219443751807907
Not Placed,0,3,0.25485966894363343,-0.05967090391267982
Not Placed,0,0,-1.1345364246321188,-0.6173611482275684
Placed,1,0,0.6392508090565346,-1.0838862572507795
Placed,1,3,0.678133515541767,-1.4275917182212636
Not Placed,0,0,-1.8563100122459464,0.9762046460264053
Not Placed,0,1,1.8411154163960712,-1.8832621780605499
Not Placed,0,0,-2.567021056961355,-0.7677789483235912
