placement_status,placement_prediction,branch,cgpa,Cluster,PC1,PC2
Placed,1,CSE,7.91,2,2.339044757880544,0.11007135386748404
Not Placed,0,IT,6.27,3,-1.2267467714396767,-1.7556107740788354
Not Placed,0,IT,6.97,1,-1.3499272971220202,-0.47456531065975704
Not Placed,0,ENTC,7.88,1,-1.426314341136507,-0.7628353240468901
Not Placed,0,CSE,6.54,3,-0.6143358043400017,-0.5844925357377375
Not Placed,0,ENTC,8.75,1,-2.213906076004765,1.647810159917095
Placed,1,CSE,8.14,2,1.8981903521212813,-0.21637191242800238
Not Placed,0,ENTC,6.93,3,0.9620518718195323,-2.2612143390291943
Not Placed,0,ENTC,6.44,1,-1.5385914175758628,0.43759811286250616
Not Placed,0,ENTC,7.09,1,-1.6965864400725086,-0.7483399804713271
Not Placed,0,CSE,6.94,2,1.2197286730019095,0.09589966076992947
Not Placed,0,Civil,6.67,1,-1.681038547978354,-0.08321829814442958
Not Placed,0,CSE,6.5,3,-0.26165007237273274,-1.8926685888062789
Not Placed,0,ENTC,7.5,1,-1.5086904822167837,-0.6015804597930935
Placed,1,CSE,8.32,2,2.1428694248702738,-0.39731957594732265
Placed,1,CSE,7.1,3,-0.3078032336654517,-0.35210825114869454
Not Placed,0,ECE,8.08,1,-3.1336436109877117,1.1019476686179637
Not Placed,0,CSE,7.42,1,-1.994180873699284,0.18750433162551827
Placed,1,CSE,8.22,0,0.8037244050769652,1.0851192099805629
Placed,1,CSE,7.03,2,1.9048088151749527,-1.5051782688539834
Placed,1,IT,7.94,0,1.1788865521731613,1.0250308907371115
Not Placed,0,Civil,7.8,1,-2.340877033417912,-1.7831461553599732
Placed,1,ECE,8.86,2,1.7116445254563926,0.06742761527875078
Not Placed,0,IT,8.17,1,-2.5850473721114273,1.487065993439836
Placed,1,ENTC,7.92,2,2.8454057265715917,0.7025824275004696
Placed,1,ECE,6.45,3,-0.5031605048917633,-0.7544619203574647
Not Placed,0,ECE,7.25,1,-2.0105717603619118,-2.2608014540487513
Not Placed,0,ECE,7.02,3,0.4269924039023662,-2.3172580472119013
Not Placed,0,IT,7.0,0,0.15919841605384547,0.3075598084957539
Not Placed,0,IT,7.71,3,0.9195725946967435,-0.12897252912376547
Placed,1,ENTC,7.9,2,1.271582348511585,0.552803825294895
Not Placed,0,ENTC,7.94,3,-0.1328641833387172,-0.3992884507277843
Placed,1,ENTC,8.77,2,1.64204590360083,0.3562066518323648
Placed,1,IT,8.11,3,0.7003799637701634,-1.1052294777694636
Not Placed,0,ENTC,6.66,1,-1.467448741238902,0.6448502789896989
Placed,1,CSE,7.87,3,0.6395458376841002,0.019533390699810107
Placed,1,ECE,8.2,0,-0.531508811015465,1.5112859253846482
Not Placed,0,CSE,8.77,0,-0.34619268263448316,2.06116146535246
Not Placed,0,ENTC,7.57,1,-3.195354539280321,0.36244219348681644
Not Placed,0,Civil,7.58,0,0.7884967504845678,0.48367075627068684
Placed,1,CSE,8.62,0,1.3474906681596268,1.9061961077053375
Not Placed,0,ENTC,7.85,1,-1.996709828071693,0.31020452307524243
Not Placed,0,ECE,6.34,1,-2.2463015371868167,-1.378576837206829
Not Placed,0,CSE,6.16,1,-3.0701041480225597,-0.5645102137950874
Placed,1,CSE,9.26,2,3.318740053037538,3.0083497440539135
Not Placed,0,ENTC,6.24,3,-0.5057908401902833,-3.534580095495037
Placed,1,CSE,7.56,2,1.6730877410695502,-0.35875524816029475
Placed,1,IT,8.45,2,1.4502912814678857,-0.21237071529785198
Not Placed,0,Mechanical,6.2,1,-2.1250823734034276,-1.184767465189642
Not Placed,0,ECE,6.78,1,-3.600691341330527,0.3887765788155964
Not Placed,0,ENTC,6.64,1,-3.126617595646339,-0.7493763717623135
Placed,1,ECE,9.23,2,2.6744062978596728,0.39872179265303587
Placed,1,CSE,9.42,2,3.1089065499794257,1.9535468198950392
Placed,1,ENTC,7.08,3,-0.19818599792987196,-0.990999296191996
Not Placed,0,IT,8.19,0,-1.7016841967171918,3.2698837692450726
Not Placed,0,CSE,7.96,3,-0.5390506202675025,-1.4219937691038838
Not Placed,0,ECE,7.46,1,-2.362048849475675,1.3225622615887533
Not Placed,0,Civil,6.32,1,-4.961436552655713,-0.5369669370399096
Placed,1,CSE,9.66,0,1.7126838364911117,2.8102679024581296
Not Placed,0,Civil,6.16,3,1.7385302670283955,-3.6751534078325134
Not Placed,0,ENTC,7.88,1,-1.1782796953990637,0.0002648975714384489
Placed,1,CSE,7.15,3,1.315618046554408,-0.40876273849845707
Placed,1,CSE,8.56,0,1.7980008146477573,1.9885716008163248
Placed,1,IT,8.42,2,2.485856581936311,-2.1017016229285357
Placed,1,ECE,6.87,0,-0.017747867984376747,0.47011613771141864
Not Placed,0,IT,7.03,3,0.4033932966442252,-2.7202179019818304
Not Placed,0,CSE,6.38,1,-1.72159841551704,1.0373147754680563
Not Placed,0,CSE,7.87,0,0.9011741053250132,0.4058666658693861
Not Placed,0,Civil,8.3,3,0.46527524277960153,-1.8033097274081848
Placed,1,CSE,7.32,2,4.704544429605618,-2.1425383873805033
Placed,1,CSE,7.49,2,1.6266818437737416,0.9512717852621738
Not Placed,0,CSE,9.32,0,1.8813107465401324,3.1522083006619614
Not Placed,0,IT,8.5,3,2.2080409104306304,-2.710585389183698
Placed,1,CSE,8.85,2,4.206369396612825,-1.0128221933710746
Not Placed,0,ENTC,5.79,1,-3.212802121672818,-1.2419113938439008
Not Placed,0,ECE,8.17,0,0.13493791740415612,0.701545104875231
Not Placed,0,CSE,7.91,1,-1.1900065068940755,-0.35662642383246
Not Placed,0,ENTC,6.64,1,-2.6733802905212385,1.7686048167730444
Not Placed,0,IT,6.81,1,-1.1456126506191722,-0.19236818650617543
Not Placed,0,ENTC,7.51,1,-2.7574880579366945,0.0667622399878082
Not Placed,0,IT,6.56,1,-3.06450983711159,-2.7713091699125214
Not Placed,0,Mechanical,7.02,3,-0.36224390837544607,-0.7512010980924705
Placed,1,Civil,7.31,0,-0.2354872227824659,0.36222104674704
Placed,1,ENTC,8.19,3,0.817677208637619,-0.6698805596670756
Not Placed,0,IT,7.1,1,-2.123129481430084,-0.5678790989161949
Placed,1,CSE,7.32,1,-3.058358562592136,0.8279161921911544
Placed,1,ENTC,8.57,0,-0.467034510291652,2.920262895395841
Not Placed,0,CSE,6.2,1,-1.8191255401235868,-1.5863922068876875
Not Placed,0,CSE,7.89,3,0.1535123652689518,-1.266302488008265
Placed,1,CSE,8.03,3,1.0520181876757257,-0.7120642526459595
Not Placed,0,IT,8.05,0,-0.18305509091979158,0.3707075181906566
Not Placed,0,CSE,7.27,1,-2.5145427799564946,-0.47593141088926044
Not Placed,0,IT,6.79,1,-1.3910355956430758,-1.1108598066211643
Placed,1,ECE,8.99,0,-1.3461474224777084,1.2744708253704053
Placed,1,CSE,6.97,3,-0.0341539787892293,0.2037074931546974
Not Placed,0,IT,6.75,1,-1.073397442121928,-0.7070979789756597
Not Placed,0,IT,7.72,3,0.6664040502839842,-0.7378427351800136
Not Placed,0,Mechanical,7.07,3,-0.15672891754520518,-0.9720646258676024
Placed,1,CSE,8.59,0,-0.8518985551131477,0.798421497887139
Not Placed,0,ECE,7.47,1,-1.4645428905982303,-0.26395696879022257
Placed,1,ENTC,8.7,0,1.484762381815317,1.478456386143367
Not Placed,0,ECE,8.08,0,0.1178246445083836,1.2476743234987642
Not Placed,0,CSE,7.37,0,-1.5064523833919998,3.1278326345184393
Not Placed,0,ECE,8.65,3,-0.6937829549451271,-0.650126069653442
Placed,1,CSE,7.15,3,1.2838895823873082,-0.6672336390508337
Not Placed,0,CSE,7.43,3,1.3523112277180436,-1.1751956739503793
Not Placed,0,IT,8.15,2,2.558975630973808,-0.3865561743682897
Not Placed,0,Mechanical,7.89,1,-1.0898092497487712,-0.34659926902134386
Placed,1,CSE,7.13,3,1.3831556656142716,-0.6084491065189993
Not Placed,0,CSE,6.39,1,-1.32000122387864,0.06910782145706584
Not Placed,0,ECE,7.68,3,0.052657458474179915,-0.9853094168614533
Placed,1,IT,7.08,1,-1.003937639679126,-0.07265379413330304
Not Placed,0,CSE,7.73,1,-2.677213682197669,1.8157936924702125
Placed,1,Mechanical,7.34,2,2.867154165512439,0.033551680990315386
Not Placed,0,ENTC,7.09,3,-0.03131928472707937,-0.24698009696109238
Not Placed,0,ECE,7.47,1,-1.238770484388915,0.44554982027735546
Not Placed,0,CSE,7.64,2,2.939063116526526,0.4672376154780236
Not Placed,0,CSE,8.29,3,0.07753200627816625,-0.23777483057775894
Placed,1,IT,8.06,0,0.199314188375083,0.4126454192433838
Placed,1,ECE,9.48,0,1.0331995887230967,2.797435586609573
Not Placed,0,CSE,7.82,1,-0.9859922377214952,-0.12047950457952072
Not Placed,0,IT,7.13,1,-2.6085380036860455,1.7061909776787276
Not Placed,0,IT,7.56,3,-1.1387219560918156,-1.3304323324427276
Placed,1,IT,8.18,0,1.5354999526761095,2.1380824408005163
Placed,1,CSE,8.55,2,1.8353944789210435,0.493365666392512
Not Placed,0,IT,8.84,0,-1.169692026059383,3.492083607407152
Not Placed,0,CSE,6.84,1,-2.123234016313652,1.6283891795017906
Not Placed,0,CSE,8.79,3,-0.6759565481737115,-0.07463539198218955
Not Placed,0,CSE,7.66,2,1.5651175381256892,-1.3545571530751581
Not Placed,0,IT,6.91,0,0.4262888015283827,0.22228789370493196
Not Placed,0,CSE,7.53,1,-1.9637446850348321,1.2652011958687737
Not Placed,0,ENTC,8.73,2,1.4914686491628197,0.21737913463961764
Not Placed,0,CSE,8.09,2,2.39142583911642,-2.6762431228566084
Placed,1,CSE,6.67,3,0.8791274269338584,-0.15920627518374997
Placed,1,CSE,6.68,1,-2.2471778805318934,-0.5138129116463194
Placed,1,CSE,6.65,3,0.04607500575383199,-1.3277634544266506
Not Placed,0,CSE,7.08,3,0.6804905924204143,-1.1180999528180908
Not Placed,0,CSE,7.77,3,1.5528098890092212,-1.9733888995032982
Not Placed,0,CSE,6.74,1,-1.3074152201862996,-0.15026649622234184
Placed,1,ENTC,7.34,2,2.30590460816771,-0.754789813307502
Not Placed,0,ENTC,8.89,3,-0.26497799075382694,-0.09402495948169708
Placed,1,CSE,9.08,0,1.2191629468190432,1.7298088044346052
Not Placed,0,CSE,9.02,0,0.5440522510853824,0.7502032994323868
Not Placed,0,Civil,6.17,1,-0.8555061824500764,-0.07774467726251799
Placed,1,CSE,9.12,0,1.2954602727522853,1.5596676770567806
Not Placed,0,Civil,7.78,0,0.44661215069182003,0.5536030176597114
Not Placed,0,ENTC,7.77,1,-0.9824870718105158,0.0978221695923821
Placed,1,CSE,8.57,0,0.8495920999434899,1.8991111160415284
Placed,1,CSE,8.3,2,1.4716654843471477,-0.2852375872484889
Not Placed,0,IT,6.11,1,-1.7400517334652688,-2.1617816044498226
Placed,1,ENTC,7.18,3,0.6368775541953379,-0.8217392751924487
Placed,1,CSE,7.39,3,0.38203214033113814,0.03940864081530573
Placed,1,ECE,6.57,3,1.048717108518321,-1.6372864482034084
Placed,1,CSE,8.55,2,1.931446987384061,-1.182450833882315
Not Placed,0,ENTC,8.92,2,1.8029081380997265,-0.8377865350534085
Not Placed,0,ENTC,7.69,3,-0.6136013208966324,-1.025561865439208
Not Placed,0,IT,7.95,1,-1.8172091285091951,-0.04490153554206944
Not Placed,0,CSE,7.69,0,-0.6288807714851979,0.3390229766574762
Not Placed,0,CSE,7.78,3,-0.5926356927849145,-1.3500157370299548
Placed,1,ENTC,8.65,0,0.6858807927754021,1.2184211140537657
Not Placed,0,ECE,6.2,3,-1.1944520787943391,-2.1572462198123348
Placed,1,CSE,8.11,3,0.3354507456020175,-0.7168559632581887
Not Placed,0,ENTC,7.71,0,-0.6971279289248359,1.9838166349031714
Not Placed,0,CSE,7.09,2,1.0775779749246925,0.25671036600650393
Not Placed,0,IT,7.27,3,0.9282207718737885,-0.37546219871612224
Placed,1,Mechanical,9.26,2,1.192090961117005,0.3694277619072831
Not Placed,0,CSE,6.57,3,0.4484705157178305,-2.551226675092037
Not Placed,0,ENTC,7.56,1,-1.5328927923235056,-0.13078805388442083
Not Placed,0,CSE,9.09,0,-0.07056250082944915,1.7287033696908034
Not Placed,0,ECE,6.62,0,-0.9682707900253198,0.319066412719042
Not Placed,0,CSE,7.31,3,0.8538696865549099,-0.7636550819928392
Placed,1,CSE,7.74,0,0.831042856261412,0.6281882338067818
Placed,1,IT,8.05,2,4.760861985684432,-0.48641722640977825
Placed,1,ENTC,7.63,0,-1.5734731397388764,1.3978615747104233
Not Placed,0,CSE,6.94,3,-0.4875127407460931,-1.185918462211455
Not Placed,0,CSE,8.08,0,0.3609337643485594,1.4919112626259377
Not Placed,0,CSE,7.61,0,-0.3859504022461216,1.1152589964395108
Placed,1,CSE,8.23,2,1.4979769235839413,0.4008383640806621
Not Placed,0,CSE,8.49,0,0.642034301631199,1.4088014790078731
Not Placed,0,ECE,6.44,1,-1.3409871908666493,0.08737064753817696
Placed,1,ECE,8.58,0,0.48236077262664623,2.4906411097524415
Not Placed,0,CSE,7.48,2,1.5286089535746143,-1.293145708713878
Placed,1,CSE,8.4,0,0.38826618677240715,1.4572936491162898
Not Placed,0,IT,8.12,0,-2.19420047274424,2.2579717380686297
Placed,1,CSE,9.28,0,0.533931715000309,2.741620330290162
Placed,1,Mechanical,7.71,2,3.446390197342738,-0.5154420072877435
Not Placed,0,CSE,7.36,1,-2.5964298894909748,0.6376785783396496
Not Placed,0,Civil,7.26,3,0.5118467783887946,-0.7085475678041914
Not Placed,0,IT,6.82,1,-2.539770606943511,0.8829312664262804
Not Placed,0,ENTC,8.39,3,0.26974398673804717,-0.6055417857471873
Not Placed,0,ECE,6.76,3,-0.9381124205092383,-2.587461675601554
Not Placed,0,ECE,8.38,0,0.6276852967411956,0.19509758857106513
Placed,1,ECE,7.51,2,2.2676188115278073,1.1409416546288262
Not Placed,0,IT,6.2,3,0.24329341979090666,-1.3314383405777208
Not Placed,0,ENTC,8.97,2,1.5211786067048232,0.21955279985428114
Not Placed,0,CSE,5.0,1,-2.5606502495623706,-0.7688263148490996
Not Placed,0,CSE,7.63,1,-1.5017063987772288,-0.9667585242413363
Not Placed,0,IT,7.9,3,-0.6187706663880432,-0.45888574125571885
Not Placed,0,IT,5.74,1,-4.130247296483828,-2.263987421330371
Placed,1,Mechanical,8.08,3,1.4022008680502684,-0.5829913512010807
Not Placed,0,CSE,7.13,3,0.24030811921571893,-1.001847802767579
Not Placed,0,CSE,7.49,0,0.7755649987505356,0.9125800200264732
Placed,1,IT,8.84,3,1.9040045238355903,-1.7851651136705065
Not Placed,0,ECE,7.82,3,-0.016828637772550892,-0.21401567127052115
Placed,1,ENTC,7.4,2,2.274970107801769,-0.3598862857265287
Not Placed,0,Mechanical,7.56,1,-3.11433621114004,1.4708818906042624
Not Placed,0,CSE,9.21,2,4.5488082040447795,0.6104606870353588
Not Placed,0,CSE,8.04,3,0.018689329220315465,-1.2719814962356428
Not Placed,0,IT,6.95,1,-2.00742360304959,-0.5278378118883242
Not Placed,0,CSE,7.28,3,-0.8755310351454529,-0.40716444153988346
Not Placed,0,ECE,6.69,3,1.1086201789542265,-1.3585600442412447
Placed,1,Civil,7.32,1,-1.0333882241498127,-0.11220130526113795
Placed,1,IT,9.07,0,1.6246884273628919,2.388821932070138
Placed,1,CSE,7.56,1,-1.491712670879663,0.8895931021108485
Placed,1,ECE,6.56,1,-1.726961330364922,-1.7243975416683994
Not Placed,0,CSE,8.07,2,1.4050027469970452,-0.49757342182660064
Not Placed,0,ECE,7.37,3,-0.38953752209436987,-2.4631652673260476
Not Placed,0,CSE,8.18,3,-0.3537740565653096,-1.525289491938275
Not Placed,0,CSE,7.49,0,-0.8267988993109544,1.1669135455007738
Placed,1,CSE,8.93,0,1.6204558696415667,2.033055153576006
Not Placed,0,CSE,6.93,3,-0.7415672747043661,-1.9264615861779573
Not Placed,0,ECE,6.71,0,0.24578647000513,0.2848958058972824
Placed,1,IT,8.5,0,0.20967743142107023,1.6456685259515476
Not Placed,0,CSE,6.0,1,-2.44040925852534,-0.529282273734423
Placed,1,Civil,7.55,3,1.7764057408453242,-2.4487457922141327
Placed,1,CSE,8.38,2,2.1735168267470053,0.2135602083847768
Not Placed,0,CSE,5.83,0,-0.5398865883776958,0.7516921799917673
Placed,1,Civil,7.75,3,0.7129017924484924,-0.9294956602058778
Not Placed,0,CSE,6.43,1,-3.698566678783266,0.29415641008385124
Not Placed,0,ENTC,6.13,3,-1.5994031765553895,-2.44051072849753
Not Placed,0,IT,6.79,3,1.5979848462281523,-2.982097251798194
Not Placed,0,Mechanical,7.54,3,-0.588805079332752,-1.4484777590781512
Placed,1,IT,7.1,3,-0.28616722625883045,-0.8232806053072989
Not Placed,0,CSE,8.64,3,0.1450570085046583,-0.030159240020151204
Not Placed,0,Civil,7.77,1,-1.7357256187467525,0.26768882980675524
Not Placed,0,CSE,7.28,1,-1.1766435834251494,-0.6645136213599363
Not Placed,0,CSE,6.59,3,-0.4305284980499494,-2.1955365047648727
Placed,1,IT,7.89,3,0.7773914921184295,-0.5577372065153952
Placed,1,IT,9.45,0,1.197180008542733,1.8752027509634206
Placed,1,CSE,7.1,0,-0.6071319274934429,0.503163062206431
Not Placed,0,CSE,7.2,1,-1.4254616017512187,-0.6501234966666999
Not Placed,0,CSE,6.8,1,-1.6708660764519898,-1.802088761809917
Placed,1,Mechanical,8.71,0,1.222377747096122,3.6772009518051516
Not Placed,0,ENTC,8.49,0,-0.5307372191197175,0.24070708959867484
Not Placed,0,Mechanical,7.32,1,-2.842706602161184,-1.4994626372092201
Placed,1,CSE,7.19,2,3.562235019532897,-1.585329918782718
Not Placed,0,CSE,6.9,1,-0.9697144435811508,0.13217495673134663
Placed,1,CSE,7.45,1,-0.9941431701710248,-0.05054589001474272
Placed,1,CSE,8.57,0,0.018300617939245478,1.7339051411135074
Not Placed,0,IT,7.74,3,-0.876549605853473,-0.8847138677844044
Placed,1,ENTC,8.79,2,3.695532930994789,0.16148942629279844
Placed,1,ECE,7.09,2,1.9362576731790793,-1.2362828262642032
Not Placed,0,CSE,5.73,1,-2.9815580717328802,-1.4552382927970355
Placed,1,CSE,9.91,0,1.5118897590030589,2.1161780006407156
Not Placed,0,CSE,7.88,0,-1.414702921156357,1.8799537999479379
Placed,1,CSE,8.36,0,-1.0459288708394314,2.9599067674467823
Not Placed,0,CSE,7.03,3,-0.21590057359730813,-0.4722990701913273
Not Placed,0,Mechanical,6.54,1,-2.874765447114046,-2.00820059788084
Not Placed,0,CSE,7.83,0,0.7389989709333918,1.0262144596657294
Not Placed,0,CSE,6.01,1,-2.5533011448756002,0.2001338371654688
Placed,1,ENTC,7.47,3,-0.461108325168752,-0.48583145060486166
Not Placed,0,Mechanical,8.57,3,-0.426513170445025,-1.6004129368853897
Not Placed,0,ENTC,8.08,2,1.4904786984602911,0.19780378527564108
Placed,1,CSE,7.92,2,4.838447109891131,-2.603514986500458
Placed,1,CSE,9.18,0,-0.7848778958620888,1.3376931883843595
Not Placed,0,ECE,8.02,1,-1.5408256106445766,-0.7407333587443042
Not Placed,0,ENTC,6.08,3,0.12955411533063757,-3.5158761236735785
Not Placed,0,Civil,7.57,3,0.04711745926064498,-1.4180048068366586
Not Placed,0,CSE,9.34,3,1.2488644381042753,-0.5598705845837327
Not Placed,0,ECE,7.44,1,-2.147482716286645,0.9561305873069191
Placed,1,CSE,9.28,0,0.5265062456481835,0.20510814362357005
Not Placed,0,IT,8.57,3,1.0753849090087475,-3.3704457842721034
Not Placed,0,CSE,7.35,1,-2.328026549237189,0.5526399419439046
Not Placed,0,IT,6.78,2,1.8770025911349788,0.42758538596618284
Placed,1,CSE,7.99,2,1.5315535134243135,-0.0979036986079497
Not Placed,0,CSE,8.78,0,0.19411536951248962,2.4353535496777723
Not Placed,0,ECE,6.36,3,0.19181342543195823,-1.8415813667926375
Not Placed,0,ECE,7.8,0,0.42901159366979535,0.8785836868069221
Not Placed,0,IT,5.96,1,-1.0616915784559102,0.09996990896653199
Not Placed,0,ECE,7.41,3,0.1411919527831739,-0.22478409636564634
Not Placed,0,IT,6.29,1,-3.806021540599384,-0.7358740274750829
Not Placed,0,IT,8.18,0,-0.6289848318496691,1.9109512031699902
Not Placed,0,Civil,7.11,3,0.8182426603152437,-1.6426708909846937
Not Placed,0,IT,8.68,2,1.94926224428074,0.4309213666443663
Placed,1,CSE,7.24,2,2.9605266467382423,-0.7633480110910386
Not Placed,0,ECE,7.16,3,0.5983451114475619,-1.8883399235659846
Not Placed,0,CSE,6.33,1,-3.2044248994977824,1.0283851453915196
Not Placed,0,CSE,8.03,0,-1.242517850535701,0.9652611674464824
Placed,1,ECE,8.12,0,-0.3392183183464615,0.9975792530352793
Placed,1,ECE,8.5,0,-0.05829554236400779,1.3910548316528872
Placed,1,CSE,8.26,2,2.4937931858222875,1.612453319229645
Placed,1,Mechanical,8.04,2,1.923308670758072,-0.34193121755416384
Not Placed,0,IT,8.21,3,1.3562983076467248,-2.7675176064485116
Placed,1,CSE,8.29,2,3.243587234918615,0.8559190856424291
Placed,1,CSE,8.47,2,1.5914279579598662,1.2343388971936133
Not Placed,0,IT,6.4,1,-2.09679537078708,-0.20339147781183187
Not Placed,0,Civil,7.31,1,-1.860445104993779,1.3744808848389778
Not Placed,0,ENTC,6.32,3,-0.27738671811434057,-1.068675621464699
Not Placed,0,IT,7.98,3,-0.8244885807431417,-1.3030735480495728
Placed,1,CSE,9.09,2,2.826847117057694,-0.29667829970708265
Not Placed,0,CSE,8.46,0,-1.0946436046615322,0.650354767075599
Not Placed,0,ECE,7.18,2,2.3942639796111047,-1.9796778154688566
Placed,1,CSE,8.13,2,3.5186186177488294,-1.6808386604022523
Not Placed,0,Mechanical,8.0,0,-0.37917195330917763,1.6269283943606938
Placed,1,IT,7.9,0,0.43970790271130206,0.16798971523671843
Not Placed,0,CSE,6.59,1,-2.8984836993700465,1.3645778079872393
Placed,1,Civil,8.82,0,0.5044780437655947,1.7595950581743403
Not Placed,0,Mechanical,6.7,1,-2.3756110774072763,0.7079760783284671
Not Placed,0,CSE,7.39,0,-0.9279614882276808,1.2332534160302597
Placed,1,CSE,8.52,0,0.37420485049692065,0.5420232285463055
Placed,1,Mechanical,7.38,0,0.055085784588529134,2.228809856118231
Not Placed,0,ECE,7.77,3,0.9980777650465649,0.1260242739683171
Not Placed,0,ECE,7.8,1,-2.046713481754039,0.7706590169015493
Placed,1,ECE,7.76,2,2.282784502056512,1.4439918145895683
Not Placed,0,Mechanical,7.8,1,-1.9270330281499797,-0.44675847801110896
Not Placed,0,CSE,7.88,3,-0.13369366434998217,-0.557685354759678
Not Placed,0,IT,7.76,3,-0.27466547030499816,-0.587964185617619
Not Placed,0,CSE,6.94,3,0.44935867869110285,-2.8195375849211732
Not Placed,0,ECE,6.38,1,-2.580417521309569,-1.066657425442518
Placed,1,CSE,8.55,2,3.0587068575338834,0.9459969395427613
Not Placed,0,CSE,8.59,2,1.7946779419618681,0.6262506821479398
Placed,1,ECE,7.99,1,-1.2502285508767093,0.5905117218956015
Not Placed,0,CSE,7.98,3,-0.4229973983049858,-0.05928500214206032
Not Placed,0,Civil,6.92,0,-0.8307997378412484,0.7436098561941065
Not Placed,0,CSE,5.63,3,-0.807189326319908,-1.1367787154059723
Placed,1,ECE,7.49,3,0.8303921867075952,-0.8444857824493426
Not Placed,0,CSE,6.09,1,-2.014965363392834,0.9546454969000568
Placed,1,IT,7.86,0,-0.1184396800466608,1.8742362652058366
Placed,1,CSE,8.81,0,1.7052383954616364,1.3727135674269693
Not Placed,0,IT,7.18,1,-2.065150082803873,0.1846218300056764
Not Placed,0,ENTC,7.23,1,-1.551385707315386,0.3873097292155843
Not Placed,0,ENTC,6.85,1,-2.5811111565310254,-2.000731734453449
Placed,1,IT,7.74,2,1.5178933346256804,-0.17158666295613664
Not Placed,0,CSE,7.67,1,-2.717632382460599,-0.23821597513518686
Not Placed,0,Civil,6.83,3,0.5746496943498792,-0.6359371817661226
Placed,1,CSE,8.48,2,1.6209768522644634,-0.5336799109586434
Placed,1,Mechanical,10.0,0,2.20815936462846,2.4488025558091517
Placed,1,IT,8.71,0,0.3047925810571076,1.9540079558811683
Placed,1,IT,7.61,3,0.4481550283135896,-0.548001089761572
Not Placed,0,CSE,7.6,3,-0.5466887396803329,-1.0350950477663685
Not Placed,0,CSE,7.26,1,-1.554480942079814,-0.114888274920599
Not Placed,0,Mechanical,7.25,3,1.087955555883047,-2.2119362011882733
Placed,1,ECE,8.51,0,1.2576567702000399,1.66357962131602
Not Placed,0,ECE,8.55,0,0.8232578792033448,1.53204203344352
Not Placed,0,ECE,6.71,1,-2.0875125192844552,1.8171699524093157
Placed,1,ECE,8.01,2,2.409677796738362,-0.7244421556686289
Placed,1,ENTC,8.64,2,1.8140905794580862,0.3763722909107023
Placed,1,ECE,7.4,3,0.6993591232621219,-0.5938586915221123
Placed,1,ENTC,7.52,2,2.7180622735197817,-0.1814211237290145
Not Placed,0,CSE,8.29,0,0.2022594293429866,1.3826437199663586
Placed,1,CSE,8.32,2,2.0324640955061,0.02897213299118187
Placed,1,CSE,8.06,0,-0.3455043035858779,1.1975304408598408
Not Placed,0,CSE,7.92,0,-0.3167010101844218,1.87410781298945
Placed,1,CSE,8.03,2,2.3835064008798543,-0.7020288712030703
Not Placed,0,CSE,7.46,1,-1.3519173978861336,0.32966601558202846
Not Placed,0,CSE,6.75,1,-1.918534925158203,0.4790988666528948
Not Placed,0,IT,6.38,1,-2.949580664185216,0.5192529902732462
Placed,1,ENTC,8.21,0,1.0416880194854425,0.6271728476467044
Not Placed,0,ENTC,7.79,0,-0.8978611104360545,1.6374571038665107
Placed,1,CSE,8.09,2,3.857574065687878,-0.635119061245178
Not Placed,0,Civil,7.0,2,2.392256640713504,-2.6144896708614747
Not Placed,0,Civil,7.79,1,-2.2529024429615454,1.6246316619306875
Placed,1,Mechanical,7.77,2,3.0020067556643193,-0.5353514524356103
Placed,1,IT,8.79,0,0.5924992992414355,1.654995543787655
Placed,1,CSE,8.42,2,2.5968169907139687,1.1416395599512632
Not Placed,0,CSE,7.07,3,1.4093644640016765,-1.6650299332171277
Not Placed,0,ECE,8.13,2,2.2984108495175373,-1.0754359516509109
Not Placed,0,ECE,7.07,3,1.6930935235389981,-2.4701471238161656
Not Placed,0,ECE,5.48,1,-3.5456896903665793,-0.32835908552851173
Not Placed,0,ENTC,9.17,0,-0.11621461750255203,1.186130649931679
Placed,1,Civil,7.38,2,1.3939773528310948,0.8000025345418977
Not Placed,0,CSE,8.58,3,1.236411604481717,-0.38105162648886814
Not Placed,0,Mechanical,7.14,2,1.3562656617842548,0.24238997768972137
Not Placed,0,ENTC,7.01,1,-1.3129634773298438,-0.9814199753914129
Not Placed,0,CSE,7.24,3,-0.8676497853624437,-2.9643369835062767
Not Placed,0,ENTC,7.91,1,-3.265429330157487,-1.1776386784137998
Placed,1,IT,7.85,2,3.3464580100349464,-1.2327790228060145
Placed,1,IT,8.12,2,6.111677420956562,-2.0872600448635867
Not Placed,0,Civil,7.28,1,-3.6918820552360123,1.3801799170476277
Placed,1,CSE,7.73,2,3.764662114566264,-0.6074883723734646
Not Placed,0,CSE,6.98,1,-3.228394439146721,0.7054042870975935
Not Placed,0,Civil,8.95,2,1.255924055624912,-0.22090366449589385
Not Placed,0,CSE,6.58,1,-3.3610722854582313,-0.7569586022747639
Not Placed,0,CSE,7.0,3,0.11397387643544095,-1.4219284414567652
Not Placed,0,IT,7.34,1,-2.397263674986273,0.1984438506952719
Placed,1,CSE,9.73,2,3.296115580859659,-0.08376938891669582
Placed,1,IT,8.35,0,0.821888933245579,2.3240322916937597
Not Placed,0,IT,6.97,3,-0.9794662697906839,-0.6638354224437107
Placed,1,ENTC,8.4,3,1.0494393133803033,-1.6375640854770939
Not Placed,0,CSE,8.14,1,-2.892032623045979,0.12301462248097073
Placed,1,CSE,7.93,2,1.6208213892233778,-0.33176415376515117
Not Placed,0,IT,8.29,0,-0.0861409720539814,1.1157564895196452
Not Placed,0,CSE,7.75,1,-2.4388433392497673,-0.010123681909635633
Placed,1,ECE,7.85,2,1.9751100738722283,-0.0622349329777339
Not Placed,0,CSE,6.38,1,-1.8396261314734883,0.010662106226030308
Placed,1,CSE,8.93,2,1.6033862171801312,1.0026942750336394
Not Placed,0,CSE,7.32,0,-0.5136549325671095,0.2772772846660133
Not Placed,0,IT,6.65,3,-1.0785313533801626,-0.9619476346215785
Not Placed,0,IT,7.27,3,-0.4144200696496396,-1.4950272129612716
Not Placed,0,CSE,7.31,3,0.5620587055750874,-1.9836731871748088
Not Placed,0,IT,7.02,1,-1.788249616634791,-0.9991608966681921
Not Placed,0,CSE,8.36,2,2.264011890788138,-1.529334875961134
Not Placed,0,IT,8.53,2,2.5135387240792215,-0.8927420681904755
Not Placed,0,ENTC,6.03,1,-3.6219016471079093,-1.8666093012668714
Not Placed,0,CSE,7.26,1,-1.9560128417278086,-0.805054547158036
Not Placed,0,CSE,7.32,3,0.17519304414524794,-1.359861849724433
Not Placed,0,ECE,7.55,3,1.1768647973169901,-2.6072106932048147
Placed,1,CSE,9.15,2,3.7649758619148286,2.4476499453224756
Not Placed,0,CSE,7.01,0,-1.364673891158543,1.1781706407505241
Placed,1,CSE,9.03,0,0.7983341019680015,0.37914081840622116
Not Placed,0,CSE,7.58,1,-1.539748406942561,0.5777006518595142
Placed,1,CSE,9.04,2,4.699404444084319,-0.11644779361267943
Not Placed,0,IT,7.44,3,-0.17464343213824113,-0.9272472631397022
Not Placed,0,Mechanical,7.34,1,-1.6468111624369828,0.9142325554740169
Placed,1,ENTC,7.68,3,0.2518917436499024,0.11255407551409792
Placed,1,IT,8.8,0,-0.11685337210907941,1.675955094839998
Not Placed,0,Mechanical,7.83,1,-1.7623545532630926,-0.672599668898604
Placed,1,IT,7.88,3,1.1033037075350307,-0.5295780965272092
Placed,1,IT,8.24,0,-0.2106237466299304,0.3461975959797386
Not Placed,0,IT,6.95,3,-0.9840663342584641,-1.1958966643910522
Not Placed,0,Civil,7.99,3,0.2991816213505388,-1.6159031477423997
Not Placed,0,CSE,7.17,1,-3.318919032834255,0.6333572793171237
Placed,1,ENTC,8.95,0,-0.7717864707554892,2.966720340792489
Placed,1,ECE,8.06,0,0.621865939979493,1.371998816554247
Not Placed,0,CSE,8.29,0,-0.5689860027315671,0.49544406680754743
Not Placed,0,CSE,5.97,3,-1.337625351612131,-1.8613945593280639
Not Placed,0,IT,8.3,0,0.3519088059452853,1.0320592167709048
Placed,1,ECE,7.55,3,0.8183986503233946,-0.9799501067794074
Not Placed,0,CSE,6.48,3,-1.6962595580138353,-3.0530583678276235
Placed,1,CSE,7.78,2,1.4962038521397556,-0.13532371996528192
Not Placed,0,IT,6.41,1,-1.7119004622469132,-1.3915704997499017
Not Placed,0,ENTC,8.22,0,0.19234921988217432,1.2217084651147256
Placed,1,ECE,8.92,2,4.525859966290783,-0.1783493807523234
Not Placed,0,CSE,6.18,1,-3.347536800996381,0.2147851946318565
Not Placed,0,CSE,7.67,3,-0.3630718026881686,-0.8812075342162433
Placed,1,CSE,7.56,3,0.42387310551438906,-2.531887873610448
Not Placed,0,CSE,6.01,3,-1.2624323165367322,-2.9469246645630234
Placed,1,IT,8.48,2,2.7545181982831908,0.054419105238875914
Not Placed,0,ECE,8.23,3,-0.6410298882779185,-0.20207079843796955
Placed,1,IT,9.42,2,2.8151510840124385,0.7086807418066281
Placed,1,IT,8.12,3,0.6600758399029472,-2.237585754347588
Placed,1,IT,6.95,1,-2.8450986427564615,0.8277336988984444
Not Placed,0,IT,8.14,0,0.9037781743710708,0.7318777288915733
Placed,1,CSE,8.79,0,-0.4816423468699236,2.6243520397906477
Not Placed,0,ECE,7.3,3,0.4922050332692881,-1.0180110505374964
Placed,1,CSE,8.42,0,1.2966936921886547,1.866853155326254
Not Placed,0,CSE,5.7,3,-0.08580233138314874,-0.09704906899526752
Placed,1,CSE,8.95,0,-0.5511945251096364,1.535610132429699
Placed,1,ECE,8.38,0,1.4738586470070647,1.6758682850901172
Not Placed,0,ENTC,5.54,1,-1.6964503167367744,-1.5915997702843867
Placed,1,ENTC,8.03,2,3.5359018378033173,-0.9991450840387132
Not Placed,0,ENTC,6.01,1,-3.4818071642800077,-3.2969843108652457
Placed,1,ENTC,7.18,3,-0.4580162331021235,-0.040251543135652997
Not Placed,0,Mechanical,8.28,3,0.35384194859088774,-0.03007727866690045
Placed,1,CSE,7.58,2,3.1677358044520494,-2.4317498804383018
Placed,1,ECE,8.77,2,2.7648543351345705,-0.33668500087687
Not Placed,0,ECE,7.75,0,0.8755824006004909,0.49157998404970543
Not Placed,0,IT,7.67,0,0.3704706599572265,1.0903781494576887
Placed,1,CSE,8.63,0,-0.14941220846326037,0.4156225498511427
Placed,1,Mechanical,7.41,3,0.9857165180201142,-1.5270595443999484
Not Placed,0,CSE,7.68,1,-1.275705157924544,0.3602248366148907
Not Placed,0,IT,7.79,3,-0.9071529254274117,-0.22181832976667476
Not Placed,0,CSE,7.64,1,-2.545418412996295,0.6986531383128621
Not Placed,0,IT,8.69,1,-1.9743420965483376,1.1349352191848796
Not Placed,0,CSE,7.13,3,1.092250412529957,-1.1262107479601615
Not Placed,0,CSE,6.99,1,-3.5755313430174867,-0.002551030309640058
Not Placed,0,CSE,6.8,3,1.109017296816947,-1.7326506600778038
Not Placed,0,CSE,5.88,1,-2.3304482455209263,-1.7245258163595587
Placed,1,IT,8.96,2,1.9386272964591693,1.8400810324275418
Not Placed,0,CSE,6.93,3,0.4246916175030348,-2.464356811817953
Not Placed,0,IT,7.5,3,-0.838268833955439,-0.3982057805085701
Placed,1,CSE,9.02,2,2.460567847346564,-0.30282262917678127
Placed,1,ECE,7.58,0,-0.9261831068037377,1.1336242751896934
Not Placed,0,IT,8.14,0,-0.21721332122348552,0.9055462009743728
Not Placed,0,Mechanical,6.49,3,-1.3998548199194876,-2.532581158501766
Placed,1,ECE,8.89,2,1.7982146815165845,0.9931172387735516
Not Placed,0,IT,7.6,0,0.5969494661739152,0.2895832368658627
Not Placed,0,CSE,6.83,3,-0.3347188859422193,-0.8509390378789645
Not Placed,0,IT,6.83,0,0.370501053918989,1.6362478110284655
Placed,1,IT,9.14,2,2.3925477982843697,-0.3720379394478815
Not Placed,0,Mechanical,7.2,0,0.5897020295613121,1.4943336398217586
Placed,1,ECE,6.85,3,0.25367299800091025,-0.10240837453714254
Placed,1,ENTC,7.33,0,1.6187053527669428,1.3893814673525076
Not Placed,0,ECE,7.74,0,-0.771342269325639,0.5525690204164725
Placed,1,Mechanical,7.83,2,1.8478183171851328,-0.07728469160208284
Not Placed,0,Mechanical,8.08,1,-2.0145651191225453,0.8944669815402366
Not Placed,0,IT,7.9,3,0.4105236816120338,0.15170584044957847
Placed,1,IT,8.25,0,1.478323903066883,1.0388976530177705
Placed,1,CSE,7.47,3,1.178354797670254,-2.15146808487209
Placed,1,CSE,9.46,0,1.971279332995716,2.541164248200159
Placed,1,CSE,7.28,2,2.547204403063699,1.090026728492018
Not Placed,0,CSE,8.85,0,-1.3666276527808023,2.0116614491446523
Not Placed,0,ENTC,7.19,1,-1.9103142274544773,0.5472740982301938
Not Placed,0,IT,6.49,1,-2.911814699345948,0.8087312106088326
Not Placed,0,ENTC,6.28,1,-1.599682627822764,-0.28201968186226783
Placed,1,CSE,7.96,0,-0.2884112571006883,1.2629154901939903
Placed,1,IT,8.69,0,0.27441142593516493,0.8527788862216633
Not Placed,0,ENTC,6.72,1,-1.8460812945508416,0.14996109596960397
Not Placed,0,CSE,6.95,1,-3.221510933103546,0.007889440228269685
Placed,1,ECE,8.03,0,0.7598560871394234,1.9456506816481731
Not Placed,0,Mechanical,7.7,0,0.18461851468257875,0.9010243368773524
Not Placed,0,IT,7.2,1,-2.4719409618446644,0.2760338865077838
Placed,1,CSE,6.61,3,0.522270394795934,-1.5293960959534592
Not Placed,0,IT,7.96,1,-2.4798057209718603,0.27915980126069995
Placed,1,IT,8.25,0,0.48291223816651546,1.5985864476684075
Placed,1,Civil,8.12,2,1.2196854248816058,0.022411742257902822
Not Placed,0,ENTC,7.72,3,0.5386279982673762,-0.9928484991381394
Not Placed,0,CSE,6.8,1,-3.7096256756202033,-0.5658326113124145
Placed,1,ECE,7.97,0,0.3769435459200526,0.39639692103331103
Placed,1,Mechanical,7.9,0,0.9526670412645839,1.8466268960603287
Not Placed,0,CSE,6.58,3,1.1392521577712584,-1.9034054429556633
Not Placed,0,IT,7.44,3,1.5596748170886976,-1.237557806955697
Placed,1,ENTC,8.01,2,2.4321832081073436,-1.878186868717598
Not Placed,0,ECE,7.63,1,-1.672473612651164,0.020561269148244975
Not Placed,0,IT,6.03,1,-4.3946433152698985,-1.0119141801383098
Placed,1,CSE,7.16,2,2.1302345282197397,-0.6876920024836995
Not Placed,0,IT,7.1,3,0.3229531703841654,-0.6758774535880485
Placed,1,ECE,8.18,2,3.043461836935781,-1.4667351043230106
Placed,1,ECE,9.91,2,5.678928164714612,0.5443642175083868
Not Placed,0,CSE,7.81,3,0.6006510805108408,-0.9119270478526974
Not Placed,0,ENTC,6.68,0,-0.10912953627847358,1.1476484761126786
Not Placed,0,CSE,7.56,1,-1.8214105935216744,-1.4271287313381706
Not Placed,0,ECE,7.71,1,-1.6409453580992286,0.9979071770169419
Not Placed,0,ECE,8.34,1,-3.376507719385435,0.012432217023702861
Not Placed,0,CSE,8.76,0,0.1448001688651598,1.3053419711924978
Placed,1,CSE,8.88,3,1.1829040532705657,0.08252177198836855
Not Placed,0,IT,8.16,0,-0.42085660701235117,0.5235235199070766
Not Placed,0,ENTC,7.7,1,-1.4861760253396314,-0.1057457890082863
Not Placed,0,ECE,8.96,1,-2.141698769839746,1.473451142102324
Not Placed,0,CSE,7.4,0,0.44801769834297445,0.14787336235855528
Placed,1,Civil,7.75,2,2.1381808918325906,-0.6468450834714757
Not Placed,0,ENTC,7.49,1,-1.1734035873414443,0.48141367705727334
Not Placed,0,IT,5.89,1,-4.739737877361534,-1.732655569489094
Not Placed,0,IT,8.78,0,-0.5004371433084049,2.016358553051921
Placed,1,CSE,8.27,0,0.06201961039123057,2.0089154867836014
Not Placed,0,IT,5.69,1,-3.089564968083606,-0.8338362679796915
Placed,1,Civil,8.55,3,1.4004095255034392,-0.9130734645823436
Placed,1,ECE,7.44,2,1.4793490645829148,-0.18487447105771967
Placed,1,IT,8.54,0,0.17638812174224117,1.359886701181777
Not Placed,0,CSE,7.76,1,-1.7253758699224315,-0.6881857172525387
Not Placed,0,CSE,6.55,1,-3.6633293389468715,-0.18911500299542183
Placed,1,CSE,7.72,3,1.1734870605668615,-0.2894369071664106
Not Placed,0,CSE,6.94,1,-2.471689871080111,-1.7503172316086792
Not Placed,0,ENTC,6.66,1,-2.7166423913615163,-1.5412774284086221
Not Placed,0,ECE,8.44,2,2.4870402748135163,-0.9864638211132918
Not Placed,0,Mechanical,8.03,0,0.48544527423536815,1.4786781354387062
Placed,1,IT,8.97,2,3.84322727645142,-1.3551366061205243
Not Placed,0,CSE,7.36,3,1.1082187265602867,-1.0893176833296714
Not Placed,0,ENTC,6.88,1,-2.2957513403729033,-0.8978360260405736
Not Placed,0,CSE,8.24,0,-0.5529949756378036,0.792376966047979
Not Placed,0,CSE,6.99,3,-0.7552472160634242,-0.7692723742800264
Not Placed,0,Civil,7.44,3,0.40757552127506935,-2.3146259502304782
Not Placed,0,ENTC,8.15,1,-1.5940921574946971,1.2451376197317519
Not Placed,0,Mechanical,7.59,1,-1.4377160030835852,0.2000424240424018
Placed,1,CSE,7.28,0,-0.9562411003615057,1.5941367762859646
Not Placed,0,ECE,6.51,1,-1.2373045525932076,-0.11544046642760045
Placed,1,CSE,8.5,2,1.7542000396509412,-0.8679590322888963
Not Placed,0,CSE,7.39,3,0.3743490930661637,-0.17733013253876417
Placed,1,IT,8.23,2,1.7755979931335863,0.13686897248772786
Not Placed,0,ENTC,8.11,0,-1.4763501241373171,1.8526679912440962
Placed,1,CSE,8.63,0,1.340028472054559,1.459179703780141
Placed,1,ECE,7.5,3,0.5261377892682298,-0.11219510528819754
Placed,1,Mechanical,7.4,0,-0.2859817449107099,0.29125549986656385
Not Placed,0,ENTC,6.76,1,-2.192352073629323,1.727928741857511
Placed,1,IT,7.24,2,2.220695469791578,-2.1152778903644975
Placed,1,ECE,7.99,2,3.48341717709435,-1.0589843785756836
Placed,1,CSE,7.01,3,-0.0002586613647466082,-0.9305239350956968
Placed,1,CSE,7.97,0,0.2023162549132517,1.9277835380062998
Placed,1,IT,8.95,0,0.1949660969605909,0.43770483286106865
Not Placed,0,ECE,7.32,3,0.39123587416790745,-0.9647384758505982
Not Placed,0,ENTC,6.58,1,-3.684778364763711,0.4307977554156007
Not Placed,0,Civil,7.35,1,-2.7934363465832988,-0.07366926741683708
Placed,1,CSE,6.49,3,-0.6287092831893362,-0.9346896765578201
Placed,1,CSE,8.83,2,2.5877920485746295,-1.2091049355676835
Placed,1,IT,7.77,2,1.6941920661432313,-0.37359405499226295
Not Placed,0,Civil,7.08,3,0.005116907765163911,-1.9622866760243287
Not Placed,0,ENTC,7.22,1,-3.1071835833279056,1.9131428794407535
Not Placed,0,Civil,6.7,1,-3.7967825989251547,-0.2557030585966414
Placed,1,CSE,8.56,0,0.6752931302753915,2.4015843148828946
Placed,1,IT,9.26,2,6.053079571284479,-0.7126095833881775
Placed,1,CSE,6.43,1,-2.4004378212655197,1.2672188290104334
Placed,1,CSE,8.59,2,1.61379320559442,0.795540704323882
Placed,1,CSE,7.49,3,0.8525534609235652,-0.004886705898143752
Placed,1,IT,8.78,0,0.8669802541359135,1.506436395783998
Not Placed,0,IT,6.14,1,-3.1512596619000144,-1.218758401099465
Not Placed,0,CSE,7.89,1,-2.158105693301605,1.5313794054323902
Not Placed,0,Mechanical,7.35,0,0.38150374944549803,0.25139584535843995
Placed,1,ECE,8.26,0,1.008532087792692,1.2102882648081452
Not Placed,0,ENTC,7.75,2,2.275570385496391,-1.473137574749137
Placed,1,CSE,7.72,0,-0.2389551006525849,0.10097761188111688
Not Placed,0,ENTC,7.61,3,-1.2344629231561788,-1.2914762925577123
Placed,1,CSE,9.03,0,-1.1319331583121264,2.3081525757134833
Placed,1,IT,7.55,3,0.10095546679948245,-0.7477956548775373
Placed,1,CSE,8.43,2,2.460677921899865,1.2492849127464956
Placed,1,IT,8.23,2,2.729732821744076,-0.11433675513500616
Placed,1,Mechanical,8.46,0,-0.6129159513742213,0.48161543995234607
Placed,1,ENTC,6.84,0,-0.009414155676840235,0.8779588215662205
Placed,1,CSE,8.3,2,2.0617058215190376,0.7080220946438591
Not Placed,0,ECE,7.99,1,-1.457876606100259,-0.11298256918017521
Not Placed,0,CSE,6.69,1,-2.384591938878624,-0.8998538628773581
Not Placed,0,IT,7.52,1,-1.8330852548312337,0.17479750352969162
Placed,1,ECE,9.65,0,1.3625403271618477,3.8677872403810807
Not Placed,0,ENTC,7.37,3,-0.9316266593161185,-1.258031736404255
Not Placed,0,ENTC,7.39,0,-0.8431913482853959,0.9742548503443705
Not Placed,0,IT,8.08,3,0.34429620143042583,-0.4470618571448115
Not Placed,0,CSE,7.24,0,0.2797336731654163,0.4514915500038858
Placed,1,IT,7.82,2,1.7003473767505886,-0.21663974332987085
Placed,1,IT,7.32,3,-0.10111579728499374,-2.2300215711154263
Not Placed,0,IT,8.04,0,0.017185425777905702,1.89253288104089
Not Placed,0,IT,7.65,3,-0.8621907817577655,-0.3183127833473089
Placed,1,CSE,9.36,0,-0.3174893255811814,1.5569397748585778
Placed,1,CSE,7.74,3,1.039203934893398,-1.6712928263020506
Placed,1,ECE,7.51,3,1.2211469109519004,-0.3410509308781225
Placed,1,CSE,8.58,2,2.859730616718658,1.2406750653739929
Not Placed,0,IT,6.52,0,0.16900056764197782,0.7984354778009105
Placed,1,Civil,9.14,0,1.205982069384107,2.3975343213780183
Not Placed,0,Mechanical,6.86,1,-3.219466226317089,-1.8598811035164768
Not Placed,0,IT,8.71,0,-0.8931964198695268,0.47869187456223966
Not Placed,0,CSE,8.94,0,-1.3323035779837769,2.9245615193760526
Placed,1,IT,7.25,3,0.8812048507014845,-1.0317864044244789
Not Placed,0,Civil,7.33,3,0.23813144931831876,-1.3012093163611513
Placed,1,CSE,7.61,2,3.7595925111926745,-1.7341849364599597
Not Placed,0,IT,8.23,0,0.7290999620907374,0.28031193584017977
Not Placed,0,ECE,6.85,1,-1.8571368001624395,-1.5867656913816137
Placed,1,ECE,7.61,3,0.24544427216034195,-0.23961191675131216
Placed,1,CSE,7.43,0,0.7566918455880967,0.5334526739538351
Not Placed,0,CSE,6.72,1,-1.8612957733871047,0.2804308635461046
Not Placed,0,CSE,6.81,1,-1.9214132023159793,-0.9051584449936597
Placed,1,CSE,7.81,2,1.571919146666995,0.0742039604016844
Not Placed,0,CSE,7.79,2,2.537792157541432,-2.3055327656129205
Not Placed,0,ENTC,7.05,1,-1.683485573523045,0.9710972203201458
Not Placed,0,ENTC,7.77,3,0.575779539821703,-0.6966536435532221
Not Placed,0,ECE,7.15,3,0.014459081240330088,-1.1962428166991383
Not Placed,0,ECE,8.81,0,0.477628129046027,0.28216133328328
Not Placed,0,CSE,7.61,2,2.5267578272034052,-1.1580356708139394
Placed,1,CSE,8.63,2,4.0517932313179355,-2.2891092288182313
Not Placed,0,ECE,6.26,1,-1.4191561826308121,-1.5379817069272694
Not Placed,0,IT,7.97,1,-1.5375772227380504,-0.37322511344075365
Not Placed,0,IT,8.21,1,-2.654907034117173,0.1156258495523917
Not Placed,0,IT,7.58,3,-0.38123580323357786,-0.8317951190219746
Not Placed,0,ENTC,7.24,3,0.6162114799476969,0.1386001096135686
Not Placed,0,ECE,7.57,0,-0.2873025518815502,0.29225109311599706
Placed,1,CSE,8.33,3,1.168563726303022,-0.4604229724007701
Not Placed,0,CSE,6.67,3,1.8549057751983902,-1.4261190101817052
Not Placed,0,ENTC,8.3,3,0.9913843292423532,-0.5678247467376487
Not Placed,0,IT,7.97,0,0.693273165177685,1.0321673297495189
Not Placed,0,CSE,7.48,1,-2.2690414720597385,0.9442591492249703
Not Placed,0,ENTC,7.51,3,0.9550354173636415,-0.39686532626132004
Not Placed,0,ECE,7.75,0,-0.26302909056433976,1.343144194953619
Placed,1,CSE,9.11,2,1.8344224009661856,-0.21530024945475443
Not Placed,0,CSE,8.0,1,-1.6154398255195401,-0.43127582357703154
Not Placed,0,Civil,6.9,3,-0.2660865354526902,-0.7336350494897206
Placed,1,CSE,7.33,3,0.1922954389012332,-0.9547288887582196
Not Placed,0,Mechanical,6.73,1,-2.84949776341897,-0.09331251012487901
Not Placed,0,ENTC,6.09,1,-1.6456606541566103,-0.33526718700707564
Not Placed,0,Mechanical,6.71,3,1.1888782150889128,-1.6469906011473694
Not Placed,0,IT,7.8,1,-1.0926451367600174,0.16278005174078847
Placed,1,CSE,8.78,2,3.1988038641657073,1.9559273361026883
Not Placed,0,CSE,8.55,2,1.5908999481722306,0.4617515053782935
Not Placed,0,CSE,6.72,3,-1.2963900532005852,-2.263468615650083
Not Placed,0,CSE,7.02,0,0.7381682284245503,0.2866007978370412
Placed,1,CSE,6.9,1,-1.3608570658469903,0.10403663747395395
Not Placed,0,CSE,5.51,1,-4.412053407500574,-0.5755201865047097
Not Placed,0,ECE,7.56,3,0.607476323314183,-0.11636016182499681
Placed,1,CSE,8.38,0,1.6139020512373818,1.3984818067724871
Not Placed,0,CSE,7.49,3,-0.23995995321971061,-1.7517537578039197
Not Placed,0,CSE,6.62,3,-0.6563557231343506,-0.5915730039868788
Placed,1,ECE,6.98,0,-0.9214857842547848,1.2773888529518078
Not Placed,0,IT,7.42,0,-0.2579701942127322,0.5546259888642938
Not Placed,0,ENTC,8.35,0,1.1315709420934421,0.6605285944651198
Not Placed,0,CSE,7.54,3,1.205647922054439,-1.0611909438937563
Placed,1,CSE,8.24,2,2.6590077535227445,0.0669961225197302
Not Placed,0,ENTC,7.63,0,0.8299056727063789,0.6021925316679355
Not Placed,0,CSE,7.9,0,0.5749965207272193,2.584726605481411
Not Placed,0,ECE,6.9,0,-0.2821186387206263,0.36741318805328316
Not Placed,0,Mechanical,7.12,3,-0.7486975571008604,-0.9890773595204817
Not Placed,0,IT,6.63,3,-0.3474803991219325,-1.3496761401115014
Not Placed,0,CSE,8.21,2,2.160514646858479,-1.6448663435942075
Not Placed,0,Mechanical,7.45,1,-3.617593640741259,0.02289678769062816
Not Placed,0,ENTC,5.0,1,-3.2536825445091613,1.0565295550186133
Placed,1,ECE,8.11,3,2.3395530667082642,-2.3934358485049843
Placed,1,CSE,8.53,0,0.21384778574484298,1.4126074183690913
Not Placed,0,CSE,7.01,1,-1.7316884684381015,-0.08030602874505657
Placed,1,Mechanical,8.11,2,1.5222534300867525,-1.0190909059554967
Not Placed,0,ECE,7.52,3,0.0011262723140481323,-0.6691006371518785
Not Placed,0,CSE,5.9,1,-2.343444871012322,-1.7471402646394327
Placed,1,IT,9.36,2,2.8596039348807207,2.0026832527843523
Not Placed,0,ENTC,7.53,3,-0.433562158299065,-0.4227350635271086
Not Placed,0,CSE,7.87,3,0.017411000151199743,-1.1316621141302117
Not Placed,0,Civil,7.17,0,0.3972575176950741,0.060324820341787294
Not Placed,0,CSE,7.45,0,-0.20069425004919228,1.304532250731273
Not Placed,0,CSE,7.84,0,-0.24471697767485692,0.9390762348588853
Not Placed,0,CSE,6.81,1,-2.0053258530648557,-0.5874085052790146
Placed,1,CSE,9.14,0,1.793105917103912,2.81476863497153
Not Placed,0,CSE,8.41,3,0.45077536179527394,-0.11987869078198668
Not Placed,0,IT,8.14,1,-2.464517081628041,-0.058696963095595155
Not Placed,0,CSE,7.58,3,0.30506097674267346,-1.7785700722721312
Placed,1,IT,7.05,0,-0.3198744444266361,1.261979138551785
Not Placed,0,ENTC,8.58,2,2.556779226333029,0.3420787520767578
Not Placed,0,CSE,8.22,0,-1.3356119348275823,1.8740520397880032
Not Placed,0,CSE,7.36,0,-1.5247984024487031,2.033362691121961
Not Placed,0,ECE,6.78,3,0.03370149906006449,-1.564601119341717
Not Placed,0,IT,6.36,1,-3.815744315309277,-0.9425455121478329
Not Placed,0,CSE,7.72,3,-0.28867879877977265,-1.4568593917458483
Not Placed,0,ENTC,7.49,3,-0.021604789390112893,-1.2801090198497014
Placed,1,ECE,8.71,2,4.0589115864872145,-0.8473408370156209
Not Placed,0,CSE,8.54,0,0.9545670834113091,0.6499529170415536
Not Placed,0,ENTC,7.73,3,-0.02695932273662929,-0.03406540296817965
Not Placed,0,Civil,7.63,3,0.08792961215097835,-1.9624702696329062
Not Placed,0,ENTC,6.72,1,-1.96394607428201,-0.68113969663461
Placed,1,CSE,8.6,0,-0.027587662219052695,0.261115864047086
Not Placed,0,ECE,7.65,1,-1.5739082710558743,-0.6323386541605761
Placed,1,CSE,8.21,2,2.079621358544096,2.040125295543913
Placed,1,CSE,8.7,2,2.5822839660140335,0.7594947239616703
Not Placed,0,CSE,7.22,1,-2.5539053316537506,-1.044691761793811
Not Placed,0,ENTC,7.0,0,-0.8745656288098713,1.6149223381039628
Placed,1,CSE,9.8,2,3.345921409215059,2.198203901349921
Not Placed,0,Mechanical,8.21,0,-1.2031108529141161,2.070439775075102
Not Placed,0,Civil,7.46,0,0.2750171570129168,0.26192708967799455
Not Placed,0,CSE,8.75,1,-1.1465474978961772,0.32389614046991416
Not Placed,0,IT,7.44,1,-2.7004534512999485,0.7652678153606959
Not Placed,0,Civil,7.98,0,0.5983765707747288,1.0800602199240026
Not Placed,0,IT,7.22,3,0.7760355858154435,-1.3576497823988194
Placed,1,ENTC,7.69,3,0.2080637156538536,-0.6919428225088705
Placed,1,IT,7.47,2,1.671367669216602,1.2302919539390982
Not Placed,0,CSE,7.06,1,-1.9903374219037837,-1.1451812532197827
Placed,1,CSE,7.91,2,2.6701884875652904,-1.6993862586057702
Not Placed,0,CSE,7.16,1,-1.322929374486903,-0.15903490204070742
Not Placed,0,Mechanical,8.19,0,-0.054267732082972565,1.2605997152388775
Placed,1,IT,7.44,2,2.528679844731165,0.16237163817916847
Placed,1,IT,6.24,0,-0.0622323236505953,0.2467828869957917
Placed,1,ECE,8.23,2,3.6567474750278977,-0.3556464258456661
Placed,1,Civil,8.24,2,3.4428682251230063,-1.900353046290781
Placed,1,CSE,9.62,0,1.346446388816397,1.866093616386188
Not Placed,0,ENTC,7.72,1,-2.1123903493617133,0.396235782256836
Not Placed,0,IT,7.86,0,-0.7783792906262695,0.9637774706953273
Not Placed,0,ENTC,8.11,0,-1.3986674816624898,3.233463018354227
Placed,1,ECE,8.57,3,0.896986338603286,0.12514785627022434
Placed,1,Mechanical,8.51,2,3.24086655405186,0.3319265566103238
Placed,1,ECE,7.97,0,0.7687145342930111,0.5003628924149782
Not Placed,0,Civil,7.67,3,-0.4338544061285841,-2.6382223142791683
Placed,1,CSE,8.42,3,1.0488679561989847,-0.03334070209797182
Placed,1,ENTC,7.64,3,1.7808726515865392,-2.1563126807061987
Not Placed,0,ECE,6.6,1,-1.3732972615615615,-1.2592303388441854
Not Placed,0,CSE,6.42,1,-2.35416477380914,-0.9239459151949959
Not Placed,0,Mechanical,7.45,1,-1.9733491120732158,-0.9401711047298106
Not Placed,0,ENTC,7.8,3,1.2226291570352712,-2.8706941383691222
Placed,1,Mechanical,9.8,0,1.7767147889966415,3.6358911854150073
Not Placed,0,CSE,7.6,2,2.4559149575649357,-2.737275896816703
Not Placed,0,ENTC,7.74,1,-0.8791615738153591,0.007230468419308599
Not Placed,0,CSE,7.36,1,-1.913693908508806,-0.18415170256663443
Placed,1,Civil,8.23,3,1.4795602348693093,-0.82280824995931
Not Placed,0,IT,7.94,3,0.24161210528608346,-1.0075533216962704
Not Placed,0,ECE,7.16,1,-3.462186176417221,0.2767664859599777
Not Placed,0,IT,6.84,3,0.7907290674316841,-1.2743259889705856
Not Placed,0,ECE,7.36,1,-2.863571479514027,1.9188343120510967
Not Placed,0,CSE,6.98,2,1.9903999962410828,-1.6906409305821593
Not Placed,0,Mechanical,7.5,1,-2.918279603674237,0.19277804640162566
Placed,1,Mechanical,7.82,3,0.3755896730678845,-0.40896309319134794
Not Placed,0,CSE,7.27,3,-0.22390566330793477,-1.59155096189437
Placed,1,ENTC,8.94,2,2.3391844718112083,1.4191092985923146
Placed,1,ECE,8.69,0,-0.41528080247700006,3.1319255682141574
Not Placed,0,CSE,7.5,3,0.05199003565410143,-1.267909387436329
Not Placed,0,CSE,6.88,1,-2.387780408298696,0.2685051045331365
Placed,1,IT,7.67,3,-0.10864342362510929,-0.09305650089809334
Not Placed,0,IT,7.59,1,-3.6699076662205945,0.3311275892042573
Placed,1,CSE,7.65,3,0.6761555395500536,-0.097785838078679
Placed,1,CSE,7.36,3,0.5970621092439576,-1.4152768640411992
Not Placed,0,CSE,6.81,1,-1.1243582080897812,-0.5257423060569276
Not Placed,0,Civil,7.73,3,-0.46618423969373685,-0.731484463831507
Placed,1,IT,7.4,3,0.9014318916758186,-0.5343701275126804
Not Placed,0,Mechanical,7.48,0,0.5740042353403402,0.3852505568252508
Not Placed,0,ENTC,7.78,0,-1.5573542550311084,2.1069609731980625
Not Placed,0,ENTC,7.64,1,-1.5118542755071103,0.4901277059971386
Not Placed,0,CSE,7.76,3,-0.6775848836315763,-1.1907823775748154
Not Placed,0,IT,7.36,3,-0.4929023667893593,-1.299084483584206
Not Placed,0,Mechanical,8.01,3,-0.5713837011630531,-0.7038984881860806
Placed,1,ENTC,7.09,0,0.12138673901614522,1.3236388496866827
Not Placed,0,ENTC,6.78,3,-0.3179945512251155,-2.515750208853324
Not Placed,0,CSE,6.94,1,-2.2956222949410585,-2.2063736428858878
Not Placed,0,CSE,7.12,0,-1.7545211517540586,1.8646650924070591
Not Placed,0,CSE,6.61,3,-0.9949318467454804,-1.8507882984008737
Not Placed,0,ECE,6.26,3,-0.2899641865412103,-2.805657026163602
Placed,1,ENTC,8.13,0,1.471028932879217,3.139074263369698
Placed,1,IT,8.78,0,0.5521411396717747,1.5144338419408052
Not Placed,0,IT,8.17,3,0.3102360994051978,-0.9671714774548811
Not Placed,0,IT,7.29,0,-1.2912470678794885,0.8671713677274556
Not Placed,0,IT,6.24,1,-1.812249672399821,-1.866097886250588
Not Placed,0,CSE,7.86,1,-2.6762339706525218,1.7238657378546445
Placed,1,IT,6.33,0,-0.522097255445732,0.6039108327466562
Not Placed,0,CSE,7.63,0,-0.38079989632979955,0.7344266610010591
Not Placed,0,ECE,7.02,3,0.6688755717817952,-0.7075496621503586
Not Placed,0,ENTC,5.76,1,-3.4191953429055486,0.7300551883895134
Not Placed,0,CSE,8.96,0,-0.6602249456401482,0.4805813363207397
Not Placed,0,IT,6.63,3,-0.37869822015335664,-0.5410996198036201
Not Placed,0,ENTC,7.4,2,2.5036330299314185,-0.10969500519713254
Not Placed,0,CSE,7.59,0,-0.8129579041475782,0.9817400742248895
Not Placed,0,CSE,7.3,1,-1.2563076753187474,-0.7213153595804569
Placed,1,CSE,8.09,1,-1.3691984619953312,-0.13722559378855775
Not Placed,0,Civil,7.07,3,0.36982238365117504,0.030320603471698977
Not Placed,0,CSE,8.02,1,-1.3824655335993212,-0.13137376081353605
Not Placed,0,Civil,7.97,1,-2.4266466640652187,-0.279950001008414
Not Placed,0,CSE,6.53,3,-0.870872059724508,-2.4846239617390338
Not Placed,0,IT,7.9,1,-1.1147060773524444,-0.6695506149188576
Placed,1,IT,6.8,3,1.121280178026965,-1.8070268419409021
Not Placed,0,ENTC,6.71,3,-0.647032489110551,0.03439627519614095
Placed,1,CSE,7.95,3,1.0039040298359203,-1.7139509424758481
Not Placed,0,ECE,7.35,0,-1.0532776375679747,0.9329155450192445
Not Placed,0,Civil,8.02,2,1.8203111453406915,-0.9656480110586292
Placed,1,CSE,8.02,0,0.3675997609883233,0.7777748450703851
Not Placed,0,IT,6.49,1,-4.218591982799531,-0.9297170374634159
Placed,1,ECE,8.33,0,0.48487573954205293,1.3660243112511266
Not Placed,0,IT,7.94,0,-0.4232589108852483,1.221704687350419
Not Placed,0,ECE,7.2,1,-1.6916108199354036,-1.4606198220582094
Not Placed,0,Mechanical,7.58,1,-2.838564597013806,-0.5606374672342663
Not Placed,0,CSE,8.35,1,-1.8829698402309507,-0.35172146924694575
Placed,1,CSE,7.43,3,-0.189940067399831,0.09158157304785211
Placed,1,CSE,9.5,2,3.152207623052158,1.9055202947303664
Placed,1,IT,8.97,3,1.1808378976843688,0.3225036250385704
Not Placed,0,CSE,7.8,3,-0.5094981180577,-0.7761988810336052
Not Placed,0,CSE,7.51,3,0.051824141718365455,-0.3322237749528355
Not Placed,0,CSE,7.54,0,-1.331600578619983,1.984694109326579
Not Placed,0,IT,7.19,2,2.0982923473566077,-1.9773734542930959
Placed,1,ECE,7.81,2,4.272028564610545,-0.7696186047451815
Not Placed,0,CSE,8.28,0,-0.7475033105759437,0.9895454094269891
Not Placed,0,CSE,6.55,3,-1.161019436702124,-2.107881446405256
Not Placed,0,Civil,8.25,3,0.7571462033468062,-0.4062680543408307
Placed,1,IT,8.49,0,0.43946206800304377,1.459043952743389
Placed,1,IT,8.19,2,2.3959570475388587,0.35802074534092754
Not Placed,0,Mechanical,7.59,1,-2.1986412907362975,1.8295112405739782
Not Placed,0,IT,8.15,0,-0.4162177814935289,1.1991400238730276
Placed,1,Mechanical,8.8,2,2.7751595650578325,2.4782707982895618
Placed,1,ECE,7.65,2,2.2060814518574268,-1.1519525572162481
Placed,1,CSE,7.72,2,1.6115870978408036,0.11700755064683933
Placed,1,CSE,9.51,2,1.9496503752403769,1.6057203230983037
Placed,1,CSE,7.96,0,-0.36211431086096635,0.6879238809527747
Not Placed,0,ENTC,6.84,1,-1.6979499036746064,0.7243147957708888
Placed,1,IT,8.44,2,3.1981300968739856,-0.7665112860671621
Not Placed,0,ENTC,8.04,3,0.6704737562576673,-1.2062404755272158
Placed,1,ENTC,7.14,2,5.324033648803418,-1.7733832922381476
Placed,1,ECE,6.76,3,0.9244370882363906,-0.23988719263369893
Placed,1,IT,7.9,2,2.5389019650718447,-0.8323185666126909
Not Placed,0,ENTC,7.65,0,-0.13121710652636448,0.44810333788737583
Not Placed,0,ECE,6.64,1,-3.1253473072550975,-0.18238575159657439
Placed,1,IT,7.62,2,4.291593115920357,-1.3602730199356545
Not Placed,0,Mechanical,7.57,1,-1.9232185214260298,0.5991330448821774
Not Placed,0,IT,7.65,3,-0.6689679741015931,-1.4971822705538307
Placed,1,Civil,8.12,0,1.1963388333305909,2.2161860118631567
Not Placed,0,IT,6.2,1,-3.8295018436845685,-1.480942265751599
Not Placed,0,CSE,6.75,1,-1.5068199732546699,-1.67315784701553
Not Placed,0,ECE,7.29,3,-0.8578298850919163,-0.7620482537178923
Placed,1,IT,8.83,0,0.2504700347481427,3.960525807622738
Placed,1,IT,9.71,0,1.242867474187456,3.393254870139408
Placed,1,IT,7.7,0,0.9587498996267345,0.2705164678607764
Not Placed,0,ENTC,7.74,1,-1.9514941204828964,-1.487992622556608
Not Placed,0,IT,5.62,1,-4.127129059333916,-1.6588118188509817
Placed,1,ECE,8.47,0,-0.49215684939808346,1.1787720910451958
Placed,1,ECE,8.08,0,-0.027292303433520494,1.110110892994497
Placed,1,CSE,7.94,3,-0.2785956620699499,-0.8948481536268224
Not Placed,0,CSE,6.64,1,-3.1449501150306776,-1.0062677145452017
Placed,1,CSE,9.38,0,1.5054691197365921,2.3353035421433463
Placed,1,Civil,8.99,2,2.0081990882727494,1.6145056809533989
Placed,1,ENTC,7.95,2,1.7743786135542035,1.0811858334165854
Not Placed,0,Mechanical,8.54,3,-0.7875062311940784,-0.2048606862719302
Not Placed,0,ENTC,7.74,1,-1.755039330114211,-0.09667005417277334
Not Placed,0,ENTC,8.4,2,1.6997313854846257,0.035367550701691286
Not Placed,0,Civil,6.59,3,-0.4009448400450567,-1.08151269739589
Not Placed,0,CSE,5.77,1,-1.4027943268375649,-0.7984230428983297
Placed,1,Mechanical,6.62,3,1.2954311691826013,-0.9652061607772284
Placed,1,IT,7.01,3,-0.8102635275157758,-1.9564334051147667
Not Placed,0,IT,7.15,3,0.12147194716715813,-1.4370831868826333
Not Placed,0,CSE,8.08,1,-2.195957284865435,0.641901905868278
Not Placed,0,CSE,7.48,1,-1.8027914057894376,-1.3603695110482605
Not Placed,0,CSE,7.68,1,-2.0129045715211067,1.8025374098529072
Not Placed,0,CSE,6.69,3,-0.010773798420077491,-2.8920384474541634
Not Placed,0,CSE,6.62,1,-1.5461700572768553,-0.3337213073663822
Not Placed,0,Mechanical,7.73,1,-1.5502926249846063,0.34978695999622517
Placed,1,CSE,7.24,3,0.3046495763998048,-0.23010787719337375
Placed,1,CSE,7.7,2,2.2087114841653808,0.6358062212384906
Placed,1,ECE,8.16,2,2.7558237320511707,0.46484122322048943
Not Placed,0,ECE,9.09,2,1.4080290757421454,-0.4299532406630357
Not Placed,0,ENTC,7.68,3,-0.001946503759895121,-1.9598325400424539
Placed,1,CSE,9.24,0,0.7356829261124062,1.8868257739723477
Not Placed,0,IT,8.05,1,-1.6794231261535193,0.2139959069462613
Not Placed,0,Civil,8.29,3,0.07102824023526311,-0.4673138829753333
Placed,1,IT,8.6,3,-0.16872368947148242,-0.18062187753545222
Placed,1,ECE,8.31,2,2.5651580196405654,-0.303117928664252
Not Placed,0,CSE,7.02,3,0.8117398116358143,-1.5516315557922318
Placed,1,CSE,8.62,3,-0.08877918240817426,-0.12459709696575855
Not Placed,0,ENTC,7.38,0,-2.2251957510961162,2.7788813311906417
Placed,1,CSE,7.96,2,4.580672483315832,-2.973145305363725
Placed,1,IT,7.81,2,1.6382570421217733,0.4423155113964957
Not Placed,0,ENTC,8.67,0,-1.2478118707252048,2.6994876148960483
Not Placed,0,IT,8.03,1,-2.7989855274032576,0.2345867135469735
Not Placed,0,CSE,6.52,3,-1.020012828164986,-1.2822818825833753
Placed,1,CSE,9.48,0,1.953490742822135,2.077373920133238
Placed,1,CSE,8.41,2,2.6165858352146483,0.4877395507917415
Not Placed,0,ECE,7.23,1,-2.769285732883075,-1.3618837791387848
Not Placed,0,CSE,6.73,1,-1.5274131937273931,-1.1491473744027731
Placed,1,CSE,8.51,0,-0.15561047220814753,2.5130231121265028
Not Placed,0,CSE,6.83,0,-0.6839619813757403,0.7038780368437414
Placed,1,Mechanical,8.38,2,1.9683017314630409,1.04887091406885
Placed,1,IT,8.61,2,4.402224085560639,-0.698034270017866
Not Placed,0,Civil,7.15,0,0.9574356193765322,0.7294281448157309
Not Placed,0,CSE,7.07,3,-0.705662311832208,-0.14499190871516465
Not Placed,0,CSE,7.3,3,0.35278487127438996,-1.5988766543254702
Placed,1,ECE,6.86,3,0.6579597990652839,-1.0349525387555736
Not Placed,0,CSE,7.9,1,-3.0627980767290253,0.2772841844325843
Placed,1,ECE,8.02,0,-0.20159877778227261,0.584622833250408
Placed,1,Mechanical,8.32,0,0.6422288128591793,0.3814231239892147
Not Placed,0,ENTC,6.99,1,-2.1800509383121023,-1.277290996689867
Placed,1,CSE,8.41,0,-0.16860489965399722,0.7173692005826598
Not Placed,0,ECE,6.86,1,-3.6646353551179764,0.3069028796773372
Not Placed,0,CSE,8.41,0,0.998687895663793,0.5277871123605006
Not Placed,0,ENTC,6.44,1,-2.441471504516793,-2.9561025243523735
Placed,1,IT,9.03,2,2.9360717831667165,-1.072259078941454
Not Placed,0,IT,7.26,3,-1.131007991829897,-1.4575356849513215
Not Placed,0,CSE,8.21,3,-0.12591944804701818,-0.24346193201404365
Placed,1,IT,8.28,3,-0.9104055841584159,-0.7977811690386517
Placed,1,ECE,6.62,3,-0.9541813422703677,-0.8634764134153938
Not Placed,0,IT,8.41,3,0.022108555854267055,-0.2227250627435178
Not Placed,0,IT,7.23,3,0.29614586894447686,-1.7180526731386834
Not Placed,0,ECE,7.44,3,0.7697130717371456,-0.6088101455056907
Not Placed,0,CSE,7.13,3,0.23242255129847134,-1.487999808941866
Placed,1,Civil,9.07,2,4.019834721070251,2.6852419906849065
Not Placed,0,CSE,6.71,3,-0.33782268323371595,-2.568065777798409
Not Placed,0,IT,8.07,0,-1.3000576160563362,1.9535928158424993
Not Placed,0,IT,7.17,0,-0.4370164886931774,0.8110479911621943
Placed,1,CSE,8.63,2,3.117287423227523,0.44748438214431074
Placed,1,IT,9.67,2,2.0094629724002657,1.6460694929041233
Not Placed,0,ENTC,7.16,0,-0.0753155563546765,0.3893338131452559
Placed,1,IT,7.82,0,0.1333467881528541,1.6791924575220603
Not Placed,0,Mechanical,7.37,2,1.3570464995701519,-1.1369325595394046
Placed,1,CSE,8.58,0,-0.7751600647812562,3.579070851895806
Placed,1,ECE,7.49,3,0.5158308332778432,-2.6057826009780456
Not Placed,0,IT,8.47,0,0.6015091323847579,0.19974013155684375
Not Placed,0,IT,7.36,0,-0.4921952180843378,0.4748873050031191
Placed,1,CSE,9.61,2,1.9979868415291115,0.9444338276732072
Not Placed,0,CSE,5.84,1,-1.5244113280676954,-0.47936251226658066
Not Placed,0,CSE,8.02,0,-0.8753877364865649,0.47116154060017235
Placed,1,CSE,7.69,3,0.16520829322927572,-1.8797454983955544
Placed,1,CSE,7.66,3,0.5238392438116728,-0.6058483577131345
Not Placed,0,Civil,7.94,0,-0.2892263063434168,1.385141604575943
Placed,1,CSE,7.75,2,3.012643183190265,-0.3420140448412813
Placed,1,IT,7.89,2,2.5045782158844534,0.6341764191242013
Placed,1,CSE,8.05,0,1.2567238476233535,1.7873744534510587
Placed,1,CSE,9.19,2,3.7356973628391876,0.1619461098328656
Not Placed,0,CSE,5.35,1,-2.5962067104605815,-2.4138465013675523
Placed,1,ECE,9.27,2,4.702819175624216,1.9779640068064783
Placed,1,ECE,9.88,2,2.8157070770299986,1.8408013280608926
Not Placed,0,ECE,6.21,1,-1.8668536345641917,-0.582186713172976
Not Placed,0,IT,7.74,3,-0.7238159800547097,-1.0772702941069208
Placed,1,IT,8.87,0,1.5165170749412331,1.5119991346903017
Placed,1,ENTC,8.48,2,3.110453175791391,-0.6225152326136489
Not Placed,0,IT,9.12,0,-0.26209651638473463,2.5590288600074698
Placed,1,CSE,8.02,3,-0.18728000477207285,-0.04636654181618203
Not Placed,0,CSE,5.97,3,-0.1827998236906943,-3.0289941050873495
Not Placed,0,ECE,8.81,0,-0.4073822357769341,0.9169925014991093
Not Placed,0,IT,8.24,3,-0.7968520595696874,-1.3861444227871782
Placed,1,Mechanical,8.95,2,2.574634840082861,0.2714750179254211
Not Placed,0,CSE,6.4,1,-2.570778835566996,-2.0566343569275305
Not Placed,0,Civil,6.67,1,-1.2043961797178868,-0.9421631695852078
Not Placed,0,CSE,7.71,0,0.45364728270713317,2.6604634314468436
Placed,1,ECE,8.83,0,0.026721189217634753,0.8016600790504782
Not Placed,0,CSE,9.07,3,0.46895241311301955,-0.16169388281645358
Not Placed,0,ENTC,7.08,0,-1.0362186657062797,0.6442660114723355
Not Placed,0,CSE,7.35,1,-2.3833789960056193,0.5267452312737251
Placed,1,Mechanical,10.0,2,4.506279328701352,-0.07740157599579311
Placed,1,ENTC,7.23,3,0.4704829060715477,-0.9196020851531929
Not Placed,0,ECE,8.27,0,-0.7101550603280997,0.5869213463509382
Placed,1,CSE,7.32,1,-0.782235638127515,-0.1402273684275021
Not Placed,0,CSE,8.1,0,-0.5614559120506206,0.6023285212187145
Not Placed,0,Civil,6.96,1,-2.901533118423573,-1.30687503536333
Placed,1,Mechanical,6.99,0,-0.8995370515442921,0.9741835394562771
Not Placed,0,IT,7.38,1,-1.4214044900237108,0.8501403540594287
Not Placed,0,IT,7.24,0,0.32525027201969015,0.07440304953815112
Not Placed,0,IT,7.44,0,-2.430583005617181,2.9713061028192413
Not Placed,0,IT,8.15,0,0.9477449408558093,1.6269183594533054
Placed,1,CSE,9.31,0,0.9016486627516828,0.9430905881203074
Not Placed,0,ENTC,7.2,3,0.1423117542714634,-0.5541701205113403
Not Placed,0,IT,6.86,1,-2.21615531189517,-0.5508465684295614
Placed,1,Mechanical,7.71,0,1.0084809922377345,0.7513326741718792
Not Placed,0,Civil,6.98,1,-2.351799435020373,-0.6358821067527605
Not Placed,0,CSE,6.31,0,0.9683348755831133,0.37794354662238305
Placed,1,CSE,8.6,0,-0.4878095649929799,1.0123461235221205
Placed,1,CSE,7.77,0,0.08384991283380622,0.6546180528142892
Not Placed,0,IT,7.85,1,-1.1637738469496592,0.14070384408741712
Not Placed,0,ENTC,6.06,0,-1.4117736119002358,1.877413857825758
Not Placed,0,CSE,7.2,0,0.25757326613264997,0.09010541412327175
Not Placed,0,IT,6.5,1,-3.510788331537669,-0.20137676807983595
Not Placed,0,Mechanical,7.68,1,-2.1876577729256397,-1.5253544319169676
Not Placed,0,CSE,7.81,0,-1.0775849382145872,1.238730686795521
Not Placed,0,IT,7.81,1,-2.1339792939798072,1.0569123647466652
Not Placed,0,Civil,7.13,1,-1.7967318866685007,-0.9900292621969258
Placed,1,IT,6.97,2,2.721320887423006,-0.8828706032391511
Not Placed,0,IT,7.54,0,-0.27076270827747717,-0.03147088870458211
Not Placed,0,CSE,8.0,3,-0.8887286386819772,-0.18986885045488375
Not Placed,0,CSE,7.21,1,-1.1031791157945197,-0.6635449775371793
Not Placed,0,CSE,6.9,1,-3.029680977972286,1.5587986882799458
Not Placed,0,ECE,6.94,1,-2.277888394900503,1.230521868916854
Not Placed,0,CSE,7.14,1,-1.895684765442934,-0.10125154880844214
Not Placed,0,CSE,7.32,1,-3.35632790492564,0.06167545127074507
Not Placed,0,IT,6.77,3,0.24893470484091654,-0.9121327397559873
Not Placed,0,CSE,7.32,2,3.1552760887775295,-2.7908315342744316
Placed,1,Civil,8.75,2,3.0214457397538412,0.2815286409691444
Not Placed,0,ENTC,7.45,1,-1.829147154188311,-0.5841030397971329
Not Placed,0,ENTC,6.65,1,-1.5712455145792599,-0.9614074807985018
Not Placed,0,CSE,5.78,1,-2.768582966117493,-1.9124345989283449
Placed,1,CSE,9.26,2,1.9919367770299508,0.48002861543432623
Placed,1,ENTC,8.67,2,4.357368104630435,-0.10048683933553969
Not Placed,0,Mechanical,7.94,0,-1.3054592672803225,0.9072623327904653
Placed,1,ECE,8.69,0,1.7135609261740203,1.416055437786981
Placed,1,CSE,8.15,0,1.5096308245948324,1.0611172741392634
Placed,1,IT,7.64,0,-0.3025967720484714,1.560404418967782
Not Placed,0,IT,6.65,1,-2.9644209786349878,-0.27153062256641314
Placed,1,IT,9.32,0,-0.20876269330799188,3.6649415072642095
Placed,1,CSE,7.33,3,1.5588599745283003,-4.001090742506042
Not Placed,0,IT,7.37,2,1.702548154412457,-1.042106927809235
Not Placed,0,CSE,7.73,1,-1.868605344286582,-0.37898344961594277
Not Placed,0,ECE,7.75,1,-2.829358978185322,2.5981285442062387
Not Placed,0,ECE,8.19,3,-1.0391659402203222,-1.2800810239890665
Placed,1,CSE,8.09,3,0.2765693536535113,0.09063909430516556
Not Placed,0,CSE,7.21,1,-3.276426017559439,-1.0491385040826955
Not Placed,0,CSE,7.72,3,2.29877434815965,-3.3350871653187664
Placed,1,Civil,8.16,2,2.9583625088373573,0.506753842887793
Not Placed,0,CSE,7.14,1,-2.090118683509315,0.3140744489716624
Placed,1,Mechanical,8.93,2,3.379828243919501,0.14138020285554456
Not Placed,0,CSE,7.68,3,-0.8233473892790115,-0.9693951565938692
Not Placed,0,ECE,9.06,2,3.4851532254648325,0.29509599269715575
Not Placed,0,CSE,6.52,1,-2.350135812252118,0.738754114407886
Placed,1,ECE,8.26,3,0.22295265504902345,-1.6588800340303358
Placed,1,Mechanical,6.94,2,4.0749841630009005,-0.42372545706986187
Not Placed,0,CSE,7.16,3,0.4241900803492335,-1.4663537640336486
Placed,1,ENTC,8.47,2,2.783692380535914,-1.0593830263571544
Not Placed,0,Mechanical,7.51,1,-3.1266928696049185,0.7076178280079455
Placed,1,ENTC,9.91,2,3.4073950168614324,1.1306835024123267
Not Placed,0,IT,8.14,2,2.0532185101551175,-1.1414723414605303
Placed,1,IT,7.11,1,-2.182602722784765,-0.5002250461843591
Not Placed,0,Mechanical,8.14,0,-0.7145241135539592,0.10709347321782407
Not Placed,0,ECE,7.5,3,-1.1821787752235438,-1.238432168369089
Placed,1,Civil,8.41,2,2.1643229224183047,-0.4670940480518428
Not Placed,0,CSE,7.45,1,-2.473874458167836,0.36504143560373015
Placed,1,ENTC,8.05,0,0.927642604212603,0.20226004369659056
Placed,1,ENTC,7.87,2,2.4705823113714214,-1.8974642226078162
Not Placed,0,Mechanical,7.77,3,-1.0947192241991823,-2.8128599162420755
Placed,1,ECE,8.59,0,0.4772507630809345,3.759006177226447
Not Placed,0,IT,6.17,1,-0.9582037986666873,-0.3438801643815703
Placed,1,ECE,7.78,2,1.4914787919511787,-0.34461318075061986
Not Placed,0,ECE,7.1,1,-3.5162135462347335,-0.5427437196692005
Not Placed,0,CSE,6.55,1,-2.44105586224823,-1.7345182952046367
Not Placed,0,IT,6.99,3,-0.45460631132782037,-1.279897329211679
Not Placed,0,Mechanical,7.17,1,-3.145382193419937,-0.8701023409972254
Placed,1,IT,7.5,2,2.241121162560427,-1.0473348049709599
Placed,1,CSE,7.99,3,0.6328214764686674,-0.26432210922400734
Not Placed,0,ECE,8.16,3,-0.02332545254765081,-0.4596713828784415
Not Placed,0,Civil,7.35,1,-1.9249075060686824,-0.6736561453511789
Placed,1,ECE,9.05,0,1.1549041651335852,1.698085855921002
Not Placed,0,CSE,7.38,3,-0.884272020256628,-0.7086847771118852
Not Placed,0,IT,6.05,3,-0.5115077438978092,-1.5851246818564773
Not Placed,0,CSE,7.41,3,-0.5056974356553381,-1.2317246189985374
Not Placed,0,CSE,7.74,1,-1.5996452497582263,0.8983400962920197
Not Placed,0,ENTC,5.0,1,-3.044103503363196,-0.6430170954857325
Placed,1,CSE,8.73,2,1.506613800449133,0.7253988971928504
Placed,1,IT,7.62,3,1.4537858175593867,-0.7585698538613113
Not Placed,0,Mechanical,6.72,3,-0.44663786860625004,-0.4553434348757244
Not Placed,0,IT,6.88,3,-0.24381593686002084,-0.263884678651927
Placed,1,IT,8.35,3,0.20020042631169122,0.23178759594083362
Not Placed,0,CSE,8.45,3,0.808498247392727,0.14685454830318026
Not Placed,0,IT,7.15,1,-1.8180943759113601,-0.7556034575507592
Not Placed,0,IT,6.55,3,-0.15200197115569955,-0.9531744932704019
Placed,1,Civil,7.81,3,1.0890386985448754,-1.3875735498093482
Placed,1,ENTC,7.97,0,2.189839990666482,2.8410366321014915
Placed,1,ENTC,8.18,2,1.8617231576055826,-0.18081025195615086
Not Placed,0,ECE,7.22,3,0.781234366172364,-1.221015976229308
Placed,1,IT,7.6,3,1.4535364456227031,-1.1759385633534947
Not Placed,0,ENTC,7.72,3,-0.49931723437029285,-0.6318383315587462
Placed,1,CSE,8.52,0,-0.4000988780363688,1.6140028388834986
Not Placed,0,IT,8.83,0,-0.7892991395710831,0.22258697177834677
Placed,1,CSE,9.06,2,3.28964379544458,1.677025180140086
Placed,1,CSE,8.81,2,2.1949025889541662,0.7726088832372323
Placed,1,IT,9.24,0,1.3748535543812754,1.0770173896360156
Placed,1,CSE,8.56,3,-0.13666794229448387,-0.5963157949889081
Not Placed,0,CSE,7.2,3,0.023504040748820322,0.003901254449329732
Placed,1,CSE,9.0,0,-0.002208800826054046,3.7870544064928575
Not Placed,0,IT,6.53,1,-1.8982246234762647,-0.8897403669134503
Placed,1,CSE,9.71,2,2.6208027940262584,2.093859622573567
Not Placed,0,IT,6.87,3,0.7241895047948697,-1.9479382345275158
Placed,1,ECE,8.45,2,2.151506868924359,-1.1985799753169577
Not Placed,0,CSE,8.93,1,-2.449174589963255,0.9160418048663803
Not Placed,0,CSE,8.09,1,-2.494981696574006,-1.0182547631136918
Placed,1,ECE,5.96,3,-0.4513519006872345,-2.233071002844328
Not Placed,0,ECE,6.89,1,-1.9382047657557155,-1.5151245315181705
Not Placed,0,IT,8.0,3,1.279595159556623,-1.9813180313389196
Not Placed,0,CSE,8.24,0,0.418491922139549,0.6285722072702371
Not Placed,0,ENTC,7.55,0,-0.2013564041498879,0.6757398293703273
Not Placed,0,IT,7.76,0,-0.16409211505563703,1.6002354341149454
Not Placed,0,CSE,6.45,1,-3.9545789936820293,-0.9264454326352616
Placed,1,CSE,9.21,0,-0.344647798198091,1.1489430170997268
Not Placed,0,ENTC,7.38,1,-2.2142067924247724,0.23364915410269674
Placed,1,CSE,8.37,0,-0.7570388309082158,2.277736768364785
Not Placed,0,Civil,8.89,0,0.28554603963183023,1.560316453271135
Not Placed,0,ECE,6.72,1,-2.7731596877753395,0.09751223154806897
Not Placed,0,CSE,7.81,3,-0.4553391078432128,-0.5872156081882005
Not Placed,0,CSE,7.94,2,2.3789891670267873,0.1142478268698858
Not Placed,0,ECE,7.48,1,-4.135283481290253,-0.6736010581679607
Placed,1,IT,8.49,0,-0.42565774143324614,1.7605150638402443
Placed,1,CSE,7.13,0,-1.0635092312703156,2.3237765049993566
Not Placed,0,CSE,7.75,1,-2.267800839427141,1.1886755183963005
Placed,1,ECE,7.38,2,1.982509871141857,-1.0016748323728326
Placed,1,ENTC,9.68,0,0.935600674577353,2.5220395763765966
Not Placed,0,Mechanical,7.14,0,0.4633584085956469,1.1015388598195137
Not Placed,0,CSE,8.33,0,-1.032931691427157,1.539583862945531
Placed,1,Mechanical,9.23,2,4.1912983793122125,0.4655306183942984
Not Placed,0,ENTC,6.92,1,-2.4292842481319927,0.28647607649552487
Not Placed,0,Mechanical,7.78,0,-1.4161957190667473,1.1118210885394495
Placed,1,ENTC,6.86,3,-0.5391917263833275,-0.13173080775129983
Not Placed,0,CSE,5.99,3,-0.027397925614013843,-1.7831930404226337
Not Placed,0,Mechanical,7.03,3,-0.8194472924200007,-1.43483385782668
Not Placed,0,ECE,7.22,1,-1.6889488468208411,-1.0898774080275508
Placed,1,ENTC,7.27,3,0.4885580301792006,-1.3924221155575693
Not Placed,0,IT,7.45,1,-1.0795143876763411,-0.050974427335522654
Placed,1,IT,7.71,2,2.9571272548600622,-1.720063633615007
Not Placed,0,CSE,6.68,3,-0.6892290636146692,-1.0923375750244033
Not Placed,0,CSE,8.0,3,-0.4719153902102005,-1.11848665794932
Placed,1,CSE,8.73,2,2.743641304226224,1.5967342365594686
Placed,1,Mechanical,8.83,0,-0.11678506932537618,0.9736795237073765
Not Placed,0,IT,7.48,3,-0.7508656259125311,-2.1816082824712546
Placed,1,IT,8.46,2,2.670554850574173,-0.2304964199556564
Not Placed,0,CSE,7.12,3,0.8691939147706944,-0.39393238415411447
Not Placed,0,IT,7.41,1,-0.9143904282505373,-0.03220635491343301
Placed,1,CSE,8.04,0,-1.8553578560810753,2.693572819820834
Not Placed,0,ECE,7.42,0,0.6782784540297593,0.11399830100569598
Not Placed,0,Civil,6.63,0,-1.254848428721057,1.2434168361756124
Placed,1,IT,8.41,0,1.2971445383764284,1.9385042420321201
Not Placed,0,CSE,7.0,1,-3.0318647444340066,0.5005179291968792
Not Placed,0,ENTC,7.26,3,0.6013923620054983,-1.479082694284356
Placed,1,CSE,8.6,3,1.3382061636603373,-0.011884601184418291
Not Placed,0,ECE,8.16,1,-1.0039826508656633,-0.21011204775908837
Not Placed,0,ECE,7.85,2,1.9132870845249297,-1.4695417759427025
Not Placed,0,Mechanical,6.45,1,-2.874560813351583,-0.8814743498829793
Not Placed,0,IT,6.71,3,0.7895580891565518,-4.088345416464991
Placed,1,Civil,8.04,2,3.5251449821111227,-0.3667861729209868
Not Placed,0,Civil,8.24,0,-1.0519762090450147,0.7904873517634129
Not Placed,0,IT,7.92,0,-0.5308783413485473,1.5479431319385955
Not Placed,0,CSE,7.3,0,-0.8044822606348531,0.1554451836752146
Not Placed,0,CSE,7.27,0,-0.3125163275375511,0.5601905216983117
Not Placed,0,CSE,7.88,2,1.7623713371260061,-1.5128362565946567
Not Placed,0,Civil,6.64,3,0.8768615328123295,-0.4287489540436159
Placed,1,IT,7.78,0,1.1466274403461247,2.5930034578693095
Not Placed,0,CSE,6.52,1,-3.3243749772442683,-1.8260683585504327
Not Placed,0,IT,6.81,3,-0.6699640291362057,-0.43953451385293035
Not Placed,0,ECE,7.85,3,0.7014512813593289,-1.2286267657986483
Placed,1,Mechanical,8.2,0,-0.9555338261950004,2.1101617131018924
Not Placed,0,ECE,7.99,3,-0.9290411598187726,-0.20244939524716923
Not Placed,0,ECE,6.75,1,-2.363692877523933,0.1700267886512552
Not Placed,0,IT,6.11,1,-2.389880898527974,-0.35501900025595134
Not Placed,0,ECE,7.69,3,0.14761486197280588,0.13860031595998296
Not Placed,0,CSE,6.09,1,-3.881818559024418,-0.5999014890867469
Not Placed,0,CSE,8.5,0,0.6840550481177093,1.6041805379295038
Placed,1,ECE,6.78,1,-2.9138276259047977,0.14947740533579298
Placed,1,Civil,9.6,0,1.2474081984090892,0.8081669335397489
Not Placed,0,ENTC,6.88,0,-1.3555410611371734,2.452493815462921
Not Placed,0,ECE,8.09,3,-0.135645311064796,-0.40797993225458123
Not Placed,0,CSE,7.07,3,-1.0889122252259038,-0.7034005450493668
Not Placed,0,IT,7.56,2,2.3516177696558858,-0.6181552508393584
Not Placed,0,CSE,7.86,3,-0.6681797168211386,-1.5588890067437648
Placed,1,ECE,8.43,0,1.897650212561233,2.7369622819046655
Placed,1,ECE,8.57,0,0.437168344363444,1.2220337564317483
Not Placed,0,ECE,8.32,3,0.14158822024011958,-1.49871104500143
Not Placed,0,CSE,8.58,0,0.6136267278955282,1.881634146108624
Placed,1,CSE,7.18,0,-0.03319078468212723,1.066733081920597
Placed,1,IT,8.25,0,0.6110407018903609,1.3632505920239633
Not Placed,0,ECE,7.41,3,-1.14871694201194,-2.215201142791202
Placed,1,Civil,8.54,0,0.880984960319451,1.3343067965001187
Placed,1,CSE,7.8,0,-0.7153003781817564,0.7091945567048149
Placed,1,ECE,8.23,0,0.38313002814592995,1.4171130693007916
Not Placed,0,ECE,7.95,2,1.853282191396377,0.7008304328540573
Not Placed,0,IT,8.35,3,1.30805732869989,-1.525082711179666
Not Placed,0,IT,7.01,1,-1.8008527144887092,-1.0987568412325273
Not Placed,0,IT,6.36,1,-3.2944886308774444,-1.2344510663012853
Placed,1,Civil,8.54,2,3.2561620867636427,0.4241673840337675
Placed,1,IT,8.84,2,4.471908168411439,-1.2926086754424724
Not Placed,0,CSE,7.6,3,-0.733366994991163,-0.8887838334468932
Placed,1,CSE,8.39,0,-0.4276350787149312,0.6413084120065674
Not Placed,0,ECE,6.32,1,-1.8759952922578904,-1.4677880731389754
Not Placed,0,CSE,7.17,0,-0.6508730216109149,1.0667713021870981
Not Placed,0,Civil,7.77,3,-0.5156806930946953,-0.3803819339988097
Not Placed,0,CSE,6.23,1,-2.272197672794627,-0.06177750431634882
Not Placed,0,Mechanical,6.4,3,-0.018173289408595042,-1.4341776880307735
Placed,1,ECE,7.83,0,-1.1379324232701737,1.811842301233899
Not Placed,0,CSE,7.19,3,-0.34704768374492245,-2.1078823890395855
Placed,1,ENTC,7.41,3,0.6350820318405347,-0.018366750387347128
Not Placed,0,CSE,7.35,3,1.466791750584722,-2.162939440091059
Not Placed,0,IT,6.61,1,-1.4503692382592779,-1.7228459910021945
Not Placed,0,ECE,7.52,1,-2.8739287024184037,2.242779489811558
Not Placed,0,CSE,7.69,1,-2.2760431798442573,0.34256169604405073
Not Placed,0,CSE,7.2,3,-0.2783108714226932,-0.12253882802696127
Not Placed,0,ENTC,7.27,2,1.4015120236710592,-0.006267259820184365
Not Placed,0,ECE,7.53,1,-1.2856124722017668,-0.6550790797922317
Not Placed,0,CSE,8.4,0,-1.1699368641962875,1.2403312888104763
Placed,1,CSE,7.62,3,1.2326719610299426,-2.0637071006593164
Placed,1,CSE,6.06,3,0.865011840027016,-1.4363470998259633
Placed,1,CSE,6.69,0,-1.7208739775935746,1.5428702161943042
Placed,1,CSE,8.49,0,0.5073471123851095,2.537467963259484
Not Placed,0,IT,7.12,2,1.6996801739171084,-0.2933423972867808
Not Placed,0,ENTC,7.62,1,-2.927995844307757,-1.3965927278104362
Placed,1,IT,9.34,0,1.119790238980195,2.143478169499201
Placed,1,IT,8.24,0,-0.6940704957411213,0.17489582080899477
Not Placed,0,ENTC,5.87,1,-1.4457056121374572,-0.3268853841504823
Not Placed,0,ECE,8.93,0,0.33144459020891154,0.8550283357217708
Not Placed,0,ENTC,7.83,0,-0.2622464216692608,0.22698632912127953
Placed,1,CSE,8.01,2,1.9360040996267456,-1.493313365628992
Placed,1,ECE,7.96,3,0.7325034819364086,-1.3318586865304296
Placed,1,Civil,8.48,2,4.853375561828152,0.22338572231815168
Not Placed,0,CSE,7.63,0,-0.36250720084475735,0.5717318173100675
Not Placed,0,IT,6.44,3,-0.2462838315765547,-1.9329900404813447
Not Placed,0,IT,7.97,1,-2.061731808729713,0.42684864376170056
Not Placed,0,Mechanical,6.53,3,0.017998876147389455,-1.024116981511749
Placed,1,CSE,9.24,2,3.2563944936765763,-1.5568907139894137
Not Placed,0,CSE,7.39,1,-1.6992406849636537,-0.04756231631773392
Not Placed,0,CSE,7.66,0,1.232087484749207,1.359120175721604
Not Placed,0,Civil,7.13,0,0.44823571728832934,0.12890025232224703
Placed,1,CSE,7.99,3,0.6730878304064931,0.09139063526970498
Placed,1,CSE,8.09,2,2.179538423493644,-0.977093471220894
Not Placed,0,Civil,7.12,1,-1.407908913399825,-1.6865076832526935
Placed,1,IT,8.09,2,2.643284769523741,1.0642186366139565
Not Placed,0,ECE,7.76,1,-1.4309417450919724,0.6403403777205016
Not Placed,0,IT,7.62,1,-1.932163146383249,0.2547798791229878
Not Placed,0,CSE,7.06,0,-0.4974256714553,0.5157828093462447
Placed,1,IT,9.67,0,1.142021339027665,1.2098338125516268
Placed,1,CSE,8.71,2,1.948740496771631,0.757828803853142
Placed,1,IT,8.32,3,1.0960182097740598,-0.2968670726924876
Placed,1,ENTC,8.66,0,0.6589673604343103,1.2601249207685319
Not Placed,0,CSE,7.95,0,-0.1608146477775967,0.33410800914547406
Not Placed,0,CSE,7.4,3,0.15768215552642137,-0.3892697483538479
Not Placed,0,ECE,5.45,1,-2.362562984247379,-0.7716039802583547
Not Placed,0,Civil,6.66,3,-0.6076751269514925,-1.613544238731453
Placed,1,CSE,9.54,0,0.24181974990398575,1.0891962730471165
Not Placed,0,IT,8.69,0,-1.7934130086055549,1.8028932894706962
Not Placed,0,IT,7.87,0,-0.2510979591684183,-0.03346705893653326
Not Placed,0,Mechanical,6.36,1,-2.7742808587942056,-0.7726942887437135
Not Placed,0,ENTC,8.24,0,1.5876790175291722,1.2583033914526303
Not Placed,0,CSE,7.46,3,-1.2964170759223126,-1.2511404862639524
Placed,1,IT,8.29,2,4.266130592127919,-1.9747277652840005
Not Placed,0,CSE,6.75,1,-2.2971134683497283,2.1341299669655878
Placed,1,ECE,7.28,0,-0.8950594540717549,0.70883640275182
Placed,1,CSE,8.45,2,2.1022621518176225,0.543572337037363
Placed,1,IT,9.34,0,-0.10998351554772468,2.1190919140438935
Not Placed,0,CSE,7.14,3,-1.1164716675576478,-2.014336376721141
Not Placed,0,ECE,6.85,1,-3.452739158714617,0.5719015157433966
Placed,1,Civil,8.57,0,0.7567556195491857,1.6575142505479892
Not Placed,0,IT,6.63,3,-0.8701062307369076,-0.8274645331356738
Not Placed,0,Mechanical,6.69,3,0.947113797298468,-1.18284131577413
Not Placed,0,CSE,7.93,0,0.03993771810269443,0.504567208778583
Placed,1,ECE,9.47,0,0.942464841630174,1.9353213415093085
Not Placed,0,Mechanical,6.98,3,0.2576203783009481,-0.007891831779019306
Placed,1,CSE,7.39,3,-0.4547944612058673,-0.3400992309745732
Placed,1,IT,7.79,0,-1.185627032161754,2.219804034012945
Not Placed,0,CSE,7.3,3,0.9516680238514986,-0.6697397920061218
Not Placed,0,ENTC,6.2,3,-1.106480649220179,-3.062585606121987
Not Placed,0,CSE,8.38,1,-1.8430023264429016,1.4094368921819713
Not Placed,0,CSE,7.86,3,0.05165820880897652,-0.19543454488799608
Not Placed,0,ECE,8.01,1,-1.4548924958746454,0.8951690743062614
Not Placed,0,CSE,7.58,1,-3.457490880555502,0.02463935298220914
Placed,1,CSE,8.99,0,0.862987866600875,1.010778555012169
Placed,1,ENTC,7.27,0,-0.12260004617547605,1.067970778486404
Placed,1,CSE,6.78,2,3.295231754174769,-1.8474936888340405
Placed,1,CSE,9.11,0,1.1745653991282343,1.2009442842143099
Not Placed,0,CSE,5.83,3,-1.046202815425417,-1.4436196659603886
Not Placed,0,Mechanical,7.57,3,-0.238248244506909,-1.0244410208849353
Not Placed,0,IT,7.64,1,-1.5589243988061015,-1.404376382466841
Not Placed,0,IT,7.6,3,1.3604833867222361,-1.3520545632652128
Not Placed,0,CSE,6.38,1,-2.493700303033741,0.908860925265005
Not Placed,0,IT,6.69,1,-2.244613515843015,1.750327817313636
Placed,1,IT,8.51,0,0.19836268266986967,1.9472204340841153
Not Placed,0,IT,8.88,0,-0.4965705478222265,1.719351815915257
Placed,1,IT,7.35,2,1.577216902091234,-0.4188815657167085
Placed,1,ECE,6.91,0,-0.8285656730191804,0.24557999693390434
Not Placed,0,IT,6.18,1,-3.132221047497768,-2.0509061752742483
Placed,1,CSE,8.5,2,2.618967289315229,-0.35176955356544765
Placed,1,ECE,8.55,0,0.8178878999300027,1.4932093784789058
Not Placed,0,IT,5.31,1,-4.507310989718896,-1.6473244462557035
Not Placed,0,IT,5.64,1,-2.51506083154746,0.7347948917145695
Placed,1,Civil,7.82,0,1.075419734713078,0.29656002143345334
Not Placed,0,ECE,7.93,2,1.8959078268069158,-0.561590162408529
Not Placed,0,ECE,7.29,1,-2.419368480849299,-1.277223837258721
Not Placed,0,CSE,7.67,0,-0.39512034430915555,0.3685468074117386
Placed,1,Civil,7.49,3,0.9683978263972789,-0.6014743057628219
Not Placed,0,IT,7.72,1,-2.333188643510896,0.3470834684872573
Not Placed,0,IT,6.93,1,-1.035999254052511,0.4287159391504331
Placed,1,ENTC,7.69,2,1.245119405004749,0.11899834899987526
Not Placed,0,IT,7.13,3,0.9805633839308839,-0.9409820528186909
Placed,1,CSE,7.06,1,-2.22389633145121,-1.2027580974708454
Not Placed,0,IT,6.11,1,-4.6064776926959174,-2.0827398156252825
Not Placed,0,CSE,7.55,1,-1.429445255656722,-0.35394895496532386
Placed,1,ECE,8.38,2,3.471524326581964,-0.8924740278766254
Placed,1,CSE,7.42,0,0.6469652443813658,0.3506478739312602
Not Placed,0,CSE,7.4,3,1.2047506957008587,-1.55394025917183
Placed,1,IT,8.77,0,1.6459884752038636,1.4133179102067404
Placed,1,CSE,8.57,0,-0.9016537201119044,0.973121442939569
Placed,1,ECE,9.17,0,0.4355995626514518,2.431824561858706
Placed,1,IT,9.62,0,0.5193152760149594,2.401199399065271
Not Placed,0,ECE,7.75,2,1.804984956757758,-1.2874636321540507
Not Placed,0,CSE,6.72,1,-3.6413012623449306,-0.5530640337726662
Not Placed,0,CSE,7.26,3,-0.5887243384997611,-1.4469034737965258
Placed,1,CSE,8.19,1,-1.771334233113787,0.33256941987555716
Placed,1,ENTC,8.92,0,0.7888273860367473,1.3262249684498724
Placed,1,CSE,6.81,0,-0.5996081679336948,1.9397309004973884
Placed,1,IT,7.92,2,1.657946541488734,-0.08760824942026987
Placed,1,Civil,7.03,3,-0.49872420435076475,-0.612028928508367
Placed,1,IT,7.58,0,0.8053491693938324,0.7217829965484974
Not Placed,0,ENTC,7.56,1,-1.5000137659153174,-1.0781795043462472
Placed,1,IT,8.02,0,0.39136144930070205,0.9773680668362335
Placed,1,CSE,9.43,0,1.8611540325663254,2.187087548262994
Not Placed,0,CSE,8.1,0,0.6992458069730505,0.3451859130959709
Not Placed,0,IT,7.33,3,-0.4862218648243713,-0.6677792783233485
Not Placed,0,ENTC,7.19,3,-0.2416263182971767,-1.0507537171508619
Not Placed,0,CSE,7.54,2,1.6972446417857399,-1.1946760450682679
Not Placed,0,CSE,6.96,3,0.6310983510715843,-0.48602215161595336
Not Placed,0,ENTC,7.82,0,-0.10391493789739671,0.2779479045077642
Not Placed,0,ECE,5.65,1,-3.0429985426239488,-2.0863880733124915
Placed,1,CSE,7.52,2,2.995566287591644,-0.44186265456531765
Placed,1,CSE,7.59,2,2.4892080292061687,-1.2835393258441092
Not Placed,0,IT,6.71,1,-2.1875502856699955,1.207012823174768
Not Placed,0,Mechanical,7.38,2,1.640212077809605,-0.9347093408483617
Placed,1,ECE,8.65,2,3.2267960622778777,-0.6810691442693646
Placed,1,ECE,8.71,2,1.6315224857279982,0.5048176415721479
Not Placed,0,CSE,7.25,0,-0.8021278982680475,0.9005660538397652
Not Placed,0,CSE,8.14,1,-1.3770271737372934,0.22984178992382928
Placed,1,IT,6.43,3,-1.3337704411433864,-2.5025407170488023
Not Placed,0,IT,7.45,0,-1.069368860488788,0.8715358150282836
Placed,1,CSE,7.9,0,-0.04245674435677879,0.8497132041695328
Placed,1,CSE,9.0,0,1.1903242949123065,2.762551906874508
Placed,1,IT,8.71,2,1.9212663035938469,-0.3109705789222252
Placed,1,CSE,7.88,3,1.2849894640977864,-1.1649365591109038
Not Placed,0,CSE,6.93,1,-1.778537194373986,0.15612127809078424
Placed,1,CSE,8.85,0,0.47533417479393036,0.32498401985566777
Placed,1,ENTC,7.41,3,1.2890671439318886,-2.0319144606557242
Not Placed,0,ECE,8.08,0,0.5014259336950139,0.4591556913139733
Not Placed,0,IT,7.6,0,-1.769183443363595,3.3358952887160345
Placed,1,ENTC,9.39,2,4.203695599565532,0.7417266615527038
Not Placed,0,CSE,7.18,3,0.7201454731933457,-0.5490057680551017
Placed,1,CSE,8.48,2,2.073517171175918,1.0981986441622598
Not Placed,0,Mechanical,7.63,0,1.037760430157841,1.1199224633000093
Placed,1,IT,8.18,3,0.059297406140225925,-0.8161523245172149
Not Placed,0,ECE,9.08,0,-1.2293679549251246,3.2346042689007897
Not Placed,0,CSE,6.0,1,-2.101467402171263,-2.010121512082821
Placed,1,IT,7.64,3,-0.9058629029407113,-0.7740518611960586
Not Placed,0,CSE,6.94,0,-0.49869007461493425,0.41104598433721307
Placed,1,CSE,8.08,3,0.9429592930265552,-0.1963598062971843
Not Placed,0,IT,8.29,3,1.759132528151103,-2.4692840256126236
Not Placed,0,CSE,7.3,3,-1.1387278108295116,-1.3878116917289092
Placed,1,CSE,7.26,0,0.23382673024251815,0.8999242792185903
Placed,1,CSE,7.87,2,1.8849266337781752,-1.5498376094028463
Not Placed,0,IT,6.62,1,-1.8440931208931708,-0.8436311415931451
Not Placed,0,CSE,7.98,3,-0.2154966443815938,0.01576499027486128
Not Placed,0,CSE,7.0,1,-1.4068165618145738,-1.4642053986880113
Placed,1,CSE,8.32,0,-0.2734347793556617,1.6750965311843222
Not Placed,0,ECE,6.58,1,-1.5180268057171764,0.27795953009546426
Not Placed,0,Civil,7.22,0,-0.8439124844291013,0.4241274935417798
Placed,1,IT,7.06,2,1.3907645588863118,0.2162583519122035
Not Placed,0,CSE,7.45,3,-0.20844854043200955,-0.04740568869494125
Placed,1,Mechanical,8.87,0,0.8167884140072872,1.1930228796049154
Not Placed,0,ECE,8.42,3,0.9918049966295481,-0.40907127514225666
Placed,1,Civil,7.29,0,-0.757666764865995,0.12005797390270026
Not Placed,0,ECE,7.29,0,-1.2167212322835528,1.3430091179184165
Placed,1,ECE,8.45,2,5.506286725112371,-1.1677213292994544
Not Placed,0,IT,6.71,1,-1.8576364434965404,-1.201045877773384
Placed,1,CSE,7.72,0,0.4891176616754305,0.7599970950848046
Placed,1,ECE,7.19,0,-0.4505491118512807,0.07716533538820548
Not Placed,0,CSE,7.55,1,-2.981342950781434,-0.005199430963205635
Not Placed,0,ENTC,8.39,0,-0.6734265278946899,0.6091755403319877
Not Placed,0,Civil,7.13,1,-2.715132292484047,0.03623002756998647
Placed,1,IT,8.53,2,1.9152949253447982,0.8511980850141
Placed,1,CSE,9.57,2,2.476664535675788,0.220052139781705
Placed,1,Mechanical,8.21,0,1.22592872334312,0.6441867837510216
Not Placed,0,ENTC,7.63,1,-2.410634690363175,-0.32845596251632087
Placed,1,ENTC,8.68,0,-0.8226903125893824,3.2361214821639765
Placed,1,ECE,6.76,1,-2.6435548358163996,0.39393024479825833
Not Placed,0,Civil,8.99,3,0.6500250439422465,-0.5409283102333056
Not Placed,0,CSE,7.06,1,-1.3574049737909946,-0.6597180032566385
Placed,1,IT,9.54,0,0.8095145102688205,2.940696462357973
Not Placed,0,IT,7.09,1,-0.9891286464507787,-0.8829809415238581
Placed,1,CSE,8.26,2,2.075567016751684,0.46125534676576585
Not Placed,0,ENTC,6.37,1,-1.9107976504690214,-1.52090589783435
Not Placed,0,CSE,7.52,0,-1.0808369231845063,0.5117087277850813
Not Placed,0,ECE,6.78,1,-2.6442934513751553,-1.5102201153889985
Placed,1,CSE,6.47,3,0.1142348553067379,-1.871772297955997
Placed,1,ECE,8.72,2,2.1909602078020347,-0.3796298634362662
Not Placed,0,IT,6.66,1,-1.8949327482569511,-2.2775253556038235
Not Placed,0,CSE,7.08,3,-0.021625785662983767,-0.8363964621832021
Placed,1,IT,6.98,2,6.227409340972397,-3.9706033823263263
Placed,1,CSE,8.67,2,3.1465978589027555,-1.041021235016451
Placed,1,CSE,8.56,0,1.498573896648336,2.6709580560348276
Placed,1,ECE,8.78,2,2.9670855718842413,0.9661039507201866
Not Placed,0,CSE,7.03,3,0.6087479961798921,-1.3611684780548932
Placed,1,Civil,8.85,2,3.7055187584372287,0.9433502871355365
Not Placed,0,Mechanical,7.02,0,-1.0208981462267162,2.0866957027159616
Not Placed,0,CSE,7.06,3,0.20912591496180125,-1.0353504676412688
Not Placed,0,IT,7.11,3,0.3684023444098515,-0.5933749762589775
Not Placed,0,IT,7.14,3,-0.3503202916295157,-1.6852572485850215
Not Placed,0,IT,7.62,1,-1.1823923762519408,-0.6198893348641399
Not Placed,0,CSE,6.99,3,0.2891559369352808,-1.121860264904137
Placed,1,Mechanical,7.9,1,-1.6232998523832765,0.524896514752517
Not Placed,0,Mechanical,5.48,1,-3.3004288866443003,-1.9220634786562183
Not Placed,0,CSE,7.89,3,-0.465345912372598,0.018586929395618925
Not Placed,0,ENTC,6.77,3,1.0007668739552393,-0.23999261500463062
Not Placed,0,ENTC,7.13,3,-0.3691996725011962,-1.3635595842634785
Placed,1,CSE,7.15,0,-0.03178994986842152,0.8085889810997126
Placed,1,Mechanical,8.5,2,3.4537476206233677,-0.02436349309891886
Not Placed,0,Civil,8.13,1,-1.646840531557124,0.8921499666736489
Not Placed,0,Civil,7.56,2,2.463208121862094,-1.1852339060082344
Placed,1,ENTC,7.09,2,1.3333900152164793,-0.1343108625334147
Placed,1,CSE,8.37,0,-1.4271379979566161,1.7968962441528236
Placed,1,CSE,9.23,2,3.4750503388458913,2.4244819585651687
Placed,1,Civil,7.68,3,0.18360787266492432,-1.2973357420206681
Not Placed,0,CSE,6.34,1,-1.3897794489327968,-1.020774076498594
Not Placed,0,CSE,7.1,1,-2.07059187829965,0.444408307423598
Placed,1,CSE,8.18,3,1.1661284731004882,-0.5191990291426322
Not Placed,0,CSE,7.32,3,0.5792724127196764,-0.2617305591123244
Placed,1,IT,6.97,0,-0.2779845377341172,0.34516713711449026
Not Placed,0,ENTC,6.93,1,-3.943795786431615,-0.08997636051264718
Not Placed,0,CSE,7.78,3,-0.8542597894056129,-0.7993036940308137
Not Placed,0,CSE,6.4,1,-1.3910195160459098,-0.919151727483149
Not Placed,0,CSE,7.67,0,0.9407823271843481,1.5790554620892923
Placed,1,CSE,7.78,2,3.230010849666259,-2.2375643406578454
Not Placed,0,ENTC,7.32,3,1.1220120387031955,-1.7486790820910327
Placed,1,Mechanical,6.81,3,1.329333463289565,-0.9627267021385062
Not Placed,0,ENTC,8.57,3,0.21682440351052001,-1.8370497214286146
Not Placed,0,CSE,6.57,1,-1.8460011478753984,-1.0209266898957141
Not Placed,0,ENTC,7.85,2,2.4067277491499004,-1.2845015110995814
Not Placed,0,CSE,8.32,1,-1.43732442361157,-1.1199625777073472
Not Placed,0,ECE,7.84,0,-0.13490742021991772,0.38976898585778214
Placed,1,ECE,8.75,2,2.0359674575449307,1.7133008986905192
Not Placed,0,CSE,6.73,1,-3.1440929898536285,0.6575608859579775
Not Placed,0,CSE,7.03,3,-1.0969137112446514,-1.8285312504038047
Placed,1,ECE,7.31,2,1.177200733508326,0.33663657310074574
Placed,1,CSE,10.0,0,1.2325002915761565,1.1249205045542097
Placed,1,ENTC,8.13,3,-0.17822584677330428,-0.6003822118098224
Not Placed,0,CSE,8.29,3,-0.5805200273704619,-0.571337872039932
Placed,1,ECE,8.26,2,5.007442260678923,-0.39843602292084235
Not Placed,0,ENTC,7.77,3,-0.12345357373418682,-1.2693159848403304
Placed,1,IT,8.59,2,3.037494969349343,-0.6324436828734052
Not Placed,0,CSE,6.11,1,-2.0044026882973784,-0.2456247898418855
Not Placed,0,CSE,7.94,2,1.6421248918849878,-0.027157026178046738
Not Placed,0,IT,8.06,1,-1.8944989545738817,0.48047916459286844
Placed,1,IT,8.57,0,0.6448616318665223,1.188612080568209
Not Placed,0,ENTC,6.72,3,0.4784943448492769,-0.9369519437915907
Placed,1,IT,6.78,3,-0.6163307358148921,-1.7861919830625295
Not Placed,0,ECE,6.83,1,-1.434007409537875,-0.3314014461133824
Not Placed,0,IT,8.14,1,-2.640236997242291,0.8014080386502871
Placed,1,IT,8.16,0,1.4116093464185098,1.8027713861095944
Not Placed,0,CSE,6.89,1,-1.525148124346866,0.7126539866344099
Placed,1,Civil,9.33,2,2.271179800026313,1.785070191770332
Not Placed,0,CSE,7.94,1,-1.8578120677724042,1.4684480916067042
Not Placed,0,CSE,7.81,3,0.866730051710365,-0.3742158216090502
Placed,1,CSE,7.52,3,-0.9460703818953656,-0.2922316377215132
Placed,1,CSE,8.49,0,-0.5684189285808973,2.2946671617035883
Not Placed,0,ECE,8.03,3,0.6918741105553416,-0.13717343625385656
Placed,1,CSE,9.31,2,4.064254056737111,0.8735360430684793
Placed,1,IT,6.67,3,1.3906882879697082,-0.649949821641285
Not Placed,0,CSE,6.39,1,-1.2465760997364956,0.2651647909778156
Not Placed,0,ECE,7.07,1,-1.421802904626005,-0.6405154098869958
Placed,1,ENTC,8.17,2,3.9133908926454994,-0.7078759935490443
Not Placed,0,ECE,7.34,3,-0.5199154198922318,-1.9330426925402309
Placed,1,ECE,8.78,0,-0.6475828601419317,3.3453066417643638
Not Placed,0,CSE,7.37,3,0.2430376477840327,-0.8557117963518001
Not Placed,0,CSE,8.62,3,0.17838842835046997,-1.4940346808530014
Placed,1,ECE,6.99,0,0.012229342482538394,1.1253613608015671
Placed,1,CSE,8.71,2,3.178258237424539,1.2839444030081026
Placed,1,Civil,8.86,0,-0.08251923656782861,2.172339581154502
Placed,1,CSE,7.22,1,-1.7836853856562973,-1.4004231921350867
Placed,1,ECE,8.12,3,0.74663667193539,-0.9649847385215774
Placed,1,CSE,7.93,2,1.1942627158487356,0.13244663997004058
Not Placed,0,Mechanical,8.14,0,0.36677883987693716,0.6417517679414408
Not Placed,0,IT,8.79,0,0.4513636227066568,1.1261971312474643
Placed,1,Mechanical,8.53,0,0.17682942084676193,0.5589225554042418
Not Placed,0,IT,8.14,0,-0.4645867145740568,0.25906446526415183
Placed,1,IT,8.26,2,3.8465239944396967,-1.0058742622548382
Not Placed,0,Mechanical,6.62,1,-4.189573848602007,0.785270320418943
Placed,1,CSE,7.67,2,1.6560903216619034,-0.3609699928613631
Not Placed,0,ECE,6.76,1,-3.2083258868495332,1.0766058630211441
Not Placed,0,CSE,7.68,3,0.23839184440875402,-0.3826583765704165
Placed,1,Civil,8.65,0,-0.2957648895339141,0.5507327698200342
Not Placed,0,ENTC,7.69,1,-1.9054764729203253,1.0367455023002552
Not Placed,0,CSE,5.57,3,-0.11832697335492108,-2.1074671453478
Placed,1,ENTC,6.81,0,-0.022604847512507225,0.3574044734647612
Not Placed,0,CSE,8.19,0,0.8175919908471363,-0.008342692238424158
Not Placed,0,ECE,7.24,3,-1.01475997431196,-1.4795428620268858
Not Placed,0,ENTC,8.37,0,-0.24531370786422188,0.24133553778041658
Not Placed,0,ECE,6.67,1,-1.877292576022777,-1.587103839917224
Placed,1,ECE,8.02,0,-0.15696863531965868,0.17225690448849754
Placed,1,ENTC,8.07,0,0.078147681203573,0.44949725536034135
Placed,1,CSE,8.37,2,1.7796526152556413,0.9688438843501823
Placed,1,Mechanical,7.14,3,1.256598951661687,-1.6518845120213985
Placed,1,IT,8.36,2,1.364600636624619,0.5191483479357467
Placed,1,CSE,8.98,2,2.1806195881998587,0.5090333203339052
Not Placed,0,ENTC,5.77,1,-3.6210372749286965,-0.9034480085021945
Not Placed,0,CSE,7.74,3,-0.05489885210016513,-1.3635531972949646
Not Placed,0,CSE,6.16,1,-3.742208362250145,-0.5479911649344372
Not Placed,0,ENTC,6.97,1,-2.532175619883823,-1.8799889034749107
Not Placed,0,CSE,7.04,1,-2.4960014152217176,-0.04465607612153495
Not Placed,0,IT,7.64,0,-0.618233817379847,0.5736414220118051
Placed,1,IT,8.02,0,-0.055980895375477006,2.1221458680807253
Placed,1,CSE,8.47,3,0.27180066175553896,-0.25183233111869824
Not Placed,0,CSE,7.92,0,-0.2009240539830414,0.2868419941663208
Not Placed,0,IT,8.27,3,1.190226893876585,-0.5770472464378761
Not Placed,0,ENTC,6.78,2,1.980491126606187,-0.7721919916319153
Not Placed,0,CSE,8.6,1,-1.3945336797605326,0.6608125923318559
Not Placed,0,ENTC,5.0,1,-4.521535340376453,-1.5153021884105309
Not Placed,0,Civil,9.0,0,1.598591891187491,1.3074075309517657
Placed,1,CSE,8.85,3,1.2152785028739714,-0.3778138840063269
Placed,1,Civil,8.34,0,0.4627677255406612,0.4548519738984877
Placed,1,IT,9.59,2,4.865552679055835,2.009998565941206
Not Placed,0,ECE,6.17,3,-0.22913866532418015,-1.5063020768098214
Not Placed,0,Civil,8.36,2,1.7899824321842785,-0.236186236713505
Placed,1,ENTC,7.81,3,-0.19190106903664547,-0.1874391607641557
Not Placed,0,CSE,7.91,3,0.3379531676785423,-0.5500885151990955
Not Placed,0,CSE,6.71,1,-2.934942962890836,-0.3417957814640248
Not Placed,0,CSE,8.04,3,0.8489037094214159,-0.8146834940038773
Placed,1,Civil,8.0,0,0.7549400476187839,1.7663609558228859
Not Placed,0,CSE,7.11,0,-0.2659221300714401,-0.023753835085957124
Not Placed,0,CSE,7.64,3,0.9513273284734062,-0.9316894959323603
Not Placed,0,CSE,6.58,1,-3.5576582807159793,-0.20814219326843791
Placed,1,CSE,7.36,3,0.8803491616151581,-1.302873839028836
Placed,1,CSE,8.52,2,2.5702191497339006,-0.16865262545416249
Placed,1,CSE,8.53,3,0.6593796693109557,0.17421224858707793
Placed,1,ECE,8.35,3,0.9211052458085032,-0.3366854757969553
Not Placed,0,CSE,8.52,0,-1.2867398057784767,1.7215716073557974
Placed,1,CSE,8.53,2,2.013512020646184,1.7447911085904293
Not Placed,0,CSE,7.15,1,-2.8688071116886116,0.1231081777036187
Placed,1,CSE,7.99,0,1.4532246307068788,0.9398473790369866
Not Placed,0,ENTC,8.62,0,-0.8535175934886536,0.9391176165785979
Not Placed,0,CSE,6.53,1,-2.9817503295079733,-1.5263422793534944
Not Placed,0,CSE,6.52,1,-2.154615504819673,-1.8559425854739655
Not Placed,0,IT,6.48,1,-1.9589871106916195,-0.5089994967015175
Not Placed,0,IT,6.18,3,-1.5764518257894384,-2.3003217876794
Not Placed,0,ENTC,6.81,3,-1.0415691409150993,-1.6368931743939226
Placed,1,Mechanical,7.25,2,3.8911642492499943,-2.199310177501023
Placed,1,CSE,8.99,0,1.0326819830210074,2.6639983283050555
Placed,1,CSE,7.33,0,-0.45412197290606954,-0.07055944387018122
Not Placed,0,CSE,6.41,1,-1.1825028421096302,-0.6768457607235265
Not Placed,0,ECE,7.84,0,-1.2492960842391818,1.6160251414294233
Not Placed,0,IT,7.54,1,-2.4710320171086453,0.9129484348162668
Not Placed,0,Civil,7.04,1,-2.4795890175116764,-0.38050451334459967
Not Placed,0,IT,7.2,1,-1.4431737494895605,0.3870346535683754
Placed,1,Civil,8.61,2,1.642764830804579,0.9668653088569609
Not Placed,0,IT,6.5,1,-3.5406547131964556,1.6249915207533983
Not Placed,0,CSE,6.28,1,-2.34175258116975,-0.9604850732225414
Not Placed,0,CSE,8.1,0,-0.026899103843377344,0.4794343884079419
Not Placed,0,CSE,7.18,1,-2.135880226469928,0.9722063372949069
Placed,1,Civil,9.02,2,2.5763273740212838,-0.5668437709083827
Not Placed,0,CSE,7.57,1,-2.883829059389245,0.7978179278053728
Not Placed,0,IT,7.61,3,-0.3024080342925972,-0.035373809950671506
Not Placed,0,Civil,8.37,3,-0.4812871403945198,-0.576049855598448
Placed,1,CSE,6.28,1,-1.72685031096228,-0.009095317327094747
Placed,1,IT,7.99,0,1.1022467015511102,1.426231350717147
Not Placed,0,IT,7.39,0,0.1128510166543377,0.27000423179805294
Not Placed,0,CSE,8.57,1,-2.5560894368251317,1.5973277744129897
Not Placed,0,Mechanical,7.15,1,-1.4514143646007331,-1.2965121848319205
Placed,1,IT,7.85,3,0.15692931015912567,0.10330489284372349
Not Placed,0,ECE,7.39,3,0.3314881566217171,-1.347498497023034
Placed,1,CSE,8.05,0,0.08234568703848216,1.8905337773036166
Not Placed,0,IT,7.49,0,-0.7408767030046037,1.6166558027112334
Placed,1,ECE,7.92,0,1.5964460230741453,1.5527520343276562
Not Placed,0,ENTC,9.19,2,2.137691442922014,-0.9591486346842121
Placed,1,CSE,7.46,1,-1.7212137144046238,1.209652308042368
Not Placed,0,IT,8.04,0,-1.2341897556157526,1.852734001012924
Not Placed,0,IT,9.64,0,1.5052007919269157,1.066253456470076
Placed,1,ENTC,8.03,0,-1.299212341809327,1.723884469545695
Not Placed,0,ECE,5.63,1,-3.0704504252394504,-1.2029643601670368
Not Placed,0,CSE,7.13,3,0.11194509635614386,-2.5631087517401316
Not Placed,0,IT,6.68,1,-3.9430694484557116,-1.2981228155775602
Not Placed,0,ENTC,8.48,3,-0.2589384439894862,-1.1940322445349258
Not Placed,0,IT,7.62,1,-1.1641003584683043,-0.36909703733296334
Placed,1,ECE,8.6,2,3.2328069784912126,1.4324242737222574
Placed,1,ECE,8.22,2,1.9089634855685436,-0.29277186308197234
Placed,1,CSE,8.22,0,-0.3893721358477635,0.901135386525476
Not Placed,0,CSE,6.66,3,0.6922712935549657,-1.3789265376161886
Placed,1,CSE,8.13,0,1.5055816528897958,1.2178585275796783
Placed,1,ECE,8.86,0,1.2551013124610069,2.3836728131231744
Not Placed,0,Mechanical,6.47,3,-0.047469156507702615,-1.2817309280003464
Not Placed,0,CSE,7.43,1,-2.179532671243826,0.7876859430752547
Placed,1,IT,8.0,2,3.1549235825530073,-0.6437854142722632
Placed,1,CSE,7.78,0,0.7404779728067694,0.7198636164121169
Placed,1,ECE,8.92,2,3.5047636105586655,1.023705143141767
Placed,1,CSE,8.32,0,-0.4650249072691357,2.2191620030451795
Not Placed,0,ENTC,8.05,1,-1.9058059710904585,0.7218673119438257
Placed,1,IT,8.39,0,2.2290405648753038,2.550261072949575
Not Placed,0,IT,8.35,0,-0.6312479781466144,0.9042984802363492
Not Placed,0,CSE,7.73,0,-0.42754547934098736,0.329481411615619
Not Placed,0,Mechanical,7.4,0,0.4376198061879997,0.43951655332141504
Placed,1,ECE,8.54,2,2.707797319060948,0.4747333565537517
Placed,1,CSE,7.07,0,0.5794976380777507,0.9782004272882376
Not Placed,0,CSE,7.64,0,0.89953585456978,0.7222995987509517
Not Placed,0,Mechanical,6.72,0,-0.8008212641602535,1.807296356550858
Placed,1,Mechanical,8.32,2,3.083010403817175,-1.2844195067448942
Placed,1,CSE,8.75,2,2.5832572970217944,-0.5473387153770404
Not Placed,0,ENTC,6.9,1,-2.6368169303461353,0.4477968361242077
Not Placed,0,Mechanical,7.57,3,-0.3288651363607888,-0.7061521823274173
Not Placed,0,CSE,7.29,1,-0.9617693647935136,-0.15458424242520016
Not Placed,0,CSE,8.61,0,-0.01636995135280355,0.13476499922439217
Placed,1,CSE,8.9,2,1.386437089319826,0.15734572755841147
Not Placed,0,CSE,7.29,3,0.19032611999317675,-0.43318503120038243
Not Placed,0,ENTC,5.07,1,-2.7304010080194474,-1.5929874541830207
Not Placed,0,CSE,8.68,0,-0.46838589401231867,1.5836779408736008
Not Placed,0,IT,7.74,1,-2.161904614029303,1.4167098177147064
Not Placed,0,CSE,7.74,3,-0.03172880688791014,0.09561864568493633
Placed,1,ECE,8.52,3,0.5558139784904157,0.31087954381801686
Placed,1,IT,7.39,0,0.7622764738547195,0.7960569163568619
Not Placed,0,CSE,7.16,1,-3.448415288560884,-0.2691294464656527
Placed,1,IT,7.4,3,0.8081199615209254,-1.3889802250560133
Placed,1,ENTC,8.12,2,1.8641229549349085,-0.2750887195734521
Placed,1,IT,8.45,2,1.7997357852253542,0.7551165706430637
Placed,1,IT,9.09,2,1.972826605755027,1.575593617910502
Not Placed,0,ENTC,8.04,0,-0.23466193057082782,3.1136957503356517
Placed,1,IT,7.58,0,-0.28417293544569255,3.309720765984022
Placed,1,ECE,8.45,0,0.3888415787754543,0.2043157149750011
Placed,1,CSE,6.87,1,-1.8483002045472523,0.6803845608480709
Placed,1,ENTC,8.91,0,0.42525772980113485,3.2176434003118635
Placed,1,IT,7.88,3,0.05027491809829181,-0.7337924008729034
Not Placed,0,IT,7.51,3,-0.06462940805689811,-1.3575039561961186
Placed,1,CSE,6.88,3,-0.04889887096848993,-0.5122556727467354
Not Placed,0,Civil,8.23,3,0.7914779461080839,-0.5501858779593245
Not Placed,0,ENTC,7.46,3,-0.5692985229376022,-0.7020373768483029
Not Placed,0,CSE,7.62,0,-0.8108264844598865,0.32264437362848464
Not Placed,0,IT,6.28,3,-0.6474714218115227,-0.1351969032619051
Not Placed,0,IT,7.33,3,0.6597820038792955,-0.5743527485018841
Not Placed,0,CSE,7.22,1,-2.688130395809657,0.022379745773371706
Placed,1,IT,8.06,2,2.1019751665285025,-2.477775000233283
Not Placed,0,Mechanical,7.47,3,0.4671347554427313,-2.1572702703139544
Not Placed,0,IT,5.45,1,-1.9817266642419769,-2.0428032048266935
Placed,1,Mechanical,7.35,2,1.8177225920249316,-0.2962072282839415
Not Placed,0,IT,6.46,1,-1.2616226296159039,-1.1837604668583588
Not Placed,0,ENTC,6.81,0,-0.8196907050403095,0.5964713702871602
Placed,1,CSE,8.55,2,2.8896326056032753,-0.651162080626051
Not Placed,0,IT,6.26,1,-1.2313348371954216,0.5743539625770526
Placed,1,ENTC,7.95,2,1.8534548950244802,-0.3421600709665706
Not Placed,0,CSE,7.27,3,1.56614166628111,-1.853385142566924
Not Placed,0,Mechanical,7.1,1,-2.7277272642775223,2.09414101439015
Placed,1,ENTC,6.87,3,-0.4236579732587142,-1.6745880236572257
Placed,1,Civil,7.97,0,0.056085713957740445,1.9741026264248918
Not Placed,0,ENTC,8.07,0,0.040999579731940856,0.14267691038672148
Not Placed,0,CSE,6.23,1,-3.977070657189272,-2.3755227822888205
Placed,1,CSE,8.68,2,2.139683444159398,0.6391243821914033
Not Placed,0,ECE,6.69,3,-0.0679431889441436,-1.7931884057331262
Placed,1,CSE,8.03,3,0.35676934164955487,0.0050917131379889695
Placed,1,CSE,6.7,1,-3.6661335631321816,0.771591750945728
Not Placed,0,CSE,7.31,1,-1.3445186022300788,-0.4018857411269635
Not Placed,0,ECE,6.61,1,-1.9974868578239624,-0.3480427571629542
Not Placed,0,CSE,7.25,3,-0.3593563672644621,-1.1848099600537982
Not Placed,0,IT,7.53,1,-1.7608503131478972,-0.3389703599304582
Not Placed,0,Civil,6.72,1,-2.104726757849929,-1.0468683832732633
Not Placed,0,ENTC,7.97,1,-2.969743442975491,1.7073151725998192
Not Placed,0,CSE,8.08,3,1.4483334633349432,-1.2084035717415103
Placed,1,IT,10.0,0,2.6947068456400123,3.9212745994701668
Not Placed,0,ENTC,8.49,0,-1.1613258766172314,0.8904316519846318
Placed,1,CSE,8.7,2,1.9859628893143602,0.6089976784573411
Not Placed,0,ECE,6.2,1,-1.4608389530820691,-1.6371335096762105
Not Placed,0,ENTC,6.04,1,-2.5997580221725056,-1.156298678219982
Not Placed,0,CSE,7.45,3,0.1521509353168954,-1.1291822500023225
Placed,1,CSE,9.22,2,3.4384449134282478,0.7696991775677663
Not Placed,0,IT,9.8,0,-1.6175167687680834,3.13079082560885
Not Placed,0,CSE,7.12,3,-0.21405637791774518,-0.04910487444230972
Not Placed,0,ECE,7.2,1,-2.669638263208129,1.5603643030340253
Placed,1,IT,8.16,3,0.7851286197814955,0.03778522468010134
Placed,1,Civil,7.53,0,1.1772322853370005,0.7252708655728979
Not Placed,0,ECE,7.55,1,-1.6438802702472883,0.9171303742654004
Not Placed,0,IT,8.24,3,0.18979952376170273,-0.7656029219290185
Placed,1,CSE,10.0,0,-0.38440579205155395,3.5586393115705937
Not Placed,0,CSE,8.81,1,-1.896560384694795,0.6081237404127524
Placed,1,CSE,9.29,0,1.2295039679218014,3.159990896422046
Not Placed,0,CSE,6.13,1,-3.0019424572464954,0.06181257000408811
Not Placed,0,IT,8.61,0,0.857650686530285,0.9990436922657716
Not Placed,0,IT,6.89,3,2.1720335299970195,-2.8918941420138955
Placed,1,IT,9.12,2,2.970591749038842,0.22466140064002063
Placed,1,IT,8.85,2,2.9382740648716803,-0.5335588671603495
Not Placed,0,ECE,8.21,0,0.8494669616813174,0.4899330896302573
Not Placed,0,Civil,7.07,1,-3.2983936148973547,0.22349761173021476
Not Placed,0,ECE,7.29,3,-0.21555943612029702,-1.980531527724387
Placed,1,Civil,7.36,3,0.9265103879232601,-0.09978082251028367
Placed,1,CSE,8.35,3,0.9981757835812558,-0.9400507042957175
Placed,1,CSE,8.04,2,1.8711917948314434,0.9196090706115542
Not Placed,0,Mechanical,8.91,3,0.739114886341891,-0.6427049696877103
Placed,1,IT,9.07,2,1.8370655149545878,0.34868448655076334
Not Placed,0,IT,6.98,1,-2.4584834965621973,-0.4439301874925756
Not Placed,0,Civil,8.1,1,-2.0294668680386105,0.3808604526565243
Not Placed,0,ECE,8.09,0,-1.138561290084691,1.2642232634079578
Not Placed,0,Mechanical,7.62,1,-3.523921436317188,-0.8814999551673347
Placed,1,IT,8.5,0,1.1216420422272346,1.677608007667641
Not Placed,0,ENTC,8.12,3,0.43724605072324724,-0.20016293193589224
Not Placed,0,CSE,7.21,3,1.1493706324347108,-2.3474415960898427
Not Placed,0,CSE,7.58,1,-2.9159660016480196,-0.687058951631489
Placed,1,Mechanical,7.4,3,0.10066878503504581,0.08131838119593475
Not Placed,0,CSE,7.08,1,-2.501013262885797,-1.0156350556080678
Not Placed,0,ECE,7.63,3,0.5433361376809771,-0.37330257965649954
Not Placed,0,Mechanical,6.6,1,-3.3775245875687254,-0.0016473357838587422
Placed,1,Mechanical,8.1,3,-0.6779624433867535,-0.5250554016992773
Placed,1,IT,8.89,0,0.12224227638038117,0.8663112308702821
Placed,1,IT,7.74,2,2.396486621497832,2.3447869437599658
Not Placed,0,Mechanical,8.5,1,-1.87106563899604,1.2353166653245113
Not Placed,0,CSE,7.83,3,0.9654295328072833,-2.169704723624145
Placed,1,CSE,6.83,3,0.602656124629343,-0.7590024059229942
Placed,1,IT,9.41,0,0.6920791141001165,4.6546300267181895
Not Placed,0,IT,5.64,1,-3.9177655911368885,-1.749684571043691
Not Placed,0,Civil,7.71,1,-1.5857659881201418,-0.262639780514293
Not Placed,0,CSE,7.05,3,1.3777008376932436,-2.095371650290469
Placed,1,ENTC,9.04,2,4.27651484259033,1.6568731940403625
Placed,1,CSE,7.88,2,1.6514005125608713,-0.06456216579516345
Placed,1,CSE,9.87,2,2.950351703859703,-1.351297543110497
Not Placed,0,CSE,7.73,2,1.7278901287681667,-1.3362155618692424
Not Placed,0,Mechanical,7.05,3,-0.2802000655880241,-0.9896279130036786
Not Placed,0,CSE,6.25,3,-0.23467470407087548,-2.9039237148161914
Not Placed,0,CSE,8.64,0,0.9344725806069345,1.3499168522849985
Not Placed,0,CSE,6.99,1,-3.420213499437816,1.5070178611975376
Not Placed,0,IT,7.34,1,-0.9440066132254499,-0.16237526151985815
Placed,1,CSE,8.74,0,1.4702220404025284,1.3805906286638239
Not Placed,0,CSE,8.6,0,0.20312051931145172,0.9129520568858286
Placed,1,IT,7.18,3,1.3265470913876543,-1.9748951747801766
Not Placed,0,ECE,7.31,0,-0.8379315378379973,1.643262618010371
Not Placed,0,IT,6.21,3,-0.29569620278799574,-2.33675014492013
Not Placed,0,ECE,5.95,1,-3.1445575474909595,-0.04899271534437846
Placed,1,ENTC,8.35,2,1.4497362036907244,0.1953653307536065
Placed,1,ENTC,8.44,0,-0.20805341919895748,0.9358962767394567
Placed,1,ECE,8.0,1,-1.6205598957959668,-0.498871177788014
Not Placed,0,CSE,7.86,1,-1.1001727201661773,-0.32229839241309965
Placed,1,CSE,7.1,0,-1.1393063333221487,1.8224598060791557
Placed,1,CSE,8.95,2,3.6726262038245805,1.767703663698501
Not Placed,0,IT,6.18,1,-2.3393944370682576,-1.3296563414185898
Not Placed,0,ECE,7.3,3,-1.0243711866964498,-0.7021568567716071
Not Placed,0,IT,7.84,1,-1.3594144847478693,0.18909762914172132
Placed,1,CSE,7.7,3,1.1352338688918466,-0.7457730604765541
Not Placed,0,CSE,7.7,0,-0.25049188830064095,2.18525227247418
Not Placed,0,ECE,7.26,3,1.1486674629937865,-1.0897358865985436
Placed,1,CSE,8.16,2,5.46356155971091,-0.9446896558053001
Not Placed,0,CSE,6.67,1,-3.160751515095947,-0.594505010903587
Placed,1,ECE,7.58,2,1.871024737596908,-0.2415882664059438
Placed,1,Mechanical,8.07,0,1.0777763943915484,2.7782572486664616
Not Placed,0,ECE,7.42,1,-1.42406424411922,0.2654098331014025
Placed,1,CSE,7.7,2,2.234074502501274,0.43811468236505635
Not Placed,0,ENTC,7.88,1,-1.9541401710942072,0.22513465227369475
Not Placed,0,IT,6.2,3,-0.02211630798644683,-0.2888947941387762
Not Placed,0,CSE,6.28,3,-1.446267298500166,-1.913945305347686
Not Placed,0,IT,7.81,0,-0.2039365123953981,0.8704863917176283
Not Placed,0,CSE,7.18,1,-1.5770649690972596,-1.128303237541851
Not Placed,0,ECE,7.23,0,-0.7664007851759261,1.5569475370386985
Placed,1,CSE,8.18,2,1.387135567069083,-0.06868880757666362
Not Placed,0,ENTC,6.86,1,-1.526271039941503,0.6554085411120821
Not Placed,0,CSE,5.65,3,-0.6153183573875849,-2.325407805539923
Placed,1,CSE,9.11,2,3.716678707311823,0.5701749192818827
Not Placed,0,CSE,8.73,0,-1.3906087553482906,1.654364610530994
Not Placed,0,ENTC,8.72,0,-0.8432484784372841,0.9998148773826763
Not Placed,0,CSE,6.75,0,-0.7211532387335996,0.6849899299089491
Placed,1,CSE,7.63,0,-0.8095569602529721,1.2932084328916684
Not Placed,0,CSE,6.62,1,-2.4889861245429357,-0.5744470163935617
Not Placed,0,CSE,7.65,1,-1.147062784341675,-0.10447522373871704
Not Placed,0,CSE,7.4,3,1.8881858899924557,-2.7881055063380393
Not Placed,0,Mechanical,6.78,3,0.9982367348586804,-1.431807335553382
Not Placed,0,IT,8.13,1,-1.4117106392153989,0.9791245113875512
Not Placed,0,IT,7.48,1,-2.3742642662964135,1.5503312137498617
Placed,1,ENTC,9.16,0,1.1584277874937556,1.752032811917548
Not Placed,0,ENTC,7.77,1,-2.2483873729882737,-0.24079514221117176
Not Placed,0,ECE,5.53,0,-0.58235987474038,0.2686840497882251
Not Placed,0,CSE,6.16,1,-1.7471205033180874,-1.803601768546822
Not Placed,0,Civil,9.48,0,0.8731301430611897,1.6677314963161762
Placed,1,CSE,7.39,0,0.5981943248254175,2.756486020117074
Not Placed,0,CSE,7.9,0,-0.6530693903377202,1.574696585758144
Not Placed,0,ECE,7.71,3,-0.4313929059035087,-0.32140188029646344
Placed,1,CSE,8.9,2,5.7985357545917156,-0.27709036061803993
Not Placed,0,CSE,6.08,1,-2.1866520703134755,0.6342792910800681
Placed,1,Civil,8.83,2,1.5407879647864207,0.02370701784283161
Not Placed,0,CSE,8.77,0,-0.8640886161764327,0.7116316482303765
Not Placed,0,IT,7.71,1,-2.0896222468031995,-0.9916393068796207
Placed,1,CSE,8.05,2,1.922331285237623,0.15952300889295634
Not Placed,0,CSE,7.38,0,-1.7368172750886777,1.8930692770595525
Not Placed,0,ECE,6.27,1,-1.4572225016047142,-1.1181546713776591
Not Placed,0,Civil,8.19,0,-0.4838468095807047,0.8190463137529482
Placed,1,ECE,7.91,3,1.604996961742194,-2.1394452992713435
Not Placed,0,Civil,7.93,0,-0.6893547039666297,0.810927652650344
Not Placed,0,CSE,8.11,0,-1.3996467224215925,1.4797629553614817
Not Placed,0,IT,7.19,1,-1.8329308084680787,-0.5128005945569516
Not Placed,0,CSE,8.97,0,0.4267846540424184,0.6566654575598269
Placed,1,ENTC,7.71,2,2.113901984748281,-0.3485977873838965
Not Placed,0,IT,8.16,3,-1.0234520480636835,-1.2237711302274028
Not Placed,0,IT,7.47,3,0.11072935008510412,-0.3735963807612358
Not Placed,0,CSE,8.59,0,-0.3964300182722124,1.3224998206574248
Placed,1,CSE,7.79,2,2.3287384176814143,-1.7656528153491695
Not Placed,0,ECE,7.63,3,0.9687249685928548,-2.1378345880713496
Placed,1,Mechanical,8.73,2,2.2458630844875724,1.3431125113225957
Not Placed,0,IT,6.24,3,-0.8526570574967393,-0.935728710207404
Not Placed,0,CSE,7.46,3,0.2508237022774226,0.12640717670391416
Not Placed,0,IT,7.18,3,0.28399980715000855,-2.2242304195651106
Not Placed,0,CSE,8.02,1,-1.9026685899278606,-0.8828963676675676
Placed,1,CSE,7.97,0,-0.6400906733155839,1.1766033832113496
Placed,1,CSE,7.69,2,1.764050531873304,0.2696002786934854
Not Placed,0,CSE,7.09,3,0.27895006441177567,-1.1750692260181164
Placed,1,ECE,7.68,2,2.2241404458382843,0.6646518746470377
Not Placed,0,ENTC,7.97,0,-0.660710514442417,0.11455645595142477
Placed,1,IT,7.55,2,3.034440476745345,-0.5271162262230052
Not Placed,0,ENTC,8.64,0,0.47468763049607904,2.00576849417647
Placed,1,ECE,8.22,0,1.323869076911136,1.4245955681646176
Placed,1,IT,7.72,2,4.139133485782079,-4.491875794381529
Not Placed,0,CSE,5.71,1,-3.738984594385536,-1.9211334314832265
Not Placed,0,IT,7.51,3,-0.04667883003129084,-0.48474779028402765
Not Placed,0,IT,8.24,1,-1.573935031245238,1.1009677911355538
Not Placed,0,CSE,7.46,0,0.011868677812351312,1.9024779878521225
Placed,1,CSE,7.96,0,1.0087787315222325,0.40720012701404995
Not Placed,0,Mechanical,7.51,1,-1.3128806554428616,0.07373719502670022
Not Placed,0,Mechanical,7.9,2,1.399573328545528,-0.07050761987828003
Placed,1,CSE,8.89,0,1.5507774719243517,1.40651761253196
Placed,1,ENTC,8.37,3,0.5186957104376718,-0.04053196638134171
Not Placed,0,Civil,6.6,1,-3.0225750330989736,0.9259135663774661
Placed,1,CSE,6.29,3,1.3789411211944436,-1.611703012820782
Not Placed,0,CSE,8.08,0,-1.3276706285550373,1.215529783454219
Not Placed,0,ECE,8.69,0,-0.15823682820184792,0.5645899946790641
Not Placed,0,Mechanical,6.29,1,-3.8149241666917653,0.34898820272017606
Not Placed,0,ENTC,7.52,1,-1.7967876188666974,0.8270693834282687
Placed,1,IT,9.72,2,3.5537221599120854,1.5923609231992795
Placed,1,ECE,7.47,3,0.35336084789977035,-1.2744701403254237
Placed,1,CSE,9.85,2,2.5404864203753257,2.1580121507611265
Not Placed,0,CSE,7.0,3,-0.3097052131605519,-0.5967842797766469
Not Placed,0,CSE,7.15,3,-0.768798650172155,-1.9494649336529217
Not Placed,0,ECE,7.1,1,-2.689698639652092,0.4753347096565587
Not Placed,0,IT,6.61,1,-3.8531816533942207,-1.3584939306358728
Not Placed,0,CSE,6.26,1,-2.271909455457343,1.3585612411339183
Placed,1,ECE,7.51,0,1.1797838869711323,0.9941671037558981
Not Placed,0,IT,7.82,0,-0.7212115930096012,0.9917286406162827
Not Placed,0,ENTC,7.09,1,-2.3059080630692184,-0.673329550447085
Not Placed,0,CSE,7.3,3,1.2904791381272698,-0.7544022906049721
Placed,1,ECE,8.93,2,3.5675947063615316,1.2729351763413974
Placed,1,IT,8.53,0,0.1451721966916011,1.5968803007663404
Not Placed,0,Civil,7.48,3,0.8063243696011306,-0.4219341019647779
Placed,1,Mechanical,8.07,2,1.373051192743779,0.738202418240639
Not Placed,0,IT,6.31,1,-2.6314375460141557,-1.160704649246626
Not Placed,0,ECE,7.93,0,-2.5184239047759163,2.6901504740225493
Placed,1,ENTC,7.65,2,1.9289575959166536,0.137023062512942
Placed,1,IT,7.38,0,0.4502813822183545,0.38112665200725915
Placed,1,CSE,7.73,0,0.5257179792676173,0.5608138607162924
Not Placed,0,Mechanical,7.59,1,-2.64281027142332,1.9743499420701498
Not Placed,0,CSE,6.58,3,0.5103970844446442,-3.164292340600938
Placed,1,Mechanical,9.13,0,-0.5406509978945172,1.6900195628039127
Not Placed,0,IT,8.51,3,-0.2605870220703553,0.18263291459948408
Not Placed,0,Mechanical,7.37,3,-0.32641684326120407,-2.6936582393081356
Not Placed,0,Civil,6.2,1,-2.217697433656443,-1.6203372879991256
Not Placed,0,IT,5.61,1,-2.96831598655304,-2.508362002011965
Placed,1,CSE,9.4,0,0.11644927831763338,3.072762644302274
Not Placed,0,ECE,7.55,1,-2.3623143565117446,-0.10764390087870326
Placed,1,Mechanical,8.35,2,2.052881678807015,1.137415738945188
Not Placed,0,IT,6.89,1,-2.6253562497241507,-1.9916712620758708
Placed,1,CSE,7.44,2,3.8475504683336736,-0.7357218350674403
Not Placed,0,ENTC,7.48,1,-2.3247867786446084,-0.19287874243136602
Not Placed,0,CSE,7.91,1,-1.3211369748091577,-0.4862333157549946
Not Placed,0,ECE,7.78,2,1.271506087384818,-0.4184714131558665
Not Placed,0,CSE,6.92,3,-1.1338463352420713,-0.4077554936143427
Not Placed,0,Civil,6.91,1,-2.3974523982095985,0.06589173775281465
Not Placed,0,IT,7.63,3,-0.15328513328374832,-0.706855951185745
Placed,1,Civil,6.21,2,2.569921401029552,-1.349624279427183
Not Placed,0,CSE,7.0,0,-0.8849694053616283,2.029702987039569
Placed,1,Mechanical,7.57,1,-2.4011287614528247,0.4253394171095142
Placed,1,IT,8.04,3,0.802129443961988,0.053246046467461665
Placed,1,ECE,8.98,2,1.8221167044097648,1.0111675371973357
Not Placed,0,ENTC,7.3,1,-2.1152403866549854,-0.3784740233991957
Not Placed,0,ENTC,7.73,3,-0.5851911820037832,-0.15434598391613746
Not Placed,0,IT,6.11,3,-0.935067503181299,-1.1046401083893393
Placed,1,CSE,7.98,0,-0.3477882796944826,0.9470586528898748
Not Placed,0,IT,6.93,1,-2.8751050073585933,1.0625929210768628
Not Placed,0,IT,7.44,3,-0.38905126952800995,-1.7092341280901837
Placed,1,ECE,8.1,0,0.010485980168434297,0.6712609997292888
Placed,1,Civil,8.14,3,1.0296311260125912,0.1671850978827892
Not Placed,0,ECE,6.46,3,-1.2281455099026235,-2.154537990620789
Placed,1,IT,8.38,2,2.6039542113796936,1.517542308529844
Not Placed,0,CSE,7.67,3,-0.9169180866718316,-1.4068036897461689
Placed,1,CSE,8.78,2,3.0669961313218073,-0.055803024216536545
Placed,1,IT,8.94,2,2.477200025762717,1.0707647921842283
Placed,1,ENTC,9.07,0,0.023071230321982238,3.311234341950229
Not Placed,0,IT,6.49,1,-1.4176573756442652,0.3462702920520335
Placed,1,IT,8.04,0,0.6538262809250315,0.3560107487832239
Not Placed,0,ECE,6.36,1,-2.1179831408982115,-0.05009569403271186
Placed,1,IT,8.81,2,5.41249432460138,-0.7341291966424838
Not Placed,0,CSE,8.93,2,1.5613547516648296,-0.13854817483376736
Not Placed,0,CSE,8.53,1,-2.3053389157447137,0.9890671778802138
Not Placed,0,IT,7.34,0,-0.2799801677311422,0.7006060315544326
Placed,1,CSE,8.16,3,0.21630646245898388,-0.33670542397220443
Not Placed,0,CSE,7.23,1,-1.5109360544551962,0.9645749603167856
Not Placed,0,ECE,7.71,3,0.5611345967359626,-1.0742568807598365
Not Placed,0,IT,7.62,3,0.3056708978023897,-0.253960895009984
Placed,1,CSE,6.0,3,-0.20857524015089435,-0.7778762633726729
Not Placed,0,ECE,7.01,3,0.008398525247529116,-0.19146258130736704
Placed,1,IT,9.63,2,3.675005384271547,1.1139220269352352
Placed,1,IT,7.63,3,0.8542400319884655,-1.905753678517666
Not Placed,0,CSE,7.84,3,0.9908455077067845,-0.5985609364470369
Placed,1,IT,7.69,3,0.1595360430230956,-0.5713745550033229
Placed,1,IT,7.35,0,-1.1203957714082327,0.8531786730870357
Placed,1,Civil,7.73,2,3.85520500136294,-2.031567577014618
Not Placed,0,CSE,7.35,3,0.8298465442893272,-0.0006013859439546985
Not Placed,0,CSE,5.76,1,-3.4277641954352656,-0.36553442964507354
Placed,1,CSE,8.37,3,-0.3552230744640223,-0.9391789692687661
Placed,1,IT,9.07,0,1.0351818210436465,1.477553052285921
Not Placed,0,ENTC,6.71,3,-0.8529319357020967,-2.397760271994741
Not Placed,0,ECE,7.35,3,-0.9444748489801877,-0.7710483876912798
Placed,1,Civil,8.97,0,-0.33745921932263884,1.8928741077339462
Not Placed,0,IT,7.04,3,0.6742254817124089,-0.5765745184241584
Placed,1,IT,8.03,0,-0.6362667491964478,2.067186719195224
Placed,1,ECE,10.0,0,0.04535703593683928,5.222723376527556
Placed,1,CSE,8.24,2,2.0788522169272787,-1.1486813610627835
Not Placed,0,IT,7.76,1,-1.7763333539108783,-0.18796971810859267
Placed,1,CSE,8.45,0,-0.45341739272615444,1.1883387175511724
Not Placed,0,IT,8.36,0,1.0222112923039433,1.8194972629120887
Not Placed,0,ENTC,7.14,0,0.7413923707192724,0.5820047804378371
Not Placed,0,Mechanical,6.22,1,-2.9655646592561,-0.4048297994927963
Not Placed,0,ECE,8.2,3,0.38215416322401063,-1.5218035364416336
Placed,1,CSE,8.33,2,2.1704767563464387,0.9405977268528881
Not Placed,0,ENTC,7.45,1,-1.3457059692775488,0.18534556546145678
Placed,1,ECE,9.1,2,2.346798709390873,0.9804932585484062
Placed,1,ENTC,8.93,2,1.6790065786818895,0.743228402561263
Placed,1,CSE,8.36,3,1.7743484405902445,-2.526299075231093
Not Placed,0,Civil,7.46,3,-0.3451395107777437,-0.6418636654135147
Not Placed,0,CSE,5.92,1,-3.4340257846414337,0.9085734552387917
Placed,1,ECE,7.55,2,2.7469557752934444,-2.6220788517329074
Not Placed,0,ENTC,6.14,1,-1.8516621498770336,-0.9032725771353337
Not Placed,0,Mechanical,5.7,3,-1.6527660937857622,-2.8522932267799046
Placed,1,Civil,8.25,0,1.4111230326948023,1.4728099716086818
Placed,1,CSE,8.7,2,1.4793342204515811,0.7486236145698801
Not Placed,0,ECE,6.04,1,-1.5214412345239412,-1.8225200383980171
Not Placed,0,CSE,7.48,3,0.22150452867718928,-3.300870848556247
Placed,1,ECE,7.69,3,-0.09755709232105927,-0.023996359409143013
Not Placed,0,IT,7.45,1,-3.3542637695969697,0.5735557022685327
Not Placed,0,CSE,6.53,1,-1.4481664836620194,-0.42819918394600887
Placed,1,Mechanical,8.83,0,0.743967626656013,1.248426628133274
Not Placed,0,ENTC,6.55,1,-2.086462345924514,-1.6466355448063221
Not Placed,0,CSE,6.04,1,-3.1191819211933747,0.9238089472144778
Not Placed,0,IT,6.53,1,-2.017051878680916,-1.1199330818291693
Not Placed,0,CSE,8.11,2,2.5317065616114776,0.20684055524641645
Not Placed,0,IT,7.47,3,-0.8616439675558392,-1.2225683427758662
Not Placed,0,IT,7.05,1,-3.1713114490165077,1.0802424096131256
Not Placed,0,Mechanical,8.15,0,-1.7895835510871165,1.4303791959963048
Not Placed,0,CSE,7.98,1,-3.104224645506749,0.32095063423104553
Not Placed,0,IT,5.74,1,-1.4054598838882553,-0.3995858313995324
Not Placed,0,ECE,8.14,0,-0.9426397620513493,0.6831827426755788
Not Placed,0,IT,8.7,0,0.11225767470042845,1.0700444372854792
Not Placed,0,CSE,7.6,3,-0.4208561944535418,-0.7213547727929013
Placed,1,CSE,7.5,3,0.565969912882686,-0.39562969700861755
Placed,1,IT,9.31,2,1.9726989513839928,1.2671227729430825
Not Placed,0,CSE,7.1,3,0.9278254726599301,-1.5115964438694982
Not Placed,0,ECE,7.56,1,-1.547885947139834,0.805809252471074
Placed,1,CSE,7.98,0,0.5788592695227176,1.4566569479327667
Placed,1,ENTC,7.74,0,-0.6419922282863051,0.2926550206038267
Not Placed,0,Mechanical,7.47,1,-0.9119137160841478,-0.07426388321576634
Placed,1,ENTC,7.78,3,1.5696420707452508,-1.4565368547954622
Placed,1,Civil,9.03,2,2.7518941593995994,-0.08968935475513927
Not Placed,0,Mechanical,8.39,0,-1.3409015936238413,2.4539957299434003
Placed,1,ENTC,7.64,0,-0.4707998869814683,3.0840771771875737
Not Placed,0,CSE,6.97,3,-0.18331320248514765,-1.5417960349427935
Not Placed,0,IT,7.08,1,-2.390398615888641,0.3837649405196491
Not Placed,0,ECE,8.51,0,-0.6333446072002741,0.35819093415695485
Not Placed,0,ENTC,6.35,3,0.2094104997055362,-0.1563615428016269
Placed,1,ENTC,9.74,2,2.727910156205021,0.9731416585173885
Not Placed,0,ECE,7.67,0,0.36648016843260167,0.301280723544694
Not Placed,0,ENTC,6.53,1,-3.468892974202184,0.4081650167621886
Not Placed,0,ECE,7.85,3,-0.9296116900063642,-0.9667672008406364
Placed,1,ECE,7.02,0,-0.7993878112730003,0.5999570982280586
Not Placed,0,IT,7.34,0,-0.8884929096490934,2.394753721737911
Not Placed,0,CSE,6.42,1,-3.300434402270265,-0.8561560388676857
Placed,1,IT,7.5,2,1.192819148594051,0.46368718134720954
Not Placed,0,IT,5.9,1,-1.2259683266075938,0.46904737806298263
Not Placed,0,CSE,7.19,1,-2.339681609797332,-0.924376883212259
Placed,1,IT,7.0,3,0.6616350044278723,-1.094329190250128
Not Placed,0,Mechanical,7.27,3,-0.6565899544428505,-0.8433824174568089
Not Placed,0,CSE,7.05,3,-0.31679385106676133,-2.9929604547104494
Not Placed,0,ECE,7.73,0,-0.28524488418980576,0.9436424483056016
Placed,1,IT,8.45,0,0.06930862020114287,0.4196226741492043
Not Placed,0,ENTC,8.01,0,0.6991540819996632,1.2827439065418544
Not Placed,0,CSE,8.8,2,1.3687959654135355,0.07034818995463014
Placed,1,CSE,7.28,1,-1.69662751073525,0.6189742265751362
Not Placed,0,ECE,7.98,0,-0.7676662303451329,2.2275505469459294
Placed,1,CSE,8.01,2,1.4950459389689505,0.6824781853889915
Placed,1,CSE,8.68,0,0.7714708678438406,1.826678328504548
Placed,1,ENTC,7.08,0,-0.9615681402663179,0.36333064700391926
Placed,1,ENTC,8.37,2,2.0613199194671235,1.5362874368480905
Not Placed,0,CSE,6.97,3,-0.49721396189053313,-0.9687028961472735
Placed,1,Mechanical,7.22,2,2.049483454632472,-0.38012880659480247
Not Placed,0,CSE,7.4,3,-0.39943831954551884,-0.7300294128945856
Not Placed,0,CSE,8.09,3,-0.23924487290243443,-0.7935459965819821
Not Placed,0,CSE,6.78,1,-2.777003806536954,0.01923265960933789
Not Placed,0,CSE,6.89,1,-2.719806854000591,-1.5087029075262894
Placed,1,CSE,7.15,3,-0.05335870512270878,-1.062099180585543
Placed,1,ENTC,7.74,3,1.4154862445926142,-1.876993677708089
Not Placed,0,CSE,6.9,1,-3.6746899748874995,-0.7372905813121046
Placed,1,Civil,7.92,2,1.966697960436223,-1.2063409907131546
Not Placed,0,IT,7.4,0,-0.30251890294213746,0.6839809592032692
Placed,1,ECE,8.26,2,5.206809827505852,-2.3178979297697637
Placed,1,IT,7.75,3,1.0779067860015616,-1.4026721964513043
Not Placed,0,CSE,9.19,0,0.4717888739159531,1.3298078315410795
Not Placed,0,CSE,7.8,1,-1.9171142772951113,1.2509163465815405
Not Placed,0,ECE,6.66,1,-2.9184797390820405,-0.26991314062942756
Not Placed,0,ENTC,7.52,3,-0.199452801873012,0.00799220591947774
Placed,1,CSE,7.72,2,2.580535678067952,-1.003310861459026
Not Placed,0,IT,6.93,3,-1.1945213205806302,-1.1983030679256583
Placed,1,CSE,8.99,2,2.1286115161314636,0.5459381910955754
Placed,1,CSE,7.44,0,-0.3225673599649885,1.828359623135304
Not Placed,0,ECE,7.15,1,-2.159518809059487,0.28570326656175843
Placed,1,CSE,7.85,0,-0.06706387517044338,1.3165516125444512
Placed,1,ENTC,6.93,2,1.9027951468303939,0.45981282591803824
Placed,1,Civil,8.52,2,2.651627548345227,-0.7268459605130465
Not Placed,0,CSE,8.35,1,-1.6115811036267427,0.6998284531932059
Not Placed,0,Mechanical,7.81,1,-2.465554212473248,0.8115101692054213
Not Placed,0,ENTC,8.2,2,2.1209426068728385,-1.1932695139518952
Placed,1,IT,7.28,2,2.0068206559141917,-0.872572496035697
Not Placed,0,ENTC,6.42,1,-2.6216880649165684,1.0569720789836519
Not Placed,0,CSE,7.42,3,-0.7869639033884467,-0.18342944753077323
Not Placed,0,ECE,7.27,3,0.9632432607539627,-1.7007289242254218
Not Placed,0,ECE,5.97,3,-1.199763224198634,-2.8227750260902846
Not Placed,0,Mechanical,6.8,3,-0.8809872854842984,-0.6077589371895818
Not Placed,0,ENTC,6.65,3,-1.688823804018381,-3.8590240823699906
Not Placed,0,ENTC,6.8,3,-0.849690705765296,-1.0414281352463812
Placed,1,CSE,8.83,0,1.668368299503502,2.089745819357109
Not Placed,0,Civil,8.14,3,0.702140393849178,-2.50200748744892
Not Placed,0,ECE,8.52,0,-0.4340834903105513,1.0968527648208621
Not Placed,0,ENTC,8.13,3,-1.0671261291204759,-0.9324395614238767
Placed,1,Mechanical,8.62,2,3.5067549732694387,2.03702741070798
Not Placed,0,IT,7.72,1,-1.2702242911984987,-0.34087169510092713
Placed,1,CSE,8.99,2,4.086309089364599,-0.5735093982092768
Placed,1,ENTC,6.65,0,0.19523717312614175,0.8596226532451214
Placed,1,Mechanical,7.64,3,0.5003540469396627,-0.6394285451697469
Not Placed,0,ENTC,6.83,3,-1.2882432249030686,-1.9823182712522531
Placed,1,CSE,8.76,2,2.972542713775237,-0.3416235640332229
Placed,1,CSE,8.06,2,3.014128357821254,-0.4223457218537363
Placed,1,CSE,8.71,0,1.0275094182079205,0.4699468706712087
Not Placed,0,CSE,6.51,1,-2.022241129106616,-1.6041369571830597
Not Placed,0,Mechanical,7.19,1,-1.131840292219301,-0.8489173460484281
Not Placed,0,CSE,6.18,1,-3.233225775786335,-1.4030502150232935
Not Placed,0,CSE,8.01,0,0.25971285082688117,1.0579624588318604
Not Placed,0,CSE,7.34,3,0.6391267165246818,-0.9229832831977447
Not Placed,0,Civil,8.34,0,0.07369494113331326,0.677638997963946
Not Placed,0,ECE,7.73,1,-2.6915409589211152,0.18755881909922895
Not Placed,0,CSE,5.89,1,-3.190001240431004,0.6593456549396923
Not Placed,0,CSE,6.29,1,-2.8089409013175235,-0.3512582106346444
Placed,1,CSE,7.77,2,2.4307387173463493,-0.7783188477109695
Not Placed,0,CSE,8.1,1,-1.351727589957995,-0.018343957871149393
Not Placed,0,ENTC,5.82,1,-1.8801553018212709,-2.0238616412433843
Placed,1,CSE,7.63,2,2.632652170281126,0.11826013636161739
Not Placed,0,CSE,6.84,1,-2.5269593130871972,-0.9414414037280674
Placed,1,CSE,6.76,3,1.3986738535124772,-1.7587191329389158
Placed,1,CSE,7.14,0,0.3289579404179034,0.4062293315287731
Not Placed,0,CSE,7.8,1,-2.5751994883911054,-0.7137051263645607
Not Placed,0,ECE,7.1,0,-0.5201089106142288,0.9353063514037261
Not Placed,0,IT,6.01,1,-3.1907345907543188,-1.2478683914325484
Not Placed,0,CSE,7.8,3,-1.1470737038891625,-1.1397906429468272
Not Placed,0,ENTC,7.4,3,0.3195809042704678,-1.1899547954881577
Not Placed,0,Mechanical,6.9,0,-1.3331613038554917,1.6568302385028586
Placed,1,IT,7.44,0,0.25705284706906667,1.798944370966419
Not Placed,0,IT,7.4,3,0.6789556692683746,-0.22314453172728096
Not Placed,0,Civil,7.74,1,-1.5964311165802871,0.9435962014443398
Not Placed,0,IT,7.49,3,1.0850035453018738,-0.5969877405460087
Not Placed,0,Civil,7.84,2,1.9052321509426842,-1.2136769793570292
Placed,1,ENTC,7.66,0,1.3210244703996927,1.9006585521694943
Placed,1,IT,8.4,2,2.2207596048683302,-0.8140029614441749
Not Placed,0,IT,9.05,0,-0.12572187543207075,1.505308992088514
Not Placed,0,Civil,7.69,3,1.6059399337079028,-1.4928611081103227
Not Placed,0,CSE,7.17,3,0.18160862674480927,-0.6634077666953944
Not Placed,0,CSE,6.48,3,-0.14271983976192326,-1.3314412621488694
Not Placed,0,CSE,8.25,0,0.35936289362498164,2.082545110983944
Not Placed,0,ECE,6.93,1,-1.3738476738073508,-1.5039452610679047
Placed,1,ENTC,9.7,2,3.4434651305628643,0.8969618735019873
Placed,1,ECE,10.0,2,5.527854967302724,0.22825595804947216
Placed,1,IT,7.52,3,1.3722575397537473,-1.0332092713041412
Not Placed,0,ECE,6.28,1,-2.340093698832545,-0.3999598776517132
Placed,1,ECE,8.26,2,2.077119813963824,-0.6185737849634902
Placed,1,IT,9.48,2,2.996148880549545,2.1944339650372844
Not Placed,0,ENTC,6.58,1,-3.334769767215281,-0.9680588707537886
Placed,1,ECE,9.31,2,4.963023572734003,0.19106906845841254
Not Placed,0,IT,6.13,1,-3.1150174460120974,-0.98340902125082
Not Placed,0,Civil,6.46,0,-0.8502905393272444,0.548952047928729
Not Placed,0,CSE,7.96,3,0.6742898301598107,-1.6675730738085222
Placed,1,CSE,8.56,0,0.06578124518054364,1.6016774868897354
Not Placed,0,IT,7.64,2,1.5656564334778764,-0.2662380872478615
Placed,1,CSE,8.08,0,-0.9073943355900733,1.7158177993406976
Placed,1,CSE,8.64,0,0.22744494950877078,2.760517687798469
Placed,1,CSE,8.74,0,-0.07709562239116342,0.25361230315828254
Not Placed,0,ENTC,7.17,1,-2.896513624598368,1.308563651821162
Not Placed,0,ECE,6.97,0,-1.7579747373835266,1.7320797109885244
Placed,1,IT,8.6,2,1.9035532965325237,-0.5393515378721294
Not Placed,0,ECE,8.09,1,-1.294015786742251,0.6612439047358297
Not Placed,0,ECE,8.2,3,-0.6803231056100697,-2.299298109272963
Not Placed,0,CSE,7.14,1,-2.2549435073934374,-0.4060513040404765
Placed,1,Civil,8.24,2,2.0077466825056294,0.12059314117952571
Not Placed,0,CSE,6.77,1,-1.2987642826006256,-1.032716135505539
Not Placed,0,IT,7.91,1,-1.4595275403823718,0.5035208915054581
Not Placed,0,IT,7.8,3,0.257705995078622,-2.23584977775408
Not Placed,0,CSE,7.8,1,-1.3531973390396594,0.24416439657284136
Placed,1,CSE,8.36,2,1.5053089945982416,-0.09591807130457984
Placed,1,IT,6.83,3,0.4731427874366711,-0.7228526110909475
Not Placed,0,CSE,8.28,1,-0.9527417470696652,-0.28043336725324386
Placed,1,Mechanical,7.72,0,0.4446124168567693,0.5718625325604185
Placed,1,ENTC,7.03,0,-1.0854732659610757,0.7404220749590342
Not Placed,0,ECE,6.58,1,-1.3058822934850383,-0.35024747696112807
Placed,1,ECE,9.31,0,1.1997747133527716,1.7470284757281112
Not Placed,0,ENTC,7.64,1,-2.5692788653555425,0.68700657568808
Placed,1,CSE,7.4,3,0.1687893387135134,-1.2989867520457719
Not Placed,0,CSE,6.73,1,-2.274532462792863,0.0725979846516706
Placed,1,CSE,8.63,0,-0.15144937612920026,2.0575444807220657
Not Placed,0,IT,8.56,1,-1.121161811860731,-0.13534983919930182
Placed,1,CSE,8.4,1,-1.9470109400156108,0.3581552618632117
Placed,1,CSE,7.65,3,1.852725904261254,-2.0669388358991228
Placed,1,IT,8.34,2,1.5939622606952242,0.5999619130577235
Not Placed,0,CSE,7.0,1,-1.1327648041303702,-0.5811334558415603
Placed,1,ENTC,7.88,2,1.9758366544431538,-1.0846967499100353
Placed,1,CSE,7.65,2,5.117997724255096,-2.2627782419271294
Not Placed,0,CSE,7.93,1,-1.8453200335563211,0.024657135136021795
Not Placed,0,IT,6.16,1,-2.9656774179636356,0.06381976333008145
Placed,1,IT,9.29,0,0.1521370723665251,2.70530802965622
Placed,1,ENTC,9.08,0,1.314781829191063,1.0297458322597477
Not Placed,0,IT,6.72,1,-3.5643211170224944,-0.0030544688028116217
Placed,1,CSE,8.19,2,2.6313477454765044,0.00012365202726141145
Not Placed,0,Civil,6.44,3,-1.4501304490221916,-2.5326416744151747
Not Placed,0,CSE,7.77,3,0.15289422109591994,-1.0586057495240366
Not Placed,0,ECE,5.83,1,-2.892636967437364,0.9855948235265356
Not Placed,0,ECE,7.45,3,-0.3331199028793426,-1.4793780030769237
Not Placed,0,IT,7.29,0,-0.7097436510162615,0.561317421222659
Placed,1,CSE,8.68,2,4.408468293490731,0.6135859196947406
Not Placed,0,CSE,9.12,0,0.8278395208597343,2.1556653220841664
Placed,1,CSE,9.14,2,2.4752075015078026,-0.3572847883750937
Placed,1,CSE,8.68,0,-0.9435336574976075,1.4881606030292407
Placed,1,ECE,7.77,2,2.447345244657776,-0.45554796335990655
Placed,1,IT,8.03,0,-1.6048094426239665,1.8707221450748739
Not Placed,0,IT,8.03,3,0.43272424613322313,-1.0463700016433664
Placed,1,CSE,6.7,3,1.5779991771415711,-1.8000518212400916
Not Placed,0,CSE,8.67,0,-1.3876198410809657,1.1612267444858775
Placed,1,ECE,8.29,2,2.2643637337156366,0.4977757499772909
Placed,1,IT,8.33,2,2.7639812999310394,-2.0434028091742733
Not Placed,0,ECE,5.76,1,-3.3709511195588466,-3.183703203404937
Not Placed,0,ENTC,8.08,3,0.5530136950934081,-1.6129947408626868
Not Placed,0,CSE,8.55,3,0.9440080531613735,-0.3717313787973277
Placed,1,ENTC,7.69,3,0.605659134877606,0.012784379346399824
Not Placed,0,CSE,7.27,1,-2.170503745363719,-0.38217809103385514
Not Placed,0,IT,6.54,1,-1.7315984320013291,-0.23293260838865215
Not Placed,0,CSE,6.48,1,-2.173859354298712,-0.1750545826908237
Placed,1,CSE,7.83,2,2.7631314598648955,-0.859775356587873
Not Placed,0,Mechanical,7.5,3,-1.1029338749052684,-1.0343946001597446
Placed,1,CSE,7.49,0,0.8477430872523963,0.7622827059086477
Placed,1,CSE,9.0,0,1.7252830295770971,1.6545984146759358
Not Placed,0,Mechanical,6.63,1,-1.4833060635035837,-0.5583466588523974
Not Placed,0,CSE,7.41,0,-0.7902427672581133,1.7578124931041872
Placed,1,ECE,9.14,2,1.9319784205363846,1.0559670585029601
Placed,1,CSE,7.43,0,-0.017534970269768725,2.055690617917847
Placed,1,Civil,7.76,2,2.594756012009025,0.84758822400021
Not Placed,0,IT,7.55,1,-1.5132061622793114,-0.15664515860184358
Placed,1,ECE,8.3,0,0.7261607417813697,2.8768689763913
Not Placed,0,CSE,5.95,3,0.21267693984454158,-1.5616875386971483
Placed,1,Civil,7.53,2,4.958811016814305,-1.1028982162720236
Placed,1,Civil,7.75,3,0.5345886510800535,-0.6935810558821963
Not Placed,0,ENTC,6.85,1,-2.2816056838817396,0.6381610418865818
Not Placed,0,IT,7.99,1,-2.2998182336166915,1.69577652808299
Placed,1,CSE,8.37,2,2.122279367253981,0.14203536718579018
Not Placed,0,Mechanical,8.08,2,3.814390878748,-2.603799267899436
Placed,1,ECE,9.21,2,2.0247584098501608,1.6635987537115775
Not Placed,0,Mechanical,7.33,3,-0.6344280500994571,-0.2029975552317121
Not Placed,0,ENTC,8.12,3,1.3753796476334565,-0.46960242774008637
Placed,1,CSE,8.1,2,2.576068949315528,-1.826282746570347
Not Placed,0,IT,7.5,3,-0.3239219981705838,-0.7904393266130633
Placed,1,CSE,8.66,0,0.8334689163486027,0.9264578633460384
Not Placed,0,ECE,7.95,3,0.667084593515357,-0.42936327378983025
Not Placed,0,CSE,6.68,3,-1.4294899791949258,-1.9102930162840328
Placed,1,IT,8.34,2,4.502558067733608,1.5205504978298863
Not Placed,0,ENTC,7.28,0,-0.9167844351149501,0.259941717630843
Not Placed,0,IT,7.43,3,0.5984608160423025,-0.6192654734998028
Not Placed,0,CSE,7.49,2,1.2104357493265607,-0.39501253288550214
Not Placed,0,CSE,8.32,0,-0.01136655283044181,1.1122537795539384
Placed,1,CSE,8.62,2,3.4240231223968887,0.9807383960439983
Placed,1,IT,7.56,2,2.788196002572762,-1.992209361891004
Not Placed,0,ENTC,7.52,0,-1.423653524543077,2.1357180290943787
Not Placed,0,ENTC,5.96,1,-1.3576843748809169,-0.5149821048319957
Placed,1,ECE,7.1,3,0.20124119933445062,-0.16793540535980955
Placed,1,Civil,6.9,3,-0.17499541377296227,-1.4037377680718564
Not Placed,0,CSE,7.96,1,-1.7727826848766344,-1.1109104535638392
Not Placed,0,IT,7.61,1,-2.6621149037374643,-0.39127233038469683
Not Placed,0,IT,6.93,0,-0.88151562603125,0.4466122171708408
Not Placed,0,ECE,7.83,3,0.6263537987571207,-0.9033628834945198
Not Placed,0,IT,7.64,0,-0.22456656838563002,0.3323619939909179
Not Placed,0,Civil,5.54,1,-1.6413491985749837,-1.7026331212928416
Placed,1,ECE,8.64,2,2.9177307917854147,-0.0487609443871244
Placed,1,ENTC,8.56,0,0.849671630065894,0.8818752287533579
Not Placed,0,CSE,7.5,3,-0.146404518123176,-0.926345477878086
Not Placed,0,ENTC,8.0,3,-0.296167878929636,-0.8963583045224205
Placed,1,CSE,7.42,2,2.88292396527257,-2.141941589022572
Not Placed,0,CSE,6.34,1,-1.95693964394833,-0.04493585196128992
Placed,1,ENTC,9.54,2,3.3686178677742826,0.9308788263305485
Placed,1,CSE,8.34,2,5.156580532861731,-0.5447417469480128
Placed,1,Mechanical,8.5,0,-1.8328240312855826,1.9010824851600374
Placed,1,ECE,7.46,2,1.7756369088323254,-0.9119867118415206
Not Placed,0,ENTC,8.66,3,-0.24156682522552975,-0.5233337171036471
Not Placed,0,CSE,6.54,1,-3.206170062092805,-0.38024231260489083
Not Placed,0,IT,7.49,0,0.5076988875525649,0.23100399912358052
Placed,1,IT,8.33,2,1.4037554434655024,0.28066631437607736
Not Placed,0,ECE,7.17,3,-0.6711998069556109,-1.7336541240072185
Not Placed,0,IT,8.47,0,1.5666829228528716,1.619391322322946
Placed,1,Civil,7.96,3,-0.02529147882766477,-1.755717483988497
Placed,1,Civil,7.88,2,2.000876090899843,-1.8390636123440272
Placed,1,IT,7.09,3,0.11250036369381083,-0.6581131728331067
Placed,1,ECE,8.04,0,1.2558981273099217,2.0634487448034537
Placed,1,CSE,9.34,2,3.2602464424717845,0.6908115368964131
Placed,1,CSE,7.85,2,2.7596397761613023,-0.005130414503818401
Not Placed,0,CSE,8.17,3,0.018102388636152385,-0.5311453136054686
Not Placed,0,ENTC,8.3,0,-0.8003939551150915,0.5728724274521343
Not Placed,0,Mechanical,6.73,3,-1.4296001749012073,-1.3478414823555183
Placed,1,IT,7.59,0,-0.9946113219752083,0.38243910582467494
Not Placed,0,CSE,7.56,3,-0.3878072185455585,-1.5153114117002642
Not Placed,0,CSE,5.89,1,-4.175707439937081,-1.4589285750747707
Placed,1,CSE,8.37,0,0.20528565079111716,3.500355206895016
Placed,1,IT,6.91,3,0.789766768268175,-0.5916785236950336
Not Placed,0,ENTC,8.28,3,0.13560382515002478,-0.5013959611981136
Not Placed,0,Civil,7.06,1,-0.9590679831611056,-0.48203307592906336
Placed,1,CSE,9.44,0,1.5383631670070566,2.38350937248884
Not Placed,0,Mechanical,7.46,0,0.2717115377466115,0.6600703691560573
Placed,1,ECE,9.33,0,1.680503973915429,2.1130537044582645
Not Placed,0,ECE,7.55,1,-3.1644016379029516,-0.3952213008121216
Not Placed,0,ENTC,7.65,1,-0.8599729532391668,-0.0032765907387341834
Placed,1,CSE,9.03,0,1.45862047572693,1.1743358135482544
Not Placed,0,CSE,6.92,3,-0.5744229364250084,-1.4370249207487655
Not Placed,0,CSE,7.74,1,-3.473661160563488,0.3209306637770867
Placed,1,ECE,8.16,0,0.4206290153417771,0.9147682171048385
Not Placed,0,IT,8.04,3,-0.13973381062901757,0.0057904579430275525
Not Placed,0,CSE,7.74,0,-0.3485394715490739,1.0039565361067295
Not Placed,0,CSE,7.62,0,-1.0303129838644,0.32957392875399616
Not Placed,0,CSE,8.42,0,0.5241990027582584,0.3216917634167034
Not Placed,0,CSE,7.85,3,0.24769673349282256,-1.0878800158658197
Placed,1,IT,8.52,2,1.847582576077918,1.0789913122838601
Placed,1,Mechanical,8.03,2,2.782743011772576,-1.573795638752816
Not Placed,0,ECE,8.25,0,0.7075825667526083,0.22358554310905657
Placed,1,CSE,8.66,0,0.4072250345024264,1.7471798934097051
Placed,1,ENTC,7.44,2,2.5056588101219988,0.2762502159581987
Placed,1,ENTC,8.64,0,0.4434909577405096,0.30471528728974506
Not Placed,0,IT,7.57,3,-0.3989336752533232,-0.2552060503855472
Not Placed,0,CSE,6.51,1,-3.4680605343634228,-0.17053623035086887
Not Placed,0,CSE,7.42,3,0.3779091831220621,-1.665535401003125
Not Placed,0,CSE,7.09,1,-1.1079526514100433,0.45763513661454386
Placed,1,ECE,8.02,3,1.0676252107376663,0.019028589212491284
Not Placed,0,IT,7.46,3,0.5006554411630598,-2.1937524654701894
Not Placed,0,CSE,7.81,0,-0.7507505857286886,0.42884525422364195
Not Placed,0,CSE,8.56,0,0.22901437392886945,1.840312622472812
Placed,1,CSE,8.96,2,1.8206513126490989,0.952995892340838
Placed,1,IT,7.95,2,3.2314225526097866,-0.17142296440095803
Placed,1,ENTC,8.62,2,2.110004281585569,0.9728822790635502
Not Placed,0,CSE,7.55,2,1.8690270045994073,-0.7708541842293013
Not Placed,0,IT,6.37,3,-1.2124285915712596,-1.3583757855100205
Not Placed,0,ENTC,6.7,3,-0.23946138791087623,-2.4641635770472474
Not Placed,0,IT,7.53,3,1.0411955754782305,0.05258694256413027
Placed,1,ECE,8.38,2,4.341703097550498,-0.882516885765764
Placed,1,CSE,7.54,3,-0.2712584854208039,-0.4714465151097236
Not Placed,0,IT,8.71,0,0.6957078060059894,0.7687309536614003
Placed,1,CSE,9.26,2,4.647657443001637,1.6610834953674136
Not Placed,0,IT,6.94,1,-2.521480426190755,-0.2632059668841805
Placed,1,ENTC,9.51,2,3.8882488932701844,-0.3817055677499969
Not Placed,0,ECE,6.31,3,0.012582509498479605,-1.1033305445049704
Placed,1,IT,9.27,2,2.3623061719037457,1.3918734543736277
Placed,1,IT,7.67,0,-1.355897563038162,1.6061065667990972
Placed,1,Mechanical,7.5,3,-0.04457195505118928,-1.802738849873169
Not Placed,0,IT,7.69,3,0.9224819466090476,-0.3134137027727056
Placed,1,CSE,7.02,3,0.21100187162499404,-1.5471707904187684
Not Placed,0,ECE,8.98,0,1.4498096245128582,0.951320785671651
Not Placed,0,IT,7.11,3,-0.6755895846311784,-1.9855811197295352
Not Placed,0,Civil,7.22,2,3.2102364249379787,-3.4614428988790524
Not Placed,0,IT,6.53,1,-2.6663012565456783,-0.3172332399430617
Not Placed,0,ENTC,7.08,1,-3.4335413449391723,-0.1532149260487276
Not Placed,0,CSE,7.1,0,-0.6728885425530713,1.8977178499066547
Not Placed,0,IT,7.05,2,2.514332056383808,-1.4356439278847442
Placed,1,CSE,7.55,3,0.9948939030959112,-0.6965457970325238
Not Placed,0,Civil,6.75,1,-1.9463946662692595,-1.2549951868837603
Placed,1,CSE,9.06,2,4.840028560081703,-0.0983305910153675
Not Placed,0,IT,7.57,1,-1.6323389858247475,-0.42025489529628296
Not Placed,0,Civil,8.02,0,-0.15741753028109962,0.6735224316434777
Not Placed,0,IT,8.43,3,-0.24035628219997532,0.044940160156199914
Placed,1,IT,9.42,0,1.0411509735555662,1.280356275093793
Placed,1,IT,8.47,2,2.6765584884581024,2.209764483648672
Placed,1,ENTC,7.49,0,0.6881734280726897,0.2994878002662073
Placed,1,IT,6.79,2,1.423251391090418,-0.2750335661124983
Not Placed,0,IT,7.99,0,-0.7722399672206167,0.3566125012830668
Not Placed,0,Civil,8.6,2,1.464492941383336,-0.012193465043466523
Placed,1,ECE,7.82,0,1.464434457564252,1.1914055189048314
Placed,1,CSE,7.76,2,2.2934259656520246,-2.307550519511981
Not Placed,0,ECE,7.88,0,0.4642212246760731,1.1563023837937032
Not Placed,0,CSE,6.11,0,-1.3091001766132624,1.1097931477186112
Placed,1,CSE,7.82,3,1.4884358993819122,-1.6389934618121493
Placed,1,CSE,8.32,3,0.37254273308916674,-0.4511080524004841
Not Placed,0,ECE,7.66,0,-0.1455658601901275,0.3720196494904254
Placed,1,ENTC,8.65,2,1.3388145206062192,0.5104016599064702
Placed,1,CSE,8.68,0,-0.7094525781113997,1.560446488965438
Not Placed,0,IT,7.27,3,-1.456614364582482,-1.289978748164056
Placed,1,CSE,8.08,2,3.4090952298300072,-2.9993301211802614
Not Placed,0,ENTC,7.74,3,0.25210791239236763,-0.16402077241176097
Not Placed,0,ENTC,5.98,1,-1.9833723082716606,-0.9315130896629544
Not Placed,0,ENTC,7.54,3,-0.297862953422652,-1.646830878427213
Not Placed,0,Civil,6.82,1,-1.7559976770567725,-1.0998714873580204
Not Placed,0,ENTC,7.81,3,0.4830875293873049,-0.21509952911236024
Not Placed,0,Civil,8.28,1,-0.9178193095447914,0.061578318501768384
Not Placed,0,ECE,7.52,3,-0.13777991630229244,-0.15256193600312487
Not Placed,0,CSE,6.93,1,-2.216478287491066,-1.1305150048105042
Placed,1,ECE,7.9,2,2.5290230409323025,-0.5909725055767419
Placed,1,IT,9.78,2,2.195846322211164,0.37285922774800623
Not Placed,0,IT,5.85,1,-4.599607830798551,-0.7298686854473738
Placed,1,CSE,7.9,0,1.0832426859610098,0.4919253152821861
Not Placed,0,CSE,7.24,3,-1.3123646642956643,-1.2612485303189258
Placed,1,ECE,7.34,2,1.6968476166571889,-0.7761462921550438
Not Placed,0,CSE,7.61,3,0.07866818467628808,-1.3967211749318231
Placed,1,IT,7.41,0,-0.5236835818374399,2.197139647589409
Not Placed,0,Mechanical,8.21,0,-1.8914856596559453,1.7506297795432713
Not Placed,0,ECE,7.49,3,-0.8179360909351666,-0.1960723375436044
Not Placed,0,IT,5.86,3,-0.33831003173006197,-1.5446581284388952
Not Placed,0,CSE,8.79,3,0.6955245933894393,-0.3215802784127636
Not Placed,0,IT,8.66,3,-0.7018904210196513,-0.425928404464548
Not Placed,0,Mechanical,7.18,0,-0.5092187230875086,0.45890380354952526
Placed,1,CSE,7.74,3,-0.3380037795153652,-0.05990568022614569
Placed,1,Civil,8.73,2,2.5354858913958873,0.3056048565214439
Placed,1,CSE,8.58,2,2.561491563857579,2.087204071828742
Not Placed,0,ENTC,8.85,3,-0.14729900856207082,0.024980182422155925
Placed,1,IT,8.02,3,0.48495901086829035,0.06438878547828812
Placed,1,CSE,8.35,2,1.9195739504891924,-0.8034347177365362
Placed,1,CSE,8.9,2,3.295009780846047,1.829926613624364
Placed,1,CSE,7.41,2,1.9266782869011134,-0.003511697104976872
Placed,1,Civil,8.07,2,3.034017571971014,-0.6987735465897487
Not Placed,0,ECE,5.88,1,-2.8768500633500773,0.4105116722795445
Not Placed,0,CSE,6.36,1,-1.667053605518909,-0.7852497245121681
Placed,1,ENTC,8.12,0,1.2599360604282144,0.9389403823984832
Not Placed,0,IT,8.25,1,-1.6626504298392968,-0.22868925453498873
Placed,1,Mechanical,7.37,0,-1.6214624436617926,1.4935435068517366
Not Placed,0,CSE,7.18,1,-0.9843197881661843,-0.05021491584438508
Not Placed,0,IT,7.4,3,-0.9250046120975515,-0.48325967268620573
Not Placed,0,CSE,7.86,1,-1.2631197437799884,-0.7064733160648764
Not Placed,0,IT,5.73,1,-3.2167109056232714,0.8942716812970763
Not Placed,0,Civil,8.1,0,-1.1985819879521693,1.0711200708543989
Not Placed,0,CSE,7.73,0,-1.1263427834292072,1.218339565971851
Placed,1,IT,7.91,3,-0.13184607116290178,-1.6358142435094651
Not Placed,0,ENTC,7.59,3,0.2789092078180976,-0.6770521845253198
Not Placed,0,IT,6.52,1,-1.790283954702648,-1.009548952814162
Not Placed,0,IT,6.77,1,-2.4069046341724336,-1.5023173673112087
Placed,1,ECE,8.99,2,1.874354967251721,-0.7148727467005679
Placed,1,IT,7.15,3,-0.2215628718124952,-0.5379894368018068
Placed,1,ENTC,8.39,0,0.5717126807182125,2.2333094016424546
Placed,1,CSE,6.78,2,2.891630132994147,-2.2906682682319577
Not Placed,0,CSE,7.69,1,-2.7000919384328497,0.3703778064025753
Not Placed,0,CSE,7.33,3,0.0915862744871229,-0.8622078149444488
Placed,1,CSE,7.46,3,0.42283124444048,-2.5074293714164053
Placed,1,CSE,7.41,2,2.009127209785849,0.12180923477889505
Placed,1,CSE,8.93,2,2.301137669138203,1.6971458859009367
Placed,1,ENTC,9.34,0,0.4660219807256219,3.4688602737529637
Placed,1,CSE,7.9,2,3.1088964458857253,-0.9575725381948481
Not Placed,0,ENTC,7.35,1,-2.4347819082444713,0.6453944927830224
Not Placed,0,IT,6.57,1,-2.896779593739609,-0.0992655482955697
Not Placed,0,Mechanical,6.51,1,-1.7928979282740936,-0.24829203744432252
Not Placed,0,IT,8.93,0,-1.313073022885467,1.2538516271650482
Not Placed,0,ENTC,6.45,1,-2.6512748377921183,-0.34484914605537387
Not Placed,0,CSE,7.33,1,-3.0103086485171158,-1.2682349800169748
Not Placed,0,IT,7.83,1,-2.2970777686991926,1.9605741258814735
Not Placed,0,CSE,5.49,1,-3.5431408359210024,-1.7743433693124024
Placed,1,Mechanical,6.64,0,-0.5211905603188337,0.6647007011720754
Not Placed,0,ENTC,6.56,1,-0.9732824178364463,0.27019184624561204
Not Placed,0,ECE,7.13,3,-0.38992619644771903,-1.341889325038669
Not Placed,0,CSE,7.92,3,-0.3263268154386539,-0.30142612140433866
Not Placed,0,ECE,8.57,0,-0.15762404002908317,0.34925687401335476
Placed,1,CSE,7.14,0,0.4981690708716567,0.2516238211753147
Not Placed,0,ECE,7.31,3,-0.8870116547491337,-0.6991726473667857
Placed,1,CSE,7.6,0,-0.6524372697007293,1.6144192448597243
Not Placed,0,ENTC,7.02,3,-0.825056847853547,-0.9240417564374525
Placed,1,ECE,8.06,2,3.153888872196903,-1.1892839294750865
Not Placed,0,CSE,8.08,3,-0.9736553075751831,-1.537264969895505
Not Placed,0,ECE,5.39,1,-2.2028328625458173,-1.7229570093553928
Not Placed,0,CSE,8.24,1,-1.4998312427705227,-0.5340900804106214
Placed,1,IT,7.81,0,0.3534681135021205,0.9854633955366094
Placed,1,CSE,7.92,3,0.8529978479187706,0.2381650156637791
Placed,1,CSE,8.7,0,-0.023914713732645778,1.8170936480354212
Not Placed,0,CSE,6.18,1,-1.7177883149715376,0.5263196166894405
Not Placed,0,ECE,6.63,1,-2.9476506362083033,-0.9428181752625815
Not Placed,0,ENTC,7.64,1,-1.5573369105901214,0.885510809333207
Not Placed,0,CSE,5.73,1,-2.3254117761450064,-2.497893477537603
Placed,1,Civil,7.52,3,1.4249461536358694,-1.485202230705343
Placed,1,Mechanical,8.42,2,2.4949704530702776,0.2016260978167007
Placed,1,IT,8.04,3,0.8066756250158547,0.207035434249862
Not Placed,0,CSE,7.77,3,1.7235956407953903,-2.8465329401608153
Not Placed,0,Mechanical,7.5,1,-1.9503648884456595,0.31621791013784695
Placed,1,CSE,7.34,3,1.0129622617267737,-1.5527096457714162
Not Placed,0,CSE,7.29,1,-1.93623674576672,1.123671376006484
Not Placed,0,Civil,7.89,0,0.1930052160424596,0.2636059484597437
Not Placed,0,ENTC,6.38,3,0.6938040979776127,-2.136364533137588
Placed,1,ENTC,8.94,2,3.505557103949192,1.280893724343793
Not Placed,0,Mechanical,7.07,1,-1.7796044681102565,-0.3802475755392956
Placed,1,IT,8.17,3,0.6355573200229684,-1.3727553842473215
Not Placed,0,ECE,7.77,3,-0.8086386833670172,-0.6041378219612666
Not Placed,0,ENTC,6.72,1,-1.4253391423600075,-0.015045709352840178
Placed,1,CSE,8.8,3,0.9791527647299401,-0.08571185811249214
Placed,1,IT,8.62,2,2.712257750245499,1.405985127357115
Not Placed,0,IT,6.36,1,-3.6218520197643476,-1.996448174650789
Not Placed,0,ENTC,7.64,0,-0.6462227280494564,0.5688357937647852
Not Placed,0,ECE,7.88,1,-2.355922995957024,1.3374624764612384
Not Placed,0,Mechanical,5.94,1,-3.2084364175785196,-1.2037857073606575
Not Placed,0,CSE,5.9,1,-1.7395159968606895,-1.501480001449038
Placed,1,ECE,6.99,2,3.54354577602561,-1.8557199600246348
Not Placed,0,IT,6.58,3,-0.7910265259325547,-1.0107882296846276
Not Placed,0,Civil,6.81,3,1.1087943875848558,-3.702148207398928
Not Placed,0,CSE,6.58,1,-1.532338499180628,-1.1731870553911667
Not Placed,0,ENTC,7.6,3,-0.09859780945299852,-1.4784960421138151
Not Placed,0,CSE,6.94,0,-0.6450502234983013,0.3288477135868294
Placed,1,IT,8.65,2,1.2709079077344556,0.6307407320217439
Placed,1,IT,7.85,0,0.9601832722827608,0.915988159430987
Placed,1,ENTC,8.38,3,-0.23423817310218287,0.05696830887393531
Placed,1,IT,6.26,3,0.855419188775147,-2.1898249551413165
Not Placed,0,ENTC,7.17,3,-0.0026583375635033514,-2.0950718362794056
Not Placed,0,CSE,7.82,0,-0.6400985146404523,0.99735576829724
Not Placed,0,CSE,8.09,2,2.1355796427836604,-0.06085464260727683
Not Placed,0,CSE,7.15,3,-0.2592049558622563,-0.2620252092191149
Not Placed,0,IT,7.27,1,-2.7555380063112853,-1.380620205229739
Placed,1,CSE,7.37,2,1.9415968695305197,-0.7168782631124212
Not Placed,0,CSE,7.45,3,0.08603526385780927,-0.21239206249966666
Placed,1,CSE,9.54,2,2.7429187485635627,2.0443077346276617
Placed,1,ECE,7.97,2,2.803353086940303,-0.09379153314090646
Placed,1,CSE,7.73,3,1.8747574948344818,-1.7509166951739816
Not Placed,0,CSE,6.63,1,-2.1496072876822137,-0.34192984346886973
Placed,1,ECE,6.65,3,-0.6513356016733675,-0.872376784350106
Placed,1,IT,7.52,2,3.1523079791088766,-0.2706747243610659
Placed,1,CSE,8.66,0,0.6605508305846794,1.509609035902264
Not Placed,0,IT,7.53,1,-1.0858530185822697,0.01918074386274403
Not Placed,0,IT,7.57,3,0.9009058541044825,-1.4730683803013582
Not Placed,0,IT,7.07,0,0.022779514884064548,0.28837744825302
Not Placed,0,ECE,6.22,2,2.296164596138487,-2.497309608441826
Placed,1,IT,8.07,3,1.6258197233352352,-1.535862938259703
Placed,1,Mechanical,7.48,2,4.1101073840130145,-2.294855495381733
Placed,1,ENTC,8.08,2,2.7691248897886807,-0.5539979971742582
Not Placed,0,IT,7.83,2,1.579031011975053,-0.7648553343025609
Not Placed,0,CSE,6.88,1,-3.415081396365136,0.4206828577026782
Not Placed,0,IT,7.89,3,0.006418482513559069,-1.2033200363570684
Not Placed,0,IT,6.6,1,-2.384185091136334,1.3468029043604088
Not Placed,0,Civil,7.88,1,-1.9881382448785043,1.0745260314548564
Not Placed,0,CSE,7.65,3,1.0485256761527857,-1.1290258408575835
Not Placed,0,IT,9.01,0,-0.5720561405304503,1.2741154806972386
Not Placed,0,Mechanical,6.96,1,-1.482244797808554,0.23598604616601207
Not Placed,0,Mechanical,6.57,1,-2.3488175764534676,-0.4226200226700505
Not Placed,0,CSE,7.35,3,-0.4208064017387012,-0.762556567567246
Placed,1,ECE,8.22,0,0.8463146196416452,1.3222664253984717
Not Placed,0,ENTC,5.32,3,-1.597007134789005,-2.288868089638791
Placed,1,ENTC,8.44,2,2.5738686993537248,2.696366330332489
Not Placed,0,CSE,7.52,1,-3.13173305631178,0.4653553771843917
Not Placed,0,ENTC,6.73,3,1.1289093100451313,-2.5441710593620566
Not Placed,0,CSE,7.39,0,-1.097409677087114,2.345106608331591
Placed,1,CSE,7.07,0,-0.9239884669059117,0.8781706886043417
Placed,1,IT,6.66,3,1.1468059606957777,-1.8306596945853624
Not Placed,0,CSE,6.05,1,-1.2205830848779944,-0.444655424386895
Placed,1,IT,8.32,2,2.4390244141528004,-1.8388746706494514
Not Placed,0,IT,7.22,3,0.04487644390971422,-1.955517407887363
Not Placed,0,CSE,7.37,3,-0.7572105422725233,-2.2289793947939223
Not Placed,0,Civil,8.42,0,-1.0588079313680197,0.5127603435718597
Not Placed,0,IT,7.75,3,-0.3855009269794627,-0.15762807460512865
Placed,1,CSE,6.37,3,1.399889344024276,-1.464466701265306
Placed,1,ENTC,8.27,0,0.2902509857263353,1.295311111236996
Placed,1,CSE,8.96,0,1.0147861135274172,0.5924384965715188
Not Placed,0,ENTC,8.13,2,1.6427401303519429,1.2392731301144224
Not Placed,0,CSE,6.96,0,-1.4812703533553262,1.161041835998368
Not Placed,0,ECE,6.45,1,-2.1270777591051235,1.463483919745097
Not Placed,0,IT,6.93,1,-1.214079405381133,-0.6882253249090533
Not Placed,0,CSE,7.79,0,-0.6351986554530121,0.23863742991288203
Not Placed,0,ECE,8.91,1,-1.5356814842185775,0.7862931949500112
Not Placed,0,IT,7.05,1,-1.2485273518904254,-1.2045242135077925
Not Placed,0,IT,7.15,2,2.2997039103776977,-1.159349872228863
Placed,1,CSE,8.57,0,-1.6587240843699953,2.2591497233298217
Not Placed,0,ECE,7.33,3,-0.4207114601503364,-0.7327200436553015
Placed,1,CSE,9.16,0,0.07167455139626902,5.285864524114258
Placed,1,ECE,7.57,2,2.4751010916622103,-1.0295513185661374
Not Placed,0,ECE,8.69,0,1.134594567907118,2.495158520314065
Not Placed,0,IT,8.03,3,0.24146269398334702,-0.9919595922795124
Placed,1,Mechanical,8.3,0,0.3718839698201541,2.5179605635595737
Placed,1,ENTC,7.55,2,3.6039421280713952,-1.4882157435672605
Not Placed,0,CSE,7.61,2,2.5802521414527626,-1.7691094394967986
Not Placed,0,CSE,8.06,3,-0.99353017193629,-0.5887784190438277
Placed,1,CSE,8.38,0,-0.8205334153324841,1.9958927213738908
Placed,1,Mechanical,8.15,2,2.1048854608568086,0.5053254394057198
Not Placed,0,CSE,6.2,1,-0.9985632647334446,-0.8127671397452029
Not Placed,0,CSE,7.92,0,-0.31295909635550295,1.3743917019765164
Placed,1,Mechanical,7.14,1,-2.0413668136896344,1.4445744780549161
Placed,1,ECE,7.24,3,2.075790330614244,-1.822476508613522
Not Placed,0,IT,8.09,3,-0.36390845676920924,-0.3391384830085238
Placed,1,ECE,9.14,0,1.664284799790683,2.888694791763563
Placed,1,ENTC,7.5,3,0.9028028881753043,-0.8421867251991365
Not Placed,0,CSE,9.38,0,0.4334718244332661,2.79910498657266
Not Placed,0,CSE,6.77,1,-2.2757777346711534,-0.6199952367030762
Placed,1,ECE,8.75,0,-0.3928460142393338,1.356771576347843
Not Placed,0,CSE,8.07,1,-2.7933967809654296,1.0623600942851588
Not Placed,0,Civil,7.88,1,-2.494062758518616,0.4981178604487918
Not Placed,0,CSE,8.88,2,2.242655303048348,0.7753491719919263
Not Placed,0,ECE,7.16,1,-2.18316342157789,-0.02096124304033981
Not Placed,0,ENTC,8.79,0,0.6052146912641424,0.4836567282604262
Not Placed,0,IT,7.52,1,-2.4439658913550244,-0.5132824310165223
Not Placed,0,IT,7.15,0,0.8887548818274572,0.433118983934261
Not Placed,0,Civil,6.57,3,-0.23901669899322756,-1.705613101584615
Placed,1,ENTC,9.05,0,1.616337193500768,1.2900125657519126
Placed,1,CSE,8.67,2,1.3600675626929397,0.343582485645457
Not Placed,0,IT,7.29,3,1.0432699785335509,-2.230634056879397
Not Placed,0,IT,8.16,0,0.0006491605713293832,0.5927152045094992
Not Placed,0,IT,7.81,1,-1.1759325924707142,-0.10742928616386622
Not Placed,0,CSE,7.4,0,0.0848522304639569,0.9814013252008701
Not Placed,0,CSE,8.52,0,0.2535759209953552,1.550165701590229
Placed,1,IT,7.17,2,2.3622640354592166,-1.7421251775916926
Not Placed,0,ECE,5.84,3,1.1289436490063685,-2.7691508099118454
Placed,1,Civil,7.92,2,3.8035862833444876,-0.1173988643562742
Not Placed,0,Civil,7.76,3,0.704529988161497,-0.49388609173845005
Placed,1,ENTC,7.2,0,-0.31059177424369994,1.1870539980504071
Not Placed,0,CSE,6.94,0,-1.7761574265701547,2.6375531831927077
Not Placed,0,CSE,6.37,1,-2.556081008615431,-2.5850242093408835
Not Placed,0,CSE,7.39,1,-1.9791482824654307,-0.8797888145910387
Not Placed,0,IT,6.96,1,-2.125515233491999,0.3353301862956292
Placed,1,Mechanical,8.52,2,2.796224747434712,0.7464308032282843
Placed,1,ECE,8.14,2,3.675546709181111,-0.3198458923642638
Not Placed,0,ECE,7.29,1,-1.9523749253583988,-0.1559763599992333
Not Placed,0,CSE,8.14,0,-0.12646382803154937,0.6178083440753637
Placed,1,IT,7.61,0,0.4064026475808907,1.7819111394630145
Placed,1,Mechanical,7.47,1,-3.0217070358666076,0.008427846549743908
Placed,1,IT,7.65,2,2.547650801540511,-1.1868024126625207
Placed,1,IT,9.21,2,1.4489947778217436,0.19664943663327206
Placed,1,ECE,8.25,0,-0.8983288103789356,1.9264188367354202
Not Placed,0,ECE,7.45,1,-3.27679408798004,0.27896725838157377
Placed,1,IT,8.46,2,3.8988107239733125,-1.512623447915059
Placed,1,IT,8.43,2,1.8655794806860093,1.0553186172845381
Placed,1,ENTC,7.92,2,3.3921096762473506,-3.5200700108046705
Not Placed,0,Mechanical,7.42,0,-1.162976395975148,1.134042399866873
Not Placed,0,CSE,7.36,3,0.8159060790748408,-2.1139637343634603
Not Placed,0,ENTC,6.79,1,-2.3922531473069046,-1.6296638697654946
Placed,1,CSE,7.85,3,0.797785555998402,-0.8318785528780605
Not Placed,0,ECE,7.18,1,-3.1381011964632726,1.040184018376764
Not Placed,0,CSE,7.33,0,-1.0287359080185918,2.157485271698695
Not Placed,0,ENTC,8.23,3,0.0075616706644293175,-0.09701334971621496
Placed,1,ENTC,9.13,0,1.6245897928646655,1.3948240001197745
Not Placed,0,CSE,8.02,3,-0.3507185312704743,-1.1225704178656732
Not Placed,0,IT,7.61,1,-0.8855659304870133,-0.14158275924936586
Placed,1,ENTC,7.68,3,-0.16184807549097802,-1.35565928822647
Placed,1,IT,8.67,0,0.5406532294633773,0.48793834601535907
Not Placed,0,ECE,8.03,0,-0.02342654975345102,0.7712507706279992
Not Placed,0,CSE,7.86,2,1.5716430060442081,-0.01321959812721467
Not Placed,0,IT,7.92,0,-0.5599395256269879,0.3859991540233866
Not Placed,0,ECE,6.49,3,-0.7610727087967049,-0.26147073015227007
Placed,1,CSE,8.03,0,0.19996088774251944,1.2377311987315165
Placed,1,Mechanical,6.96,2,2.0412835728464165,-1.4094212121103376
Placed,1,IT,8.04,3,0.8326578585831257,-0.0694669339066146
Not Placed,0,IT,7.08,3,-0.24676664922156674,-2.2312643797922873
Placed,1,IT,8.2,0,0.39673919446558836,0.9307852461563046
Placed,1,CSE,7.57,0,0.48700057754311193,0.8515651560690497
Not Placed,0,ECE,6.73,1,-1.4339648152786948,-0.6339869819313455
Not Placed,0,CSE,7.45,1,-1.2305155462775468,0.6720333608813467
Placed,1,IT,9.58,2,2.1400340543325327,1.0980376229598723
Not Placed,0,Civil,5.77,1,-2.574977387811333,-2.1123122816017355
Not Placed,0,IT,7.84,3,0.31962325490246635,-0.9191813325741773
Not Placed,0,CSE,6.84,1,-1.6390196551873004,0.43499249540217666
Placed,1,Mechanical,8.87,0,-0.7248813945817971,2.1947781877480983
Not Placed,0,ECE,8.39,1,-1.9911779406102232,0.307882367192242
Placed,1,CSE,7.86,2,5.40710689680282,-1.0111451043564685
Not Placed,0,Civil,8.48,0,-0.6972985159395991,1.4059492494075627
Placed,1,CSE,7.91,2,2.3543819415591885,-0.5037695766447409
Placed,1,IT,7.71,0,-0.28200839450293436,0.521596893514393
Not Placed,0,IT,7.19,1,-2.001041198641907,0.9968071492681077
Not Placed,0,Civil,7.39,3,-0.049811596076181894,-0.5268841317578216
Placed,1,CSE,7.31,3,0.7178993841152205,-0.14262990829318806
Not Placed,0,ENTC,7.71,3,-0.4785987541738495,-0.20346828113566393
Not Placed,0,IT,6.09,1,-2.652023806928179,-1.6762810035935742
Not Placed,0,IT,8.58,0,-0.8634291492364544,1.806995363794609
Not Placed,0,Mechanical,9.35,0,1.450282582725872,1.8261125676131476
Not Placed,0,Civil,7.33,3,0.14049227357577562,-1.4129138154910852
Not Placed,0,IT,8.7,0,-1.1955689780451164,1.6882292168685828
Placed,1,IT,7.59,0,-0.6244578481828782,1.2951177831370408
Placed,1,ECE,7.19,0,1.3657629704059917,1.4909410680680895
Not Placed,0,CSE,7.38,3,0.6295298924329145,-2.573424783631944
Not Placed,0,CSE,7.77,0,-1.1191875913228806,1.0326230918332044
Placed,1,IT,7.09,2,2.327210090696966,-1.9333691214543443
Placed,1,Civil,8.22,2,1.46033161875497,-0.14460614257890866
Not Placed,0,IT,7.26,1,-2.912381734750947,0.221988854039121
Not Placed,0,CSE,6.79,3,-0.6402962072424734,-0.43683997461424146
Not Placed,0,CSE,7.68,0,-1.0870122622551066,0.3264296217753056
Not Placed,0,IT,7.11,1,-2.9191064930547346,0.7853618355776808
Not Placed,0,CSE,7.42,0,-0.2605779547840704,0.5479206215845867
Not Placed,0,CSE,7.65,3,-0.36333293454070087,-1.3167862426362735
Not Placed,0,ECE,6.56,3,-0.43828433785210313,-0.662907651289637
Placed,1,CSE,8.94,0,0.7651997527871603,1.8731438194573506
Placed,1,IT,8.39,0,-0.24508890110260867,1.6748161730914568
Not Placed,0,Mechanical,7.16,3,0.34514702317612944,-1.120270131985541
Placed,1,CSE,7.68,2,2.444139403502073,-0.11934472128335456
Not Placed,0,CSE,8.24,1,-2.354364579846644,-1.1273769818757378
Not Placed,0,IT,7.88,1,-2.38334092948436,0.27870566356578674
Not Placed,0,ECE,9.3,3,-0.5658229234554747,-0.15887201912899826
Placed,1,ENTC,7.5,2,1.4366134847868413,-0.15588083322427088
Placed,1,ECE,8.71,0,-1.560836447932074,3.346074702805716
Not Placed,0,ENTC,6.57,1,-3.129826353318886,-0.09711626420581528
Not Placed,0,IT,6.7,3,0.5398751158222618,-2.431808816058006
Placed,1,Civil,9.13,0,2.1756434783539746,2.240880733829964
Not Placed,0,IT,7.33,0,-0.06788040722941831,1.0580617899706934
Not Placed,0,CSE,6.71,3,-0.2532146195305878,-0.7234136023158194
Not Placed,0,CSE,7.66,0,0.134916091310337,0.23993207687622042
Not Placed,0,IT,8.77,0,-0.06582743246957048,0.5111306491783317
Not Placed,0,CSE,7.05,3,0.25288883724234923,-2.005802223694942
Placed,1,IT,7.66,2,1.8621902004413813,-0.11738988099133173
Not Placed,0,ENTC,6.12,1,-2.99090931083507,0.9915616854213789
Not Placed,0,ENTC,7.3,0,-1.28046309638754,1.3707868644966736
Placed,1,ECE,8.55,0,0.8543672746395673,0.7098028824906798
Not Placed,0,CSE,7.03,1,-2.7486969590892136,-3.0918802979648836
Not Placed,0,CSE,6.62,0,-0.3581904646227881,1.0810281780706628
Not Placed,0,ENTC,7.04,1,-1.006811145978425,-0.020329188443183637
Not Placed,0,CSE,7.18,1,-2.414902426982831,-0.6368619551568916
Placed,1,CSE,8.35,2,1.8060924331724348,0.3483733617351315
Not Placed,0,IT,8.02,3,-0.47753176531631586,-0.7570530454409881
Placed,1,IT,8.19,2,2.0859960506389257,-0.9652934957539001
Not Placed,0,CSE,7.72,2,1.736987305620196,-0.6180066033081566
Not Placed,0,ECE,7.17,0,-0.6056328235345858,0.17457142624651129
Placed,1,ENTC,7.04,3,0.25336173855634,-0.3916066993925619
Not Placed,0,Civil,8.07,0,-1.5862413978431513,2.917245544044138
Not Placed,0,CSE,9.05,0,-1.2075796986203318,2.784976293148901
Not Placed,0,CSE,6.9,3,0.9523445386110406,-1.1068539562454356
Not Placed,0,ENTC,6.83,3,-1.1670121747623643,-1.208416418187864
Not Placed,0,CSE,6.73,3,1.4392444965568656,-2.018353608884891
Placed,1,CSE,8.41,2,2.0458532390831703,0.15792524571021874
Not Placed,0,ECE,7.66,1,-2.780487826775596,1.1821679278063852
Not Placed,0,CSE,8.17,3,0.8662984831102721,-0.990202277347039
Not Placed,0,CSE,7.27,3,-0.8664059927189527,-0.17103249911469853
Placed,1,CSE,8.23,0,0.23884447297654413,1.4452732728416415
Placed,1,CSE,7.46,0,-1.3972364951789222,2.93445592969089
Not Placed,0,CSE,6.39,3,0.381386310206959,-1.573325447816701
Not Placed,0,IT,8.48,3,0.26074628395293026,-0.09329067713941087
Not Placed,0,IT,7.67,0,-0.722415557672234,1.010312713489534
Not Placed,0,ENTC,7.44,1,-1.5818360797233741,0.46566227512241287
Placed,1,Mechanical,7.94,2,2.718146338328922,0.023532578134418006
Not Placed,0,Mechanical,6.47,1,-2.8268783791052647,-1.0915059389280422
Placed,1,ENTC,8.07,0,0.6495689711193771,1.7907499495487802
Not Placed,0,IT,7.19,1,-1.2876446054140291,0.7983086015774155
Not Placed,0,IT,7.57,0,-1.2917976285217179,1.024375602142153
Placed,1,CSE,8.67,2,1.3121407226089281,0.39992018683231356
Not Placed,0,CSE,8.25,0,0.36256540801405357,0.2344874246413099
Placed,1,ENTC,7.55,1,-1.3813987908620966,0.6952779981931659
Not Placed,0,CSE,7.61,1,-1.499319103408145,0.8491875705086213
Not Placed,0,Civil,5.52,1,-2.34605999935201,0.07744307703643631
Not Placed,0,CSE,7.0,0,-0.15272588165936019,1.4167166232072506
Not Placed,0,CSE,7.84,3,1.04178710352316,-0.34307543654942074
Not Placed,0,Mechanical,7.05,1,-2.294349622053531,-0.027089200388178025
Not Placed,0,CSE,6.57,1,-1.0847066397233946,-0.7900779183459856
Not Placed,0,ENTC,8.11,0,0.04880852170362012,0.37575273463212133
Placed,1,ENTC,8.81,2,1.609706879968414,0.3372734686471641
Placed,1,ENTC,7.09,2,2.176925078161538,-1.679115057377023
Placed,1,ENTC,8.44,0,1.1400371363273865,1.5600882670317184
Placed,1,CSE,8.32,2,3.709494595880648,-1.4825497532023324
Not Placed,0,CSE,6.87,0,-0.8698506109861954,0.36668055315998577
Not Placed,0,ENTC,7.08,1,-2.886063308393667,-0.43218755900442507
Placed,1,CSE,9.23,2,3.6135089066499777,1.0712224081029977
Not Placed,0,ECE,6.75,3,0.974520219772398,-4.122232544007787
Not Placed,0,CSE,7.18,1,-1.3524981447184266,-0.1789727883847418
Placed,1,IT,9.37,0,0.7412309316915989,2.162088299052075
Not Placed,0,CSE,7.22,2,1.552612431433902,0.19358571049869447
Placed,1,Civil,8.85,2,1.6803389607280308,0.9303396613100046
Not Placed,0,CSE,6.83,1,-3.3544700913877996,-0.7178552526715694
Not Placed,0,CSE,7.82,0,-0.05431249141724327,2.702834025826227
Not Placed,0,IT,8.62,0,0.9385788026919556,0.4016495556475289
Placed,1,CSE,7.3,0,-0.3665542732150321,0.3997744819485358
Placed,1,CSE,7.78,3,-0.739695889012933,-1.0783806915285905
Placed,1,ECE,8.33,2,1.9005974119166245,-1.0675331492763367
Not Placed,0,IT,6.93,3,0.09109336932347285,-0.704954513910514
Not Placed,0,CSE,9.6,0,-0.8027566211028607,3.651518994894351
Placed,1,IT,8.58,2,3.5541070264466295,-1.2070673334075537
Not Placed,0,IT,7.4,3,-0.41682686004778247,-1.9775936034924466
Placed,1,ENTC,7.5,0,-0.4535534520046471,0.6436156348696233
Placed,1,Mechanical,9.32,2,2.007761028436793,0.7204671383756743
Placed,1,ENTC,7.4,2,1.2776655913912365,0.35665627593585786
Placed,1,Mechanical,7.3,0,0.30219679665828914,-0.042934134051206996
Not Placed,0,IT,8.67,3,0.870284885376943,0.013355896668900084
Not Placed,0,Mechanical,6.51,3,-1.0241255659694009,-0.8367315076469158
Placed,1,CSE,7.63,2,3.4815441232433297,-0.33683274131042384
Not Placed,0,ENTC,7.77,3,0.605010536192657,-2.1369374588435575
Not Placed,0,ECE,7.1,3,0.8796202754128012,-1.5993227862540418
Placed,1,CSE,6.37,3,1.567909968359322,-1.5421256393936291
Not Placed,0,CSE,7.76,3,0.7197427574760901,-1.7897670097672946
Not Placed,0,IT,8.28,3,1.084834585062609,-0.5562175244936278
Not Placed,0,CSE,7.12,1,-2.9260561418762525,1.1987583704102356
Not Placed,0,CSE,6.7,1,-2.2685774612498815,-1.6556092291416709
Placed,1,Civil,8.77,2,3.068594017382634,-0.4134282967797089
Placed,1,IT,8.15,0,0.5894362799921992,0.3859427536709903
Placed,1,ECE,7.39,1,-2.1385464861124466,1.0259966548053536
Placed,1,CSE,8.48,0,1.3559371004047367,0.8641439948095897
Not Placed,0,IT,7.91,0,-0.909177436277178,1.9856564524711948
Placed,1,CSE,9.22,2,2.3339262617930094,2.06094165651139
Placed,1,CSE,8.26,0,-0.2960524320009994,0.6174097992166504
Not Placed,0,CSE,6.52,1,-3.153188108880884,-2.5081473426190795
Not Placed,0,CSE,7.14,3,-0.4287866662909434,-0.23558513988040408
Not Placed,0,IT,7.18,1,-2.84476944438999,0.4535055542457298
Placed,1,CSE,7.96,2,1.334988991108326,0.2891410386110333
Not Placed,0,ENTC,7.44,3,0.8174725630193008,-0.5030524081452993
Not Placed,0,ENTC,6.74,1,-3.7486025934659386,-0.34486942805630133
Placed,1,IT,8.2,2,2.250863722102466,-1.4768139869071923
Placed,1,ECE,8.55,2,2.149439042915368,0.2639586929833911
Placed,1,Mechanical,7.61,3,1.0119008703965402,-0.1659012470098416
Placed,1,IT,7.88,0,0.08345988830732248,1.2958302962387915
Not Placed,0,IT,6.88,3,-0.7777184339646998,-1.0880228987886298
Placed,1,IT,7.26,0,0.5342742762809085,-0.016857120495099416
Not Placed,0,IT,7.29,3,-0.309091503777136,-0.12447946424077616
Placed,1,ENTC,8.17,2,5.08174531877908,-0.2907028703549708
Not Placed,0,ENTC,7.92,1,-1.4710176148433125,-0.22160465172174268
Placed,1,CSE,7.42,2,2.141358656007115,-1.705046584987296
Not Placed,0,CSE,7.39,0,-0.5786590900485996,0.0029218693872575248
Not Placed,0,ENTC,6.03,1,-2.2286639028184236,-0.61488553104905
Placed,1,IT,9.06,2,2.628962484714657,0.14531255374358348
Not Placed,0,IT,5.93,1,-2.971317067218563,-2.240898543640513
Placed,1,IT,8.06,2,3.1308458975772018,-1.048334250286194
Not Placed,0,Mechanical,7.73,1,-1.25581179344438,0.4595114947039464
Not Placed,0,ECE,7.47,3,0.877603688947054,-0.23783606392958165
Placed,1,ECE,7.69,2,1.7759540053485297,0.4359393269100914
Not Placed,0,ECE,7.14,3,-0.803051360162437,-0.1693242041396105
Not Placed,0,IT,8.25,0,-0.3887549282160986,3.3698918333049126
Not Placed,0,CSE,6.58,1,-2.994917310765023,1.248898377775501
Not Placed,0,ENTC,7.98,1,-2.1496321422685307,-0.1593023961519366
Not Placed,0,Mechanical,7.12,3,0.7492881361400988,-2.341055548422535
Not Placed,0,CSE,7.34,3,-1.10801052544892,-1.5540838164249262
Not Placed,0,IT,7.36,3,0.4414777513635224,-2.083509491788184
Placed,1,Civil,7.56,0,1.2671992921912492,1.1057989649032862
Not Placed,0,CSE,8.13,1,-1.9624877987205154,-0.3362501755135837
Placed,1,CSE,7.67,3,0.4910949762916008,-1.1937011138606848
Placed,1,IT,8.49,2,2.271910428155954,-0.06533968395273354
Not Placed,0,IT,8.59,1,-1.9349455261364146,0.24991460134089857
Not Placed,0,ECE,7.96,0,-1.12903968070308,0.7372473367087978
Not Placed,0,ECE,8.28,3,-0.7774902372530506,-1.0281593840735648
Placed,1,CSE,9.42,0,0.8590704280041231,2.7443734843592242
Not Placed,0,IT,6.5,1,-2.095941505290858,-0.6902773491727807
Placed,1,CSE,8.61,2,1.3792721189794426,0.7561131527689701
Placed,1,CSE,9.01,2,2.731260274873409,0.10546567476501784
Placed,1,CSE,8.07,2,2.5026863708572162,-0.070864613211113
Placed,1,IT,9.32,0,2.0287143790595663,1.959670600654209
Placed,1,Mechanical,9.21,0,0.36234923950016135,1.1348432296545847
Placed,1,Civil,7.41,2,3.671436395474032,-0.2767301240775203
Placed,1,CSE,7.48,3,0.5071691494261987,-0.5929881521694798
Placed,1,ECE,8.15,2,3.4924331406818885,1.4354767866137983
Not Placed,0,Mechanical,7.17,1,-3.301849695811385,-1.158257005498154
Not Placed,0,IT,10.0,0,0.13546722052300753,1.957877304991933
Placed,1,Mechanical,8.37,0,0.3928139942784465,2.7808349239066867
Placed,1,CSE,7.74,2,2.934021802582401,0.5438016146903157
Not Placed,0,CSE,6.5,3,0.7158615942082033,-2.137627861655814
Placed,1,CSE,7.91,0,0.22002567351096697,1.7072082345262138
Placed,1,CSE,6.69,0,0.5503153811817159,0.047895690202637384
Placed,1,ENTC,8.35,2,1.4544902788034213,-0.6950937012597228
Not Placed,0,ENTC,5.57,1,-3.8602955553746523,-0.7093995660943053
Placed,1,IT,8.88,0,0.8857842920211161,1.9817664804090998
Not Placed,0,CSE,7.34,0,0.32420827853970874,1.1524082561140272
Not Placed,0,Civil,6.26,1,-4.234887030525776,-0.4349789974782198
Placed,1,Mechanical,7.69,2,2.093510839578933,-0.4719702450276625
Not Placed,0,ECE,7.71,1,-1.908068207635376,-0.14499888523790952
Not Placed,0,IT,7.65,0,-0.6058262794317095,0.8806776453063656
Placed,1,CSE,8.87,2,1.9475905057323888,-0.11887446822664814
Not Placed,0,IT,8.02,3,0.4026770872434384,0.034088528133473635
Placed,1,ENTC,8.38,2,2.0182968210896832,-0.31627914096118726
Placed,1,ENTC,7.49,1,-1.9017936184370774,-0.5126494012997361
Not Placed,0,Mechanical,8.06,0,-1.3208904171794014,1.3588165951502436
Not Placed,0,IT,6.59,3,-1.0943445899612534,-1.158733712913332
Not Placed,0,Civil,7.92,1,-1.2211108738889005,0.11351919465979653
Placed,1,Civil,7.06,0,-0.7061259761349429,0.47422158773000983
Placed,1,ECE,8.82,0,0.7014539011427695,1.0089128787703323
Not Placed,0,Mechanical,7.76,0,-0.6229862124134253,1.2582181021240755
Not Placed,0,CSE,8.26,0,-1.2956528118105994,2.40774593928911
Not Placed,0,CSE,7.92,0,-0.90132767356341,1.9519389825253315
Placed,1,IT,9.24,2,2.057464031035062,1.7806076001763003
Not Placed,0,IT,6.37,3,0.04367114473205928,-1.5001912108293454
Placed,1,IT,7.6,2,2.4345746161485473,-0.36048668842468445
Not Placed,0,ECE,6.88,3,-0.87838014761697,-1.810852149865415
Placed,1,CSE,5.96,1,-1.545969819738432,-1.6751644686292642
Placed,1,IT,6.83,3,0.3831240909082696,-1.2846657435771949
Placed,1,IT,8.7,0,0.8580074020324202,1.0184761195001293
Placed,1,ECE,7.67,3,1.021182798978819,-0.15165792875036274
Not Placed,0,Civil,7.51,3,1.079251411129438,-1.0215223702131169
Placed,1,CSE,8.36,2,1.8272020043482775,0.3636340294866779
Placed,1,ENTC,7.8,3,1.5707640888780117,-0.9234735962597262
Placed,1,Civil,8.22,2,2.0990706588376065,-0.6121261789644613
Placed,1,ECE,7.97,0,-0.1074265610670921,1.4029457257741804
Not Placed,0,ECE,8.16,3,0.6166793951805611,-2.615213528416597
Not Placed,0,ECE,7.32,1,-1.8985470535141702,-0.3987526835868071
Placed,1,Civil,8.59,2,1.8706547782752267,-0.2303117886196195
Not Placed,0,CSE,6.67,0,-0.7505481132989709,0.10759891649272865
Not Placed,0,ENTC,7.63,0,-0.9844290560170835,0.8407586946092441
Not Placed,0,CSE,8.63,0,-1.7656199255969638,1.5869973921584906
Placed,1,IT,7.57,2,2.4288925702798694,-2.560843130691221
Not Placed,0,ENTC,7.33,0,-1.2945362167520038,0.980207593898833
Not Placed,0,ENTC,9.65,2,2.3011775949892668,0.42521551426000764
Placed,1,Mechanical,8.91,2,2.0913098993149086,-0.08899337076528036
Placed,1,Mechanical,7.82,2,2.5081775784428486,0.18641275059278883
Not Placed,0,ENTC,6.88,1,-2.851623353176765,-0.04613993494134855
Not Placed,0,CSE,5.97,1,-3.6373073224463552,-2.84956373983051
Placed,1,Civil,8.3,0,-0.15572540339873156,0.9730637858006252
Placed,1,IT,8.78,2,3.3865090572295977,0.16430067130684758
Placed,1,IT,8.04,2,3.186541259435065,-0.33006379612383036
Not Placed,0,CSE,6.25,1,-2.652933717934377,-1.9072456969190035
Not Placed,0,ECE,7.84,2,2.394308612329069,0.06559481471302377
Not Placed,0,ECE,7.29,3,0.5575958348223979,-0.7602340516829134
Not Placed,0,ENTC,7.84,3,-0.4492779037420177,-0.03595788677508194
Not Placed,0,IT,9.35,2,1.2130431794541114,0.15212607848369325
Not Placed,0,ENTC,8.37,3,2.043371707092846,-2.8080582080914307
Placed,1,ECE,8.19,0,-1.33774283596703,1.779402322539438
Placed,1,Civil,7.66,0,0.5898464414923658,1.957345803514909
Placed,1,CSE,8.05,3,-0.31971674074016804,-0.06399671779018898
Not Placed,0,ECE,7.09,0,-0.5594566924155279,1.755954819198323
Not Placed,0,ENTC,8.17,0,0.7357347460363872,0.9912951202434516
Placed,1,CSE,7.54,2,1.7741514734385295,-1.378576071766168
Not Placed,0,IT,7.0,0,-0.6040027251593761,0.36043979562021344
Not Placed,0,IT,8.39,0,-0.83267520121882,1.6833439270680415
Not Placed,0,IT,5.8,1,-1.2959143089418494,0.06184352050137237
Not Placed,0,CSE,7.24,3,-1.3145157576046143,-1.9758979507351824
Placed,1,ECE,8.22,0,0.9848895148390541,0.5883479710641695
Placed,1,CSE,8.74,0,1.1404761468025941,0.763686482667003
Not Placed,0,ECE,8.1,3,1.0063204808207473,-1.9624751871882875
Not Placed,0,IT,7.13,1,-3.5354922346264934,-0.22839136497394252
Not Placed,0,IT,7.66,0,-0.9587511875357779,2.2981696935718445
Not Placed,0,ENTC,7.95,3,0.15782522736280835,-0.8307116296580938
Not Placed,0,ENTC,9.03,0,0.6033346917773581,0.8529920902101376
Placed,1,ECE,8.48,3,-0.1071005738762743,-0.05353456942756261
Not Placed,0,ENTC,8.49,1,-2.418513146323241,1.3134229807489433
Not Placed,0,Civil,7.76,0,0.18309460576832823,1.4128426292974523
Not Placed,0,Civil,6.79,1,-2.9484543075019363,-0.352691095748129
Not Placed,0,ECE,6.5,0,-0.7350263419751331,0.04796744469056999
Placed,1,CSE,7.44,3,0.6779747639100643,-0.5272728330517031
Placed,1,IT,8.29,2,2.1647479098294444,-1.902738200008817
Not Placed,0,ECE,7.27,1,-2.134684400162605,0.28219666208714284
Placed,1,CSE,8.19,0,0.24111309108597792,1.5191000625113682
Not Placed,0,IT,7.02,3,1.767280267504161,-2.9889843596478745
Not Placed,0,IT,7.16,3,-0.2545066381728512,-1.9506076718577783
Placed,1,Civil,8.9,2,3.751256211351107,-0.9892040688574399
Placed,1,IT,8.35,2,1.5823465311697043,-0.026836699305892896
Not Placed,0,ENTC,7.44,1,-2.3774478053722508,-0.6202196220773806
Not Placed,0,Mechanical,6.99,2,3.505899854968958,-1.6809737422613185
Placed,1,ECE,8.51,2,4.63879386743834,0.5271061146986454
Not Placed,0,IT,8.44,0,-0.8819601534669811,2.3176803702439823
Not Placed,0,ENTC,8.24,3,0.26351560746275876,-0.6712418548348027
Placed,1,ECE,7.55,2,2.5789209136469093,-2.7841472896892427
Not Placed,0,CSE,6.77,0,0.05398194179459657,0.1375997342539106
Not Placed,0,ECE,7.69,1,-2.253190045755922,1.5794018258811087
Placed,1,IT,8.9,0,1.0118231030784846,1.6327380652857264
Not Placed,0,ECE,6.93,1,-2.6916735772977063,-1.2236141542268164
Placed,1,Mechanical,7.74,2,1.718993886552044,-0.855454987681241
Placed,1,CSE,9.09,2,3.263617197852047,0.9119863115216277
Placed,1,Civil,7.44,0,-0.248765497752061,2.0664464158787283
Not Placed,0,CSE,7.59,0,-0.48601070890623005,0.8042377868766314
Not Placed,0,Mechanical,6.55,3,-0.622772192482588,-0.6186879458860298
Not Placed,0,ENTC,8.23,3,0.006158448086522831,-0.7870408288432318
Not Placed,0,IT,7.07,3,-0.589664782857701,-0.9409808773929247
Placed,1,Mechanical,6.38,3,-0.14611651883079024,-1.8189935971453821
Not Placed,0,Mechanical,6.89,3,-0.5872836303174626,-1.33578567099554
Placed,1,CSE,7.88,0,-1.966823691195232,1.9934102301087542
Not Placed,0,ENTC,6.36,3,0.48747814708168624,-2.5127772994157116
Placed,1,CSE,6.52,3,0.7503407790636728,-1.2861816835727051
Placed,1,IT,8.18,2,2.734698303597213,0.0553816340125803
Not Placed,0,IT,7.64,1,-0.9015040342150926,0.06402418773347722
Not Placed,0,CSE,6.92,3,0.847563493921981,-2.1418854586421077
Not Placed,0,IT,7.43,2,1.453170903380345,0.11301182599953556
Placed,1,IT,9.18,2,4.603919547734998,1.2997953672258766
Placed,1,Civil,8.79,2,2.5137816890684936,2.5438982405296398
Not Placed,0,CSE,7.61,1,-2.2579707643589377,-0.004693731446544291
Placed,1,ENTC,8.39,0,0.09278217590430049,0.747158803078214
Not Placed,0,IT,7.8,1,-1.7129093445508403,0.6015089630557677
Not Placed,0,IT,6.19,1,-4.598134936732944,-1.8083673460046161
Placed,1,ENTC,6.04,1,-0.9439903620238828,-0.35293756487084454
Not Placed,0,CSE,6.93,1,-2.873823696097115,-0.5666736840514032
Not Placed,0,CSE,6.36,1,-3.2539644787175,1.601810003000322
Not Placed,0,Civil,7.93,3,0.8632175958412984,-0.4881001977800653
Not Placed,0,CSE,7.23,3,0.22927502775980058,-2.0247088693032014
Placed,1,CSE,8.06,2,2.236726396610103,-0.6965660714774485
Not Placed,0,ECE,8.07,1,-1.080707014010612,0.05099087272249237
Placed,1,IT,8.29,0,0.5487286864573894,2.1636653871948024
Placed,1,ECE,6.91,3,-0.3224428445185507,-0.0941053376521462
Placed,1,CSE,8.14,2,1.2963530649621016,-0.13022136534710038
Not Placed,0,IT,6.89,1,-0.9284490642518427,-0.11033602067536814
Placed,1,CSE,8.3,2,2.2404614673009613,0.16974634333310895
Placed,1,CSE,8.74,2,1.5575393197546488,0.7381581122376525
Not Placed,0,ECE,8.31,0,0.314120129718217,0.7340287111324935
Not Placed,0,Civil,7.55,3,0.09181667399960433,-0.9904860997722386
Not Placed,0,ENTC,8.18,0,-1.0651925482314661,0.4512232671433928
Not Placed,0,CSE,6.4,1,-2.9544178003719535,0.8686728740022416
Not Placed,0,Civil,6.21,1,-2.605894000570425,0.585056674101117
Not Placed,0,ENTC,8.1,0,-0.47242191512612625,0.5130886080434843
Placed,1,IT,8.81,2,4.799051749017902,0.6160052292271959
Not Placed,0,IT,6.65,3,-0.502616414670313,0.07861334014341942
Not Placed,0,IT,7.71,0,-1.1232921472357815,0.690816852337427
Placed,1,IT,8.07,0,1.00943314425471,0.3172796594794524
Not Placed,0,CSE,7.18,3,-0.7126945352695868,-0.08955757019736674
Not Placed,0,CSE,7.41,1,-1.0308870394706473,-0.23555006962973674
Not Placed,0,Civil,8.22,0,-0.541348437819331,1.5545846859587422
Not Placed,0,CSE,7.79,3,-0.8011178849550822,-0.8826034263638113
Not Placed,0,IT,7.8,3,0.024230668989189033,-1.001455977023529
Not Placed,0,Civil,6.87,1,-1.6978764042406067,0.33595060088037204
Placed,1,CSE,7.67,0,0.014734369215228051,1.3437992250061694
Not Placed,0,IT,7.36,1,-1.4496395770065935,0.23321789748713148
Placed,1,IT,7.41,0,0.5508219584688454,0.938379485999392
Not Placed,0,ECE,7.24,1,-2.424353617937263,-1.12061402065132
Placed,1,CSE,7.68,2,1.9812361155632388,0.5167151597053797
Placed,1,ECE,6.96,2,2.1795838082430694,-0.17752080986294147
Not Placed,0,ENTC,7.71,1,-2.468167330878427,-1.5464728624819533
Not Placed,0,ECE,7.39,3,-0.969910824710013,-1.6486338173043122
Not Placed,0,Mechanical,6.91,1,-2.4662238559279563,2.002048449661696
Not Placed,0,ENTC,6.04,1,-2.9968909774796875,-1.3064846011719211
Placed,1,ECE,8.51,2,2.7374668342565465,-0.8289996870554369
Not Placed,0,IT,8.33,2,1.7046185466227,-0.9289590753739896
Not Placed,0,CSE,7.02,1,-1.9577892251897726,-1.005000739902798
Placed,1,CSE,8.28,2,2.1479869151917845,-1.0822289693695388
Not Placed,0,CSE,6.83,1,-2.4105395374430025,1.500127075061579
Not Placed,0,CSE,7.44,1,-2.0617860253911022,0.32775221488051326
Not Placed,0,ECE,7.25,0,-0.2247784414977019,0.1198305791029874
Not Placed,0,CSE,7.46,3,-1.1435690045294924,-1.5345248456242717
Not Placed,0,CSE,8.25,3,0.7128907056524597,-0.3154948991334692
Not Placed,0,CSE,7.36,3,-0.6602545909190318,-0.11174709303792606
Placed,1,Mechanical,7.41,0,-0.28804848038488456,1.6726789511891293
Placed,1,CSE,8.33,2,2.6239579876443595,0.2645636004762953
Not Placed,0,ENTC,7.75,0,-1.2145030287390886,0.8165017863854761
Not Placed,0,ECE,7.2,1,-1.6136972928692612,0.09039572590626285
Placed,1,CSE,7.9,0,0.2952514830192461,3.6417448742276735
Not Placed,0,ENTC,8.54,0,-0.43379397611334114,0.732970770272519
Placed,1,Mechanical,8.6,0,-0.3238402899836003,0.8195856678938673
Not Placed,0,ENTC,6.57,3,-0.10428437683360176,-1.547833470048679
Not Placed,0,Civil,6.62,1,-2.8907942975214613,-1.105465424858837
Placed,1,CSE,8.55,0,1.3429843958739522,1.0334405213205922
Not Placed,0,Mechanical,7.46,1,-1.9839382415034166,1.1639633620546275
Not Placed,0,Mechanical,5.83,3,-0.34574229088446656,-3.5481794264939013
Placed,1,ENTC,7.08,0,0.04182288551899376,0.8862875629501811
Placed,1,ENTC,7.33,2,1.4868088272405804,0.453530159831473
Not Placed,0,ENTC,7.43,1,-1.3474235030622461,0.6113679746064029
Not Placed,0,CSE,8.35,3,-0.012906539964751385,-1.5903318594487053
Placed,1,CSE,6.91,2,2.7394807721234957,-1.8654302198361088
Placed,1,CSE,8.5,0,-0.658872708148187,1.1346455531718957
Placed,1,ECE,7.94,0,-0.3744510919772881,0.4487545815048219
Placed,1,CSE,6.61,0,-0.5524516822936248,0.6588676603258363
Not Placed,0,ENTC,7.43,3,-0.15410494996188678,-1.1426643270678678
Placed,1,CSE,8.12,3,0.5814364286378655,-1.7009170369500854
Not Placed,0,CSE,7.73,2,1.2928730015035348,0.4709254280768918
Placed,1,IT,8.02,0,-0.5828606161656481,1.9369341741770922
Placed,1,CSE,7.2,2,1.3270000303477356,0.31190181825236163
Placed,1,ECE,8.17,3,0.7835041021862064,-1.1485536792231397
Not Placed,0,CSE,7.36,0,-0.16590150241586823,0.3372320046256829
Placed,1,IT,9.86,2,2.447625882079052,1.3213686421563275
Not Placed,0,CSE,6.58,3,-0.7052942731930097,-0.6185645557294024
Placed,1,CSE,9.99,0,2.0203681529033104,3.005608055688561
Not Placed,0,CSE,6.89,3,-0.8864164213908723,-0.7595861652607141
Placed,1,CSE,8.78,0,1.6933840960496982,1.9879615873517822
Not Placed,0,ECE,8.4,0,-0.35019885008802804,1.0994330380375372
Not Placed,0,ENTC,6.93,0,-0.7291340729298974,0.3085944262413796
Not Placed,0,Civil,8.21,2,1.616192963882109,0.18730652741284542
Placed,1,IT,7.28,0,0.5578277655453245,0.5331369471627033
Not Placed,0,CSE,7.93,3,0.42595860561456844,-0.3263436927954995
Placed,1,IT,7.83,3,-0.5092169705604067,-0.0030595869891719943
Not Placed,0,ECE,7.4,3,1.7058406760610318,-1.4038823319636733
Not Placed,0,IT,7.33,1,-1.3517537386708378,0.8406705559753241
Placed,1,IT,7.99,0,1.0740323543023138,1.3040596523410237
Not Placed,0,ECE,6.93,3,0.8009548782754492,-2.8047489013568225
Not Placed,0,CSE,6.96,1,-2.678040016047033,0.6376126012340146
Not Placed,0,CSE,8.51,0,1.281109771912386,1.8300000377418446
Placed,1,ECE,8.06,2,2.6387052911758238,-0.5672224289075894
Not Placed,0,ENTC,6.59,1,-2.2488058862764198,0.2608440198450338
Not Placed,0,CSE,6.85,0,-0.09100446079428492,0.17087348238643413
Not Placed,0,CSE,5.88,1,-3.3891447547840334,0.10913713434742678
Placed,1,CSE,8.47,3,0.2241649666950853,-0.2270341110698496
Placed,1,IT,8.29,2,3.393438931646883,-0.8252832849452982
Not Placed,0,IT,6.77,1,-2.967678135584391,-0.08397673140082955
Placed,1,CSE,8.25,0,-1.736514351228714,1.9716923415527885
Placed,1,IT,9.39,2,2.7284737384782236,2.1382243850603255
Not Placed,0,IT,6.39,3,-0.17096977001243818,-0.7374288177656099
Placed,1,ECE,7.18,0,-0.162648793032687,0.3301522813523607
Not Placed,0,ENTC,6.37,1,-1.638773917967619,-0.3443345748008721
Not Placed,0,IT,8.51,3,1.3556899391971973,-1.9418863264675559
Placed,1,CSE,7.62,3,1.2336606855123182,-0.588982199863123
Placed,1,Civil,7.36,2,1.7084846604637556,0.954952828544604
Placed,1,CSE,7.89,2,2.809790945537777,0.8328082262047929
Placed,1,ENTC,7.23,3,-0.4302815029238146,-1.6189017865128172
Not Placed,0,IT,7.36,1,-1.985576931368531,-0.8849990379226762
Not Placed,0,Civil,7.93,1,-1.33196069267824,0.4546994509101233
Not Placed,0,IT,7.18,1,-2.977593316629256,-0.1394560689133389
Not Placed,0,CSE,7.3,3,-0.3574746451779759,-0.530207852234076
Not Placed,0,Civil,7.57,2,2.1760860247690363,-0.6806283412683763
Placed,1,ECE,7.78,1,-1.2078516108162276,0.11459029041248596
Placed,1,IT,8.21,2,5.3637406039777185,1.0819407148672582
Placed,1,ENTC,8.2,0,0.01182650213159904,0.760912098183277
Not Placed,0,Mechanical,6.43,1,-2.7979663257068577,0.4899782679222734
Placed,1,CSE,8.9,0,1.1324214916465967,1.8548187684810868
Not Placed,0,IT,7.75,0,-0.02205348109529346,0.3972678338344895
Placed,1,CSE,7.42,2,3.267973005885973,-2.269023984354701
Not Placed,0,Civil,6.93,1,-1.8076378795133148,-1.8361979011470178
Placed,1,IT,9.39,0,0.35303127321144606,1.5755296972205401
Placed,1,CSE,9.71,2,6.070528043570645,0.6317941958046019
Placed,1,IT,9.29,0,0.4639348943263071,1.587902352473708
Not Placed,0,IT,7.8,0,-1.0661147330916505,0.7893425017006304
Placed,1,CSE,7.99,2,2.4083008151665064,0.6151614705710298
Not Placed,0,CSE,8.97,0,1.2993504951033592,0.8826566303500695
Placed,1,IT,7.5,2,2.008241283149861,1.143562366563887
Placed,1,IT,8.16,0,-1.5666177461095285,1.1773516508981403
Placed,1,IT,7.89,2,3.0851499947461076,-0.41795285994899534
Not Placed,0,IT,9.33,0,-0.029460114868270826,2.263093202503524
Placed,1,IT,8.92,2,2.53048247985049,2.2799094518879897
Not Placed,0,ENTC,7.58,3,0.7736360521470469,-0.5097672170214009
Placed,1,IT,9.0,2,1.6221069953650793,0.7412971702644467
Placed,1,CSE,7.7,0,0.8639565550856528,0.44467597469030024
Not Placed,0,CSE,7.24,3,0.7176811336100762,-1.1889947182086678
Placed,1,ENTC,7.46,3,0.8566502811229312,0.011655732848914772
Not Placed,0,ECE,7.83,2,2.646374451950351,-2.56436182891157
Not Placed,0,Civil,7.03,1,-2.962553618045104,0.7834090933218398
Not Placed,0,CSE,7.26,3,0.8247700077180368,-2.6598602064406855
Not Placed,0,IT,6.47,1,-3.8006434267469764,-0.33963787345675106
Placed,1,IT,7.0,3,1.1087018927191152,-2.243457226068811
Not Placed,0,IT,7.9,3,-0.32000932052781667,-2.079042926155872
Not Placed,0,Civil,8.59,3,0.19834007195085587,-1.784524384525012
Not Placed,0,CSE,8.48,0,0.6632023775160554,0.5384725883963868
Not Placed,0,ENTC,8.07,1,-1.1975878629547443,-0.1490995244545745
Not Placed,0,Civil,6.4,1,-2.341627385633774,-1.6007188831215389
Not Placed,0,ENTC,6.97,3,-0.2885252015148127,-1.7808538610005904
Not Placed,0,CSE,7.53,3,1.1422929168119238,0.10477984123283715
Not Placed,0,Mechanical,8.52,2,1.772939383380007,0.269567923225098
Placed,1,CSE,7.23,3,1.0578962907900606,-0.7600442782055932
Not Placed,0,IT,6.66,3,-0.5064259172106378,-1.9865908393341833
Placed,1,CSE,8.93,2,3.591053772158533,1.0886044996709754
Placed,1,Mechanical,7.08,3,0.593942017987108,-1.2669413819349455
Not Placed,0,ENTC,6.74,1,-1.8878954008483435,0.38605077049479647
Not Placed,0,CSE,7.89,1,-1.3723880533718642,0.4009628301969619
Placed,1,Mechanical,7.66,2,2.75692492643405,-0.11209367666765503
Not Placed,0,CSE,7.27,3,-0.5295486295157789,-0.14141368103257368
Not Placed,0,ECE,7.7,3,-1.0020586038680621,-0.4302116940951575
Not Placed,0,CSE,6.91,1,-2.1850601876834252,1.1842001363085586
Not Placed,0,IT,7.27,1,-2.7327608519555007,0.38570704935585126
Placed,1,CSE,7.67,2,4.3477536911111345,-1.012416039782277
Not Placed,0,Mechanical,5.97,1,-3.829464968842886,-0.593979197794508
Not Placed,0,Civil,8.51,1,-0.9905248618714088,0.19166515965316225
Not Placed,0,CSE,6.53,1,-2.1569819443382783,-2.0918416619069675
Not Placed,0,IT,6.9,1,-1.4798312627310848,-1.0151918336456278
Not Placed,0,IT,8.55,3,0.46592244166975805,0.21789319325958426
Placed,1,ENTC,8.18,0,1.0932269278587918,1.0490872647446936
Placed,1,CSE,7.77,2,2.9559988070860297,-0.49237686040274975
Not Placed,0,CSE,6.25,1,-2.5916591276509977,-1.5786551222670275
Placed,1,IT,7.19,0,-0.23758514311102058,2.2335649188695665
Not Placed,0,IT,7.52,1,-1.85384746200949,0.5894152394473703
Not Placed,0,Mechanical,7.58,3,0.19165675982372618,-1.2819002477319719
Placed,1,CSE,8.67,0,0.9516681113325443,0.5587590078210192
Placed,1,IT,9.4,0,1.3734090093407625,2.4809898038519584
Not Placed,0,IT,8.22,2,2.0755120794897746,-0.5761379609077142
Not Placed,0,CSE,7.25,1,-1.928429209396616,1.5259893508440312
Placed,1,IT,8.73,3,1.2561068133652171,-0.9810634871914675
Not Placed,0,IT,7.2,1,-1.1749342337989301,-0.001418602044145698
Not Placed,0,ECE,5.47,1,-3.4104070454852518,-2.342138599765873
Not Placed,0,CSE,6.64,3,0.8942167923559851,-2.704304715275187
Not Placed,0,CSE,5.68,1,-0.93816687152477,-0.2218865079490036
Not Placed,0,CSE,7.37,1,-3.4833633051848913,0.5793063823578766
Placed,1,CSE,7.55,2,2.602224862613015,0.9901406042736574
Not Placed,0,CSE,6.35,3,-0.8551819701379205,-0.24162376209446418
Not Placed,0,Mechanical,6.97,1,-2.691687048853908,0.7646287393330123
Not Placed,0,CSE,6.49,1,-2.2706384994484545,-0.441365421823395
Not Placed,0,ENTC,7.59,0,0.7227060528949533,0.7557025094206828
Not Placed,0,CSE,6.97,1,-3.42830495792355,-0.07735708024245111
Placed,1,IT,8.56,2,2.080052977631806,0.592816852531998
Placed,1,IT,7.84,2,1.454344988127805,0.4987390099098067
Not Placed,0,ECE,9.06,3,1.0735697544060643,-0.16288806939217776
Placed,1,CSE,7.31,2,1.6614184372616247,-0.6727969889084549
Placed,1,ENTC,9.52,0,1.0956642302776867,2.23866840245287
Not Placed,0,IT,7.7,1,-1.7385878903583072,-0.02773690315363751
Not Placed,0,ECE,7.25,0,-0.1362669777214778,0.20926737316344957
Placed,1,IT,9.75,0,2.647513326885087,3.528277659794393
Not Placed,0,CSE,6.15,1,-1.8496360149591844,-1.0347037044736798
Not Placed,0,ECE,7.23,1,-2.52793499630322,-0.007479380158808902
Not Placed,0,IT,6.28,1,-2.5315156440234627,-2.103501663004199
Not Placed,0,CSE,6.14,1,-2.262633511979821,-0.09588140438999436
Not Placed,0,CSE,5.94,1,-1.5731944455044105,-0.3945382970561514
Placed,1,ECE,8.22,1,-2.008422055343212,1.1907076551016853
Not Placed,0,ECE,6.57,1,-2.092769613802052,-0.25498388144476847
Placed,1,IT,7.48,2,1.4853901768612205,0.8440465351980744
Not Placed,0,IT,8.46,3,0.4558485078739012,-0.9669037664054584
Placed,1,CSE,8.09,3,0.5817508557668033,-0.7218345357717852
Not Placed,0,CSE,8.05,1,-1.7863108194992898,-0.790365093448138
Placed,1,CSE,8.73,0,-0.4176988225014487,0.7723157660764284
Placed,1,CSE,9.07,2,1.6086004724186538,0.901633182712154
Not Placed,0,CSE,6.64,1,-2.0393280748811473,-1.5723607017225207
Not Placed,0,CSE,8.11,0,-0.15396359184688194,1.7427964510612504
Not Placed,0,IT,7.47,1,-0.8820196308844872,-0.08077816341880478
Not Placed,0,CSE,7.58,3,0.2031856268212197,-0.5162379031734948
Not Placed,0,CSE,6.42,1,-3.9323336840621477,-2.2523300594492204
Placed,1,CSE,7.25,3,0.7470737120313762,-0.7638135080946753
Placed,1,ENTC,7.34,0,-1.6567467234663438,1.4456234625681474
Placed,1,CSE,8.92,0,-0.002069412210563246,1.7469652318800741
Not Placed,0,IT,6.72,1,-2.4273579096785625,-1.9738939898108452
Not Placed,0,Mechanical,5.67,1,-3.621924443034904,0.3104204542546744
Not Placed,0,CSE,7.69,1,-2.253083370035489,2.0623207285030216
Placed,1,IT,6.63,3,0.8126339273335134,-0.04459799928153164
Not Placed,0,ENTC,7.58,3,0.7737389620401065,-1.4253957694139496
Not Placed,0,ECE,8.26,0,-0.7711955079508399,1.5263028869434496
Placed,1,Civil,7.62,3,1.353946999932867,-0.4731340539506612
Not Placed,0,Mechanical,7.33,1,-1.236382357195906,-0.19681133913169802
Not Placed,0,ECE,7.57,0,-0.7970830831547455,1.6874619567343427
Not Placed,0,IT,8.42,0,-0.3913696000245895,0.7643007914021025
Not Placed,0,CSE,6.72,1,-2.4943659792237316,-1.2390795542078714
Placed,1,IT,8.32,3,1.0485845807082663,-1.6349371373664194
Not Placed,0,CSE,6.85,1,-3.3459921425976082,0.42405578098034913
Placed,1,Mechanical,8.21,0,0.9325316934903275,0.645356277205122
Placed,1,IT,6.39,3,1.9142963595309055,-2.2641339774349802
Not Placed,0,Mechanical,8.16,1,-2.4118353513360473,2.2046724536229005
Not Placed,0,CSE,7.61,0,-0.9226645101387795,1.4413169405725212
Not Placed,0,IT,7.78,1,-1.8738393275186778,-1.362657256562141
Placed,1,Mechanical,8.52,0,0.42598816298457187,0.04180274372459795
Not Placed,0,CSE,7.0,3,0.18913851305420648,-1.556629525062416
Placed,1,CSE,7.68,0,0.5773068579227889,1.0770889483771204
Placed,1,CSE,7.96,2,2.4807093398713826,-1.9326452881498117
Placed,1,IT,7.45,0,-0.7274728125883569,0.7035265112862171
Placed,1,IT,8.31,2,3.1433266890047316,-0.06087589586809991
Not Placed,0,ECE,7.98,0,0.09535323114480233,0.9945195914294237
Placed,1,Mechanical,7.21,2,1.8340257023518798,-0.13356763098080543
Placed,1,ECE,8.77,0,0.7376318260254844,1.9906550148797202
Not Placed,0,ENTC,8.18,3,-0.8168570779148363,-0.7138022807887875
Not Placed,0,ENTC,6.98,1,-2.6701678636588446,1.4767195681010006
Not Placed,0,IT,6.98,3,-0.823307120322895,-0.4748621706194253
Not Placed,0,ENTC,7.51,0,-0.5325723590479373,1.889633120222379
Placed,1,ENTC,8.08,2,1.962977631764003,0.44646872168518437
Not Placed,0,CSE,5.82,3,-0.8911418120910086,-0.8863719848850629
Placed,1,CSE,7.02,2,1.7026899676537277,0.09671222281990735
Not Placed,0,ENTC,7.21,3,-0.09159980632174218,-1.4089505510053681
Not Placed,0,Civil,6.48,3,0.600506442847604,-0.5316602133661221
Placed,1,Civil,6.83,0,0.774259003229308,0.4362510472189848
Not Placed,0,CSE,7.82,1,-1.6651853381631236,-0.32469948845607555
Not Placed,0,ENTC,7.28,3,-0.11372966169803839,-0.14634447000090603
Not Placed,0,CSE,7.35,1,-1.5804937138966564,-0.12220307482964203
Not Placed,0,Mechanical,6.53,1,-1.3136196399978792,-0.48205137357524175
Placed,1,ECE,7.52,3,-0.7918010479105192,-0.25754209909121556
Not Placed,0,Civil,6.42,1,-3.1301715814110587,0.3750915076694392
Not Placed,0,Civil,8.94,0,-0.5376355191389959,1.3439921361749652
Placed,1,CSE,9.18,0,1.370607433183346,1.6052943726696622
Not Placed,0,Civil,7.3,1,-4.5541151069499595,-1.0261989314111764
Not Placed,0,ECE,6.75,3,0.6044139383967548,-1.5391682005352234
Placed,1,CSE,8.43,3,0.24648901989810515,0.0033847869444304465
Placed,1,IT,8.2,3,0.7794114561178835,-0.9242404252913179
Not Placed,0,ECE,9.29,2,2.1893343347410874,0.4430689648886248
Placed,1,CSE,9.52,2,4.127766117812336,0.24052627472445612
Not Placed,0,CSE,5.98,1,-1.7051716393700993,-1.0264155421979515
Placed,1,CSE,8.68,2,1.7355750612027732,0.2665350800250923
Not Placed,0,IT,7.51,3,0.12923597561932115,-0.8530009138995213
Not Placed,0,CSE,8.17,2,2.3246237326252714,1.2037434846262676
Not Placed,0,ENTC,8.36,2,1.4611469907262864,-0.1970728065105097
Not Placed,0,IT,8.33,1,-1.7351476554446963,0.6930883567637951
Not Placed,0,ECE,8.55,1,-1.8250199744139497,1.0443688231626078
Not Placed,0,IT,7.22,1,-3.1629741961853206,2.138146905354356
Not Placed,0,Mechanical,6.89,3,-0.8993080480128139,-1.8515048398064997
Placed,1,CSE,8.71,0,0.7363797336634761,2.1114074263393188
Not Placed,0,ENTC,6.96,1,-2.5557545501234578,-2.24491466236216
Placed,1,ECE,9.28,2,1.7765584408868156,-0.5027005291240596
Placed,1,Mechanical,7.05,2,2.9957054688168796,1.5144853014041424
Not Placed,0,CSE,7.38,3,-0.05459250291743675,-1.0469387280428522
Placed,1,CSE,7.54,3,0.7890821373903342,0.12136507455411218
Not Placed,0,IT,6.39,3,-1.0151471454393295,-2.745989141863223
Not Placed,0,CSE,6.39,3,1.7787889977975624,-4.8107185453529
Placed,1,CSE,8.48,0,-0.49873780143368535,1.259367496755819
Not Placed,0,ECE,6.24,3,1.2268576947225793,-1.78317564579786
Placed,1,IT,9.84,2,2.841462136119189,1.493972742106153
Placed,1,CSE,7.62,3,-0.20575858461575855,-0.3374141958078571
Placed,1,CSE,6.83,3,0.87925137217332,-0.3628530679814076
Not Placed,0,ECE,8.06,1,-2.587792629647519,2.0815833867028037
Not Placed,0,ECE,5.61,1,-2.6449024938148624,-0.15149443105363805
Placed,1,CSE,7.42,3,0.9709353077911111,-0.3752989765744464
Placed,1,CSE,7.53,3,0.4542864663748226,-0.21684281081665244
Placed,1,CSE,6.62,3,0.19379493642851559,-1.3598449515033721
Not Placed,0,ENTC,7.16,3,0.37642501226780306,-2.007483091520937
Placed,1,ENTC,9.0,2,4.672229675699112,-0.20500650273663135
Not Placed,0,CSE,7.86,1,-1.648657817730332,0.3377281749851718
Placed,1,CSE,8.04,2,1.9742419555333424,0.11345257338337658
Not Placed,0,ECE,7.03,3,-0.43429784262090404,-1.4469629327928206
Not Placed,0,ENTC,6.58,3,-1.3238329160232845,-2.085038560310018
Not Placed,0,IT,7.5,0,-0.4072405290545328,0.31557430419982113
Not Placed,0,CSE,5.61,1,-3.807483421034868,-1.2861520924160588
Placed,1,CSE,6.77,0,-1.2117674450993623,0.7776365857724422
Not Placed,0,ENTC,6.64,3,0.36025289211431516,-3.4709762103244852
Not Placed,0,IT,5.97,3,1.869148177728141,-3.9239788694893942
Not Placed,0,ENTC,8.25,0,-1.5741276851881243,1.9840570595718028
Placed,1,ECE,7.59,0,-0.37110016930966594,0.24068356822655096
Not Placed,0,ENTC,7.17,1,-2.1526787797285345,1.6258236514026672
Not Placed,0,Civil,8.27,1,-1.5970532481585256,0.8506566027782915
Not Placed,0,CSE,6.3,1,-0.9511334643334933,-0.11838410587940545
Not Placed,0,ECE,6.56,1,-2.4293529379496657,1.1188352892378088
Placed,1,ECE,8.65,0,0.6211596409589062,1.052301028319829
Not Placed,0,ENTC,9.64,0,1.8162877571808254,1.7314598869102078
Placed,1,CSE,8.28,3,1.1798428461173205,-1.3921461670519266
Placed,1,IT,8.1,0,-0.13430432990700336,0.44863264131501324
Not Placed,0,Civil,7.21,3,0.8157598089316032,-2.3334079085467625
Not Placed,0,IT,7.22,1,-1.2749811793111419,-1.047987488133215
Not Placed,0,Civil,7.89,1,-1.6941149725920999,0.5390058447783214
Placed,1,CSE,8.87,0,-0.29907734445364115,3.0219942090332803
Not Placed,0,CSE,8.06,3,-0.6278317638235724,-0.17416986385823185
Placed,1,Civil,8.51,0,1.1100319694955483,0.7761852680657547
Not Placed,0,ECE,6.92,3,-0.2864331528794117,-3.1254378554720312
Not Placed,0,ECE,8.22,2,1.3936979787071406,-0.5273637743272156
Placed,1,CSE,7.13,3,0.5908480507358475,-1.717625221688152
Placed,1,CSE,7.82,0,0.9126666073905924,0.49046408758832316
Placed,1,IT,8.22,2,2.414918794986211,-0.1535846753958584
Not Placed,0,ECE,7.25,1,-1.8742729051346234,-1.9276588535385923
Not Placed,0,CSE,6.84,1,-1.800244291726613,-0.8204835463630276
Placed,1,CSE,8.01,0,-0.7336060584810928,1.295194966084382
Placed,1,CSE,7.59,1,-2.9174596326580304,-1.9968590070458032
Not Placed,0,Civil,7.82,3,1.1717842449456026,-1.7890869619678482
Not Placed,0,ENTC,8.26,3,-1.2535391086214847,-2.2941151949386
Placed,1,CSE,8.81,0,0.4668013124611836,2.1279035807834337
Not Placed,0,Civil,8.26,3,-0.8366885365056848,0.03329087674726266
Placed,1,CSE,8.15,2,4.127918069472303,-0.41603459461319825
Not Placed,0,CSE,7.27,0,0.36943753440892874,0.5621267206870512
Not Placed,0,CSE,7.41,3,0.8425782858547719,-1.95392779973318
Not Placed,0,Mechanical,8.09,3,-0.7550311745163856,-0.42962387903664295
Not Placed,0,CSE,7.39,1,-2.5086112212260914,1.8215104093011458
Not Placed,0,CSE,8.08,1,-1.8073350891477529,0.3686660203960797
Not Placed,0,Civil,7.01,0,-1.2743927467311782,0.6509105525554927
Placed,1,ENTC,9.34,0,1.141869422322172,1.732450455105899
Not Placed,0,ENTC,7.86,0,1.0283769942953755,2.2270132699628293
Not Placed,0,ENTC,7.81,3,0.16027451632440076,-0.7931383843255386
Not Placed,0,ECE,7.29,0,-0.0681874976567543,0.6601142406156456
Placed,1,IT,9.33,2,3.2487513836331923,2.0478545567152318
Not Placed,0,ENTC,6.63,3,-0.5759548052875779,-0.4455335974032506
Not Placed,0,CSE,7.1,3,-0.0543548775590648,-1.6986593885821777
Not Placed,0,IT,8.43,0,-0.33742060318416073,1.741090842585805
Not Placed,0,Civil,7.9,3,0.4465409774126365,-1.1076021665248954
Placed,1,IT,7.21,3,-0.3305254239934778,-1.0471322627085693
Placed,1,IT,7.23,3,0.34978879290725046,-1.0672043354783345
Not Placed,0,CSE,7.45,1,-1.2856496262716628,-0.6029355537571847
Not Placed,0,ENTC,7.79,1,-1.3901298195808514,0.21738909200061496
Not Placed,0,Civil,9.02,2,1.269306210781964,0.4066443898932792
Placed,1,IT,8.21,2,1.2488159211935828,0.3938876722221685
Not Placed,0,CSE,8.57,2,1.811476508672101,-1.5503356642632147
Not Placed,0,ENTC,7.33,0,-0.612176074390032,0.22036224845383792
Not Placed,0,ECE,8.14,1,-1.5407557142852715,0.10552837758406476
Not Placed,0,CSE,6.38,1,-3.255243058974368,0.6035388429651277
Not Placed,0,CSE,7.85,1,-3.0099425423559993,-0.1691244006632014
Not Placed,0,ECE,7.8,3,-0.8753321021881699,-0.6170885804936157
Placed,1,IT,9.25,0,0.1186112913002063,3.362245857698436
Placed,1,ENTC,9.02,0,-0.5233802668176898,1.4022449470726424
Not Placed,0,CSE,7.48,2,1.6352311451881725,-0.17818100638595197
Not Placed,0,ENTC,7.01,0,-0.747664769664081,1.4706205824871725
Placed,1,ECE,7.03,3,-0.8598007325368574,-0.40072266510900534
Not Placed,0,ECE,7.45,1,-2.286427303981992,1.4036609880967486
Placed,1,ENTC,8.81,0,0.9959721175738394,1.1205091354015073
Not Placed,0,IT,8.05,1,-2.7391175672286354,0.6427538060015899
Placed,1,CSE,8.14,3,0.6223992886744201,-1.8482679356726042
Not Placed,0,CSE,8.39,0,-1.1713002510500794,1.5379472927702253
Not Placed,0,ENTC,6.85,3,0.7435450974630085,-1.353530936731489
Placed,1,ENTC,7.1,2,2.878312122990642,-3.034324355175126
Placed,1,CSE,8.14,1,-1.5803913113074208,-1.0107607143868662
Not Placed,0,ENTC,7.04,1,-2.6586749365523104,2.5254769685873097
Not Placed,0,CSE,6.4,1,-2.1155516619104366,-1.1981345774024397
Not Placed,0,IT,6.78,1,-3.263764604288198,0.9008931733298919
Not Placed,0,CSE,8.6,3,0.3992888796672653,-0.7235026357310701
Not Placed,0,Mechanical,7.38,1,-1.8416665637839398,1.2898344201182215
Placed,1,CSE,7.89,2,3.3715298232503637,-0.5670795176781925
Not Placed,0,CSE,6.82,1,-2.8618838086751555,0.3652777192308815
Placed,1,ENTC,8.02,0,-0.39717061798272907,1.906429906555856
Not Placed,0,IT,7.47,3,0.7819959242702444,-0.5525663611934212
Placed,1,IT,8.08,0,0.1221768710816502,1.219111291636349
Not Placed,0,IT,7.29,3,1.8531464840833296,-3.177183917671644
Not Placed,0,IT,8.13,3,-0.35539762613672005,-0.821549712604256
Placed,1,CSE,7.25,3,-0.3112146456285879,-0.7198626499489603
Placed,1,CSE,7.63,0,0.6643346885812136,1.436267056105974
Placed,1,ENTC,7.47,3,0.6244956409928468,-0.9502410356346681
Not Placed,0,ENTC,7.72,0,-0.4355392026121909,-0.14053424215036156
Not Placed,0,Mechanical,7.94,3,-0.3147147174533839,-0.8918983691592508
Placed,1,IT,7.28,2,1.5650311618157908,-0.1367167356016947
Not Placed,0,CSE,7.6,0,-0.19532988290552497,1.9006316808608468
Not Placed,0,IT,7.86,3,0.0563368575972014,-0.39960734465533015
Placed,1,CSE,8.13,0,-0.9915202248062915,1.637678957612724
Not Placed,0,ECE,7.64,3,0.6309707417915889,-1.1075239326463262
Not Placed,0,CSE,6.95,3,0.6724790804361886,-1.3923490052918894
Placed,1,ECE,7.77,0,-0.13168091749537253,1.3610869731091393
Placed,1,ENTC,8.27,0,0.4012249046427628,2.473089995839703
Not Placed,0,IT,6.57,1,-2.5972596038148814,-1.1393444714331902
Not Placed,0,Civil,6.58,3,-0.4019055291938201,-2.3713240438761116
Not Placed,0,IT,7.14,3,0.10733983923499987,-1.190045399947747
Placed,1,Civil,7.54,0,0.6542667499891897,1.2614015632007336
Not Placed,0,ECE,5.83,1,-1.4313300645175244,-0.06310878463385894
Not Placed,0,IT,8.19,1,-1.2408268054524756,-0.2348788944543316
Placed,1,CSE,7.54,2,1.638778829334995,-0.09224538183921951
Not Placed,0,CSE,5.7,1,-2.074378653743508,-2.2796807760657685
Not Placed,0,ENTC,6.75,3,1.2766537595164131,-2.538812646975117
Placed,1,CSE,7.44,3,-0.5795442066037474,-0.42931679002074985
Not Placed,0,ENTC,6.19,1,-1.1985881704983192,-1.1136583608081119
Placed,1,CSE,8.52,0,0.09740943378886233,2.046500291409986
Not Placed,0,Civil,7.86,0,-0.8427921925627206,1.584716105667168
Placed,1,CSE,8.28,0,0.7985612946710459,1.3831042739536403
Not Placed,0,ECE,6.83,3,-0.0765903756302261,-1.8504973475345938
Placed,1,ENTC,8.05,0,0.26526933859586715,1.1956217240468334
Not Placed,0,IT,7.14,1,-1.0671779247106423,0.1421532491983392
Not Placed,0,IT,7.54,1,-1.660006593935606,0.8581650477006713
Placed,1,CSE,8.0,2,3.9826556464730305,-0.6821003470781805
Not Placed,0,ECE,7.64,0,-0.5098169127734812,1.0065489397283316
Not Placed,0,ENTC,8.39,0,-0.5251883787711795,4.068557359622146
Placed,1,CSE,7.82,0,0.5808888125165271,1.0563092117800517
Not Placed,0,Mechanical,7.31,3,-0.35009503498025896,-2.1614889082923847
Placed,1,Mechanical,8.42,2,2.1542423360702707,0.9798041948132028
Placed,1,ENTC,8.6,2,1.740989093327375,1.380612231070342
Not Placed,0,IT,7.77,1,-3.3067513656645446,0.25716712384892276
Not Placed,0,IT,8.84,0,0.011870729792094116,0.38456036088725093
Placed,1,Civil,7.5,2,1.718694357563529,0.054735618992863104
Placed,1,ENTC,7.59,2,1.2111958994668783,0.09308398499731041
Not Placed,0,ECE,7.7,3,-0.2868489555254609,-1.0659163840886634
Placed,1,Mechanical,7.59,2,2.874685294383946,-1.0014946718280004
Placed,1,IT,7.44,3,-0.3066477029389829,-0.08722337701196836
Placed,1,ENTC,7.09,2,2.2529331383562297,-2.0097974563355177
Placed,1,ECE,6.85,1,-1.8491335230973545,-1.0788595682248256
Placed,1,ENTC,7.79,2,2.755777920162632,-2.5580052985236117
Placed,1,ENTC,8.72,0,-0.31671876190149456,0.6273932422776948
Not Placed,0,CSE,8.39,1,-1.2137086475877679,0.17939023821300173
Not Placed,0,IT,8.03,1,-1.5109494307676794,0.5829403914150317
Placed,1,Mechanical,8.76,2,2.7595907278213443,-0.30797737273833287
Placed,1,ENTC,7.72,2,3.428437541276121,-1.9378055069036055
Not Placed,0,CSE,6.86,1,-2.012534475911842,-0.01546918064265577
Not Placed,0,Civil,7.4,1,-2.269140908363147,-1.487521998243765
Not Placed,0,CSE,7.65,1,-2.7420602659291653,0.19470257989645096
Not Placed,0,CSE,7.26,1,-2.577463465427414,0.47860305411800447
Not Placed,0,Civil,8.22,1,-1.3203872636078993,-1.170820027340453
Not Placed,0,ECE,8.5,3,0.019468278549775758,-0.6879379056381878
Not Placed,0,Mechanical,6.23,1,-3.485550622318765,1.1145127183148844
Not Placed,0,Mechanical,7.58,1,-2.3916604334496756,0.4594598736119587
Not Placed,0,CSE,5.23,3,0.16567749338055268,-3.418086940295688
Not Placed,0,CSE,7.62,2,2.422159861175083,-0.43965645585991064
Not Placed,0,ENTC,7.61,3,-0.15499501210506672,-0.8071301356433223
Placed,1,CSE,9.21,2,1.69128393368285,-0.3850268903238945
Placed,1,CSE,8.95,2,2.5910726801256474,1.4793779619555418
Placed,1,CSE,8.49,2,1.3263192682866074,0.5798298792950941
Not Placed,0,IT,6.88,1,-2.4787024869878733,-2.369333646008075
Not Placed,0,IT,6.84,1,-2.6137793720875537,1.0907659639333587
Not Placed,0,ECE,6.77,1,-1.6383459474083566,-0.380758130471778
Placed,1,ENTC,9.0,0,-0.14702355411548332,5.152440254677299
Placed,1,CSE,6.93,0,-0.4066321134547526,0.40454554041105517
Not Placed,0,IT,7.37,3,0.15678362954670158,-0.3988036912605858
Not Placed,0,CSE,6.94,1,-1.5362539791779979,0.2688326364482363
Not Placed,0,ENTC,6.63,1,-1.9820627709666354,-0.9830479030196592
Placed,1,IT,7.98,2,1.4790307797714342,0.09059888914985273
Placed,1,CSE,7.83,2,1.4878097710516576,-0.2523786143514612
Not Placed,0,ECE,5.81,1,-1.7464555227350063,-0.8849304825736579
Not Placed,0,CSE,6.59,1,-2.7260937291951444,0.41717776835138026
Not Placed,0,ECE,7.92,1,-1.7008181823544093,0.6969062294209737
Not Placed,0,Mechanical,7.64,1,-1.8974921449133832,1.1471774428156518
Not Placed,0,IT,7.36,1,-1.3824440188106624,0.6627332647931917
Not Placed,0,IT,8.21,2,1.566908940504404,-1.3186664683326448
Not Placed,0,IT,6.47,3,-0.4265142645492624,-1.3528394976157876
Not Placed,0,ECE,7.19,1,-1.3192495050504218,0.6943277368015164
Placed,1,Mechanical,8.14,0,1.4586852089083153,1.5847888254435307
Not Placed,0,ECE,7.15,1,-2.231256279951303,-0.3550715386445427
Not Placed,0,Civil,7.97,1,-1.9326503602441572,0.05134488880425977
Not Placed,0,ECE,6.73,3,0.11155122036209178,-1.4786639298545625
Not Placed,0,CSE,7.0,1,-2.2700034950044192,-1.1932512828721453
Not Placed,0,CSE,6.19,1,-2.976164544287567,-0.9520298425417305
Not Placed,0,ECE,5.95,1,-0.8412708925209332,-0.39356519253923616
Placed,1,ECE,7.3,3,0.3763887134456195,-0.20639634028021264
Not Placed,0,CSE,8.08,0,-0.5714843060423511,0.09431898608934783
Not Placed,0,CSE,7.6,2,1.6644847434859797,-0.18961740363384902
Not Placed,0,CSE,8.69,3,0.003448103711581566,-0.3883531099750851
Not Placed,0,CSE,7.37,1,-2.064172155080401,-0.15746239879111032
Not Placed,0,ECE,5.9,1,-3.105472835646868,0.686189817571792
Placed,1,ENTC,7.99,3,1.6216368312986826,-1.3582308312851001
Not Placed,0,ENTC,6.78,1,-2.759682680320357,-0.27829519040624506
Not Placed,0,CSE,7.81,3,-0.053038804061195884,-0.14989174270048675
Not Placed,0,Mechanical,5.76,3,1.3351127018447,-2.7811862708007276
Not Placed,0,CSE,7.47,1,-2.5243127260495353,0.33005844514716576
Not Placed,0,CSE,8.3,3,-0.33876514627916043,-0.8277492418398374
Placed,1,ENTC,8.19,0,0.7758861927552952,0.20732135205998556
Not Placed,0,Civil,7.49,3,0.06207968943226941,-1.212990602738836
Not Placed,0,Civil,7.66,3,0.9324006809259,0.033805379775739414
Placed,1,IT,7.28,3,0.6019163276839269,-0.5872388766351239
Not Placed,0,CSE,7.45,0,-0.12202823623842828,0.9873414407780261
Placed,1,ENTC,8.23,2,1.9418672079475416,-0.6739640490580227
Not Placed,0,ENTC,7.06,1,-2.6035092282053944,0.3404182341301798
Not Placed,0,CSE,7.15,1,-3.3642686179401218,-2.7116420628401365
Not Placed,0,IT,6.36,1,-2.2588738606853376,-3.170464132912103
Not Placed,0,CSE,8.25,3,-0.03558655575860066,-2.412644996941462
Not Placed,0,IT,7.43,3,0.3665744149953098,-0.2426527845948104
Not Placed,0,CSE,6.63,1,-2.2600714443933363,-0.8004618252982737
Placed,1,ECE,8.4,3,1.3405911447502235,-1.1718495351462415
Placed,1,IT,7.61,2,1.5075881669874536,0.26418675061726093
Not Placed,0,ECE,7.02,1,-2.685115193751844,-1.5013165966747406
Placed,1,ECE,8.41,2,3.868840537990722,-1.5769703934591022
Not Placed,0,CSE,7.36,0,-0.15529710351236425,0.9855887625648867
Not Placed,0,CSE,6.32,1,-1.891040162872207,-1.0265901284844539
Not Placed,0,Mechanical,8.47,0,-0.754653836366272,1.2707252018748816
Placed,1,CSE,6.94,0,0.12509922161389092,1.0715505231835418
Placed,1,Mechanical,10.0,2,6.480746006656821,0.6496402844490743
Not Placed,0,CSE,7.27,2,2.4680226873018,-2.541906101569526
Not Placed,0,ECE,5.94,1,-2.588931508715066,-0.6630666631108347
Placed,1,Civil,9.14,0,1.9763688546653377,3.1637297868245784
Not Placed,0,IT,7.61,3,-0.628509038335937,-0.2883475747993976
Placed,1,CSE,7.87,2,2.67620623687203,0.4240596158979784
Not Placed,0,Mechanical,7.98,3,0.1630594566305299,-1.8424737210280513
Placed,1,CSE,6.5,3,0.8798434921709989,-0.09064478919176014
Not Placed,0,CSE,5.81,3,-1.199829007859258,-2.1530710200544996
Placed,1,Civil,9.31,2,3.0022396894620282,2.2274154458069746
Not Placed,0,IT,6.32,3,-0.8746849659440239,-1.9772251523821882
Placed,1,ECE,9.05,0,1.5323044450329946,1.2046872966733635
Not Placed,0,ENTC,8.1,3,0.3967840548729016,-0.12596732601671648
Not Placed,0,ENTC,7.8,1,-1.5407672908513528,-1.376369072853045
Placed,1,CSE,7.26,2,1.9749236101597483,0.5469171156269012
Placed,1,IT,9.62,2,2.6729293919395274,1.3865976446646486
Not Placed,0,ENTC,7.07,0,0.1258901136035354,0.28670461792575114
Not Placed,0,ENTC,7.09,3,-1.025858690077149,-1.1333125092421712
Not Placed,0,CSE,8.23,0,-1.26854905991128,2.6291401268299324
Not Placed,0,CSE,7.08,3,-0.6640661723706827,-1.456712690056658
Not Placed,0,CSE,6.79,1,-2.2988067589808225,0.2949899550446291
Not Placed,0,IT,7.61,1,-1.390274131157619,0.9412685718241759
Placed,1,ENTC,8.24,2,4.173362717819139,1.93323585377079
Placed,1,Mechanical,9.25,0,2.486379547389804,3.120968487650505
Not Placed,0,CSE,9.43,0,-0.43780215918722376,0.7874289571166205
Not Placed,0,Mechanical,6.13,1,-2.68572049362414,-1.6939169756905876
Not Placed,0,ENTC,8.54,2,2.548574151396928,0.6477754052040473
Not Placed,0,ECE,6.82,1,-2.6951794579476416,-1.085864111445639
Not Placed,0,Civil,6.86,3,0.4346907977385368,-3.0067422583433903
Placed,1,CSE,7.2,3,0.3117668815072152,-1.5198479556304454
Not Placed,0,Mechanical,7.14,3,-1.2480542048040486,-1.9263232660908483
Not Placed,0,IT,6.75,3,0.1429518525280752,-1.4502846787496877
Not Placed,0,CSE,5.68,1,-4.110779109531529,-0.42055048376514276
Not Placed,0,CSE,8.89,3,0.5672951920407271,0.019832272073180193
Not Placed,0,IT,8.42,3,0.10865979086210184,-0.7174495454923533
Placed,1,ENTC,7.64,0,-0.09041167787084906,1.9940596855160468
Not Placed,0,CSE,6.83,3,-0.5560620723287428,-1.656217704423049
Placed,1,CSE,8.71,2,3.962426867974364,0.8212816811533542
Not Placed,0,ECE,7.6,1,-1.7173033359347694,0.5762477670045412
Not Placed,0,IT,7.17,1,-2.9838140651436382,1.902114295830652
Not Placed,0,IT,6.26,1,-1.3451858044672098,0.33643749010843904
Placed,1,IT,8.11,2,3.905855781813383,-1.2605390225319784
Not Placed,0,Civil,7.37,0,0.561674460903147,0.3640870767567237
Not Placed,0,ENTC,7.88,0,-1.244285906845169,1.7916558922843782
Placed,1,CSE,7.8,2,1.2243490277023912,-0.45020149909157564
Placed,1,ECE,8.2,0,1.2478387769242594,0.9354886107654911
Placed,1,ECE,7.84,2,1.2778562008398822,0.44663873984130636
Placed,1,CSE,7.4,2,2.172366740842479,-1.1185646905456248
Not Placed,0,IT,8.13,0,-1.4099926483747907,1.4232340512857589
Placed,1,CSE,8.47,2,3.0838837481430317,1.0863066898350913
Placed,1,CSE,8.97,0,1.137713577657632,0.6893757898141564
Not Placed,0,Mechanical,6.7,3,-0.40647107740982574,-1.909139618887401
Placed,1,CSE,8.6,0,-0.4327106492603247,1.7345339712035361
Not Placed,0,CSE,6.31,1,-4.192818910094769,-2.185210773944493
Placed,1,CSE,8.52,2,4.188597477208814,0.6765112518810094
Not Placed,0,ENTC,7.16,3,1.173423293604877,-1.2686395176138008
Placed,1,Civil,8.37,2,3.2569367855962073,-0.9869342367073989
Placed,1,CSE,8.93,0,1.618736317540333,2.6693672245775515
Placed,1,IT,7.85,0,1.2168466760418977,2.7709994182641347
Not Placed,0,ECE,7.66,3,1.3740909153729068,-1.0551630483992178
Not Placed,0,IT,7.62,3,-0.45188914197094243,-1.321902480334404
Not Placed,0,IT,7.3,0,-1.2895444106253944,1.504434910109768
Placed,1,ECE,8.66,2,2.879550781821037,1.622594610942832
Placed,1,IT,7.61,0,-0.8165549899645275,2.5495292095365873
Not Placed,0,IT,5.85,1,-3.579496737289131,0.0805314493385099
Placed,1,CSE,8.45,2,5.428738866338219,-1.1389169679615876
Placed,1,CSE,8.41,0,0.6168666431933559,0.547334633312144
Not Placed,0,Mechanical,7.74,2,1.7903106624557108,-1.0995307318613907
Not Placed,0,CSE,7.03,1,-1.8817261051579592,0.49922390420192103
Not Placed,0,CSE,6.71,0,0.22967267436611324,0.21404476527603342
Not Placed,0,ECE,7.03,0,-1.1861047759829715,1.7259965530657684
Not Placed,0,ENTC,7.87,1,-2.1915816971396347,0.7917301555436864
Not Placed,0,CSE,6.13,1,-3.4534417978683396,-2.2528790076185423
Placed,1,ECE,8.06,3,1.5358458942932702,-1.5484041347737332
Not Placed,0,ECE,7.76,2,1.5013585073512243,1.0325396691265232
Not Placed,0,CSE,8.79,0,0.7987604365507767,0.004976524593297646
Not Placed,0,IT,8.3,1,-3.4410257163519016,0.6425359396988397
Not Placed,0,ECE,7.09,3,-0.2042200664771632,-0.2361646461823047
Not Placed,0,CSE,6.26,1,-2.778207321692326,-0.720312136051994
Not Placed,0,CSE,7.0,1,-1.5797693772183519,0.0037666306744694603
Not Placed,0,CSE,8.87,0,0.4758420152896855,1.5825304704351326
Not Placed,0,IT,7.95,0,-0.5757388844107527,0.9530623013960718
Placed,1,CSE,8.21,0,1.1573474524428453,2.538619775480253
Not Placed,0,CSE,7.17,0,-0.729830599658686,0.8304231388404795
Placed,1,Mechanical,8.11,2,3.2621508638589902,-0.5595948899410036
Not Placed,0,ENTC,6.41,1,-1.184773585612064,-0.9335329184220906
Not Placed,0,CSE,8.49,0,-1.2834594049979728,1.1906418632376459
Not Placed,0,CSE,6.72,1,-1.8821291826485527,-0.8780432638204374
Not Placed,0,Civil,6.02,1,-1.4339831818667224,-1.2613663324045503
Placed,1,ECE,9.62,2,3.7516148403181298,0.9211838877620107
Not Placed,0,ECE,7.81,1,-1.3172780442195355,-0.6046455163599028
Not Placed,0,IT,7.79,1,-2.0386174840373736,0.265630729191017
Not Placed,0,IT,6.11,3,-0.4547170033732214,-0.6681213204807935
Placed,1,CSE,8.23,0,1.2822199186433068,0.9414286251505355
Placed,1,ENTC,8.45,2,3.1233319539236906,2.7748252869545684
Placed,1,Mechanical,7.53,0,-0.9579537030329905,0.9421946885497385
Placed,1,IT,8.46,2,1.8297891150790762,0.6161190562044769
Placed,1,ECE,8.69,2,3.860598316744188,0.0714784435414523
Placed,1,Mechanical,8.15,2,1.4981653956727183,0.3554580870572538
Not Placed,0,Mechanical,5.86,1,-2.535989256075111,-0.850186432750336
Not Placed,0,CSE,6.72,1,-1.8422400197109317,-1.6978102408880935
Placed,1,CSE,9.13,0,0.4157467654886735,1.0486289397461037
Not Placed,0,Civil,7.77,0,-1.8522809550718873,2.0221858328650453
Not Placed,0,CSE,7.77,3,-0.7593188692137547,-0.6554081342136132
Not Placed,0,CSE,6.99,3,0.8487815250548271,-2.8370709834207353
Not Placed,0,IT,7.16,0,-1.4413976399596902,1.6441915008139731
Placed,1,CSE,8.71,2,2.48417853840809,-1.1541732957758781
Not Placed,0,IT,8.97,0,0.39006751092623165,3.182613859050976
Placed,1,CSE,8.38,0,-0.5554914359400627,1.5919789879373392
Not Placed,0,Civil,8.17,3,-0.25669268202403484,-0.47949198967572737
Placed,1,CSE,8.23,3,0.9822878375163521,-0.3293798180717964
Not Placed,0,Civil,7.64,1,-1.687767510321207,-1.4866349329710067
Not Placed,0,Mechanical,6.68,1,-2.1278503346550757,1.1036202860931406
Not Placed,0,ENTC,6.49,3,-0.4711562768846129,-1.3970771806029993
Placed,1,ECE,8.82,2,2.225789783026751,0.09269055141381156
Not Placed,0,Mechanical,7.67,1,-1.2776842849677437,-0.6686228775248284
Placed,1,CSE,8.11,2,4.7405468478678525,-1.5509387360401132
Not Placed,0,IT,7.88,3,0.908861651783713,-0.3111794551362217
Not Placed,0,Mechanical,7.92,2,2.3887236556833793,0.9308601311687141
Not Placed,0,CSE,7.99,3,-1.048437275194852,-0.9383665465626017
Placed,1,Mechanical,8.29,0,-0.5688686604899998,2.219655181700807
Not Placed,0,CSE,7.05,3,1.401556441096832,-1.8268954769283055
Not Placed,0,CSE,8.71,0,-0.35416724736932786,2.5076547462987464
Not Placed,0,ENTC,7.07,3,-0.6198355191871368,-1.5510650018044407
Placed,1,ECE,7.9,3,1.0794855515698036,-1.4148759045972514
Not Placed,0,CSE,6.69,1,-3.4238921335712447,-0.6610352764925763
Not Placed,0,Mechanical,7.56,0,0.32636673804579813,0.7908424972153901
Not Placed,0,CSE,7.14,1,-1.9879495304536945,0.6076474781182039
Placed,1,IT,7.72,0,0.7845109500195484,0.5507966323269483
Not Placed,0,ECE,8.33,1,-0.9805878452600488,-0.10708652240600106
Not Placed,0,IT,7.76,1,-1.9081592420515143,1.1131020649917942
Placed,1,CSE,9.37,0,0.3780990701098568,3.7218568091151596
Placed,1,IT,8.38,0,1.7804114318803421,2.134491517508871
Not Placed,0,CSE,7.51,1,-3.69315586350992,-0.6563233189449459
Not Placed,0,Civil,7.63,2,1.3887639444822342,-0.300765443987234
Not Placed,0,IT,8.02,0,-0.09300656855615727,1.4625114641156565
Placed,1,ENTC,8.3,3,0.9057817432576117,0.13788804425006565
Not Placed,0,ECE,6.65,3,-0.8271628096428899,-0.7354194656073527
Placed,1,IT,8.24,0,0.9827063392133149,0.7870995810730326
Not Placed,0,Civil,6.67,1,-3.629808183034271,0.21616591545222802
Placed,1,IT,8.16,0,0.9910478444241642,0.3297120129763784
Placed,1,CSE,8.64,0,-0.5020881321694957,0.7460249493954768
Not Placed,0,ENTC,7.95,2,2.8601339732095568,-0.826276041709766
Not Placed,0,ENTC,5.72,1,-3.99869097679358,-2.0957433743243685
Not Placed,0,CSE,6.18,1,-1.8702863589066339,-1.9687383308927446
Not Placed,0,ENTC,8.18,0,-1.4464856775521204,1.4797757587252742
Not Placed,0,Civil,5.61,3,-0.8112833649220185,-1.7208391313246212
Placed,1,CSE,8.22,0,-1.7463407807569975,2.126894322802954
Placed,1,ECE,8.54,0,-0.8379976068756774,2.097629089596472
Placed,1,CSE,8.66,2,2.204281179884312,1.3470488497044875
Not Placed,0,CSE,7.49,3,1.0266238336922258,-1.0401811706390964
Placed,1,CSE,8.07,0,-0.5438353292872988,0.07783590329030048
Not Placed,0,IT,7.88,0,-0.12304583031981972,0.7500428817711862
Not Placed,0,ECE,6.45,1,-1.538593370381677,-1.401645993961886
Placed,1,IT,8.33,2,1.5043851001138222,0.7683816907894152
Placed,1,IT,8.88,2,3.038231160933994,2.2142900442128006
Placed,1,CSE,8.29,0,0.45034717122521983,1.770314148048346
Not Placed,0,IT,7.27,1,-3.2708412851099355,-0.6392396772980765
Placed,1,CSE,8.33,3,0.6787765696973204,-0.14719610644324382
Placed,1,CSE,8.8,0,1.0906554713845777,2.766841687442645
Placed,1,IT,8.69,2,2.2482556372721376,1.1120743517576943
Placed,1,CSE,8.57,0,0.5836782132053562,1.365848567738362
Not Placed,0,IT,6.35,3,0.5647531082335834,-1.604875462573933
Not Placed,0,ECE,8.04,0,0.23254955396887772,0.9672378984048869
Placed,1,CSE,8.25,0,0.20095222173409302,3.1675240617049423
Placed,1,ECE,8.58,2,3.896412994963264,-0.47277233957991804
Not Placed,0,ECE,8.14,0,-0.21927657273014983,0.17640793228481108
Not Placed,0,CSE,9.02,3,1.370774082347872,-0.7292399251752628
Not Placed,0,IT,6.15,1,-1.993861497990332,-0.4808162992278994
Not Placed,0,CSE,8.17,1,-1.4168848125210805,0.39645491098687835
Placed,1,CSE,8.11,0,0.244506278719101,0.22285200600484914
Not Placed,0,CSE,8.47,0,-0.49164721025070146,0.7485720720961858
Placed,1,Civil,9.01,0,0.6707887981733106,2.6170782480400105
Not Placed,0,IT,6.94,3,-1.229478261833914,-1.8454340334949368
Placed,1,CSE,8.98,0,1.3352881940009427,1.842681573770573
Not Placed,0,ENTC,8.39,0,-0.32650691048870456,0.3428533332565441
Not Placed,0,Mechanical,7.54,0,-0.5015915557979811,0.9828331125041389
Not Placed,0,CSE,6.93,3,-0.15653859132384387,-3.356916982803656
Placed,1,CSE,7.87,0,-0.6214850254401352,0.11790162477494713
Not Placed,0,IT,7.94,0,-1.2771706836938281,2.264323120248902
Placed,1,ENTC,7.99,2,2.482398810594527,1.4396792052930227
Not Placed,0,ECE,7.17,1,-1.2708079277035618,0.2934255580860451
Placed,1,CSE,8.22,0,0.10863098301608479,0.5945519600071383
Placed,1,CSE,7.36,2,1.2965535788782194,0.15806453225303893
Not Placed,0,CSE,8.73,0,0.9925279086359208,0.9066544738115706
Not Placed,0,ENTC,9.15,0,0.14333333478858595,1.1329537840180235
Not Placed,0,IT,7.01,1,-1.0337346517792974,0.3004061522538146
Not Placed,0,CSE,7.75,0,-0.8249211586373714,0.713806950702114
Not Placed,0,IT,8.53,0,-0.17788884927454476,1.623067372551949
Not Placed,0,ENTC,7.93,0,-0.7233559700294709,0.5629153984188149
Not Placed,0,IT,6.55,1,-1.9193699003479459,0.8787344153562197
Placed,1,Mechanical,8.44,1,-1.3756430732308627,0.6699004204370009
Placed,1,CSE,7.19,0,0.9087354864931001,0.4371990477781599
Placed,1,CSE,7.87,0,0.6454595602222326,0.8387645290839274
Not Placed,0,CSE,6.86,3,-1.0714607654149901,-1.447274350352961
Placed,1,CSE,8.38,0,0.9247748172886344,1.817022967462367
Not Placed,0,CSE,7.34,1,-2.7544565157317913,1.9503012232518928
Not Placed,0,CSE,8.47,0,-0.022141501490307226,0.4660953921781584
Placed,1,IT,7.52,2,2.8958815490776963,-0.9427191815681042
Placed,1,CSE,7.29,2,2.3823608290295955,-1.1198378904736663
Placed,1,ENTC,8.05,0,-0.26639642275217673,1.4675245213829913
Not Placed,0,CSE,6.79,1,-2.6435374725817278,0.08596582650639702
Not Placed,0,ENTC,9.23,0,-1.066958906510565,2.4944357900211065
Not Placed,0,Mechanical,7.86,0,-1.0083298568038161,0.6067013361311675
Placed,1,ECE,7.22,0,1.015549286154912,1.029858788019178
Placed,1,IT,7.36,3,1.4915412624638973,-1.335257855461096
Not Placed,0,CSE,7.71,1,-2.554240164786683,0.5030743913100724
Placed,1,ENTC,8.55,3,0.09085991736000493,0.0665935432311618
Not Placed,0,CSE,6.94,0,-1.2318378657856313,0.6492672331564857
Not Placed,0,CSE,7.39,1,-2.3185982428615093,1.0430858575096331
Placed,1,CSE,7.66,0,-0.5165929545460554,1.7554727400102081
Placed,1,CSE,9.01,3,1.5801104023848502,-2.1321255868373474
Placed,1,IT,8.55,0,1.7522908659804795,3.4380073289905155
Placed,1,CSE,9.05,0,0.9233020146389994,0.3596067627941064
Not Placed,0,ECE,7.73,3,1.1828317545769023,-1.4412646901054023
Placed,1,CSE,8.92,0,1.0787992707862786,1.9364766770598798
Not Placed,0,CSE,8.78,3,0.23924542792656692,-0.18743444348810517
Not Placed,0,Civil,8.29,2,1.1985814510708317,0.30446137422130964
Not Placed,0,CSE,8.36,0,-1.18597951052273,0.8057341416078483
Placed,1,IT,7.19,3,-0.14181831612040288,-0.967254026876283
Placed,1,IT,9.25,2,3.087959297925285,0.33854132015871863
Not Placed,0,CSE,7.49,3,0.2579553011426497,-0.802483120479577
Placed,1,CSE,8.18,0,0.4478811091330508,2.25664608345327
Not Placed,0,IT,8.28,2,2.7489999777503087,1.3026222859269485
Not Placed,0,Mechanical,6.53,3,1.5705599906006142,-1.9069875985794214
Placed,1,Mechanical,7.66,0,1.0426734010031273,0.36225050288895166
Placed,1,CSE,7.87,0,-0.04052650431131819,1.1771908223168859
Placed,1,ENTC,7.6,2,2.9596256560096252,-0.37475636659544137
Placed,1,ECE,7.67,3,1.1818976718103382,-1.2545817320210404
Not Placed,0,ENTC,8.97,2,3.88044518167233,-0.7182317870232696
Not Placed,0,CSE,7.0,1,-2.4679789919664716,1.3514873228549487
Not Placed,0,ECE,6.62,1,-2.827040339037124,-0.347157385566667
Not Placed,0,IT,7.2,3,0.3199772528250126,-0.7134063141641879
Not Placed,0,IT,8.33,1,-2.571497041531732,0.5886650698987839
Placed,1,Mechanical,8.42,2,4.162704509250574,-0.3320474948653581
Placed,1,CSE,8.22,2,3.3395198192680624,-0.9146034071306747
Not Placed,0,CSE,8.48,0,-0.07072151173205442,-0.01039056341364991
Placed,1,CSE,7.92,2,1.8983746581266774,-1.5741612516272023
Not Placed,0,Mechanical,7.26,3,-0.6400818121291451,-0.5310921293510681
Not Placed,0,CSE,6.9,0,-1.1050991022694987,0.7122495047037296
Not Placed,0,IT,6.63,1,-3.0791750722454445,-1.3071555383277416
Placed,1,ECE,7.51,2,1.3757388594603501,-0.557966595782693
Placed,1,IT,8.37,0,1.2840025217674729,0.7075010593763269
Not Placed,0,CSE,7.9,3,0.8695301290278895,-0.7352697538788515
Not Placed,0,ECE,7.72,1,-1.7598507792357678,0.13642840807084147
Placed,1,Civil,6.8,1,-1.270827604734892,-0.9973525450611093
Placed,1,ENTC,9.89,2,5.215908872159101,1.392135548956899
Placed,1,IT,7.0,2,2.1348027595009214,-0.0727753971200994
Not Placed,0,CSE,7.8,3,-0.3893885172145227,-0.6721267353820386
Placed,1,ENTC,8.55,3,-0.003699389382919568,0.10670384992839797
Not Placed,0,CSE,7.74,1,-1.8962368258092765,-0.05344672345960188
Placed,1,ENTC,7.01,1,-1.1077077956016974,-0.6689828632492655
Not Placed,0,CSE,8.39,2,1.0344627608860164,0.04965306785956731
Not Placed,0,Mechanical,6.56,2,2.07729778684922,-2.0485423518223937
Placed,1,CSE,9.18,0,1.7793842919841962,1.7167385000797237
Not Placed,0,Civil,7.94,3,1.0769210306777277,-0.9720011425964675
Not Placed,0,CSE,7.48,0,0.28485675482497513,0.3667760480237828
Not Placed,0,ECE,6.5,1,-0.9492445518167241,-0.34230197089078773
Not Placed,0,IT,6.72,1,-2.6836564348592113,-1.5408321003239631
Not Placed,0,CSE,7.66,3,0.46087733444578577,-1.0440001663678644
Placed,1,CSE,9.31,0,0.7808985060729384,1.100296736126941
Placed,1,IT,7.9,2,2.0377551465259645,-0.07820671056635839
Placed,1,CSE,8.0,2,4.35104354258663,-0.9291514892799919
Not Placed,0,IT,8.03,3,-0.07099385962631896,-1.4551664646923546
Placed,1,Civil,9.71,0,2.6767586558542704,3.5955187535716613
Placed,1,ENTC,7.32,2,4.82862711637542,-3.0166444733976396
Placed,1,ENTC,9.03,2,3.544867470083,-1.4119436670027021
Placed,1,CSE,7.36,2,1.508467677256379,-0.0016940482427847596
Not Placed,0,CSE,7.1,3,-0.1423668584152902,-0.8127693228513235
Placed,1,CSE,7.63,1,-1.3794144781390882,0.47948777578414153
Not Placed,0,IT,7.63,0,0.03304962633081442,0.4035355997997347
Not Placed,0,CSE,8.18,3,0.12569193049654392,-0.3904280996990602
Not Placed,0,ENTC,5.72,1,-2.74426483612664,-1.3834340090878983
Not Placed,0,IT,7.83,1,-1.3091653417097167,-0.34492386341390546
Not Placed,0,IT,7.19,1,-1.3496291587651454,-0.8359737204024713
Not Placed,0,IT,7.08,1,-3.2868620578079524,0.19523735676923437
Not Placed,0,CSE,6.6,1,-4.069373818803759,-0.9977720429067554
Not Placed,0,IT,7.39,1,-1.4479794886016935,0.13688709089028214
Placed,1,CSE,7.26,0,-0.40092030998723494,0.6951203744688917
Not Placed,0,IT,7.34,0,0.27603161703019874,0.24094851475986356
Not Placed,0,IT,6.31,3,-1.3001519508650445,-1.513672828038495
Placed,1,ECE,7.78,2,2.975115881969988,-1.1155720387926606
Not Placed,0,Civil,7.03,1,-1.567203543708742,-1.1791728065615383
Not Placed,0,IT,6.31,1,-3.971986781632996,-0.7521606959162555
Not Placed,0,CSE,7.23,0,-1.176784622968559,1.3466325600762654
Not Placed,0,CSE,7.04,3,-0.7634187989523952,-0.3220167559950505
Not Placed,0,ENTC,7.73,1,-2.6868364281476858,0.9839353345347918
Placed,1,CSE,7.22,0,0.7901318818816273,0.5165044470522517
Not Placed,0,CSE,6.47,1,-2.3697155501959366,-0.3854302299358505
Not Placed,0,CSE,6.94,1,-1.2073464988061255,-0.42273834244734665
Not Placed,0,Civil,6.23,1,-1.7723742460868073,-2.0894976115298896
Placed,1,IT,8.67,0,1.7671775659014433,1.683725787803282
Not Placed,0,IT,8.8,0,0.5084140379095925,0.3188949331852298
Not Placed,0,CSE,8.91,0,0.7043414789986785,1.6826230775978872
Placed,1,CSE,7.2,3,0.11339101771575616,-0.8572133291644707
Not Placed,0,IT,8.8,2,1.24842735752543,0.20747431552531678
Not Placed,0,Mechanical,8.05,0,0.24791221249677198,0.8258263845416942
Not Placed,0,ECE,7.0,1,-2.6633053490920813,0.7656637853783365
Placed,1,Civil,7.17,0,-0.12858262548941737,2.6630836466829915
Placed,1,Civil,7.55,3,0.8094690809098385,0.00013307874726240304
Not Placed,0,CSE,7.79,1,-2.1378547484401476,-0.07897133584554956
Placed,1,Mechanical,8.01,3,-0.7111818025354619,-0.9146392106385681
Not Placed,0,ENTC,7.7,2,1.809716719569469,-0.14603938660153573
Not Placed,0,CSE,7.4,0,-0.9278909059327851,1.9959638282652066
Placed,1,ECE,8.85,2,2.6160530905251433,0.5649847483671115
Not Placed,0,Civil,7.6,0,0.4466407161872138,0.5123849334022844
Not Placed,0,ENTC,7.55,3,-1.357302042807928,-1.8453783402775241
Not Placed,0,ECE,7.52,3,-0.04877317875647147,-0.5001212008401604
Not Placed,0,CSE,7.6,0,-0.4801793092576933,0.22005142441500253
Not Placed,0,ENTC,6.54,1,-2.4477736883562793,-1.8009071411290751
Not Placed,0,CSE,6.85,1,-1.1552272501035727,-0.8313380554250015
Placed,1,ECE,9.78,2,1.9053297735502421,1.3129782034845903
Not Placed,0,ECE,6.3,1,-3.066374427593765,1.7969994987788724
Placed,1,CSE,7.93,2,2.070610056259339,-1.2881219075035037
Not Placed,0,IT,7.99,0,-0.11169557178885181,0.2788020984299535
Placed,1,ECE,8.56,2,3.0094278346599044,1.2315728707779414
Placed,1,CSE,8.01,0,0.05077628473621245,2.4033909312774533
Placed,1,CSE,9.31,2,3.2433696787473467,1.2037572827027465
Not Placed,0,IT,7.9,0,-0.6822617884486292,1.4311971608282683
Placed,1,ECE,8.85,2,1.9895461569100197,-0.5181041672168522
Placed,1,IT,8.58,0,0.7821630896642852,1.361168842053091
Not Placed,0,CSE,9.01,3,0.8026002053515994,-1.4635362631523345
Not Placed,0,Mechanical,7.72,3,-0.7266294909102884,-0.3929084936206473
Not Placed,0,CSE,8.04,0,-0.830121440780458,1.0111709552188355
Not Placed,0,Mechanical,7.39,0,-0.6209599191382231,0.26462937722232616
Placed,1,CSE,7.84,2,1.9165430889693194,-0.26520737123478044
Not Placed,0,IT,7.88,3,0.753351892608265,-0.5229343564156158
Not Placed,0,ENTC,5.93,3,-1.3936390107968337,-1.9196909088177145
Placed,1,CSE,7.58,0,0.7909567020773712,0.25706122989354957
Placed,1,Civil,8.46,2,3.8820631994802324,-0.9644760488646216
Not Placed,0,CSE,6.55,1,-3.1982978011401206,-1.6150103870239394
Not Placed,0,ENTC,6.86,1,-1.0066884220082437,-0.39878303233854884
Not Placed,0,CSE,8.68,1,-2.1905976955969297,1.7050961310665347
Placed,1,ENTC,8.84,2,1.877185184674965,1.114511897347834
Not Placed,0,IT,7.17,1,-2.6493018152442875,-0.9450777524906591
Not Placed,0,ECE,7.85,0,0.3557478515732447,0.33856884514875296
Not Placed,0,IT,7.63,1,-2.42005487508306,-0.7976561322758599
Not Placed,0,ENTC,8.7,3,0.9472847566691536,0.15440860311098345
Not Placed,0,CSE,7.25,3,-1.2109335949462037,-2.4449833719097844
Not Placed,0,CSE,7.38,1,-1.9602207932847115,-1.7135147258721901
Placed,1,ECE,8.84,2,2.033408296098236,1.8096750224446871
Not Placed,0,CSE,6.85,1,-1.808766569701841,-0.15498307621987967
Not Placed,0,ENTC,7.28,1,-1.5997576646356244,0.07069879256589146
Placed,1,ECE,7.81,2,1.627010433997751,-0.17805802517785857
Placed,1,IT,9.0,2,3.1265165249835345,1.8592716587516864
Not Placed,0,ENTC,6.69,1,-3.8707459518483467,-0.8959599698075931
Not Placed,0,CSE,7.1,1,-1.1787624913213892,-0.9228820821554725
Not Placed,0,ECE,8.2,0,-0.7810776880277845,0.6383961282659185
Placed,1,IT,8.33,2,2.779384383994908,1.6893523244286637
Placed,1,CSE,7.88,0,-1.4506255278786244,1.7706536824916415
Placed,1,ENTC,7.6,0,0.10690786955324899,0.8029641026646138
Not Placed,0,Mechanical,7.81,0,0.5337518335083146,0.899652509755612
Not Placed,0,Civil,6.42,3,-0.8180730092082057,-0.8739292679971162
Placed,1,ECE,7.79,0,-0.7575513153276153,0.9847309170622781
Placed,1,IT,8.96,0,1.3164002950892961,0.5917356605673899
Not Placed,0,CSE,6.58,1,-2.3494366860244567,-2.297329517088366
Not Placed,0,IT,7.03,1,-3.9412147448924917,0.06284178697906315
Placed,1,ECE,7.36,3,0.8352172324719863,-0.3399119785051394
Not Placed,0,IT,7.42,1,-1.877688041218667,-0.9937256907923149
Placed,1,Civil,9.27,0,0.7670534734958279,2.381440464236831
Placed,1,IT,6.91,3,1.8884145595812267,-2.334419153475568
Not Placed,0,IT,6.74,1,-2.8305099828476967,-1.266726513010366
Not Placed,0,ENTC,8.36,2,2.3300799634458986,0.3526722482265289
Placed,1,IT,7.15,3,0.031320117550964664,-0.9803827870369103
Not Placed,0,IT,8.37,1,-1.70422448106043,1.3382103345975855
Not Placed,0,CSE,7.53,1,-1.7820912824868038,-0.5469518373673055
Not Placed,0,Civil,8.09,1,-1.3755995160253207,-0.5432271118091744
Not Placed,0,CSE,6.37,3,0.2932675769136896,-0.8627286730223499
Placed,1,CSE,8.09,3,1.5342734094139108,-1.1044005883506287
Placed,1,CSE,7.89,3,2.2515956516112476,-2.2509628987337784
Not Placed,0,CSE,7.48,1,-1.6989959034494229,-0.021619222059810504
Placed,1,CSE,6.65,2,3.59019408719148,-0.6625880888473441
Placed,1,ECE,7.88,3,1.3445614054018007,-0.5141064964840613
Placed,1,CSE,8.32,2,1.7886117774995232,1.155179061320069
Not Placed,0,Mechanical,7.25,3,0.14988980058099638,-1.742586759556871
Not Placed,0,ECE,7.27,1,-1.2766911788779698,-0.7288444024859841
Placed,1,ECE,8.37,0,-0.48534895627005975,0.4322300996655556
Placed,1,CSE,9.15,2,3.358070802676788,1.5179956791408054
Placed,1,CSE,8.5,0,1.1767082549556576,0.6196409170233315
Not Placed,0,CSE,7.9,3,-0.32521526910695175,-0.0654599208529813
Placed,1,CSE,7.49,2,2.247698388329079,-0.6740967755429701
Not Placed,0,IT,7.68,3,-0.44797797714354554,-1.3547234293925994
Placed,1,IT,6.57,1,-1.468899190768056,0.035908000499259476
Placed,1,CSE,7.57,0,-0.03754064657231422,0.3337914157180207
Placed,1,IT,8.65,2,1.793134234056542,1.1264014454663032
Not Placed,0,CSE,7.73,3,0.8701997793126908,-1.0446180159617526
Placed,1,CSE,7.17,2,2.9429182398731903,-0.3359241568763485
Not Placed,0,ENTC,7.09,0,-0.2174026156069577,0.8030921577590551
Placed,1,CSE,7.67,0,-0.19534742236678102,1.7709340646469898
Not Placed,0,ENTC,6.65,3,0.18055899953773186,-2.9122671823404866
Not Placed,0,IT,6.93,0,-0.8995748719789882,1.3896885597120572
Not Placed,0,Civil,9.0,0,0.3874239153083353,0.2915839478304781
Not Placed,0,CSE,6.82,3,-1.2407744432804828,-1.818023320200695
Not Placed,0,CSE,7.02,1,-1.034090844862055,0.20803124182397598
Not Placed,0,ECE,7.95,0,0.04839831434046549,0.38901404464935974
Placed,1,CSE,7.32,3,1.1121335505765075,-0.04590803934570373
Placed,1,CSE,7.78,3,0.3229069467937606,0.049153395441963066
Placed,1,CSE,8.43,2,1.9627235879651963,-0.22848784788780355
Not Placed,0,Civil,6.38,1,-1.9980926185188035,-0.32240252097981487
Not Placed,0,Mechanical,8.34,0,0.7941877145792112,1.7738682056374642
Not Placed,0,CSE,7.2,0,-1.5817587496933518,2.5047601156386325
Not Placed,0,ENTC,7.46,1,-2.3240259937595655,0.8312427726173374
Not Placed,0,IT,9.33,0,0.4369212304056829,1.1671072483717044
Not Placed,0,CSE,6.51,1,-2.198685661587675,0.5119196843621144
Not Placed,0,CSE,8.2,3,-0.5151051805332968,-0.2630215607328369
Placed,1,CSE,8.66,0,0.9948866839692492,0.6476186895966586
Not Placed,0,Mechanical,7.12,1,-2.2789047019542705,-0.7989702918745221
Not Placed,0,ENTC,7.13,2,2.128880889655539,-2.0621511750045896
Not Placed,0,Mechanical,7.39,3,-0.5637058170931355,-1.7580141291168014
Placed,1,ECE,7.11,3,1.3699370736436256,-1.2284264014869168
Not Placed,0,CSE,7.76,1,-1.8727967345277001,-1.1931324182346497
Not Placed,0,ENTC,8.46,0,-0.2297799955953509,0.913664508073872
Not Placed,0,IT,7.39,0,0.5878098143565128,0.8516328322993028
Placed,1,Mechanical,8.49,2,1.6926489167995071,-1.0780685802389331
Not Placed,0,IT,8.89,3,1.5350646413241478,-0.9773779389262085
Placed,1,ENTC,8.07,0,-0.6802939894989096,1.81616312265196
Placed,1,ECE,8.15,2,5.378270564221509,-1.3866233219580126
Placed,1,IT,7.2,2,1.3719295850105453,-0.06105236713268455
Not Placed,0,IT,5.47,1,-2.952594431125173,-2.8306592861264788
Not Placed,0,CSE,8.2,3,0.6823631472468126,-1.1979296597195062
Placed,1,CSE,8.38,2,2.3332582957333154,1.5026347040728056
Placed,1,Mechanical,7.91,0,-0.6385947686891028,2.0695389318975512
Placed,1,IT,8.47,0,-0.41689720155100213,2.9910419315896997
Not Placed,0,CSE,7.23,1,-2.336425222621495,0.510455012105636
Not Placed,0,CSE,8.14,1,-1.5284578265713369,0.649417401170291
Placed,1,IT,8.95,2,3.8463402982429615,0.2292923099290393
Not Placed,0,CSE,8.27,1,-0.8689909304360449,0.1139486222329893
Placed,1,Mechanical,8.84,2,4.156720925629273,0.12835966915198152
Placed,1,ECE,8.85,0,0.4524788587631821,0.7029754073430028
Not Placed,0,Mechanical,6.66,1,-2.04288831661673,-1.714679069506634
Placed,1,CSE,8.31,3,-0.27014989999079947,-0.7622133360960509
Not Placed,0,CSE,7.16,1,-1.2512387189481908,-1.112503705928458
Placed,1,IT,6.76,2,2.3702559649102013,-2.7472721843109387
Placed,1,CSE,7.46,3,0.4874443424865776,-1.6581561355812016
Placed,1,IT,9.19,2,3.3690730371857023,0.10082140398141645
Placed,1,IT,7.24,3,-0.19636273883256167,-1.125325909302793
Not Placed,0,ECE,6.21,3,0.23692322385787298,-1.418714125043388
Not Placed,0,IT,6.47,3,-1.0725165259256961,-0.671879520512078
Placed,1,CSE,8.11,0,0.8172285091264322,1.9980026265984765
Not Placed,0,CSE,7.05,1,-3.0090647361097074,-0.6412692101245292
Not Placed,0,ECE,5.96,3,-0.9257016261732427,-2.9168999634350117
Not Placed,0,CSE,6.51,2,1.98133259262195,-2.623417613734087
Placed,1,ECE,7.84,2,1.4670559380038002,0.7352341563149647
Placed,1,CSE,8.36,0,0.5082276108238232,1.1871719240334904
Not Placed,0,IT,7.32,3,0.5294792151085261,-1.0354772405965926
Placed,1,CSE,8.25,0,-0.32133357985599836,1.7724498918108407
Not Placed,0,IT,8.48,0,0.12204874716170629,2.184253590755604
Not Placed,0,CSE,7.03,1,-1.6757287269484527,0.6236604878882538
Placed,1,ENTC,7.6,0,-0.39155786279429955,2.4012562342553676
Placed,1,ENTC,7.19,3,-0.2740112615197628,-0.6401705878615815
Not Placed,0,CSE,8.16,3,1.9519770347473016,-2.3222938491277736
Not Placed,0,IT,7.18,1,-2.018044564978115,-1.5190210505199901
Not Placed,0,IT,6.67,3,1.6988215176927455,-2.6631181582833374
Placed,1,Civil,7.74,0,-1.0570833161877935,0.3561387417497284
Placed,1,CSE,8.64,2,2.593681905106567,0.8241795857256384
Not Placed,0,CSE,8.13,3,0.6477169874333776,-0.04276299622624436
Placed,1,IT,8.56,0,2.346653406352762,2.6642707181140457
Placed,1,ENTC,8.48,0,1.3464846475408032,1.2233785411723168
Not Placed,0,CSE,7.74,3,0.8180505219120798,-0.7826428268477102
Placed,1,IT,7.19,0,0.3023061033915059,2.4367689330087385
Not Placed,0,CSE,6.96,1,-4.276312147559364,-1.482464956530431
Not Placed,0,ECE,6.35,3,-0.1363497835285153,-1.0768061625728937
Placed,1,CSE,8.71,0,0.6105656147221142,1.8352662888237719
Placed,1,Civil,7.42,2,1.7298613726627527,-0.7299286906687763
Not Placed,0,Mechanical,6.25,1,-3.424560295827415,-0.5766062724327412
Placed,1,CSE,8.75,2,1.5423987498662735,0.46352370201473114
Not Placed,0,Civil,7.78,1,-2.50738837680261,1.0207339962284652
Not Placed,0,ENTC,8.52,3,1.361783234996534,-0.8522094938918471
Placed,1,CSE,7.48,0,0.287925341936323,0.8394920608857916
Not Placed,0,ENTC,7.03,3,0.22297984698183024,-2.570012089239972
Not Placed,0,CSE,8.08,3,0.6226236082290316,-0.3024208438993693
Not Placed,0,CSE,8.15,3,-0.6410016751858,-0.14964336248852325
Not Placed,0,CSE,7.46,3,-0.9162340131381048,-1.6678700323275109
Placed,1,ENTC,8.82,2,3.156384179670727,-0.2930077906808598
Not Placed,0,Mechanical,8.5,0,-1.3102730796151054,1.4502237439080288
Placed,1,CSE,8.18,2,1.6588462302721896,-1.0482208328050193
Not Placed,0,ECE,6.76,1,-1.4872928355751651,0.16554046360471902
Not Placed,0,ECE,6.64,0,-1.312426574607223,0.7654554986234063
Placed,1,Mechanical,8.72,0,0.924655732809887,1.2144912164172141
Not Placed,0,CSE,5.84,1,-3.053751631280574,1.2538405341852341
Not Placed,0,IT,7.62,0,-2.0195325532802224,2.203778775263062
Placed,1,IT,7.82,3,0.3197664459229176,-0.9354277207323788
Not Placed,0,IT,7.28,1,-0.9412330771862234,-0.28226026976862273
Not Placed,0,IT,7.67,3,-0.18070431578416565,-0.97376545303813
Not Placed,0,CSE,8.06,3,0.886301286157905,-0.7426322136198719
Not Placed,0,IT,7.2,1,-3.507362640214272,-1.8745901941068055
Placed,1,Mechanical,8.45,0,0.9683247564469988,1.903523496758749
Placed,1,CSE,8.2,0,-0.4015601364613442,1.296400386951231
Not Placed,0,CSE,7.55,1,-3.6604737481264764,-0.13500383225028512
Not Placed,0,ENTC,7.0,3,-0.9477128030417218,-0.27365765570017125
Not Placed,0,CSE,7.62,3,-1.1556292860224253,-2.0894016934028263
Placed,1,ECE,9.49,2,1.8075425586637037,0.24042679683348145
Placed,1,ENTC,7.06,3,-0.5622550213760921,-0.4925374366606474
Placed,1,CSE,9.0,0,-0.9794642844205529,1.8126229239074543
Not Placed,0,CSE,6.21,1,-3.8422515607229375,-0.009900658214424566
Not Placed,0,CSE,6.97,0,-1.0240750243353514,1.0148587832990168
Not Placed,0,CSE,7.24,0,0.38239612438162607,0.30097032500676857
Not Placed,0,ECE,8.51,0,-0.47737614947310025,0.1459606676075073
Not Placed,0,CSE,7.75,0,-0.45299954392102687,0.40336672963475667
Placed,1,CSE,8.81,2,2.6972467752138223,1.156678119112815
Not Placed,0,CSE,7.42,3,0.22364575131864767,-1.5933335779250493
Placed,1,IT,7.65,3,-0.1426429915949224,-0.6915449371243642
Placed,1,IT,7.42,0,1.0124050731685734,0.36960135525005805
Placed,1,CSE,9.42,0,1.7976141162519081,2.0602422614059175
Not Placed,0,IT,6.75,3,0.17153098720430554,-1.162393078149244
Not Placed,0,ECE,7.27,2,2.596015285742512,-1.6169100529406435
Not Placed,0,Mechanical,6.87,3,-0.26316842853778466,-2.093418599023826
Placed,1,ENTC,8.19,0,0.29701496901930513,0.31345178405100665
Not Placed,0,CSE,6.73,1,-3.4875713202703356,0.4223981202164079
Placed,1,CSE,9.25,0,1.3517374257360293,1.4385304333185032
Placed,1,ECE,7.77,3,0.3322053542652793,-1.1842288281755398
Placed,1,ECE,8.05,2,1.5513235249555573,-0.4233811222964698
Not Placed,0,Civil,8.09,1,-1.7318852749738465,-0.9934772676434912
Not Placed,0,CSE,7.68,3,0.2618354576026372,-1.850068826557479
Not Placed,0,CSE,7.8,0,-0.3971185075085465,1.744210497155575
Not Placed,0,CSE,7.77,3,0.6038972296253459,-0.21088023278169846
Placed,1,Mechanical,8.14,2,3.3289136850481738,1.1581782945803771
Not Placed,0,ECE,7.0,3,0.6794717442190833,-2.4167815326253006
Not Placed,0,Mechanical,6.86,0,-1.4457146983420726,1.2547712816512409
Placed,1,ECE,8.4,2,2.3251280597633337,0.013179262010133332
Not Placed,0,Civil,7.7,3,-0.11933565264267215,-1.3017485038257255
Not Placed,0,CSE,5.99,1,-1.9900595617262602,-0.8146665544355194
Not Placed,0,Civil,7.3,3,-0.9961585615004831,-1.044226645124815
Not Placed,0,Mechanical,9.0,0,0.42592917398553,2.0850872950457617
Not Placed,0,ENTC,7.56,3,-0.14806531891051686,-0.0495426396521518
Not Placed,0,Civil,7.25,0,-0.43366063843606956,0.39108937162242075
Not Placed,0,CSE,6.43,1,-2.53359828651593,0.21729919663084094
Placed,1,ENTC,7.22,3,-0.5565703455023693,-1.2139739483687177
Placed,1,CSE,6.71,0,0.2856279816128344,0.38638940514082853
Placed,1,ENTC,8.06,0,0.08135470765252281,0.8526226378858205
Not Placed,0,ENTC,7.74,3,-0.22161993277894104,-2.494057863160032
Not Placed,0,ENTC,7.39,1,-2.064270624791577,-0.10313614926680122
Not Placed,0,CSE,7.05,0,0.10475905303424209,0.09878244231571934
Placed,1,ENTC,9.0,0,0.07484461611978671,1.829700177591089
Not Placed,0,Mechanical,7.1,3,0.575793216488095,-1.4142319235387333
Placed,1,ECE,7.1,2,2.6509177700421964,-1.2164629790936066
Not Placed,0,CSE,7.49,3,0.11127365639699745,-1.0915218021454667
Placed,1,Mechanical,7.61,2,2.7512626619041103,-1.345556245510327
Placed,1,ENTC,8.11,2,3.5121714102297394,-1.5377978687478386
Placed,1,CSE,8.49,2,3.0056119433999884,0.15468091367766787
Placed,1,CSE,8.43,2,2.304870600926963,-0.9946487014404886
Placed,1,ECE,9.77,2,2.0414174068556563,0.7469321666425943
Not Placed,0,ECE,6.26,1,-1.895751222336683,-1.0874392133305022
Placed,1,CSE,7.9,2,1.7085420477063538,-0.048094746197305645
Placed,1,CSE,7.26,3,-0.8689292364028994,-1.7948085729186591
Placed,1,Mechanical,9.41,2,3.886533157977409,0.7942622033617814
Not Placed,0,Civil,7.85,0,-0.8716571552069946,2.714092154804958
Not Placed,0,CSE,5.97,1,-2.754240578067352,-1.246336251037256
Placed,1,Mechanical,8.07,1,-1.785207436375094,1.2102982321001317
Not Placed,0,CSE,7.93,0,-1.367520665456102,1.2541074601573792
Not Placed,0,IT,8.34,2,1.3333841378853404,0.17317811480010198
Not Placed,0,ENTC,7.08,1,-2.3891936374239227,1.197202514313322
Not Placed,0,IT,7.98,1,-1.717743167060102,-0.13199029751695945
Not Placed,0,IT,7.47,1,-1.5356094262956128,0.5173361721015379
Not Placed,0,Civil,7.13,1,-1.8219518509693624,-2.0515344038926364
Placed,1,CSE,7.99,0,1.2441237555064102,1.4293606500281433
Placed,1,CSE,7.83,2,3.0445091647760143,-0.4297506708146251
Placed,1,CSE,8.59,2,3.100932243790259,-1.4423973397769292
Not Placed,0,CSE,7.72,3,-0.8662977647076994,-0.4833233478957445
Not Placed,0,ECE,8.21,1,-0.8922666125424825,-0.3391964493740435
Not Placed,0,CSE,6.67,1,-2.6467607828228914,-0.922597888341912
Placed,1,CSE,8.89,3,1.1245021993875375,0.3302317553238111
Not Placed,0,CSE,7.04,3,0.1638049322636246,-1.0250709905339341
Placed,1,ECE,8.47,0,0.983601951684851,1.9506468905063448
Placed,1,Mechanical,7.92,0,0.6607305677450295,0.4803700232518848
Not Placed,0,CSE,7.82,3,0.11627573903752081,-0.6177754104130256
Placed,1,Mechanical,8.35,3,0.4741590861825024,-0.37772352207866783
Not Placed,0,Civil,5.88,3,-1.3608375461039266,-2.4204492864380645
Not Placed,0,CSE,7.21,3,1.0985152595887424,-0.34669969025996555
Placed,1,IT,8.33,2,2.6729693634642784,-0.9195299089732606
Placed,1,ECE,9.33,2,4.669204157079402,0.01348930204731035
Not Placed,0,Mechanical,7.68,0,-1.297481703561863,1.403927179608671
Not Placed,0,IT,5.63,1,-2.172585571861473,-1.8226598167697612
Placed,1,IT,7.43,2,3.276018504241131,-2.38864286901265
Placed,1,ECE,7.65,3,0.8668291093839157,-0.17883585371393174
Placed,1,ENTC,8.64,2,1.7574405262092205,-1.1463262775688974
Placed,1,IT,7.74,2,4.429224687155894,-0.38015504537176403
Not Placed,0,CSE,6.61,1,-2.4904088766336745,-1.5205287396985532
Not Placed,0,CSE,8.52,0,0.4583916603230181,1.8713726601296077
Not Placed,0,Civil,8.18,0,0.6097800904848097,1.3932202142790555
Not Placed,0,ECE,7.11,1,-3.269960334409417,-0.02343192409987621
Placed,1,CSE,8.31,2,2.2091548358759168,-1.9133253977239215
Not Placed,0,Mechanical,7.24,1,-1.3933648234646532,-0.5664491158225533
Not Placed,0,CSE,7.45,1,-2.6200454568603857,0.9830988218614976
Not Placed,0,Mechanical,7.25,0,0.20364370116082814,0.3324780054021179
Not Placed,0,CSE,7.44,0,-0.645972701966164,0.5899319144511911
Placed,1,IT,8.47,3,0.882503368042382,0.0706138751543216
Not Placed,0,CSE,6.18,1,-3.2655374878711587,1.253274674465869
Not Placed,0,IT,8.64,0,0.4561213661913073,1.6718579246180951
Placed,1,ENTC,7.85,2,2.0798714124452387,1.4276634120421487
Not Placed,0,CSE,7.37,0,-0.7337861648741509,0.9027274497845604
Not Placed,0,CSE,7.72,1,-3.0051056271876013,0.6510805901097454
Placed,1,ENTC,6.93,0,-0.6468619957829069,1.5470355101318451
Not Placed,0,CSE,6.31,1,-1.7937800067196654,0.21180810713175502
Placed,1,CSE,6.95,3,0.9587796531558452,-0.10921611005514241
Not Placed,0,IT,6.09,1,-1.9467264256669388,-0.6987984481517026
Not Placed,0,Civil,6.55,1,-2.4281088233639316,-1.0644521167239047
Not Placed,0,ECE,6.32,1,-3.0251833899143894,0.2730678436962978
Placed,1,Mechanical,8.74,3,0.5642597449195633,0.1584695033329365
Placed,1,ENTC,6.61,2,2.9228907786202143,-2.237232388985616
Placed,1,CSE,7.66,2,2.999240196386678,1.7574833776509444
Placed,1,IT,8.65,3,1.5034348368196573,-1.3930732035494862
Not Placed,0,ECE,8.42,1,-2.0476000100059264,1.4504693773591104
Not Placed,0,IT,7.45,3,0.860313260711612,-1.9001891882096755
Not Placed,0,Civil,7.45,0,-0.2756239030667973,0.729627383356726
Not Placed,0,CSE,7.85,3,-0.5558357390475368,-1.3943101201612254
Not Placed,0,CSE,9.5,2,1.5954928765576908,0.20021839238339478
Not Placed,0,CSE,8.05,3,-0.5555680998294408,-0.04942577930522795
Placed,1,CSE,8.27,0,0.09478546272839794,1.0055327443393278
Placed,1,ECE,9.63,2,2.743255396616632,1.7084075296925012
Not Placed,0,ENTC,7.94,0,-1.7637821596145797,1.6830965804801878
Placed,1,ENTC,8.68,0,0.0685241870818958,1.6914059746708843
Not Placed,0,Mechanical,8.11,3,0.9825905141719181,-0.38398121506464833
Not Placed,0,CSE,8.09,1,-0.7551099783129858,-0.10151592281941631
Placed,1,CSE,6.88,3,0.8580302694699863,-1.07853907167419
Not Placed,0,Mechanical,6.74,1,-2.8327734081607034,1.0456181763937002
Not Placed,0,CSE,7.26,1,-2.9053105843930425,-0.8675373115930599
Placed,1,CSE,8.45,0,0.07310318752372157,1.4738722734767526
Placed,1,IT,8.41,2,1.9643545013304409,-0.02135957678916079
Placed,1,ENTC,8.83,0,-0.8930243301485817,2.3150847258003733
Placed,1,ECE,7.69,2,2.9272969154227257,-1.1073565870640911
Not Placed,0,CSE,8.16,2,3.641197616809137,0.8297218388045132
Not Placed,0,IT,8.16,2,1.740930221043223,0.1796071426926159
Not Placed,0,IT,7.61,1,-1.40492148995821,0.6377518346306138
Not Placed,0,CSE,7.43,1,-1.3273595812569572,0.0679075750401359
Not Placed,0,IT,6.44,1,-1.6577460649825349,-0.3470456299408438
Not Placed,0,ENTC,7.57,0,-0.3096897913790017,1.3026600962573396
Not Placed,0,Civil,7.61,3,-0.7503497811704755,-0.16553957280622664
Not Placed,0,ENTC,8.66,1,-2.0142025341697805,0.9368323024865851
Placed,1,Mechanical,8.75,3,0.8985572727817941,-0.019671965932632124
Not Placed,0,Civil,7.82,0,-1.3293513261138545,1.4315370855564802
Not Placed,0,ENTC,9.45,0,0.45590806035763237,1.9316519566135406
Not Placed,0,CSE,7.86,0,-0.6888150959734767,0.4719646460703907
Placed,1,ENTC,8.58,2,1.4859005431059558,0.16404386247961736
Not Placed,0,CSE,7.61,2,1.3515207020702447,-0.5708679302508426
Not Placed,0,CSE,6.73,1,-2.6574506330173033,0.6100925471107166
Not Placed,0,IT,7.34,3,0.9638414215683117,-1.8130307983562306
Not Placed,0,ECE,8.95,0,0.2710515221144989,2.516957007347544
Not Placed,0,Mechanical,7.48,1,-1.5163526337686255,0.015446334927530656
Placed,1,ECE,7.3,3,1.4458913263272963,-0.4658428355827774
Not Placed,0,CSE,7.7,1,-2.417351104833753,1.0896434041665137
Not Placed,0,ECE,7.37,1,-1.7582898412914132,0.34716777907917334
Not Placed,0,ENTC,8.71,0,0.29890048809955544,2.294312882881712
Placed,1,ENTC,9.3,0,1.8208424460345396,1.784864203132623
Not Placed,0,CSE,7.71,1,-1.2017791978351982,0.40006062610603405
Not Placed,0,CSE,8.16,1,-2.287628352927852,1.2667770022371105
Placed,1,CSE,8.53,2,2.510092390275098,0.32518062251983854
Placed,1,Mechanical,7.79,0,0.8640477445084284,0.8315936856945367
Not Placed,0,IT,6.95,3,0.479508078291433,-0.2674531132031678
Not Placed,0,Mechanical,7.35,0,0.06505273841324943,0.8216497093235207
Not Placed,0,IT,8.05,3,-0.1693090198623619,-0.4246137643753848
Not Placed,0,Civil,8.03,3,0.7150532123710592,-1.4440392684399848
Not Placed,0,CSE,6.18,1,-2.0409838202531003,-2.2977040344505806
Placed,1,ENTC,7.33,3,0.5750032948699255,-0.6606672781283596
Not Placed,0,ECE,7.07,3,0.35837275613132336,-1.2084177510231322
Not Placed,0,ENTC,8.45,0,0.6520516416769973,1.1212985854101476
Not Placed,0,ENTC,7.11,1,-1.313403725412457,-0.8762223512303777
Not Placed,0,IT,7.31,0,-0.00029214370134187956,0.48127253265408665
Not Placed,0,CSE,7.28,3,-0.23646279196940784,-0.45565973146322514
Placed,1,CSE,8.37,0,0.11101241925362515,0.423553562945633
Placed,1,ECE,8.52,0,1.5209208837322141,1.6743766804217985
Not Placed,0,ECE,8.12,2,1.7767789023828442,-1.1757201045293393
Not Placed,0,CSE,8.64,3,-0.3762851256917245,-0.18582034763350047
Placed,1,ENTC,8.75,2,3.2508210863086004,1.805648070052429
Not Placed,0,CSE,6.16,3,0.12777350207358304,-1.5863216958982997
Placed,1,CSE,8.2,3,0.9403434817605735,-0.09596627855280862
Not Placed,0,CSE,7.39,3,-0.18074807258753225,-0.38096653955338455
Not Placed,0,ENTC,6.63,3,-0.7445454297175892,-1.1984018846193727
Not Placed,0,IT,7.43,1,-2.8981574870430733,1.3130883466496632
Not Placed,0,Mechanical,8.32,3,0.75414169670784,-0.08142326099359917
Placed,1,ECE,8.94,2,5.4436163011364505,-2.235272830732553
Not Placed,0,ECE,6.56,0,-0.7816046166196471,0.6378853567289977
Not Placed,0,CSE,8.23,0,-0.8025002490285403,0.7892338950127614
Placed,1,ENTC,9.37,0,2.0154955417468026,2.1148709896266658
Placed,1,Mechanical,9.26,0,1.553264571314731,2.2923086835408064
Not Placed,0,CSE,5.0,1,-3.75847806875207,-3.335543307547982
Placed,1,CSE,9.55,2,2.962632376308029,1.7226718655358046
Placed,1,CSE,8.52,0,1.3613636941810312,0.7788446026722258
Not Placed,0,CSE,5.74,3,-0.666408306245922,-0.8874962932877416
Not Placed,0,CSE,7.05,1,-2.3923348754137055,0.29153301329642156
Placed,1,ECE,8.77,2,1.9127957365801298,1.567988652914445
Placed,1,CSE,8.01,2,3.0556777459937807,-0.1451153009657333
Not Placed,0,ENTC,7.21,3,-0.6473967159259111,-0.43904289346973013
Placed,1,CSE,7.76,2,1.5223293710649903,-0.3830157432757033
Not Placed,0,ECE,8.16,0,0.07068072055241548,1.21285254892413
Not Placed,0,Civil,7.21,0,-1.766721033846499,1.5917790575067639
Not Placed,0,CSE,7.59,1,-3.3314984223409816,-0.6216634541103693
Not Placed,0,IT,8.46,0,0.2922618019026519,1.0296349059196406
Placed,1,CSE,7.1,0,0.1207111577653111,0.5341898535329264
Placed,1,CSE,6.55,2,2.659201885335681,-0.35392736208632225
Not Placed,0,ENTC,7.16,3,-0.4161323032649372,-1.7187698665519997
Not Placed,0,Mechanical,6.94,1,-1.6677040706397432,0.17603969784623377
Placed,1,ECE,7.19,2,1.6345708633712588,-0.10913535071953426
Not Placed,0,Civil,6.23,1,-2.9783342847141014,-0.985180237211792
Placed,1,CSE,7.9,2,1.933877086648122,0.9147495439180785
Placed,1,CSE,8.44,3,1.7708970121700747,-2.1997797763701277
Not Placed,0,CSE,7.01,0,-0.7333862930766478,-0.07141810932453206
Not Placed,0,ECE,7.15,1,-2.7645578252212344,1.5161288702950826
Not Placed,0,CSE,7.54,3,-1.0898526857471746,-0.9475516076436401
Placed,1,IT,6.93,0,-0.39930353235943833,0.32715846518601766
Placed,1,Civil,8.54,3,1.5877337578960997,-1.9903030703283504
Not Placed,0,CSE,6.94,3,-0.18718541859881357,-1.9049072086664016
Placed,1,CSE,7.25,0,-0.1389379688847637,0.4722284345398201
Not Placed,0,CSE,7.05,3,0.3884572974287429,-2.451809198374488
Placed,1,IT,8.56,0,0.09998947398308207,0.8625297247855523
Placed,1,IT,7.5,0,0.31515680111148797,0.7602646079016223
Placed,1,CSE,9.39,0,1.6297146861616474,2.490386313361464
Placed,1,CSE,8.0,2,1.7798543945863416,0.16253395102404558
Not Placed,0,ENTC,8.68,0,0.4305808706912318,0.4572598560010718
Not Placed,0,CSE,7.42,2,1.3475767930008085,-0.06498073955391831
Placed,1,ENTC,6.9,0,0.16270013234594694,0.29046418912265265
Not Placed,0,ENTC,7.67,3,-0.028741281826436035,-1.3370171668498585
Not Placed,0,ENTC,7.12,3,0.5684564209585105,-1.2318783646903835
Not Placed,0,Mechanical,6.0,3,0.7593490386305325,-2.5384152673057243
Not Placed,0,CSE,8.56,0,-0.4578531754075705,2.0896016563651103
Placed,1,IT,7.73,0,-0.39164932734499625,-0.10156419356544741
Placed,1,IT,7.1,3,-1.1648290374172576,-1.3417495531659958
Placed,1,IT,8.02,0,1.0273324571592533,0.352050956299721
Not Placed,0,ENTC,7.74,0,-0.9127465478149452,0.9411052462120181
Placed,1,CSE,8.9,0,-0.07949052707417731,1.079868797424678
Placed,1,IT,8.07,0,0.4273672956765064,0.7981024516246241
Not Placed,0,IT,7.57,3,1.4205133577048012,-0.9667276703852816
Not Placed,0,Mechanical,8.29,0,0.15998274849422045,0.7678111032886497
Placed,1,CSE,7.67,3,1.288819970145817,-0.3661383533252519
Placed,1,IT,7.86,2,2.8624202850283074,-0.7078296884191173
Not Placed,0,Mechanical,8.74,2,2.199948858677464,1.2937566764302795
Not Placed,0,ECE,6.71,3,-0.42921117557769234,-2.79481152696261
Not Placed,0,CSE,6.97,3,0.38735793294588583,-2.78092710946187
Not Placed,0,CSE,7.34,3,1.1711464327556258,-1.0919934452331195
Placed,1,ECE,7.47,2,2.45519798765901,-0.925444429933177
Placed,1,CSE,8.68,0,1.5139313471502205,1.9459953259856342
Not Placed,0,Civil,6.5,3,-0.597599267333665,-2.7344556108192957
Not Placed,0,ENTC,7.67,3,0.44793019870391093,-0.9778271863602926
Placed,1,ECE,7.23,2,1.3321017420346826,0.17807595464447548
Placed,1,ECE,9.15,2,2.4177944182151374,0.522450708978146
Placed,1,Civil,8.45,2,3.0304983806806374,1.3854327662319135
Placed,1,IT,7.9,3,-0.12839896175325546,-0.005292687595763759
Not Placed,0,IT,8.52,3,0.7430659952760108,-0.9884280709282586
Not Placed,0,ENTC,6.58,1,-3.302548079787107,0.2827267179372624
Placed,1,IT,9.42,0,1.0205396962854736,2.239856532784386
Not Placed,0,ECE,6.98,1,-2.23309180326207,-1.2978941572641
Placed,1,CSE,8.77,2,2.0311039586758186,0.07745624361294934
Placed,1,CSE,8.17,2,1.6154928033879146,0.43501448446231694
Placed,1,CSE,7.92,2,1.8477148420100695,-1.1845815634468133
Placed,1,ENTC,8.73,2,3.9463813161905534,0.402939190025315
Placed,1,IT,8.55,3,0.18797876788050705,-0.753269101558753
Placed,1,IT,7.79,2,5.221797711006709,-1.6468922548655762
Placed,1,CSE,7.34,3,-0.4653429288650526,-1.4103068792537197
Not Placed,0,IT,7.8,1,-2.241667179574095,0.9466135495722442
Not Placed,0,ECE,7.61,1,-2.021051458556241,0.8036893167625474
Placed,1,Civil,8.0,2,1.8193286099657933,-0.23051421664520122
Placed,1,ENTC,8.57,0,-0.8766072342512474,0.8809447444933158
Not Placed,0,ECE,8.1,3,-0.7292915295715473,-1.0180711775302476
Placed,1,CSE,7.86,3,0.15584660301759146,-0.12012746605568105
Not Placed,0,Civil,7.14,2,1.6705065736243692,-1.379487031503201
Placed,1,Mechanical,7.98,0,-0.9338163225915928,1.4094406163383753
Not Placed,0,ENTC,6.26,3,-0.7574410204167179,-2.5103295683427875
Placed,1,CSE,7.02,1,-1.1257423044196575,-0.05551869235026505
Placed,1,IT,8.22,0,0.15226181141702202,1.0398960820703655
Placed,1,IT,8.45,2,2.8224871125959328,-0.41050731796864165
Not Placed,0,CSE,7.68,0,-0.7917230040092933,0.8849194813560339
Not Placed,0,IT,7.87,1,-1.5265995601366174,-0.47840461296244874
Not Placed,0,Mechanical,8.01,0,-1.0134366648396402,1.349823647016822
Placed,1,IT,8.28,0,-0.6316592212520603,1.398121964996614
Not Placed,0,CSE,7.53,1,-2.012218294345822,1.7438360129449775
Not Placed,0,Mechanical,6.86,1,-2.1867027373888437,-0.33589580062852725
Not Placed,0,Civil,8.03,0,-1.5655933124690273,3.1148023918478627
Placed,1,CSE,9.36,0,0.4170535263652815,1.6088895967001675
Not Placed,0,CSE,6.92,0,-0.888632788255343,2.337123880501538
Not Placed,0,ENTC,7.59,3,-0.2171082228968754,-0.915970406540284
Not Placed,0,Civil,7.37,1,-1.945193532236935,0.5867348924787295
Placed,1,ECE,9.75,2,4.04821254967385,0.9197899885742735
Not Placed,0,CSE,6.88,1,-3.2461959837827115,1.2515901665910356
Placed,1,ECE,7.56,0,-1.1799839366822027,1.641567666855677
Not Placed,0,ENTC,7.39,1,-1.33959739227976,-0.9673759752306451
Not Placed,0,IT,6.63,1,-1.88637599146802,-1.632291236581248
Not Placed,0,CSE,6.59,1,-0.6853846643462864,-0.3817220843976504
Placed,1,Mechanical,8.18,0,-0.8197037860412172,1.4628928736130882
Placed,1,ECE,8.3,2,2.1910460363393884,-0.17918195068867712
Placed,1,IT,7.22,2,3.107282628352577,-0.5313763023578012
Placed,1,ENTC,8.9,0,-1.1095093712076358,4.318112273726659
Not Placed,0,ECE,5.79,1,-1.9563125249113613,-1.3927659786496407
Not Placed,0,CSE,6.63,1,-1.1807440520081944,-0.024241976696709286
Not Placed,0,CSE,7.0,1,-0.7916892070912671,-0.3310364431696331
Not Placed,0,CSE,7.69,3,-0.9371419673803367,-1.8498009197277456
Not Placed,0,Civil,7.32,1,-1.7992911846218245,-1.4880584659216858
Not Placed,0,IT,7.53,3,0.039124721707737536,-0.18398632401642376
Placed,1,ENTC,8.11,2,2.3409208664963437,-0.636138082087051
Placed,1,CSE,8.94,2,3.78604047498109,-0.9196768543304404
Placed,1,Mechanical,8.38,2,1.2893137428072705,0.3597425090986026
Not Placed,0,Civil,7.75,0,-1.4576403491708894,1.4673307934349524
Not Placed,0,Civil,7.63,0,-0.4405729746854127,0.5800048743841487
Placed,1,Mechanical,8.64,3,0.45892863314294186,0.17417782400218457
Placed,1,CSE,9.3,2,2.4383290798978186,-1.3919864878206563
Not Placed,0,CSE,8.24,0,-0.6154708070683859,1.3722769219380428
Not Placed,0,CSE,7.28,1,-3.198204883265834,0.7772407472502542
Placed,1,ECE,7.92,0,-0.5008710050057699,2.064882216595419
Placed,1,CSE,8.19,2,1.7055219970883342,0.14905640187347288
Not Placed,0,CSE,7.23,1,-2.5074152089868593,0.25245443680391877
Placed,1,IT,8.44,2,1.472156887130181,-0.16896131831075112
Not Placed,0,ENTC,7.92,0,-0.2553293692634751,0.17570441372161244
Not Placed,0,IT,8.69,0,-1.0883171930988722,1.7755118413352
Not Placed,0,CSE,6.87,1,-2.5265533552032275,-1.6667685676982282
Not Placed,0,ECE,6.22,0,-0.5971915711150942,0.4028523690508096
Placed,1,CSE,7.37,3,1.39807755635679,-0.3466394857342814
Not Placed,0,Mechanical,7.72,1,-0.9412628933911322,0.23339664830587178
Not Placed,0,ECE,6.17,3,0.3318007949274128,-2.8883472256211333
Not Placed,0,ENTC,7.18,1,-1.7331228440756732,-1.5232408487521645
Placed,1,CSE,8.79,2,3.120961379867134,1.6598557006357044
Placed,1,IT,8.15,2,2.948897886960454,-0.06190507426359812
Not Placed,0,ENTC,7.82,0,-2.2541811233763225,2.3267945115124014
Placed,1,IT,6.8,2,3.067182463893645,-0.9396605500333467
Placed,1,ENTC,8.76,0,-0.10488417066850547,2.1557010150636513
Not Placed,0,Civil,7.35,0,0.2513921337332031,0.3792456761220779
Placed,1,CSE,7.78,2,2.4646762273301883,0.25798396628347
Not Placed,0,ENTC,8.05,0,-0.8151714791721143,1.0353414516110944
Not Placed,0,CSE,7.85,3,-0.3498340917785259,-0.7148758571746606
Placed,1,CSE,8.97,2,3.0289796948175303,1.6759755706836101
Placed,1,CSE,8.19,2,2.4872352115878176,2.376959556397203
Not Placed,0,ECE,7.99,0,-1.5385000669508109,1.316145622687296
Placed,1,Civil,7.63,2,1.657570948778135,-0.9922759206046138
Not Placed,0,CSE,8.07,2,1.4562965822334677,0.7654514403512304
Not Placed,0,ECE,7.52,1,-3.6434417577157565,-0.03235194102266562
Placed,1,CSE,7.86,3,0.870667104195374,-0.4498702988997567
Placed,1,CSE,7.41,3,0.7653016995387562,-0.7882172776956311
Not Placed,0,ECE,7.28,3,-1.0006379412944435,-0.8540208918997
Not Placed,0,ENTC,6.92,1,-3.201996854997005,0.2908730497067754
Not Placed,0,ECE,7.47,1,-2.116093080497706,-0.6363330531786907
Not Placed,0,Civil,7.41,1,-1.2748317686526118,-0.052733663390448736
Placed,1,IT,9.25,2,1.7515284005566265,1.4314621284473998
Placed,1,CSE,8.54,2,2.353931619892254,1.0961607719377024
Placed,1,CSE,7.59,1,-2.9594325337246685,-0.9266016941017206
Not Placed,0,ENTC,7.34,1,-2.1023107532954897,-1.3567331823624964
Not Placed,0,IT,8.22,1,-3.4833662188210313,0.43973337263235784
Placed,1,IT,9.35,2,2.7559213932637747,0.9447219572842437
Placed,1,ENTC,8.38,2,2.7823134571887693,-0.38560256833243967
Not Placed,0,CSE,6.24,3,-0.7080984318230007,-3.089436336051268
Placed,1,ECE,8.43,0,1.055691399190981,1.4374529928096418
Placed,1,Civil,8.58,0,1.1311647849034538,1.843948451898139
Placed,1,CSE,9.57,2,1.9204331048522971,1.062334888180201
Placed,1,CSE,7.49,0,-0.06979962412018295,1.940585124309334
Not Placed,0,Civil,7.82,3,0.17777763743687305,0.05815295864769309
Not Placed,0,ENTC,8.08,0,0.06980283109568483,0.14007725174084054
Not Placed,0,IT,7.05,1,-1.6947136057179342,-1.3887209698116854
Not Placed,0,ENTC,6.97,1,-2.626459021757609,-0.3712616927536991
Not Placed,0,CSE,8.04,2,2.3137415748392214,0.08754972685916604
Not Placed,0,ENTC,6.39,3,-0.8874022918308766,-0.2912186455764903
Placed,1,ECE,6.58,3,1.4324954454026582,-1.0710996880829866
Not Placed,0,CSE,8.39,2,1.5152149883045714,-0.01782676946688197
Not Placed,0,ENTC,8.12,0,0.6321557828407451,0.6589659516247014
Placed,1,IT,8.76,2,4.030110703935567,-0.06512372002906008
Placed,1,Mechanical,8.09,2,2.6154369597152476,0.7400227318469127
Not Placed,0,ENTC,7.71,0,-0.9098519207072597,0.5496201662301172
Not Placed,0,Civil,8.8,2,3.876020505537948,-0.30737457461221307
Not Placed,0,IT,7.34,0,-0.4048884891111657,0.15047233704022642
Not Placed,0,CSE,7.42,1,-2.9888090873343707,-0.5437956876326099
Placed,1,IT,7.65,0,-0.8132802726537347,2.964512129104261
Not Placed,0,CSE,8.08,0,-0.9651042608132628,0.5483158674600219
Placed,1,CSE,7.64,2,2.5620485779601236,-1.7736126207981286
Not Placed,0,ECE,6.44,1,-2.433729150883405,-2.648519487903661
Not Placed,0,CSE,7.47,3,-0.163958403605377,-0.5265394590555497
Not Placed,0,Civil,7.67,3,-1.1821045877870082,-1.4129563592115633
Placed,1,CSE,7.8,2,3.5263925859239658,0.4083163093590006
Placed,1,CSE,7.32,1,-1.2332689037950306,0.251237878113904
Placed,1,ECE,8.13,0,0.746908198001905,2.317532425021363
Not Placed,0,CSE,6.33,3,1.074623439844987,-1.392361111495397
Placed,1,ECE,8.05,0,0.2025270436655429,0.5709234703776249
Placed,1,ECE,9.22,2,4.061831828690223,0.8672290608007827
Not Placed,0,ECE,7.18,1,-1.285282212166371,-0.6823191099427031
Not Placed,0,ECE,7.75,3,1.0256513915912386,-0.3105082242051121
Placed,1,ENTC,7.49,2,3.2944958485038844,-1.8933238886820856
Not Placed,0,Civil,7.5,3,-1.1901349192261446,-0.9969138541186712
Not Placed,0,IT,6.83,3,-0.10791042147547947,-1.180066456898825
Placed,1,CSE,9.39,0,-0.18336793900773632,2.3615162526999542
Not Placed,0,ENTC,8.03,2,1.6188259400886356,-0.9554451949353869
Placed,1,IT,7.13,0,-1.0124708752699871,1.6253253117409074
Not Placed,0,CSE,7.03,3,0.4818850604412555,-0.9911745132934741
Not Placed,0,ECE,7.75,0,-1.0111348289525552,0.8519747622774446
Not Placed,0,IT,5.86,3,0.6829819158900206,-1.2273783346126508
Not Placed,0,CSE,8.59,0,1.063630345891708,0.5643483515718947
Placed,1,ENTC,7.26,0,-0.24958163993329083,0.23026422069065505
Placed,1,IT,8.03,0,0.901769998035113,2.6282785456138718
Placed,1,IT,8.07,3,0.8754681709379739,-0.09462858670749173
Not Placed,0,ENTC,8.52,0,0.5726201860079825,0.8992020451235144
Placed,1,ENTC,8.12,0,-0.9258323360321398,2.5616628724414325
Placed,1,ECE,8.33,2,2.995330730775751,-0.30764587896302187
Placed,1,CSE,8.57,0,-0.15666478499450417,2.2305975142896597
Not Placed,0,IT,7.42,3,0.2914298590113507,-0.2394692253640962
Placed,1,ENTC,9.53,0,0.6604726435776319,2.10896509931033
Placed,1,CSE,8.0,0,0.6552283334725115,0.24725891062612124
Not Placed,0,Mechanical,7.68,1,-1.9996076861235519,1.5159962559905122
Not Placed,0,ENTC,6.99,3,-0.21706814666190039,-1.4921644855461316
Placed,1,IT,7.52,3,0.41697674209781777,-0.3957239185733587
Not Placed,0,ECE,8.04,3,-0.5688226012244376,-0.5029560547596386
Placed,1,Mechanical,7.78,0,0.9876930380946275,1.0458108676283229
Placed,1,Mechanical,9.25,2,2.789192083091456,-1.2391953719365152
Placed,1,ECE,7.37,0,-0.3773871839093894,1.7221617235895281
Placed,1,IT,8.28,2,1.7049844558221474,-0.9101149337241856
Not Placed,0,ECE,6.74,1,-2.697944835402881,0.7624698618628357
Placed,1,ECE,9.56,2,2.3715759819006084,1.3881599582394364
Not Placed,0,ECE,6.69,1,-2.623223987330515,0.9486109442948508
Placed,1,CSE,9.46,2,4.149567073678653,-0.32488555179223444
Not Placed,0,Mechanical,7.58,3,-0.41410540831251497,-0.4566235608510526
Not Placed,0,CSE,5.8,3,-2.140887087047017,-3.502701294009219
Not Placed,0,CSE,8.85,0,0.46517335729103576,2.8632136182136416
Placed,1,CSE,7.77,0,0.03698395377243863,0.8413119529624352
Placed,1,CSE,7.31,0,-0.5606121683107622,1.6276369409943088
Not Placed,0,CSE,8.25,0,-0.5776470607579346,1.695215587673062
Not Placed,0,CSE,8.26,0,-1.4429121432003136,1.12133720082282
Placed,1,CSE,8.05,0,0.8226656114387199,1.6110955005109902
Not Placed,0,IT,8.66,0,-0.14490266339621768,1.0105871070409702
Placed,1,CSE,7.91,2,3.130489784859257,-2.184495917795246
Not Placed,0,IT,8.25,1,-1.943522646722532,0.35533515461411797
Not Placed,0,CSE,7.26,1,-1.0705681977603134,-0.21597676785341494
Not Placed,0,CSE,8.35,2,2.1154068553582253,0.0018731896230636692
Not Placed,0,CSE,7.26,1,-2.5494109350667076,-1.7211172917125028
Not Placed,0,ECE,6.74,1,-2.0397997929855936,-1.7592751856047653
Not Placed,0,CSE,7.52,3,0.3212753986848515,-1.6250325774251018
Placed,1,ECE,7.47,3,1.3242883040287285,-0.9897163102495724
Placed,1,IT,8.49,0,0.25288224400017734,1.2908771291136174
Not Placed,0,CSE,6.46,1,-1.789983388008391,-0.7035856875306925
Placed,1,IT,8.63,2,2.509070305991328,1.124751798705377
Not Placed,0,CSE,7.17,3,-0.3116738521741239,-3.7737357321893277
Not Placed,0,ECE,5.6,3,-1.438896438482206,-1.5437211117828933
Not Placed,0,ENTC,6.67,3,-1.0978369467369373,-1.188867326960651
Not Placed,0,CSE,7.44,1,-1.3851203818704638,-0.6966068360736785
Placed,1,CSE,8.08,2,2.9141268439407355,1.5187305891916165
Not Placed,0,CSE,7.59,3,0.41780956633567595,-0.7187225773914391
Not Placed,0,Civil,6.67,1,-1.9377884745620928,-0.9918051606422587
Not Placed,0,IT,7.04,1,-1.2606600121497726,-0.4940161327588409
Not Placed,0,IT,6.69,2,1.826452399451889,-1.5130097917102612
Not Placed,0,IT,7.92,3,-0.6069867539257852,-0.10157567938173889
Placed,1,Civil,7.62,3,-0.6730362440856634,-0.5444730868366264
Not Placed,0,Mechanical,8.22,1,-1.9725357323224093,0.32804457252379815
Not Placed,0,CSE,6.2,3,-0.9730817422885312,-2.237426691660231
Not Placed,0,IT,7.25,1,-1.7027694584857387,-0.4221673649232532
Placed,1,ENTC,9.42,2,2.0476302212993294,0.9372926920425253
Placed,1,CSE,8.24,0,0.7241142488085461,0.9171437614574403
Placed,1,IT,7.45,3,1.4204693731638685,-2.3694123689762705
Not Placed,0,CSE,6.86,2,2.645053405825175,-1.9525189978598976
Placed,1,CSE,8.64,2,1.6855286831600333,0.18897430866917853
Placed,1,CSE,9.0,0,0.1472730107771289,1.3317570922386677
Not Placed,0,ECE,6.72,1,-1.090990534217745,-0.5344618773163127
Not Placed,0,ECE,6.8,1,-2.2920620214909504,-1.8358298628097969
Placed,1,CSE,7.94,2,3.2378843616771826,-1.6253913334259034
Placed,1,IT,8.02,2,4.314411839416045,-2.0381093682979863
Not Placed,0,IT,8.11,2,1.493045880364993,-1.237122935908603
Placed,1,Mechanical,9.27,2,4.555825554190842,0.636955374466079
Not Placed,0,IT,6.87,3,1.1699078229523037,-2.6869807991394214
Placed,1,CSE,7.73,0,-0.24644483820626595,0.0845455992640604
Not Placed,0,IT,8.31,1,-1.5489866090603428,-0.1409631888540797
Not Placed,0,CSE,8.3,2,1.2807743240645568,0.05077178339169297
Not Placed,0,CSE,7.15,3,-0.5004495372688053,-0.5188949335935383
Not Placed,0,CSE,7.18,1,-2.490659306263849,-1.9640441531528972
Placed,1,ECE,7.31,0,0.17367000152749132,0.8554941828752273
Not Placed,0,CSE,9.15,0,-0.09952821017557037,3.0037160486430943
Not Placed,0,ENTC,6.87,1,-3.86875319950005,0.14277210728710793
Not Placed,0,ECE,7.42,1,-1.2168650156791079,-0.678226741566099
Placed,1,CSE,8.36,0,0.5760762555259898,1.1200699548607107
Not Placed,0,ENTC,6.77,3,0.8374060487305353,-2.8237650338844023
Not Placed,0,Civil,7.92,1,-1.4595747800491923,-0.9469533153632222
Not Placed,0,IT,6.09,1,-1.6426789616393407,-1.0201120961735841
Not Placed,0,ECE,7.86,0,-0.6633002718258058,0.4473460042462847
Not Placed,0,ECE,7.74,0,-1.8554041034937612,1.728161791394177
Placed,1,ECE,7.84,2,1.3054210079558708,0.30072093732019933
Not Placed,0,IT,6.96,1,-1.2623093149104232,-0.8259445386614381
Not Placed,0,IT,7.89,3,-0.9399932757370244,-0.7747914279243322
Not Placed,0,CSE,7.67,3,0.03322664464784351,-1.1098773291494213
Placed,1,IT,8.8,2,1.7869920531269965,0.1222501552887289
Not Placed,0,CSE,8.24,3,-0.2133605923190854,-0.3553947203756608
Not Placed,0,Mechanical,6.47,3,0.9821512853218638,-1.132207634570826
Not Placed,0,CSE,6.99,3,-0.683421031550474,-1.5208363947040962
Placed,1,CSE,7.18,3,0.4105994209511819,-0.24305503097097003
Placed,1,CSE,7.85,3,0.7573169777513323,-1.7483619076908006
Placed,1,CSE,7.56,0,-0.6607240754699826,2.5403427487655126
Placed,1,ENTC,7.55,2,2.3949350517639547,0.22804783930017586
Placed,1,ENTC,10.0,2,3.2658443526348018,1.093098412693801
Not Placed,0,CSE,7.26,3,1.3000606941745758,-2.3628238712358485
Placed,1,CSE,8.88,0,0.8967309498161504,1.5920560203313876
Not Placed,0,IT,7.57,1,-2.342389410819253,0.12000272168178874
Not Placed,0,Civil,5.85,3,1.2696633527939518,-2.519778233787115
Not Placed,0,CSE,7.86,1,-2.455054276785127,-0.44783701947866755
Placed,1,CSE,8.65,2,3.1547562954399186,-0.515759072246505
Not Placed,0,CSE,8.24,0,-0.6781648227244557,1.4728307287636253
Not Placed,0,IT,7.92,1,-2.148954129553565,-0.3857681501261242
Not Placed,0,CSE,7.72,3,-0.3727682917523168,-0.564524126190475
Placed,1,Civil,7.28,0,0.1688972717513832,1.2827803734126064
Placed,1,IT,8.46,2,5.12084644511999,0.11952595972564187
Not Placed,0,CSE,7.33,1,-1.7104105182597615,-0.8632621175945522
Not Placed,0,IT,7.16,3,0.7143148022794719,-1.33703289779743
Placed,1,CSE,8.05,0,1.6362692289999814,1.3459020022257642
Not Placed,0,Civil,7.44,1,-1.6580621073860404,0.5811782845197951
Placed,1,ECE,8.79,2,2.6142217723807035,0.9235353933097435
Placed,1,Mechanical,8.1,2,1.7432788141097564,-0.546859895825236
Not Placed,0,Mechanical,7.04,3,1.9379379610558476,-2.725683779193217
Not Placed,0,ECE,6.73,1,-1.8949312782731835,-1.277380655577145
Placed,1,CSE,7.21,2,2.9141423253490824,-0.43817391695897157
Not Placed,0,CSE,9.69,2,3.822131735732836,0.37217081303284555
Not Placed,0,ECE,7.5,1,-2.239841786923137,0.17442880411333067
Not Placed,0,ECE,8.34,1,-2.268592243582252,0.9973902230375413
Placed,1,ECE,6.59,3,1.137333998326044,-2.148062418675591
Not Placed,0,CSE,6.78,3,-0.9313151676880093,-0.5528649976491835
Not Placed,0,ECE,7.54,1,-0.913072335014777,-0.047321222313533445
Placed,1,IT,9.15,2,1.450567268230244,-0.3900756289655426
Not Placed,0,CSE,6.6,1,-2.618048578868036,-3.0710574960370227
Placed,1,CSE,7.16,0,-0.34751001650129704,0.7486949360257709
Placed,1,CSE,8.47,0,-1.0821925066553237,4.006746435006056
Placed,1,CSE,9.05,2,4.226441217853285,0.980310330816237
Not Placed,0,ENTC,8.07,0,0.37585818678116706,0.3795378608644447
Placed,1,ENTC,8.27,2,2.2868966915569167,0.1987478380016353
Not Placed,0,CSE,6.94,1,-1.6347649789834822,-1.8440710975834462
Not Placed,0,CSE,6.58,0,-0.8961725318319677,0.7696447591419072
Not Placed,0,IT,6.73,1,-2.2663381268121134,1.9660341547024909
Not Placed,0,IT,6.96,3,0.4270653800259436,-2.521388532990968
Not Placed,0,CSE,7.89,0,-0.4906379643662587,0.8240764360340809
Not Placed,0,ENTC,6.66,1,-4.273909706133113,-0.7868325607640699
Not Placed,0,ENTC,7.91,0,0.17578688447138452,1.796452676867332
Not Placed,0,CSE,7.43,0,0.5106672887928416,0.20502291379204093
Placed,1,Mechanical,7.22,2,3.1883559926543716,0.5391084404967997
Placed,1,CSE,8.45,0,-0.37535726476400716,3.1000614687565196
Not Placed,0,ENTC,6.88,3,-0.10458672436651079,-1.14630029601735
Placed,1,CSE,8.92,2,1.379286102621892,0.8657878058212033
Placed,1,ECE,8.41,0,-0.5216457104617281,0.14145934507269128
Not Placed,0,CSE,6.86,3,-0.07500466509456956,-1.587483392850895
Not Placed,0,IT,8.72,2,1.428782118343348,0.08002503663581521
Placed,1,CSE,6.76,1,-1.6379063815976755,0.3696450600746847
Not Placed,0,ECE,8.8,2,2.8509026233189374,-1.2629273073659812
Placed,1,Mechanical,7.98,2,2.594106033525923,-0.9360009972743377
Not Placed,0,ECE,6.36,1,-3.0616509045577804,0.7806876869335608
Not Placed,0,ENTC,6.6,3,0.33236352271340336,-0.40007145728681937
Not Placed,0,IT,7.36,3,-0.7174768855762286,-2.343353023169943
Placed,1,ENTC,8.44,3,1.4996899647553819,-1.1728985259383287
Not Placed,0,ENTC,7.55,3,-0.9476953410886262,-0.785104377490925
Placed,1,CSE,7.53,2,1.378227568469261,-0.702892808117026
Not Placed,0,CSE,7.73,0,-1.6505675694927506,2.072803874060512
Not Placed,0,IT,6.0,1,-2.2304789309257327,-1.6686631527312983
Placed,1,IT,8.4,0,0.03432351173408095,1.4179327786552065
Placed,1,IT,8.84,0,2.0524508453535963,2.4903927597939095
Not Placed,0,ENTC,8.37,0,-1.060163489109388,4.008742557984365
Placed,1,ENTC,7.34,2,1.7323641350635124,-1.0147135646112098
Not Placed,0,IT,6.95,1,-3.4138980901445137,0.45870208586808886
Not Placed,0,Mechanical,6.78,0,-0.23424704212796227,0.09605649285044868
Not Placed,0,ENTC,6.74,1,-2.7091058864406814,0.17437636709739898
Placed,1,CSE,9.62,2,2.457651913838827,0.24850915532219114
Placed,1,Civil,7.63,0,0.5836884430336579,2.044000829472758
Not Placed,0,Mechanical,8.47,2,2.5901474640158106,-2.802342216366073
Not Placed,0,CSE,8.42,0,-0.6294581683388646,2.0312098702989925
Not Placed,0,Civil,7.82,1,-1.3273836237913519,0.0038144861799383526
Not Placed,0,CSE,6.91,3,-0.2903374224990573,-0.9476049893138223
Placed,1,IT,8.14,3,0.01412450743895844,-0.5628750293399842
Not Placed,0,IT,6.78,3,0.1343401158316028,-2.660360979669775
Placed,1,ECE,8.21,2,3.26217647329309,-0.7822067547462265
Not Placed,0,Civil,6.82,1,-3.043966062910755,-1.2434331910336758
Not Placed,0,CSE,7.33,1,-1.1668120487986209,0.11987068972112912
Not Placed,0,CSE,7.33,3,-0.44158396005895,-1.3376011751191448
Not Placed,0,CSE,8.89,0,-0.5276537016943099,0.14586638929393766
Not Placed,0,ENTC,5.63,1,-2.7399683615121737,-3.3655951121581364
Placed,1,IT,9.68,2,2.001423173561796,0.6767339333524065
Not Placed,0,ECE,7.01,1,-1.3597982281391796,-0.2110686489775565
Placed,1,ECE,7.6,3,1.111560853052057,-0.28073342590648953
Placed,1,IT,8.05,3,-0.3676784319124861,-0.055185838042653014
Placed,1,Civil,7.98,2,6.088937020331146,-3.4668865971371496
Placed,1,Civil,8.42,0,0.6852409615739578,2.2389954888716495
Placed,1,CSE,8.22,0,-0.6652703580332899,1.2716561129152861
Placed,1,ECE,9.43,2,6.166722163571139,0.35445542432741584
Placed,1,ENTC,8.32,0,1.2466071918393287,1.0144953421000027
Not Placed,0,IT,7.6,0,-0.9207369545534095,1.4299791422254415
Not Placed,0,IT,7.23,0,-0.1993847182703042,0.1219943770897285
Placed,1,ECE,7.21,3,1.2772160701629844,-1.9094394918960265
Placed,1,CSE,8.8,2,2.497075044239481,0.9381342784478371
Placed,1,ECE,9.19,0,0.12599106404617244,1.324109681037755
Placed,1,CSE,8.55,2,3.571539497402167,-1.00232119109672
Not Placed,0,ECE,5.01,1,-2.8594472894906593,-3.725405047563657
Not Placed,0,IT,5.79,1,-1.5752534355371164,-0.634389859398594
Not Placed,0,IT,7.69,1,-2.042512931118087,1.154456401143316
Placed,1,CSE,7.56,0,-1.1195470834071555,2.560046834032655
Not Placed,0,CSE,7.72,1,-2.2277564871074005,0.14147659749205913
Not Placed,0,ENTC,8.76,0,0.04327864324214478,0.2766623282980183
Placed,1,ENTC,8.72,2,3.0105706653897144,-0.020449646062608733
Placed,1,CSE,7.85,1,-2.232794039590856,1.9014295609578449
Not Placed,0,ECE,6.4,1,-3.7208107565900566,-1.7897331684357443
Not Placed,0,CSE,6.66,1,-3.8825722065297,0.6594817046189382
Placed,1,CSE,7.76,3,0.5824519372733893,-0.024317084481836313
Placed,1,Civil,8.05,2,2.156714673382098,0.13283165429182667
Not Placed,0,CSE,6.67,3,-0.8979727326816448,-1.336003140512626
Not Placed,0,ENTC,8.26,2,1.89321955494293,1.4835643158814174
Not Placed,0,IT,6.21,1,-1.769743336844139,-0.7032280641053049
Not Placed,0,CSE,5.44,1,-3.045723617694318,-1.2003496923814492
Placed,1,ECE,6.96,3,0.07535498770524668,-1.1223369315699725
Placed,1,ENTC,8.87,0,-0.1145851501402562,2.1502035430567803
Placed,1,ECE,8.99,2,2.302157417548706,-0.6049129920058879
Not Placed,0,Mechanical,6.34,1,-2.9668206670310897,-3.108683312926883
Not Placed,0,ENTC,6.41,0,-0.8454478811372061,0.10059176354523544
Placed,1,ECE,8.35,0,1.0061675170646909,1.2178046550371986
Not Placed,0,CSE,7.33,1,-3.6058319275908874,-0.5541930107896019
Placed,1,CSE,8.86,2,2.687940736591561,0.14623629028064203
Not Placed,0,ECE,8.33,3,0.7891942523231945,-0.6900009991762868
Placed,1,ECE,8.48,0,0.9667845522107513,0.9735552326778671
Placed,1,CSE,7.0,2,2.163089664958817,-1.6612208387105343
Placed,1,CSE,8.08,0,0.9413336992322688,1.4480451630934719
Placed,1,IT,9.41,0,0.9457566400080181,1.6420413091579014
Not Placed,0,IT,7.82,1,-2.5577262276703285,-0.09572211130660847
Placed,1,CSE,7.66,0,0.7879054928620685,1.132664237946739
Placed,1,ENTC,7.33,3,0.4360977088822414,-0.6367991129273181
Not Placed,0,ENTC,6.34,1,-3.6544253522365304,0.340746074964846
Not Placed,0,Civil,6.77,3,0.4524748972090429,-3.267749566934578
Not Placed,0,ECE,6.94,1,-1.5517901331165471,0.5588547727914009
Not Placed,0,CSE,6.3,1,-1.5895716345370945,0.8532125025509668
Not Placed,0,ECE,6.39,3,-1.0814025139414865,-1.4065839929802921
Not Placed,0,ENTC,5.62,1,-3.9332584305225087,-0.6093884055529856
Not Placed,0,ECE,7.03,1,-2.077227975727256,-0.8969138044261293
Placed,1,CSE,8.27,0,1.4087848639431801,1.3190763384397517
Not Placed,0,ECE,7.43,3,-0.2637481881677009,-0.6151751837175519
Placed,1,IT,7.43,0,-0.7175122171155353,0.6587697615022802
Placed,1,CSE,8.35,0,0.08851166797782473,0.3714432051288461
Placed,1,IT,9.14,2,3.176364185626202,-0.07437282381198067
Placed,1,CSE,9.63,2,3.2900641488824256,-0.6335690592933396
Not Placed,0,Mechanical,7.82,3,-0.4415490287458823,-0.3611486236084559
Not Placed,0,IT,7.46,1,-2.2019072994109794,-1.3544933014865146
Placed,1,IT,7.35,2,4.242889694916688,-1.549540341279015
Placed,1,ENTC,8.2,2,1.534887081455307,-0.28272932931284306
Placed,1,Mechanical,7.57,0,0.4958336592698416,1.3682907101699788
Not Placed,0,CSE,7.57,1,-1.503743710948325,-0.3161728998535455
Placed,1,CSE,7.63,2,1.6379987342092976,-0.8039835355111706
Not Placed,0,CSE,6.9,1,-1.8141265400146371,-0.5144831932067789
Not Placed,0,ECE,5.72,1,-1.8785900572766119,-0.4279784931795306
Not Placed,0,ENTC,7.13,3,1.203077953094211,-1.4511479618438685
Placed,1,IT,8.94,2,2.347383370897868,0.014062939173368068
Not Placed,0,Mechanical,8.9,0,-0.14560345606325562,1.0732654940194581
Placed,1,ECE,8.5,0,0.5202095767098018,0.9184893639304968
Not Placed,0,ENTC,7.28,0,0.18642626872326518,0.9317835543708238
Not Placed,0,IT,7.03,1,-2.2078188301236956,0.4521582750163018
Placed,1,Mechanical,9.08,2,1.269656940964761,0.5113442175421251
Not Placed,0,CSE,6.78,3,-1.0767087638063966,-3.3014713652001557
Placed,1,CSE,7.73,2,3.110109802280792,-1.3641923397790956
Placed,1,CSE,9.14,2,1.7632149266929116,1.0100642377171918
Not Placed,0,CSE,7.81,3,-0.4180838806370489,-0.8546148660630806
Placed,1,IT,7.45,0,-0.2290343310139195,1.166158031846863
Not Placed,0,IT,8.69,1,-2.176509701369543,1.0545082141144044
Not Placed,0,CSE,7.76,3,0.4884861179835592,-1.6203924823455156
Not Placed,0,CSE,7.87,3,-0.12766973051585,-1.0197561451221848
Placed,1,ECE,8.99,2,2.9467879322969286,0.23487928103246475
Not Placed,0,ENTC,5.54,3,-1.7104568423920645,-2.681888730181825
Not Placed,0,ECE,8.01,0,1.0940327308545976,0.9869077768196695
Not Placed,0,IT,7.05,3,-0.004086041117675678,-1.2367566960814325
Not Placed,0,CSE,7.52,0,-1.6172123078926162,1.6091633957257478
Placed,1,ECE,7.8,0,0.9493789890190009,1.4003313374300719
Not Placed,0,ENTC,7.13,1,-3.370255045584677,-0.39747517149328676
Placed,1,CSE,7.89,0,0.6034696836510113,1.0701143154353743
Placed,1,Mechanical,8.03,2,1.96710186332761,-1.4559282130002087
Placed,1,ENTC,7.87,2,2.6118556497962397,-0.5948611006458676
Not Placed,0,Mechanical,7.79,3,-0.20987905852756028,-0.5435150644725546
Placed,1,ECE,7.6,3,0.08967880460859605,-0.050814371456042395
Placed,1,CSE,7.62,0,0.2495363349725606,0.9611616064149032
Not Placed,0,Civil,7.77,3,-0.2688122089649514,0.11233751547962688
Not Placed,0,Mechanical,6.9,1,-2.0984963073742455,-2.599283697545595
Placed,1,ENTC,8.78,2,2.466249930092615,-0.025795022466157298
Placed,1,Mechanical,7.62,2,3.3092191880932806,-0.6379421390482252
Placed,1,Mechanical,7.36,2,1.7215011991912101,-1.1982706983269555
Not Placed,0,ENTC,8.04,1,-1.3090970794915007,-0.6668546651819254
Not Placed,0,IT,7.6,0,-1.0230453126663255,0.8490174994838936
Placed,1,CSE,8.76,0,1.6088241536264425,1.2677951231728135
Not Placed,0,ECE,8.46,0,-0.8634009300991963,0.9950932543167859
Not Placed,0,ENTC,7.78,1,-2.390218918066743,1.9660365036892293
Placed,1,CSE,8.5,2,2.187175207013077,1.6743577180077485
Not Placed,0,CSE,7.9,0,0.574290188119805,1.6325120268598516
Not Placed,0,Civil,6.72,3,-1.260426708349288,-1.3201235680940855
Not Placed,0,CSE,8.46,0,0.30704278247209654,0.4239298781404978
Not Placed,0,IT,6.08,1,-2.2778567988870435,-1.9807889844391449
Not Placed,0,ECE,5.0,1,-4.9451365755714,-2.687304393037216
Not Placed,0,CSE,8.29,0,-0.6151491217212491,0.7085780061891511
Placed,1,CSE,8.08,2,4.248453544594229,-0.8216211459369405
Not Placed,0,ECE,8.02,1,-1.134886892580425,0.39513266403002617
Placed,1,Civil,8.88,2,5.603008267451839,-2.921310301697831
Not Placed,0,CSE,7.68,1,-2.3012712252430583,1.5408467962853658
Not Placed,0,CSE,7.38,1,-1.7044265674052195,-0.33255629611894105
Not Placed,0,CSE,8.38,0,-1.0132807521804528,1.1120677647370736
Not Placed,0,ECE,7.09,0,-1.3986823748864352,1.4162776773715688
Not Placed,0,CSE,7.5,1,-2.931991908857184,0.17947585109838224
Placed,1,CSE,7.91,3,1.3615005139141123,-2.9369458234199506
Not Placed,0,ECE,7.98,1,-1.0115099618266943,0.3232922390637772
Not Placed,0,Civil,7.42,3,-0.637691666275879,-1.2194985642314884
Not Placed,0,CSE,7.28,3,0.23110976018385174,-0.6977970625920521
Not Placed,0,ECE,6.75,1,-2.021946355921554,-0.679658147191857
Not Placed,0,ENTC,7.03,1,-1.256641868419964,0.11906486184119741
Placed,1,IT,9.25,0,1.6861496538660823,2.7350617351584985
Not Placed,0,ENTC,7.47,3,0.6506855032673121,-2.3076895775041235
Placed,1,CSE,7.86,2,1.4582673494410674,0.8374040926450765
Not Placed,0,IT,6.43,1,-2.626330335100839,1.1639514181405899
Placed,1,IT,9.88,2,3.9272744682906877,0.1611290780271326
Not Placed,0,IT,6.97,3,-0.5279061835649459,-1.2281050082104392
Not Placed,0,ENTC,6.7,1,-1.572856848619535,-0.9998953841235811
Placed,1,ECE,7.65,3,1.2916161234196926,-1.006871318101107
Not Placed,0,ENTC,6.94,3,0.6667507118236098,-3.0666179520497536
Placed,1,ENTC,8.01,0,0.08512604041011354,1.7586550979347635
Not Placed,0,CSE,6.42,3,-0.5345539629254562,-1.799129371964686
Not Placed,0,Civil,8.67,0,1.0023542125783633,0.4837552628939194
Placed,1,Mechanical,8.5,0,1.5702221046401856,1.5657646835459442
Not Placed,0,CSE,7.6,0,-0.5523505888719029,1.2581701728098602
Not Placed,0,ENTC,6.29,1,-2.1442866808513736,-0.3280354301941221
Not Placed,0,ENTC,7.01,1,-2.642350709522599,1.4310700166546972
Not Placed,0,CSE,7.75,1,-2.295568185649255,-0.8487748824374746
Not Placed,0,IT,6.67,1,-3.996563896421625,-0.19174960929403764
Not Placed,0,CSE,6.81,3,-0.69315805340795,-1.503361549352843
Not Placed,0,Civil,8.59,0,1.0745686856727696,1.1080759074448183
Placed,1,ECE,7.83,3,0.986846290880048,-0.4469934092951738
Not Placed,0,ENTC,7.8,1,-1.2949368934599352,0.1791551072269734
Placed,1,Mechanical,8.15,0,-0.01886580695706076,1.577147732763533
Placed,1,IT,7.56,3,-0.14399150676510106,-0.7342220089875231
Placed,1,Civil,7.65,2,1.702570276527173,0.9938142593599009
Placed,1,CSE,8.09,0,-0.820592533420751,2.7418419078813425
Placed,1,ENTC,8.39,0,1.033914249360943,1.2624286970462546
Not Placed,0,CSE,8.12,3,-0.5450930129779515,-1.8140293112284456
Placed,1,CSE,8.94,2,2.5518253303411433,0.5620712261681057
Placed,1,CSE,7.72,2,2.625769003008007,-0.8584222119076809
Not Placed,0,CSE,6.55,3,-0.6428522792183422,-0.836412035025341
Placed,1,IT,8.63,2,2.478168511632316,-2.2705095535431927
Placed,1,CSE,7.49,3,1.3405139587220216,-1.559244980547076
Not Placed,0,ECE,7.05,1,-1.6274149906783075,-0.017149911325018443
Placed,1,Mechanical,8.31,2,1.9775424508073258,1.876788775137439
Not Placed,0,IT,8.02,1,-2.811733651508878,0.22629968561500882
Not Placed,0,IT,6.61,1,-1.2529152631637122,0.40645482437364583
Placed,1,ECE,8.27,2,1.5880949926100303,-0.9352307359996174
Placed,1,ECE,9.29,0,0.8686826624173015,2.3983660252960077
Placed,1,ECE,7.98,2,2.5030853005436384,-1.3306539766219867
Not Placed,0,Civil,7.48,3,1.6985587224990064,-1.8000019532154596
Not Placed,0,CSE,6.28,1,-1.678212461632585,-1.3795867001196902
Placed,1,CSE,9.44,2,2.763175842568962,0.45859171721387787
Not Placed,0,Mechanical,7.26,3,-0.6776111520002371,-0.46865031613679364
Not Placed,0,ECE,6.5,1,-1.380714867546212,0.19276605540843597
Placed,1,CSE,7.79,3,1.5976615701221057,-1.2809418501778118
Placed,1,Civil,8.56,2,2.4991905752322574,-0.16378555486481605
Not Placed,0,CSE,8.75,2,1.8110746440553098,1.6218122156860604
Not Placed,0,IT,7.13,1,-2.60503317708823,0.2063949842601257
Placed,1,IT,7.62,0,-0.32417857516297205,0.48672913687147107
Placed,1,ENTC,7.7,0,1.2514541876592262,0.7318612341431525
Placed,1,Mechanical,8.53,2,2.210838312433093,1.401319533128292
Placed,1,CSE,8.2,0,1.3246680098823698,1.4525166930486626
Not Placed,0,CSE,7.93,2,1.706477929429855,-1.0823210053895762
Not Placed,0,ECE,8.48,0,0.3974920046738234,0.9820939831349068
Not Placed,0,IT,6.54,1,-1.3695926325447816,0.37265623967832473
Placed,1,ENTC,8.06,2,2.5663966559526843,-0.8145604089358081
Placed,1,CSE,7.89,1,-1.1198954215199237,0.4492997966175353
Not Placed,0,Mechanical,7.66,1,-1.2912046785652913,0.37596249494239964
Placed,1,ENTC,7.49,3,0.1952033483588711,0.2139847890088591
Placed,1,CSE,7.81,2,2.1780890055842383,-0.11892100660228414
Not Placed,0,ECE,7.22,3,-0.09758122925840972,-2.0248888547948884
Not Placed,0,ENTC,10.0,1,-2.3743231706696153,1.4201571010253178
Placed,1,CSE,8.86,0,2.0826543790348917,2.6788762326270343
Placed,1,CSE,8.63,0,-0.24080215375730835,1.0969938378564226
Placed,1,ENTC,7.25,2,1.9769862450927895,-0.2640527702622438
Not Placed,0,ECE,6.89,1,-4.161990446288386,-0.0693429145484625
Not Placed,0,ENTC,7.52,0,0.5884579848125869,0.687711809207897
Placed,1,CSE,7.8,0,0.36214222389497797,1.3465149175676505
Placed,1,ECE,6.47,3,-0.574340987658664,-0.884049359831131
Placed,1,ECE,8.11,2,1.321517472787983,0.574607521809464
Placed,1,CSE,8.62,0,1.6147388246888648,2.395009313310672
Not Placed,0,CSE,5.8,1,-2.7092766512177167,-2.429173170644136
Placed,1,CSE,6.93,2,2.218976011113059,1.534315056342711
Placed,1,ENTC,8.74,2,3.1715054384760433,1.1087527753280313
Not Placed,0,IT,8.02,3,0.9389937926121344,-2.450511166785971
Not Placed,0,Mechanical,6.96,3,0.6644312921312432,-1.7187664518386745
Placed,1,CSE,8.33,2,4.117084462004249,1.3106395947340084
Not Placed,0,ENTC,7.19,3,-0.22629048787264755,-0.39615832893386793
Not Placed,0,IT,7.5,3,-0.2689041701354573,-1.2460668989380197
Placed,1,ENTC,6.73,0,0.42741790939217106,0.48616725045744696
Not Placed,0,CSE,7.71,3,-0.4380050670439592,-1.3620971083425915
Placed,1,ECE,8.57,2,1.7081300017419654,-0.20829481594580984
Placed,1,Civil,7.29,3,2.0080258417431063,-1.689971872994729
Placed,1,IT,8.25,0,0.4463549434479563,1.7419427665860516
Not Placed,0,IT,7.66,0,0.3027194427048954,0.702679316830642
Placed,1,IT,8.62,2,2.2726896221005815,0.5208132676841303
Not Placed,0,CSE,7.31,0,-0.9027208201657758,1.4752704004397565
Placed,1,ENTC,9.02,0,0.04284726689999115,2.850530444999456
Placed,1,IT,8.28,0,0.22683879471608545,1.9908852840929994
Not Placed,0,ENTC,7.91,3,-0.250468329375986,-1.2741426735055417
Not Placed,0,CSE,7.94,2,1.337801782077165,0.10206384854741749
Not Placed,0,Civil,7.3,3,0.1389903927547983,-0.35743498444523253
Placed,1,CSE,7.25,0,-0.31510829184424116,0.4765375773050095
Not Placed,0,Civil,7.92,2,1.5806904317377504,0.03264043691366178
Not Placed,0,CSE,6.68,1,-2.586425319397347,-1.9593220374012261
Not Placed,0,Civil,7.19,1,-1.9684283622646508,0.49552205199354094
Not Placed,0,ECE,6.9,1,-1.3943253103110351,-0.8807944616027784
Placed,1,CSE,8.19,0,0.7326305340568563,1.0268890513618416
Not Placed,0,ENTC,8.2,0,-0.5420735514472345,1.0611991843400719
Placed,1,CSE,8.78,0,-0.9027336569719709,1.9538562011127858
Not Placed,0,CSE,7.42,1,-1.7401805119661684,0.2618119373546311
Not Placed,0,CSE,7.01,1,-2.957171529421212,-1.5978909453386272
Not Placed,0,Mechanical,6.45,1,-3.08672480355728,0.35257055480956834
Not Placed,0,ENTC,7.93,3,-0.10647156762717887,-0.7567362168950824
Placed,1,IT,8.89,2,3.7546190673114856,1.3842834265158857
Not Placed,0,ENTC,7.64,3,-0.8177373154998183,-0.5376811406917774
Not Placed,0,CSE,7.72,2,1.4351017146486367,-0.6280110972422743
Not Placed,0,IT,7.69,0,-2.018652005513872,2.3666841934998386
Placed,1,IT,7.92,0,0.5322585027090522,0.1502075046749454
Not Placed,0,IT,8.55,2,2.0300789610908048,0.1338830358820088
Placed,1,ECE,9.33,0,-0.02685538608274887,2.0470199642432862
Not Placed,0,CSE,8.12,1,-1.3614458288304796,0.41930762054972764
Not Placed,0,IT,8.18,3,-0.5553074018467289,0.03463101572801243
Not Placed,0,CSE,7.5,3,0.61547665299039,-0.956508967715306
Not Placed,0,Mechanical,7.61,1,-1.5524260300855968,0.5363707198886973
Not Placed,0,ECE,7.6,1,-1.1076586231534733,0.3503037895951864
Not Placed,0,CSE,7.39,1,-2.1968156567282935,1.4483719660717755
Placed,1,ENTC,7.81,2,2.0321476865523533,0.9671391960703623
Placed,1,IT,8.23,0,0.4107447267595472,1.7706647817315968
Not Placed,0,Mechanical,7.75,1,-1.303343881246247,-0.19355955679036257
Placed,1,IT,7.46,2,1.8208724429060241,0.024871275232310218
Placed,1,IT,7.81,0,-0.4296362435539131,1.6031663852631308
Not Placed,0,CSE,6.88,1,-3.904857529218966,-1.24077394445532
Placed,1,IT,8.38,2,1.9876238382263212,0.4039543407216121
Placed,1,IT,7.35,0,0.3780388941093396,0.4682702557641532
Not Placed,0,ENTC,6.72,3,-0.6478449799938463,-3.393004955828385
Not Placed,0,CSE,8.09,0,0.8589899039134222,0.9396579245845159
Not Placed,0,IT,8.13,3,-0.28655331735084266,-1.6749766205439578
Not Placed,0,ECE,6.97,0,-0.26700578054544855,0.19786793010555326
Placed,1,ECE,8.23,0,1.319325285690044,2.1524135326262317
Not Placed,0,Mechanical,8.24,3,-0.07051446183128168,0.01000149545964742
Placed,1,IT,9.38,0,1.902940248178568,3.9595922418712264
Not Placed,0,Mechanical,7.5,3,-0.3593183275767361,-0.4399087613447813
Placed,1,ECE,7.65,3,0.5110370753496344,-0.6946617406457496
Not Placed,0,CSE,7.18,0,-0.7083828789960944,0.048813875280626605
Not Placed,0,CSE,8.12,0,-0.6444932079700165,1.662499384621059
Not Placed,0,CSE,7.7,0,-1.19688455674867,2.4146863693920944
Not Placed,0,IT,8.54,0,0.5539235976556515,1.566789213462126
Placed,1,ECE,7.33,1,-1.6003808231824617,0.8804004289662618
Not Placed,0,ECE,8.1,0,0.24188160372821838,1.6954220537556752
Placed,1,IT,7.5,0,0.3607297829855078,1.6502127904338615
Not Placed,0,CSE,6.13,3,0.053242808003089816,-1.0524148479350084
Not Placed,0,Mechanical,8.23,0,0.41711737125567866,1.1641487557338748
Not Placed,0,CSE,6.21,1,-3.7803789786306727,-0.8230228471933063
Placed,1,CSE,7.56,3,-0.42951787966585003,-0.458710134534714
Not Placed,0,Civil,7.58,1,-1.373518424883363,-1.2172240542555997
Not Placed,0,IT,7.69,2,2.5588923993833967,-1.9106076188932926
Placed,1,ECE,7.74,0,1.8213710376058363,1.944427621114468
Placed,1,ENTC,7.73,3,1.4343826748869712,-2.399212349475568
Not Placed,0,CSE,8.01,0,0.026270118353170016,0.3321907538320965
Not Placed,0,CSE,7.61,0,0.4445058153245383,0.1983923886068659
Placed,1,Mechanical,9.92,2,2.1072433545350195,1.5057063138466096
Not Placed,0,IT,7.41,0,-0.6578978190162655,0.925011903725052
Not Placed,0,IT,6.66,1,-2.1849257667373516,-1.0153717166106926
Not Placed,0,CSE,6.5,1,-2.9044868246862645,-1.343729887116153
Placed,1,ENTC,8.26,2,1.4768741904804392,-0.260050540413821
Not Placed,0,CSE,6.35,3,-0.15400518576144434,-0.49305416888668785
Not Placed,0,CSE,6.67,3,-0.0029047784572818524,-0.15949671346072622
Not Placed,0,CSE,6.55,1,-1.442208294117382,-0.8544533420813272
Placed,1,CSE,8.09,2,2.6034266306499343,-0.5179864966722729
Placed,1,ECE,8.83,0,1.2715027101683951,2.675628580800671
Not Placed,0,Mechanical,6.9,1,-1.1489713470115384,-0.4810407452384844
Not Placed,0,CSE,8.06,2,1.7891486097297655,-1.3073720582138533
Not Placed,0,ECE,5.46,1,-3.6820481001881875,0.1292915487867889
Not Placed,0,ECE,7.07,3,-1.657677648908866,-2.2128618733494925
Placed,1,ENTC,8.21,2,3.062401092233101,-2.1141486733269357
Placed,1,CSE,7.43,3,0.6437908231647169,-0.4307479701671201
Placed,1,IT,8.54,2,1.5716257183869793,-0.11984991604256343
Not Placed,0,ECE,5.8,1,-3.094040162993087,-1.5441434549174002
Not Placed,0,ECE,7.08,1,-2.0589344676377506,-0.9963099058229996
Placed,1,ECE,8.08,0,-0.6022743655216546,1.2436965740185388
Placed,1,CSE,8.07,2,3.275618793607391,-0.007540545313239759
Not Placed,0,IT,8.14,3,-0.5356338441463544,-0.15895487202769887
Placed,1,IT,7.88,0,-0.33315832086246905,3.52020516982033
Placed,1,IT,6.73,3,0.8492915627350394,-2.430697368147167
Not Placed,0,IT,7.04,3,-0.8935712646911829,-0.21656246740025975
Placed,1,CSE,9.67,2,4.034909778731794,1.809874785406038
Not Placed,0,IT,6.63,3,-1.085701323648874,-1.7578323758667844
Not Placed,0,CSE,6.5,3,0.24264045736926568,-0.8678481875385212
Not Placed,0,Civil,8.28,0,-0.7573793577137342,2.5798660308759396
Placed,1,CSE,6.8,0,0.18096285522794334,1.6732910483524295
Placed,1,CSE,9.22,0,0.8783369254065361,2.5086170501121723
Placed,1,ECE,10.0,2,2.709945767364123,0.9269777622010739
Not Placed,0,CSE,7.5,3,0.35331375453579406,-0.3432493904989231
Placed,1,IT,7.96,1,-2.4801753878970905,0.6655676285429889
Not Placed,0,CSE,6.15,1,-2.8022273533036697,0.19823360612156368
Not Placed,0,CSE,8.58,0,-1.1775231272236453,1.066478843368187
Not Placed,0,CSE,5.8,1,-2.090205357691257,-1.8330221143845318
Placed,1,IT,6.56,0,-1.5061865830082912,1.3163872398000251
Not Placed,0,CSE,7.8,3,0.3289695523504247,-0.9457375242248749
Not Placed,0,IT,8.17,3,-0.39243157393631956,-0.4962795225815909
Not Placed,0,CSE,6.44,3,-1.3223459665311321,-2.295336280972729
Not Placed,0,ECE,7.24,0,0.27520030622619984,1.9598854342573913
Not Placed,0,CSE,6.29,1,-3.317110330708748,0.08861686102501422
Not Placed,0,CSE,7.43,1,-2.634278343119608,0.8868954822905251
Not Placed,0,IT,7.02,3,-0.3145453788951563,-1.4072333005321205
Not Placed,0,ECE,7.16,1,-3.774102455505659,-0.8819088350941537
Placed,1,CSE,8.25,0,-0.5123141559657323,1.0546919221266282
Not Placed,0,ENTC,7.94,1,-1.3854319101048795,-0.9025811678918532
Placed,1,CSE,8.18,2,1.576345067442588,0.035763518388683795
Not Placed,0,Civil,7.59,1,-1.7928553364308217,0.7759339135904436
Not Placed,0,CSE,8.31,3,-0.22800853036410135,-1.389562855180088
Not Placed,0,ENTC,7.67,2,2.4039200434279793,-2.1637324176162345
Not Placed,0,CSE,7.28,3,-0.4122040760718176,-2.158655468067383
Not Placed,0,CSE,8.18,0,-0.29175545597064434,1.488440057263385
Not Placed,0,ENTC,7.34,2,2.344344776616832,-0.25664167464596155
Placed,1,Civil,7.42,0,0.0934927819096656,0.48043128303957156
Placed,1,ENTC,8.61,0,0.7601205873696467,0.5693423441890543
Not Placed,0,CSE,8.53,0,-0.21476901306681492,1.4591761969933523
Placed,1,CSE,7.45,2,1.8575475440475127,1.5998186674622075
Placed,1,IT,8.44,2,1.755745313456484,0.9081537827811932
Not Placed,0,ECE,6.61,3,-0.7870675248830413,-0.3666314742013581
Not Placed,0,CSE,7.45,0,-1.6111171810471934,1.9994066743156254
Placed,1,CSE,7.06,3,1.1617260810239627,-0.5620723182928415
Not Placed,0,IT,7.7,2,1.8186910797135856,-1.1736677464776835
Placed,1,Mechanical,8.32,0,0.0826157233443519,3.7648203957606423
Placed,1,IT,8.17,2,2.1866294857972903,-0.6551434496461997
Not Placed,0,CSE,8.06,1,-2.77850593278827,-1.4074572461147254
Not Placed,0,IT,7.82,1,-2.1013730946556235,1.435594860841853
Not Placed,0,CSE,7.56,0,-0.40866878581443356,0.41210214777096743
Placed,1,IT,8.72,2,2.7607795369371995,2.294855073747215
Not Placed,0,ENTC,6.39,3,-0.7352192694057966,-1.1597191462835124
Not Placed,0,CSE,7.13,0,-0.5346100182159162,0.09664380270916212
Not Placed,0,IT,8.05,0,-1.7326805908349832,1.5319192043360832
Placed,1,IT,9.0,2,3.457115593428254,1.4883231909642922
Not Placed,0,CSE,7.41,3,-0.406607823571903,-0.37492479593186206
Placed,1,ECE,7.48,0,1.023282801878378,1.410765894060259
Not Placed,0,IT,6.6,3,-0.03686598413865019,-0.7490514608970938
Not Placed,0,ECE,7.24,1,-1.7948402013022238,0.5422293409210949
Placed,1,CSE,8.3,0,0.7147788612310373,0.7587322544584795
Placed,1,IT,9.04,2,2.385838272729034,-1.3282620648418189
Placed,1,CSE,7.45,3,0.7961011389454519,-1.3691691464653044
Not Placed,0,CSE,7.02,3,-1.52150073739862,-1.9181865234299165
Not Placed,0,CSE,7.76,0,0.4216282516894342,0.8246036605634814
Not Placed,0,CSE,6.33,1,-3.7233418906284825,0.8712691461720579
Not Placed,0,ENTC,8.75,3,0.16406596851164054,-1.1793503444001114
Placed,1,IT,6.65,3,1.6167701919758666,-2.6664138232217987
Not Placed,0,CSE,7.97,1,-2.795820230398362,1.386016154078067
Placed,1,CSE,7.95,2,2.602882700984728,0.24996043804979265
Placed,1,CSE,8.23,2,4.1798216463110025,-0.3447663538150549
Not Placed,0,CSE,7.92,0,-1.3023673416251056,1.2306135537734593
Not Placed,0,CSE,7.7,1,-2.5152076087944937,-0.8573270556683104
Not Placed,0,ECE,8.06,2,1.6295468101682733,0.416708294380553
Placed,1,ECE,8.41,0,0.21290804964350518,1.3718322291155052
Placed,1,IT,9.23,2,2.6701868163623312,0.886080408595814
Not Placed,0,CSE,6.76,3,1.8382496767681737,-2.1297665471150387
Not Placed,0,ENTC,6.14,1,-2.1964745468206783,-1.0237121527132156
Placed,1,CSE,6.39,1,-2.04871238574699,1.6108621656457618
Not Placed,0,ECE,6.16,1,-1.848164996713623,-0.09525979039676033
Placed,1,ECE,6.68,2,2.393863117481427,-2.1018333965527822
Not Placed,0,CSE,6.57,0,-0.6038743740685714,0.07382794375901242
Placed,1,IT,7.35,2,2.3677756533463947,-2.50749421869632
Placed,1,ECE,8.43,0,1.8740283660667127,1.8018014805644236
Placed,1,CSE,8.23,2,3.1224115188565995,-2.335596948146203
Not Placed,0,IT,7.17,0,-0.0820006405618635,0.4585682307255427
Placed,1,IT,7.24,2,1.6896196344417316,-0.2762489572060066
Placed,1,IT,9.41,2,3.1101552564267836,0.24367806868396596
Not Placed,0,CSE,8.21,0,1.5048290613259507,1.5100116108538628
Not Placed,0,IT,7.85,3,0.2270455589668282,-0.5179828256750756
Not Placed,0,ENTC,7.8,1,-1.6672197189061975,0.37824225220843916
Placed,1,Civil,7.45,1,-1.301582392784768,0.019218460319949063
Placed,1,Civil,9.4,2,6.1603126643218005,-1.0526282045418582
Placed,1,CSE,7.54,2,2.572471773846937,-0.09225319491941505
Not Placed,0,CSE,7.83,3,-1.2657275852768297,-1.6455117515904891
Not Placed,0,Mechanical,6.3,1,-2.188194279256008,1.365060483479407
Placed,1,ECE,7.16,2,1.467346562753664,-0.2696319249832102
Placed,1,CSE,7.23,3,0.09487028157285651,-0.6533063861808298
Not Placed,0,ENTC,8.11,2,1.1990632354998,-0.26878296250203737
Placed,1,CSE,7.04,0,0.2695386831231688,0.5952196102087278
Placed,1,ECE,7.74,2,2.370535085244964,-0.339029513178806
Not Placed,0,Civil,7.18,3,-0.058944318509090675,-2.1239784526680676
Not Placed,0,Civil,6.76,3,0.172486432930534,-1.9802815283714343
Not Placed,0,CSE,6.73,0,-2.185285761628805,2.3782988474893627
Not Placed,0,IT,7.55,0,-0.9963690907163475,0.7902024775997801
Not Placed,0,ECE,7.79,0,-1.3684915090579275,2.1611318058112094
Not Placed,0,ECE,7.54,3,0.16960325459193243,-0.7759999844421726
Not Placed,0,CSE,6.99,1,-1.5071040826554476,-1.3391975119401993
Not Placed,0,CSE,7.58,1,-1.8638934819280464,1.324276095797362
Placed,1,ECE,7.43,3,0.41538657706150733,-0.0011355647758729914
Not Placed,0,CSE,6.81,3,-1.4279340095846538,-1.268071196738697
Not Placed,0,Civil,7.77,1,-2.9113047842264153,0.0492051623287453
Placed,1,ENTC,9.24,0,0.6877046552971008,1.2396954820920842
Placed,1,CSE,7.57,0,0.4783105705022623,0.40293631252077766
Not Placed,0,CSE,6.46,1,-2.7600814121793644,-0.47778569403278826
Not Placed,0,CSE,8.95,0,0.8862172170064649,0.402171821254496
Placed,1,CSE,8.77,0,0.23314247330484505,1.5446026077849184
Not Placed,0,IT,8.92,0,-1.1527000417377777,1.7784772584965165
Not Placed,0,ECE,7.66,1,-2.9091228877559487,0.4236048908934844
Not Placed,0,ENTC,7.03,1,-2.275550537587384,1.4339595450876097
Placed,1,CSE,6.94,2,2.7565840064924925,-0.7637749053444524
Placed,1,Mechanical,8.67,0,0.2205263033409002,0.9124716719972996
Placed,1,Civil,9.06,2,1.7915358623738311,0.4039505435112518
Not Placed,0,ENTC,6.92,1,-1.695150569435107,-0.5473512495385929
Not Placed,0,Mechanical,5.56,3,1.3855939992621547,-2.7921445042481188
Not Placed,0,CSE,7.68,1,-3.576823048812574,-0.5560858213673255
Not Placed,0,Mechanical,6.93,1,-3.371599978494548,-1.4596461854845209
Not Placed,0,Civil,7.1,3,-0.8539670846357442,-0.7146552534556848
Not Placed,0,ECE,7.5,0,-0.045159722088358,1.0060567473103534
Placed,1,IT,8.05,0,-0.1387418470190148,0.7389732276173551
Not Placed,0,IT,7.04,3,-0.72381865953327,-1.8644746462394166
Not Placed,0,CSE,7.82,1,-3.0682872865556567,1.1629387148392247
Not Placed,0,ENTC,7.59,0,-0.6285770503024003,1.6533272181595033
Not Placed,0,CSE,5.74,1,-2.9885386455632275,-0.6253298832047007
Placed,1,ENTC,8.16,2,2.2265436048952805,0.3008177510849134
Not Placed,0,ENTC,7.32,1,-4.021215677417642,0.5951518285226126
Not Placed,0,IT,6.63,1,-2.2499255672566916,-2.2927518772079996
Placed,1,IT,7.08,3,-0.765101698377111,-0.7601614624630623
Not Placed,0,ECE,7.87,1,-1.4889952857679944,-1.340616036132888
Placed,1,CSE,7.74,1,-1.843681702274598,-1.1987917269343682
Placed,1,Civil,8.25,0,-0.07646470948647797,0.8844238776474241
Placed,1,Mechanical,8.07,2,2.426900752969971,-1.5558895708722806
Not Placed,0,CSE,6.7,3,-0.2073253784443516,-1.8891421121715222
Not Placed,0,ECE,5.19,1,-4.225125888419801,-1.5402138031077988
Not Placed,0,ENTC,7.8,3,-0.7203304753107231,-0.9903544223532088
Placed,1,Mechanical,8.24,0,-0.1050773736485921,1.1363783927916946
Not Placed,0,CSE,7.53,3,-0.19496829699500282,-1.1973284792138745
Not Placed,0,Civil,8.26,0,-0.7626669404650387,0.777919167727843
Not Placed,0,CSE,6.85,1,-2.9248047506477968,-0.03488617073941568
Not Placed,0,IT,7.41,3,-0.747859797977981,-0.40593210614755765
Not Placed,0,CSE,6.92,0,-0.6857520229964345,0.6598194070119651
Placed,1,ENTC,8.29,0,0.772841605309692,1.9461910969221716
Not Placed,0,Civil,6.93,3,-1.0132852484248065,-0.26600307706797427
Placed,1,IT,9.45,0,1.5723691829035427,2.446448923996303
Not Placed,0,CSE,7.27,3,-0.36366919551506854,-0.9935289625321971
Placed,1,ECE,8.38,0,1.1406574923442814,2.3850619066238545
Not Placed,0,Mechanical,7.28,1,-2.35896912385628,0.08360858623483437
Not Placed,0,ECE,8.84,2,1.5348987569650265,0.8275966655740128
Not Placed,0,CSE,8.8,0,0.5396985944510732,2.075937677943652
Not Placed,0,Mechanical,7.42,0,-1.1661235813581257,1.4026719985753302
Placed,1,ECE,7.93,0,0.1559044265832187,2.2508127346283557
Placed,1,Mechanical,8.78,2,3.36463842396343,0.5568320607112344
Placed,1,ENTC,7.96,2,1.1395543593079882,0.16529279719532608
Placed,1,IT,6.92,2,2.3746320901847433,-0.8458130289559644
Not Placed,0,Civil,7.76,1,-2.6068353646832843,1.8036337210121103
Not Placed,0,CSE,7.06,0,-1.03829034885462,1.2146077447515655
Placed,1,Civil,7.83,0,0.6128791719537261,2.194691160269954
Placed,1,IT,7.03,3,1.5649282192814447,-2.9250100552599783
Not Placed,0,ENTC,8.02,3,0.014240258118325454,0.06180925921465975
Not Placed,0,CSE,6.18,1,-4.493252982600413,-0.34396107902191425
Not Placed,0,IT,6.75,1,-3.577594017971916,-1.5132127285358052
Not Placed,0,Civil,7.03,3,-1.8441241838333275,-3.126115125433043
Placed,1,CSE,7.56,0,0.5413292228475711,1.0077587799423364
Not Placed,0,IT,6.41,3,1.653841013504498,-1.8586971818466738
Not Placed,0,Mechanical,6.95,1,-2.1887469355542866,-1.1442698223007228
Not Placed,0,CSE,8.36,0,1.0784629979686708,1.4350732902126981
Placed,1,CSE,8.46,2,2.9361738130336685,-0.08237896855145452
Not Placed,0,Civil,5.55,1,-3.689731489136049,-1.4751451975021024
Not Placed,0,CSE,7.2,3,1.5075737292213773,-1.5716969235455365
Placed,1,IT,8.78,0,0.20660063221090463,1.867870096330952
Not Placed,0,ECE,8.03,1,-1.64833908497203,0.11595798422835404
Placed,1,ECE,8.05,2,3.108058825876237,-1.1362780187840649
Not Placed,0,IT,8.18,3,-0.5422550048405547,-1.145240559937427
Not Placed,0,CSE,6.88,1,-3.3387475028755187,-0.5236866604837438
Placed,1,CSE,7.88,0,-0.43216159609336674,0.43680347611275433
Not Placed,0,IT,8.1,0,-0.8359091013408333,1.3206300091733614
Not Placed,0,CSE,7.79,0,-0.6100152775529467,0.9237929997815797
Placed,1,Mechanical,7.37,3,0.7357595757828664,-0.3040966444351338
Not Placed,0,CSE,7.66,0,-0.7874838782918036,0.2561966471759332
Not Placed,0,CSE,6.73,3,1.558474715484904,-3.5006563421413324
Placed,1,Civil,8.22,0,0.05380525297104264,1.926624612700047
Not Placed,0,CSE,6.48,1,-2.4231020551937856,-1.5730017441067514
Placed,1,Civil,7.01,2,1.519940110046545,0.389535277097794
Not Placed,0,Mechanical,8.28,2,1.5929868617164804,-0.742065737072246
Placed,1,CSE,7.95,2,1.113310229668818,0.04633897032093928
Placed,1,CSE,7.29,0,0.0764654832202297,1.3734951172325984
Not Placed,0,IT,6.24,3,0.2982262967044438,-2.1788423507008234
Not Placed,0,IT,7.66,0,-0.6655817299743737,0.4595621699168674
Not Placed,0,CSE,7.16,1,-2.3537875814361113,0.623987557305872
Not Placed,0,CSE,8.11,0,-0.4848050977211141,0.16683035549870529
Not Placed,0,CSE,7.26,3,-0.6031246198512245,-0.6630181108613888
Not Placed,0,ENTC,6.21,1,-2.1410714089755847,-0.8118556246967532
Not Placed,0,CSE,6.52,1,-1.6626262278950246,-1.4386488216483901
Not Placed,0,CSE,7.34,0,-1.3117775129365825,1.744383953302886
Not Placed,0,IT,7.79,3,0.3402209349812928,-1.16968593155722
Not Placed,0,CSE,6.71,1,-2.4387681631430604,0.739036899731002
Not Placed,0,ENTC,7.06,1,-3.4071486855345983,-0.10436637314877847
Not Placed,0,ECE,8.37,0,0.10955248472624232,0.9999040033221129
Not Placed,0,CSE,8.64,0,-0.9739290972345,1.573225519383456
Not Placed,0,CSE,7.94,0,-1.1411926746970893,0.5268424894532223
Not Placed,0,CSE,7.46,1,-1.3238633944786178,-0.2550280578565386
Not Placed,0,Mechanical,7.17,0,-0.21119361380387935,0.8301141543798529
Placed,1,CSE,8.16,0,-0.37539485724875304,2.1572823237265646
Not Placed,0,ECE,7.43,3,-0.620428444886813,-1.209475734225758
Not Placed,0,IT,8.48,0,0.829776164595537,1.003437652526931
Placed,1,CSE,8.53,0,0.8592097003623042,0.8430666508699991
Placed,1,CSE,8.05,2,2.183830944689793,1.6170072693877968
Not Placed,0,IT,7.28,1,-3.187257420806518,1.0298596927250872
Not Placed,0,ECE,7.34,0,0.34145426474443275,0.4747895072080796
Not Placed,0,CSE,6.3,1,-3.7727070154401523,0.3941030049543742
Not Placed,0,IT,7.66,1,-1.4653044305824137,0.4592009963907138
Not Placed,0,Civil,7.63,1,-0.9948773267673022,-0.3841807864803317
Not Placed,0,IT,6.53,1,-1.527695734420274,0.3950711168501236
Placed,1,Mechanical,9.71,2,1.5108366084541929,0.1877428950534861
Placed,1,CSE,8.17,2,1.2434950041192554,0.44057830833513983
Not Placed,0,CSE,6.99,1,-1.511978153222025,-0.6994438362528071
Placed,1,IT,9.45,0,-1.385302924747131,3.0552065119759706
Not Placed,0,ECE,7.28,1,-1.649708352535796,-0.022320701348458493
Placed,1,ENTC,8.41,2,1.8640043235542194,0.4756324578897575
Not Placed,0,ECE,7.77,3,-0.1379395172278137,-0.06469188289204865
Placed,1,CSE,7.31,3,0.8916659942591909,-1.2764333763906643
Not Placed,0,IT,7.41,1,-2.0128579034193277,-1.3934135705874018
Not Placed,0,ENTC,8.92,0,0.6444426609621025,0.15688664503379451
Not Placed,0,Mechanical,8.44,0,-0.42149434308950595,0.01476572059495508
Not Placed,0,CSE,7.6,0,-1.3481590097476925,0.7964380128848386
Not Placed,0,ENTC,5.96,1,-3.1147264119789595,-1.2055723469869912
Not Placed,0,ECE,7.96,3,0.08013801592703446,-0.47051347516997283
Not Placed,0,CSE,6.64,1,-3.276747195791267,-0.09792225918025563
Not Placed,0,ECE,8.16,3,0.6274406055204039,-0.707926141773899
Not Placed,0,IT,7.09,1,-1.1366374854452566,0.010315337896688464
Not Placed,0,IT,7.18,0,-0.06983539529349175,0.8688609679238105
Not Placed,0,ECE,7.16,3,-1.5460311966012668,-2.0143804235973684
Placed,1,Civil,8.57,2,2.158836700644057,1.102524777979919
Not Placed,0,CSE,6.2,1,-2.046512061792466,-1.72333682708277
Placed,1,IT,8.33,0,0.2301669124848383,0.11339217887621128
Placed,1,IT,7.99,0,1.6305295969409137,2.398114687592409
Not Placed,0,CSE,7.64,1,-2.4572182865151415,0.15690834366519912
Not Placed,0,ECE,7.32,0,-0.7858223064657488,0.5265028430961717
Placed,1,IT,8.11,2,1.7655035853993626,0.12390794118594159
Not Placed,0,IT,7.33,3,-0.5238986555853903,-1.4433191962422425
Not Placed,0,ECE,7.32,1,-2.3474785578587087,0.9061697271416811
Placed,1,IT,7.75,2,2.547643548088353,-1.5994411351860882
Not Placed,0,CSE,9.16,0,0.421035120348317,1.102192237134339
Not Placed,0,ENTC,6.41,1,-3.135666756903639,-1.6070062077458587
Not Placed,0,IT,8.13,1,-2.195722569329045,0.047546814452483585
Placed,1,CSE,7.58,2,2.01014380872128,-0.6390754511966582
Not Placed,0,IT,7.51,1,-2.1993393005071296,-1.2299276515480493
Not Placed,0,CSE,6.4,1,-1.8072873463335641,-0.4913839146392614
Not Placed,0,Mechanical,6.21,1,-1.8784040658910934,-1.7174628511170855
Not Placed,0,ECE,7.99,1,-2.703039669473177,2.0807750138077976
Placed,1,IT,6.62,3,-0.1373541544824516,-1.4546160207759915
Placed,1,IT,8.56,0,0.8142813453801017,1.3314953141458685
Not Placed,0,CSE,6.84,2,1.1074185445508764,0.12095323387965619
Not Placed,0,Mechanical,8.17,0,0.822784426344508,0.7337528973149016
Not Placed,0,ENTC,7.21,3,1.1471604159302575,-2.214614445174517
Not Placed,0,ECE,7.17,1,-2.0367016358565815,-1.8399973287498212
Not Placed,0,IT,6.92,3,0.9909538661336472,-1.1567283072494252
Placed,1,Mechanical,8.07,2,1.6744076918133535,0.07097253472506707
Not Placed,0,ENTC,8.31,0,0.9844311938262422,0.3861933720043757
Not Placed,0,CSE,7.43,3,0.21632810937681946,-2.37579246697206
Not Placed,0,CSE,8.2,1,-2.916570466152926,1.6087158187923354
Not Placed,0,CSE,7.71,1,-1.1436824550205558,0.24769318352717407
Not Placed,0,ECE,6.57,3,-0.971785704779256,-3.5239652828356363
Not Placed,0,CSE,8.02,1,-2.744976147730006,-0.4246172482218916
Not Placed,0,IT,7.44,1,-1.5004110697275517,-1.4247286774457006
Not Placed,0,ECE,5.48,1,-3.458547510784422,0.7257370371243487
Not Placed,0,ECE,7.37,1,-3.09665330829972,0.3762055258786752
Not Placed,0,CSE,6.26,0,-1.1348849414326727,2.4416980729131104
Not Placed,0,CSE,6.65,3,-1.2733460313052871,-2.098220467980783
Placed,1,IT,7.49,0,-0.5054808714726888,0.949968258258461
Not Placed,0,CSE,7.64,1,-2.912868018890003,-0.39160044311616
Placed,1,ENTC,6.99,1,-2.9551204725887676,0.6704069980260694
Not Placed,0,ECE,8.15,1,-1.8269854781508328,0.48848353610094797
Not Placed,0,Mechanical,7.6,0,-0.772326902768464,1.1168999585315227
Not Placed,0,ECE,7.34,0,-1.4557346334857855,1.8259671079107096
Not Placed,0,ENTC,7.74,3,0.5480691033468538,-1.7391694490204075
Placed,1,CSE,8.72,0,0.9984497498469624,3.051592457370475
Not Placed,0,IT,5.87,1,-3.529434060899468,-1.6920088952279624
Placed,1,Mechanical,8.8,2,2.408907831755027,1.1109597747601556
Not Placed,0,ECE,7.18,1,-2.9768388833460127,1.217534635982561
Placed,1,Mechanical,7.04,2,1.943772930805426,-1.595263528007725
Placed,1,ECE,7.36,0,0.8401886242428109,1.6549483826065094
Not Placed,0,CSE,6.95,3,0.11118185342971026,-1.8473615225806823
Not Placed,0,IT,6.82,1,-2.028357821801025,-0.20477248650264476
Placed,1,CSE,8.42,0,-0.46920448004618964,1.1510675473534449
Not Placed,0,ECE,7.84,0,-0.8023634200964928,0.5629751958438892
Not Placed,0,Civil,6.07,1,-2.912651394959223,-2.7130215244467184
Placed,1,ENTC,8.27,2,1.880575948206757,1.273581438040867
Not Placed,0,CSE,8.15,1,-2.197632988437008,1.0237166962066337
Not Placed,0,CSE,6.44,3,-0.17956558596419325,-2.735888481936649
Placed,1,IT,7.85,0,-0.3602942083489578,1.4706838577973358
Placed,1,CSE,8.23,2,2.4240883797245556,0.6361782616853302
Placed,1,Civil,6.34,1,-0.9045671067671762,-0.17007960884322998
Not Placed,0,ENTC,7.94,3,0.2843808938387629,-1.56065736794822
Not Placed,0,CSE,7.13,3,-0.24362364416887725,-1.55301571050915
Not Placed,0,Mechanical,8.16,0,0.18889081210547273,0.8129160023001426
Not Placed,0,IT,6.91,1,-2.9268173429372077,-1.531472743422525
Placed,1,Civil,8.59,0,0.09563255105788228,0.3189641718232635
Placed,1,ECE,7.49,3,1.3060181500062369,-0.3850285116392499
Not Placed,0,IT,7.18,3,0.3423888254638639,-2.3262805130632205
Not Placed,0,ECE,7.09,1,-2.1036112364166724,-1.262573384751738
Placed,1,IT,8.44,2,2.5199125972018677,1.2774864494912082
Not Placed,0,ECE,7.09,3,0.3546822441458388,-1.5159809733827287
Not Placed,0,CSE,8.6,0,-1.5688638174818947,2.664843722917499
Placed,1,IT,7.88,3,0.7475991438881954,-0.00839775969769217
Not Placed,0,ECE,6.52,1,-2.5285137944647085,-0.38752295189747915
Not Placed,0,CSE,7.72,3,1.4115673769705757,-3.0286932347353672
Placed,1,IT,7.74,0,0.5990324027724412,0.9402649339093202
Not Placed,0,ENTC,6.49,3,0.6335628941818113,-2.3404671425901817
Not Placed,0,CSE,7.71,3,-0.6499971144504159,-0.6106457370574727
Placed,1,ECE,8.16,3,-0.896659515956101,0.1628432115362257
Placed,1,ECE,8.66,0,0.9029584735147569,1.042729361763611
Placed,1,IT,8.62,2,2.513353787287337,0.7756372409673941
Placed,1,Civil,9.73,2,4.152947552350337,0.9812519202106538
Placed,1,CSE,7.7,0,-0.4559982728137513,2.0304114219168117
Not Placed,0,IT,8.17,2,1.617019641204957,-0.09333331422838567
Not Placed,0,CSE,7.18,1,-2.71981772864045,0.34045817307662773
Placed,1,ECE,9.3,0,-1.2235509388926815,4.351640523104008
Not Placed,0,IT,6.94,3,-0.6159384044527141,-1.9711465342390113
Placed,1,CSE,9.26,2,5.884788485023718,0.3138941021944269
Placed,1,CSE,9.15,2,2.527161867534217,1.8265067198093428
Placed,1,ECE,7.03,0,-0.6118209405100401,1.3850142337813232
Placed,1,CSE,8.58,0,-0.21501429274066453,0.7662009749845289
Not Placed,0,CSE,8.09,3,0.42124569584018656,-0.1872838766160102
Placed,1,CSE,7.35,1,-1.5064807437253598,-0.09240935424197308
Placed,1,CSE,7.58,1,-1.5227172682980563,0.6985802569695091
Not Placed,0,ECE,7.93,3,-1.0209605118198182,-1.0361414738827646
Not Placed,0,CSE,8.01,3,-0.4442175823764811,-2.251323735913624
Placed,1,CSE,8.97,0,0.6959263642866017,1.6142624395135552
Placed,1,CSE,8.19,0,-0.4159108866901839,2.6762179313815095
Not Placed,0,ECE,7.05,0,-0.3357917459695639,1.4513379075992583
Placed,1,CSE,8.33,3,0.23077993421888038,-0.029438259440860953
Not Placed,0,CSE,6.21,3,-1.1515045136972357,-2.6927294537367015
Placed,1,ECE,7.37,0,-0.5629278909736118,1.4768896916109642
Not Placed,0,ECE,7.45,3,-0.5567208907933344,-1.113894809146595
Placed,1,IT,8.26,0,0.3822961518029675,1.1020851984899434
Placed,1,CSE,9.21,3,1.3890899538423358,-0.5257642904545409
Not Placed,0,CSE,7.89,3,-0.232841484935854,0.029299758440073355
Not Placed,0,ENTC,7.39,1,-2.3715086168971444,-0.4506128635164602
Not Placed,0,CSE,7.11,0,-0.7450747415182359,0.32160565985813017
Not Placed,0,CSE,8.41,0,0.052198364211262234,1.9291909280164985
Placed,1,CSE,7.53,2,2.3090367434573267,-0.16338536114064917
Not Placed,0,CSE,7.27,1,-1.8864085395040555,1.3112798379538366
Placed,1,ENTC,8.51,2,2.891747428682793,0.4644924110137578
Not Placed,0,CSE,8.69,3,-0.10480950910427222,-2.207975068897183
Not Placed,0,CSE,6.88,1,-1.6740044970061345,-0.6706321249073105
Not Placed,0,ECE,6.43,1,-2.227886014533886,0.9135623960462242
Placed,1,ECE,7.62,0,-0.9081511865590474,1.409520235954337
Not Placed,0,Civil,6.73,1,-1.5535708378367048,-1.5671037067270122
Not Placed,0,ECE,6.61,3,0.16573780197428156,-0.41057144691707914
Not Placed,0,CSE,6.82,1,-1.701006081495047,-1.2219390862405568
Placed,1,IT,8.59,2,4.916190644953464,0.33013548518980584
Placed,1,Civil,8.25,2,4.201937909287064,-0.3720743425774131
Placed,1,ECE,9.79,2,3.0877527936792437,2.5608524902243395
Not Placed,0,IT,7.15,1,-1.5784672926874554,0.1836925568159413
Not Placed,0,CSE,8.83,1,-1.538922940136443,-0.2597930492679702
Not Placed,0,CSE,8.12,3,0.02208572304361364,-0.6245659015540436
Placed,1,IT,7.23,0,-0.26913534959362034,0.2655085647997692
Not Placed,0,ENTC,7.58,3,0.6867057158378029,-1.942538436400723
Not Placed,0,ECE,7.22,1,-2.126633132902544,-0.23056918317108885
Not Placed,0,CSE,7.92,1,-2.3124782401106003,-0.28126103133724706
Placed,1,Civil,8.54,0,2.0503378546992965,2.066502881283783
Not Placed,0,Civil,7.39,0,0.5401271480605424,0.48567801730178445
Not Placed,0,CSE,8.42,1,-0.9960005193152873,0.03936344043555895
Placed,1,CSE,8.78,2,2.202219522572712,-0.09954961340358687
Placed,1,Mechanical,8.97,0,1.270107635857194,0.7082419928215395
Not Placed,0,CSE,6.7,0,-0.34434545768973485,0.4187655078541164
Not Placed,0,Civil,7.66,0,0.9590131755489751,1.241450131718431
Not Placed,0,IT,8.3,0,0.7476409129540508,0.08965155143393218
Not Placed,0,ECE,6.78,1,-3.2280182446283883,0.39999669906806584
Not Placed,0,ECE,6.59,3,0.004015110410026075,-0.5197244147696087
Not Placed,0,CSE,7.68,1,-1.9376015685282129,-0.4774023792613629
Not Placed,0,ECE,7.35,1,-3.038910688153542,-0.3664052903040751
Not Placed,0,IT,7.55,3,-0.4919020063557406,-0.63885879294106
Placed,1,CSE,7.3,3,0.3412787078690205,-0.8069575361100204
Placed,1,CSE,9.54,2,4.391458052210551,0.39428889466298744
Placed,1,IT,7.31,0,-0.5136210638307575,0.43614836531257173
Not Placed,0,IT,8.2,3,0.2992684263312055,-1.451022692107182
Placed,1,CSE,8.14,3,0.38045282308981343,-0.9755392158988229
Not Placed,0,IT,6.26,1,-3.067676817230971,-0.3337491160597039
Placed,1,IT,8.95,0,0.42890732976376456,0.288725240705159
Placed,1,IT,8.23,2,1.6653499291259022,0.556469517087883
Placed,1,ENTC,7.83,0,-0.03108599415072442,0.9021917649274591
Placed,1,IT,8.6,0,1.2894923035741501,0.6199424961747145
Placed,1,ECE,7.66,0,0.029519461247010423,1.3934284069613578
Not Placed,0,IT,8.45,0,-0.5429938100896345,1.2078832728015416
Not Placed,0,IT,6.11,1,-2.2036204350508872,0.19594027255161933
Not Placed,0,CSE,8.39,0,0.6945083134557007,0.37671849895686715
Not Placed,0,CSE,7.86,3,-0.8058917009623577,-0.7090949601759732
Placed,1,CSE,7.87,2,1.9583510884510271,0.7367499208624927
Not Placed,0,ECE,6.98,1,-3.611515200779822,-0.0182203026500837
Placed,1,CSE,7.51,0,-0.30866069434804266,1.0810376056657838
Not Placed,0,IT,7.49,3,0.40245726201836646,-0.5669126448339725
Placed,1,ENTC,6.73,2,1.5334526861228677,0.007704034561830578
Placed,1,IT,8.0,0,-1.0373201298205499,1.5509657154050105
Not Placed,0,ENTC,9.04,0,-0.3488540450398079,0.38445056733763405
Not Placed,0,ECE,6.49,1,-1.5399599168056624,0.2412359073870156
Placed,1,CSE,8.12,0,1.0578880468219154,0.531948087490312
Not Placed,0,CSE,7.34,1,-1.687555887504562,-0.05159321098777105
Not Placed,0,CSE,7.24,1,-3.1784820707546824,-0.28338223927498035
Not Placed,0,ECE,7.76,3,-0.4699137744950572,-0.5164040233688041
Not Placed,0,Civil,7.78,0,-0.6150204056106092,1.0103175390465713
Placed,1,CSE,7.86,2,1.9260875798512738,-0.498864898508373
Not Placed,0,Civil,6.74,1,-1.3664068551946102,-0.8399166010288869
Not Placed,0,IT,8.63,1,-1.5387155153981853,-0.4308584743476336
Not Placed,0,IT,7.77,1,-0.9876245303833863,0.2526341087172303
Not Placed,0,CSE,8.2,0,1.1822609546174476,0.6108995042344122
Not Placed,0,Civil,8.73,3,-0.31698664179144814,-0.2924523391570657
Not Placed,0,CSE,6.07,1,-2.826478889620077,-2.3324543341823327
Placed,1,ENTC,8.24,2,3.6276867486935864,-2.1016605580364156
Not Placed,0,CSE,7.56,0,-0.969247616277209,1.0746865053177723
Placed,1,Mechanical,8.57,2,2.319386772769592,0.01952229624427576
Placed,1,ENTC,7.02,2,1.7385098777103865,-0.5852336482389616
Not Placed,0,ECE,8.5,2,2.207013581604191,-0.7716825848439388
Not Placed,0,ECE,6.8,1,-2.4510382963237656,1.067838223764583
Not Placed,0,CSE,8.04,0,0.5442923964184649,1.1233028192122068
Not Placed,0,Civil,7.94,1,-1.8232127059416618,0.9069619523175836
Not Placed,0,CSE,7.57,2,0.7783743581465287,-0.24669412988594067
Not Placed,0,CSE,6.82,1,-1.8731228525286616,-0.881097950222404
Not Placed,0,Mechanical,7.39,3,-0.9631606499437624,-1.6386239113020094
Placed,1,ECE,8.48,2,1.4818873127307528,-0.09594617225770609
Placed,1,CSE,8.96,2,2.102883202979933,0.5138169568808738
Not Placed,0,ECE,9.36,3,0.930948780249563,-0.6735415483412941
Placed,1,CSE,8.15,0,-0.10442418779766817,1.1684023791133424
Placed,1,CSE,7.91,3,1.7698426936600768,-1.2498582650589691
Placed,1,IT,8.08,0,0.17631691168733282,0.3025526694672242
Placed,1,Mechanical,9.34,2,2.5122687822297967,1.0760074454261914
Placed,1,ECE,8.14,0,0.8627538910708431,1.121191870333911
Placed,1,ENTC,7.77,3,1.2108268983325958,-0.1630899517787444
Not Placed,0,CSE,7.47,3,0.3571452274406956,0.10734026541611477
Not Placed,0,Civil,7.56,1,-1.5991546475503016,0.07759225772550139
Not Placed,0,CSE,8.03,0,0.5844690994405537,0.8733450085003156
Placed,1,CSE,7.06,1,-2.618167455926538,1.8174961557605853
Not Placed,0,Civil,7.17,1,-1.406575765320228,-0.1470208796059736
Placed,1,ECE,7.65,3,0.5045264733775515,0.06096509860431948
Not Placed,0,Civil,7.32,2,1.419115453783923,0.08026427368852711
Not Placed,0,ECE,8.21,0,-0.18969625505416618,1.0299269342626636
Placed,1,CSE,8.27,2,3.8212133136670037,-1.8968766767308074
Not Placed,0,CSE,7.92,1,-1.9301071345637608,1.1591683973123574
Not Placed,0,Mechanical,8.12,0,1.1038600512319976,1.5576811579790757
Not Placed,0,CSE,7.8,3,-0.4448984555647866,-1.5590016174893597
Not Placed,0,ECE,5.0,1,-1.6582794740512758,-1.081895779480354
Not Placed,0,IT,6.96,3,-0.985574074015217,-1.1728578169468415
Not Placed,0,CSE,8.3,3,0.8491692620545435,-0.6364942776725078
Placed,1,ENTC,6.99,2,2.5178393114917745,-2.0281285747735875
Not Placed,0,Civil,8.43,1,-1.0909017397775433,-0.052159410873229874
Not Placed,0,CSE,8.47,3,0.10864176518639274,-1.205552279484834
Placed,1,IT,7.47,3,-0.37017636958031797,0.03403633472780977
Not Placed,0,IT,7.2,0,-0.6775529143791368,0.992398634273481
Not Placed,0,IT,7.71,1,-1.945593526424211,-0.6501275899097965
Placed,1,ENTC,7.66,2,1.6072444270903938,1.1382182544739485
Placed,1,CSE,8.23,2,1.0679389081069328,0.07784588958794918
Placed,1,CSE,5.71,3,-0.03673626246473849,-1.450142669914418
Not Placed,0,ENTC,7.08,0,1.0801653450636008,0.28943213896551373
Not Placed,0,ENTC,6.84,3,-0.3435613632315266,-1.8031367257682138
Not Placed,0,CSE,5.56,3,-0.5550706451633214,-0.9870195232084474
Not Placed,0,Mechanical,7.28,1,-2.0902927897623482,-0.5047359002571761
Not Placed,0,CSE,6.43,1,-1.706852084418893,-1.850418846316873
Not Placed,0,CSE,7.37,0,0.4849664266955566,1.9143834771993293
Placed,1,Mechanical,7.29,3,0.6343997335247581,-0.11656173950484922
Not Placed,0,IT,8.09,0,0.6163419026569199,0.8577675342802847
Not Placed,0,Civil,7.49,3,-0.050158523905458115,-0.8158942690801897
Not Placed,0,ECE,6.26,1,-2.3941221751274564,-1.9772249000032047
Placed,1,Mechanical,7.99,2,1.4465356577407744,-0.8232654238554894
Placed,1,IT,9.76,0,-0.7888865816537678,1.4193115760922195
Placed,1,CSE,8.61,2,1.4371719554163302,0.6007568494271295
Placed,1,Mechanical,8.28,2,3.866479449162544,-1.783465949982498
Not Placed,0,ENTC,7.53,3,0.3094831903648584,-0.7945955922738166
Not Placed,0,Mechanical,7.28,1,-1.3856955087820848,-1.4307440952233064
Not Placed,0,CSE,7.22,0,-0.2181466429860298,0.5282382366927367
Not Placed,0,ECE,7.9,1,-1.6707345048798183,0.8481264469680722
Not Placed,0,CSE,6.73,1,-2.3546163684690926,-0.38721825295957907
Not Placed,0,CSE,7.89,3,-0.5196593543876769,-0.443892775230854
Not Placed,0,CSE,7.14,1,-2.068261663101592,1.1355157211030837
Placed,1,ECE,6.24,3,0.8711878502147199,-0.19704854331838342
Not Placed,0,CSE,7.12,1,-3.4121902486622013,-1.5411380633699256
Placed,1,CSE,8.76,2,2.246697165638507,1.0520976272966758
Placed,1,ENTC,7.82,3,1.123939054389839,-0.38149271676286856
Not Placed,0,Civil,5.0,1,-4.5664404621160015,-2.4231514112028636
Not Placed,0,CSE,7.13,0,-1.0212137729923938,0.7801790828630876
Not Placed,0,ENTC,8.47,0,0.5095778159551956,1.074593931605308
Not Placed,0,Mechanical,7.45,3,0.4246212433343679,-2.3095468613280454
Not Placed,0,CSE,8.15,3,-0.21663884360901725,-0.12118763634660454
Placed,1,ECE,7.36,3,0.8086963223779485,-1.7162342626200047
Placed,1,Civil,7.86,0,0.42954700319878897,1.2238614535407097
Not Placed,0,ENTC,7.73,3,0.8044522638810695,-0.025058237036187158
Not Placed,0,IT,7.15,3,1.1145746371843313,-2.3787189125993193
Placed,1,ECE,8.19,0,0.5824589960587772,0.6570222529726768
Not Placed,0,ENTC,9.0,3,-0.8776555042170902,-0.11662910997968078
Placed,1,ECE,8.03,0,0.24465515935979829,2.0895982691105006
Placed,1,IT,7.79,2,3.3800660739109825,-0.5628598735144548
Not Placed,0,IT,6.98,1,-1.883160894745892,-0.6016055377449205
Not Placed,0,ENTC,8.5,1,-2.243452191932094,2.135710370389269
Not Placed,0,CSE,7.27,1,-2.0536390192414973,-0.6220952016170169
Placed,1,Civil,8.18,3,0.6732320435202113,0.251996281637887
Placed,1,CSE,8.35,3,1.229651140940536,-0.2635683329271397
Placed,1,ENTC,8.54,2,2.812793458999632,-0.15652257125372668
Placed,1,IT,8.56,0,0.8447787127145844,2.2233290635986367
Not Placed,0,ENTC,8.52,3,0.8849712547766893,-1.6129238567417958
Not Placed,0,Mechanical,6.63,3,-0.17740882487479495,-1.7037032656379132
Not Placed,0,CSE,6.97,3,0.5129757127320732,-0.7585127481007986
Not Placed,0,CSE,6.53,0,-0.7921217122428126,-0.035690922368465466
Not Placed,0,Mechanical,6.48,1,-3.214737875634681,-1.4904704712271268
Placed,1,ENTC,9.0,2,4.689435904221027,0.05512955890141178
Placed,1,ECE,6.86,3,1.66408707840047,-1.5157738367326978
Placed,1,CSE,6.74,3,-0.6164077239336245,-0.5519960236810221
Placed,1,Mechanical,7.65,2,2.690666168820558,-2.288767348736316
Not Placed,0,ENTC,7.07,3,1.93233457416723,-2.530604998099031
Placed,1,CSE,9.62,2,4.7034764064608225,0.8652346536214972
Not Placed,0,CSE,7.47,1,-3.1342560440016354,0.752729010252338
Not Placed,0,IT,8.08,1,-1.9518786813468976,0.44560268923136986
Placed,1,ENTC,7.04,0,0.33756380108090456,1.2081365505102597
Not Placed,0,ENTC,6.29,1,-3.041696847887464,-0.7217873720646754
Not Placed,0,CSE,7.08,1,-1.8441833988575418,0.3022221723369779
Not Placed,0,CSE,7.09,0,0.25681216376597343,1.0012256493944638
Not Placed,0,CSE,7.08,0,-1.1849102390384745,1.4225596687770776
Not Placed,0,IT,6.34,3,-0.4159960599216129,-2.5853080195892737
Placed,1,Civil,7.82,2,1.3603753043905478,-0.3563485308269988
Not Placed,0,ENTC,7.41,1,-3.107519819036845,-1.0977845168487215
Not Placed,0,CSE,6.39,3,-1.4768816003483813,-2.0538130509383703
Not Placed,0,IT,7.79,1,-1.9056737400928687,-1.252421037116779
Not Placed,0,IT,8.35,2,1.6797676124005851,-0.007514072388176212
Not Placed,0,ECE,8.72,0,1.1672852860350247,1.1189735641205685
Not Placed,0,IT,5.64,3,-0.7457434818140187,-2.3342913058632346
Not Placed,0,CSE,7.08,1,-1.5641804019232304,-0.160898669458376
Not Placed,0,Civil,6.53,3,1.013331487271292,-1.9345680018101703
Not Placed,0,ECE,7.15,3,-0.5330845753280079,-0.37429758226239696
Not Placed,0,ENTC,8.88,0,-0.37730593416388325,1.2487568494722348
Not Placed,0,IT,7.08,3,-0.006021010527458241,-0.44666543103387557
Not Placed,0,CSE,7.3,3,-1.298056061004574,-2.653926810524222
Not Placed,0,Mechanical,7.0,1,-3.2311481725103315,0.09304446402749296
Not Placed,0,ENTC,9.08,2,1.120442266512421,0.016718217519746434
Not Placed,0,ECE,5.75,1,-1.9185499985128316,-1.6075251826540744
Placed,1,ECE,7.23,0,0.5279954421622234,0.09422376567199106
Placed,1,CSE,6.96,2,1.335317064920366,0.27111576368833123
Not Placed,0,ECE,6.24,1,-1.8050555167052234,0.0028382206862021912
Not Placed,0,IT,8.64,0,0.4916069186297273,2.21069824016116
Not Placed,0,IT,6.17,1,-3.3375264268690796,-0.5256427293492035
Placed,1,CSE,7.31,2,1.3610645724004,-0.3317827278275568
Not Placed,0,IT,7.63,3,0.2630477155879177,0.1668975619823361
Not Placed,0,CSE,7.06,1,-1.501059130375675,0.4455396035595108
Not Placed,0,IT,6.23,3,1.377319783377676,-1.0263610673782186
Placed,1,CSE,7.56,3,0.7939580546228691,-0.4706957167398016
Placed,1,Mechanical,7.05,3,1.3270059101231586,-0.7900804019335191
Not Placed,0,Civil,8.39,3,0.06682956057212545,-0.26679435742221974
Not Placed,0,IT,8.14,2,1.8587105819968517,-0.44556307093720177
Not Placed,0,CSE,9.35,0,0.30938062579200776,0.7276991045885182
Not Placed,0,ENTC,7.79,1,-3.1216272675210033,0.7682601283300061
Placed,1,IT,8.2,2,2.8058020039424894,-1.2876500505502009
Not Placed,0,ENTC,7.39,3,1.0147395484681712,-0.4338784417214906
Placed,1,IT,9.15,2,3.469733581858019,2.6519838508042155
Placed,1,ECE,7.71,2,1.4102473875294834,-0.29190451421122277
Not Placed,0,CSE,7.61,3,1.6421495699153994,-1.9053137441382446
Placed,1,ENTC,8.16,2,2.5973830676404446,-1.925028552759401
Placed,1,CSE,7.15,3,0.5076903903324488,-0.7617764339313043
Placed,1,IT,7.28,3,-0.09688880864470881,-0.9131950987461959
Placed,1,CSE,8.16,0,1.5110232992779078,1.785232444712482
Placed,1,CSE,8.32,2,3.2212431379458235,-0.857631298116794
Placed,1,Civil,8.21,0,0.5514786798565854,1.6166639365529762
Not Placed,0,CSE,7.63,1,-1.7697783586594389,-0.4255714177069896
Not Placed,0,IT,7.93,1,-1.9204383518900026,0.5260216760749898
Placed,1,CSE,8.52,2,2.2115237259452707,0.3355833878579752
Placed,1,CSE,6.77,2,2.488193824983937,-1.8431912206726648
Not Placed,0,Mechanical,7.7,1,-1.3319298676128486,-0.47452751949718447
Not Placed,0,ENTC,5.23,1,-4.984221643639986,-2.6537578209283357
Placed,1,IT,8.33,0,0.5234147117090413,1.4459315772131514
Not Placed,0,ECE,7.03,1,-1.2160542791138302,-0.6242750310124189
Placed,1,ECE,7.06,0,-0.6725065871210655,0.7735669539286218
Not Placed,0,CSE,7.6,0,-1.4563109398175076,2.1452443702504533
Placed,1,ECE,8.23,2,1.8301392736384443,-0.6904622772540058
Placed,1,CSE,9.73,2,2.757653073228935,0.901317059772806
Placed,1,CSE,6.38,2,2.3526367421686363,-1.206793760565599
Not Placed,0,CSE,6.98,3,1.0942522382829074,-2.279707454991705
Not Placed,0,CSE,7.89,1,-1.6545034587156466,-0.2261047929268521
Not Placed,0,ECE,7.08,3,-0.6098218681833397,-0.9623339751646105
Placed,1,CSE,8.41,2,2.2625812977482886,-0.49985732635464775
Placed,1,ECE,7.56,2,2.080332667002707,-1.1238730887167063
Not Placed,0,CSE,8.45,1,-0.9192082321059246,-0.07201451872882968
Not Placed,0,ECE,7.49,1,-1.5446408439928128,0.8691005840356487
Placed,1,CSE,8.16,0,0.4988932016240453,0.6399334263578397
Not Placed,0,CSE,6.89,3,-1.0834872500093347,-1.4667960880829347
Not Placed,0,CSE,9.35,3,-0.11083231987152599,0.007824975378632415
Placed,1,CSE,6.26,3,-0.4682930200741677,-0.8181790866282096
Not Placed,0,IT,7.1,1,-3.7617569988301476,-0.8662268836735952
Not Placed,0,CSE,6.49,1,-3.4321727893775544,-0.10513989497288417
Not Placed,0,IT,8.38,3,1.101721510923066,-0.20535481491140223
Not Placed,0,CSE,8.16,2,1.1389362592889458,0.33281692558441317
Placed,1,CSE,6.66,3,1.16437849920503,-3.037525605490106
Placed,1,ECE,8.55,2,2.56734845329432,1.1867623400269733
Not Placed,0,Civil,7.11,1,-2.5888639549311683,0.21677668769301206
Not Placed,0,Mechanical,8.03,0,-1.1535230638032945,1.1983260532954
Placed,1,Civil,8.23,2,1.9892192168565277,-1.5137788173651279
Not Placed,0,Civil,7.49,0,-0.5043153069799147,0.608537658781623
Not Placed,0,IT,8.47,0,-1.363665638005199,2.440241134859381
Placed,1,CSE,7.58,3,0.9392835409841259,-0.7813511043568754
Placed,1,CSE,7.99,2,2.4202452728707073,-0.09472961059392145
Not Placed,0,IT,7.47,1,-1.2104364499079499,-0.6449537041196894
Not Placed,0,ENTC,6.11,1,-1.9959361134946823,0.41054165081164345
Not Placed,0,Mechanical,7.59,3,0.833497074408325,-0.25203810730951437
Not Placed,0,ECE,6.96,1,-3.0015575168241093,0.10433161317621459
Placed,1,Mechanical,8.88,2,1.6784728183096862,0.03052043848125426
Not Placed,0,ECE,6.54,0,-0.797824769529302,0.16429666750439137
Placed,1,CSE,8.74,2,2.678236954628617,-0.7215128410416335
Not Placed,0,IT,7.55,1,-1.5519213817314914,0.7678456393987756
Not Placed,0,Civil,8.05,0,1.3514758182898023,1.1623460607000986
Placed,1,ECE,6.53,3,-0.9387932834024387,-1.7197082579900844
Placed,1,CSE,7.44,3,0.8548604893759847,-0.5874603544102
Not Placed,0,IT,7.14,1,-2.8053743935440365,1.0179001790645466
Placed,1,ENTC,9.49,2,3.981882448318828,2.6723791938603045
Not Placed,0,ENTC,7.11,3,0.6205120909087091,-0.1773375140502195
Placed,1,CSE,8.68,2,1.6191946688925027,1.006044074529151
Placed,1,Civil,8.69,2,1.834976143005515,1.1897547593990982
Placed,1,CSE,8.67,2,2.69280733797888,0.7753988566831824
Not Placed,0,Civil,7.2,0,0.8435754196655122,0.3434522379539048
Not Placed,0,ECE,9.23,0,-1.3283348286037862,1.056053675571411
Placed,1,ENTC,9.41,0,1.3316704765565157,1.7270647458472606
Placed,1,Mechanical,8.01,2,3.6267544399587233,0.3466879573859104
Not Placed,0,ENTC,7.3,0,-0.9361522271985877,0.4775893805952356
Not Placed,0,CSE,6.97,3,-1.138833080457662,-1.9823729806160388
Not Placed,0,Mechanical,8.1,1,-1.9005944133129007,1.3049076966766489
Placed,1,CSE,7.76,3,0.7473451392079057,-2.0683094887049975
Placed,1,IT,7.86,3,0.5719838757800513,-0.3261980589025109
Placed,1,ECE,6.55,3,1.9357189576132885,-3.0410190523396494
Not Placed,0,CSE,7.73,3,0.6455845502147074,-1.331474057258251
Placed,1,CSE,8.67,2,3.2296439707035964,-1.2401693976609882
Not Placed,0,CSE,8.39,0,-1.2218162470760094,1.7016844083348042
Not Placed,0,IT,7.35,0,0.08152852484198607,1.2890543726011172
Not Placed,0,IT,7.61,3,1.626188800070916,-1.4502451818742284
Placed,1,ENTC,6.45,0,1.5160651310520135,1.1815257052439596
Not Placed,0,CSE,7.13,0,-0.09522651221058462,0.1381442981497044
Not Placed,0,ECE,7.41,3,1.682032507664955,-2.167795127868798
Not Placed,0,CSE,8.24,0,-0.8911738863841233,0.3127182935788343
Placed,1,CSE,7.1,3,0.9541593187694685,-0.9039274939255921
Not Placed,0,CSE,6.82,3,0.03670492779909318,-2.385452043210076
Not Placed,0,CSE,8.34,3,-0.04738905002111732,-0.680354083537088
Not Placed,0,Mechanical,7.34,1,-2.227450542466528,0.9117216162564867
Placed,1,Civil,6.99,2,1.9865672360347513,0.08026707315591428
Placed,1,CSE,8.39,3,1.4256258029745872,-0.7639218405378356
Not Placed,0,IT,8.09,3,0.60541637066383,-0.2118755478667076
Not Placed,0,ECE,7.52,0,-0.9519761576387239,0.5421067265477891
Not Placed,0,CSE,7.4,1,-2.105004392533699,-0.5008182387666127
Not Placed,0,CSE,8.02,3,-0.39761393723635186,-1.2445816569555954
Not Placed,0,CSE,8.16,0,0.138668708512717,0.007555089600350733
Placed,1,ECE,7.88,2,1.6874743656329918,-0.3468444505616048
Placed,1,CSE,7.8,0,0.5480759648048233,1.3098930780850275
Not Placed,0,Mechanical,7.18,1,-2.492107194532539,0.3594636975080847
Placed,1,CSE,7.24,0,-1.9564724326461889,2.336542020452291
Placed,1,CSE,7.55,3,0.18265880462491968,-2.3425407752571905
Placed,1,Mechanical,6.88,2,2.3136639842666376,0.00418938382620673
Not Placed,0,CSE,6.78,1,-1.7627929888717842,-0.4940780058515237
Placed,1,IT,7.62,1,-1.3590590696306823,0.6238927271230448
Not Placed,0,IT,8.54,2,1.757891243224486,0.14642621744572118
Not Placed,0,ECE,5.94,1,-1.7751995014813393,0.10667950447386337
Not Placed,0,CSE,7.37,0,0.2537962268882876,0.771797169672801
Placed,1,CSE,7.93,2,2.481975675124633,0.7120114439240232
Placed,1,IT,8.61,2,2.9697969412613983,-0.564333622136855
Placed,1,IT,9.23,2,4.121819527063693,-1.5579883231927723
Not Placed,0,CSE,7.48,1,-1.8482639762065018,0.7362697865429696
Placed,1,CSE,9.38,2,3.843821238928908,1.7035331435672663
Placed,1,CSE,8.09,2,1.8446782981547627,1.409381703882459
Placed,1,CSE,8.39,1,-1.5052378463302392,0.5166417224038348
Not Placed,0,ENTC,6.79,1,-1.1608369115814778,-0.5418993766198209
Not Placed,0,ECE,8.09,3,0.5737092281039761,-0.3111529833216984
Not Placed,0,ECE,8.47,1,-1.8368987060341166,0.25598547910562036
Not Placed,0,CSE,7.11,1,-2.2014321012733684,-1.0687014994113884
Not Placed,0,IT,5.49,1,-2.715483014442725,-2.7762212582202648
Not Placed,0,ECE,7.83,0,0.06209534198660499,1.7858141070053424
Not Placed,0,IT,7.52,2,1.6551414928699095,-0.8001790426339308
Placed,1,ECE,8.84,2,2.688885359601328,0.18501512529503641
Not Placed,0,CSE,7.24,0,-2.016222803883086,2.1105662106858825
Not Placed,0,ECE,7.1,1,-1.698010082359364,0.978952686973699
Not Placed,0,Mechanical,6.7,3,0.37413788537768194,-2.132274966007158
Placed,1,CSE,7.16,3,0.4707132467930649,-0.1667413465127918
Placed,1,IT,9.97,0,-0.6864521786568868,2.4501499379229985
Not Placed,0,Mechanical,6.35,3,0.372467189059046,-0.5578283674291411
Not Placed,0,CSE,6.57,0,-0.3089275797067651,0.27877880080412953
Placed,1,CSE,7.65,0,0.0882750997313703,0.9825381852014513
Placed,1,CSE,9.38,0,0.5483329394554465,0.6290450759913425
Not Placed,0,CSE,8.33,2,2.776534701475172,-0.2921962419500348
Placed,1,CSE,9.02,2,2.101264900792909,-1.42083293333307
Not Placed,0,ENTC,7.37,3,-0.8795236832872161,-0.3614489634228723
Not Placed,0,ECE,6.52,1,-3.9936815035855697,-0.061602272081324606
Not Placed,0,CSE,7.32,1,-1.4403969823625589,-1.4265116269275089
Placed,1,ENTC,7.59,0,-1.328086451922286,1.6673697384145207
Placed,1,ENTC,7.71,0,1.030075397655094,1.414419245927645
Not Placed,0,IT,7.52,1,-1.700283727669937,-0.22841942378455776
Placed,1,ECE,8.2,2,2.1930887221202444,-0.1734510464755529
Not Placed,0,IT,7.09,2,2.1835672898071796,-1.7178427274987131
Not Placed,0,CSE,6.91,1,-1.5240685302643793,-0.6082409627393973
Not Placed,0,ENTC,6.68,0,-1.6606987514494242,1.7216978796335465
Not Placed,0,ENTC,7.87,0,-0.21766632072933648,1.6340720100861232
Not Placed,0,Mechanical,7.79,3,-0.8765593494712965,-1.0731750087438
Not Placed,0,CSE,8.63,2,2.7990241200637795,-0.8621008308341215
Placed,1,IT,9.01,2,1.630090947712628,0.5703443644245931
Not Placed,0,IT,6.67,3,-1.042540498688809,-2.39797742169362
Placed,1,CSE,7.72,0,-1.0141228410246061,2.7499851325632876
Not Placed,0,CSE,7.53,0,-0.6567076932438068,0.29042442973559096
Not Placed,0,CSE,6.39,1,-2.752828897716303,0.03883349688999773
Not Placed,0,ECE,7.25,1,-1.053677717733195,-0.4607352953429244
Placed,1,IT,9.03,2,2.7651449595579902,1.9853687737421182
Not Placed,0,IT,7.16,0,-1.7958201853886346,2.289213654771541
Not Placed,0,IT,7.02,1,-1.404425329134866,-1.5400201163311094
Not Placed,0,ENTC,7.66,1,-1.451463452498174,0.8541658048708889
Placed,1,CSE,8.47,2,2.5066071610170075,0.982342231467534
Not Placed,0,IT,7.44,1,-3.0949501292297055,-0.33515005475166076
Placed,1,CSE,7.81,3,0.7768318608355675,-0.328399730606794
Not Placed,0,CSE,5.76,1,-2.444239795747152,-1.5317379360161396
Placed,1,CSE,8.19,2,2.649551029115339,-0.21174067603589902
Not Placed,0,ENTC,7.89,0,-1.1752072346852551,2.4944993878786903
Not Placed,0,CSE,8.45,0,-0.16386383535956586,0.837448932224374
Not Placed,0,IT,6.11,3,-1.3088069852642252,-1.218188995828616
Not Placed,0,CSE,7.44,0,0.49814311170108205,0.5835356353509924
Placed,1,IT,8.52,3,0.38359963720152335,-0.39867791126667085
Not Placed,0,Mechanical,7.23,1,-1.4302332625962553,-0.6579809848197572
Not Placed,0,ECE,7.74,3,-0.5762267973623767,-1.2683196481929158
Not Placed,0,CSE,7.35,2,2.218803762288279,-0.9753502358330615
Placed,1,CSE,7.37,0,1.0783719828946052,0.9406370185576018
Not Placed,0,CSE,8.69,0,-1.5080635648473604,1.3072467648127613
Placed,1,CSE,6.49,3,1.4710015075945109,-1.0729249493984367
Placed,1,CSE,7.66,2,2.295972818754703,-1.7554876806912274
Placed,1,ENTC,7.91,2,1.670689403357621,-0.6920355721331365
Placed,1,ENTC,8.5,2,2.9388457836437163,-0.8333115950993438
Not Placed,0,CSE,7.6,3,1.4457569513445672,-3.2401072022441664
Placed,1,ENTC,8.52,3,0.7555901395963873,-0.28622785872360634
Placed,1,IT,7.65,2,1.94596894346056,0.37231977524656523
Placed,1,IT,7.8,3,1.276390573708546,-1.1315532276163596
Placed,1,IT,7.77,0,0.08643365317222293,1.946790542864013
Placed,1,CSE,8.26,2,2.753966167746387,-0.1397110269833726
Placed,1,CSE,8.16,3,0.8158633392977178,-0.48235555368604693
Not Placed,0,Mechanical,6.75,0,0.4597072202630754,0.11925984563228552
Placed,1,CSE,7.88,2,1.3162013705494746,0.4917086129773891
Not Placed,0,CSE,8.16,0,-0.6488252045867726,2.801292902347327
Placed,1,IT,8.94,2,3.634931943665445,1.0968966405719593
Not Placed,0,IT,6.84,0,-0.8657150719098688,0.6734699941125258
Not Placed,0,IT,8.16,0,0.32006293133922553,0.9314240419672106
Not Placed,0,IT,7.4,3,0.7415733416319754,-1.7317392542140797
Not Placed,0,CSE,7.86,0,0.7637316207442676,0.35984519649969643
Not Placed,0,IT,6.79,1,-2.342765006409482,-0.9478198309053117
Not Placed,0,IT,7.69,0,-1.0161002757489122,1.4195936198398225
Not Placed,0,ECE,7.97,0,-0.579730975105875,1.9067258683380015
Not Placed,0,Civil,6.88,0,-0.5651756428099759,0.7678132718568207
Not Placed,0,IT,8.93,2,3.1713385989791427,0.19140022391157485
Not Placed,0,ECE,6.39,1,-1.9157659805506102,-1.1604337099962254
Placed,1,ECE,8.16,0,-0.15517568537461632,0.9204290327041136
Not Placed,0,ECE,5.64,1,-3.8456850157564393,-1.8639107982927672
Not Placed,0,ECE,7.48,1,-2.5560816186428035,-0.14957327848521643
Placed,1,CSE,8.11,2,2.2164408789916292,-0.012897747990670396
Not Placed,0,Mechanical,8.31,1,-1.8024749248359635,-0.5459293801632014
Placed,1,IT,7.61,0,-0.09118600814649855,0.3688110656707947
Not Placed,0,CSE,7.49,3,0.9894136505326792,-1.0995339490305802
Not Placed,0,ECE,8.18,3,0.030836293569038765,-0.4362299203429862
Placed,1,Mechanical,8.51,2,3.460734400336071,-1.019892062966702
Placed,1,CSE,8.87,0,-0.4008744282572053,2.106405474486535
Not Placed,0,Civil,6.6,1,-2.545379280269124,0.18468916289272916
Not Placed,0,ECE,7.53,1,-3.492824330395032,1.1851360413967174
Not Placed,0,ECE,5.84,3,-0.32762501467789185,-2.0619034564904783
Not Placed,0,ENTC,6.54,1,-3.6466012342089513,0.3555934814450341
Placed,1,ENTC,7.1,2,1.9699719214659808,-0.5743983702728944
Placed,1,CSE,8.44,2,3.5441833751799745,-0.2640808756896277
Not Placed,0,ENTC,7.29,3,-0.01994800229372272,-0.4300360593772696
Not Placed,0,IT,7.45,1,-1.2481241250246287,0.2648843480157563
Not Placed,0,Civil,7.96,1,-2.8291871773721238,0.15653897026266014
Not Placed,0,ENTC,7.13,3,-0.22768473026412742,-0.7316345309513397
Not Placed,0,ECE,6.0,1,-2.1918805898728535,-0.8920085833401667
Not Placed,0,IT,7.07,3,-0.043586936843625836,-0.9384542209926523
Not Placed,0,CSE,7.6,3,0.47079389072744016,-0.48030213137851646
Not Placed,0,CSE,8.1,0,-1.1907980299199767,0.9379173635387613
Not Placed,0,CSE,7.52,0,-0.4573659142555217,0.6191969038869869
Placed,1,ECE,8.08,0,1.44129441403771,1.6891423069274103
Placed,1,Mechanical,8.49,2,3.6015136863914665,0.12798325167805874
Placed,1,ECE,8.65,2,2.573562409025178,0.4496070001618422
Not Placed,0,CSE,7.85,3,0.328503200138936,-0.6882892411473601
Not Placed,0,Civil,6.73,1,-1.6504876223995717,0.7987565013382948
Not Placed,0,Mechanical,6.64,3,0.6053523820729916,-2.2023054663265906
Not Placed,0,ECE,6.72,3,-0.049434944458683176,-3.2895515362654546
Not Placed,0,CSE,6.79,1,-3.016259441912463,1.1246888108661943
Not Placed,0,ECE,7.78,1,-2.5508227290996195,2.2130236362734124
Placed,1,CSE,9.3,2,2.079444995346227,1.4192782946095166
Placed,1,IT,7.88,0,0.5104703688034603,1.466517929624411
Not Placed,0,ECE,7.63,2,2.6792495132083474,0.5339054822827274
Placed,1,ECE,8.52,0,-0.17191163233236925,1.7160289518144356
Placed,1,CSE,7.0,0,-0.9470979138279081,1.7473165957698675
Placed,1,Mechanical,8.59,0,-1.312571450999084,1.8728304241145963
Placed,1,Mechanical,8.52,0,0.5906652956471625,1.6547142735764206
Not Placed,0,ECE,7.75,3,0.3745892277242344,-0.9834230914784132
Not Placed,0,IT,9.48,0,-0.5637934286510765,0.9335591006517083
Placed,1,IT,8.65,2,4.420043201230594,-1.2853324979521439
Not Placed,0,ECE,7.74,0,-1.9984708279097272,2.092861987196179
Not Placed,0,ENTC,7.58,3,-1.1236207138551493,-1.2726203704905235
Not Placed,0,CSE,7.33,0,-0.24504685912452903,1.2878321913615183
Not Placed,0,IT,7.59,3,0.279238269297331,-1.0304781476852465
Not Placed,0,IT,7.61,1,-2.0292880003739104,1.5727259359512689
Not Placed,0,IT,7.43,1,-3.616296943087444,0.35086760985267823
Not Placed,0,ECE,7.52,0,-1.5693853615383937,2.183790886057038
Placed,1,CSE,6.69,2,2.132026454333308,-0.2939747212570725
Placed,1,IT,7.22,1,-2.8523791102838865,0.7556432005430436
Not Placed,0,CSE,6.34,3,0.0009444057163891587,-1.4049511567362951
Not Placed,0,Mechanical,8.05,0,0.18110332057212403,0.3784654909791537
Not Placed,0,CSE,7.77,3,0.8636126368893583,-0.258823197319837
Placed,1,IT,7.6,2,1.87066618589895,-0.4098472532802566
Placed,1,CSE,8.45,0,0.6441672683766689,0.8072417342746288
Not Placed,0,Mechanical,6.97,3,0.23024497868420168,-2.196636023589663
Not Placed,0,IT,7.1,1,-1.0722058228480345,-0.7437108492240083
Not Placed,0,IT,6.44,1,-3.245358058943947,-0.6347808141397225
Placed,1,CSE,8.57,0,0.9761871495334625,0.6605629511599834
Not Placed,0,CSE,8.21,3,0.8931053215560756,-0.2208868629219808
Not Placed,0,Mechanical,8.83,1,-2.5489170923708495,1.1874828691288897
Not Placed,0,ECE,9.05,0,0.5981011138615008,0.7211442859119601
Not Placed,0,IT,7.34,3,-0.34221887804219886,-1.908527403810046
Not Placed,0,Mechanical,7.1,3,-0.4702215065856254,-1.0215779655919697
Placed,1,ECE,6.17,3,0.09295545993260576,-1.4529417050637887
Not Placed,0,CSE,6.77,3,0.39622352014360124,-0.9073262172457148
Not Placed,0,CSE,7.42,1,-1.5319194388374398,0.28529915942411854
Not Placed,0,ECE,5.95,1,-2.799995977136956,-0.11319837178570222
Not Placed,0,Mechanical,6.78,1,-4.112766796894475,-0.15666069656094947
Placed,1,IT,7.63,2,2.1640804205565924,0.30793244071924253
Placed,1,CSE,8.46,0,-0.16414005237035095,0.3262153228149384
Placed,1,Civil,7.09,2,1.6477341842048665,1.1251675389731168
Placed,1,CSE,7.81,3,0.5870670039069725,-0.25192852062135807
Placed,1,IT,9.28,2,2.816977587862228,1.1838072558431314
Not Placed,0,IT,6.16,1,-2.6583998894509993,0.10357881941308654
Placed,1,ECE,8.62,2,3.082948862265169,0.7334238519690214
Not Placed,0,ECE,8.02,3,0.666739790652796,-0.1906060647336748
Placed,1,IT,8.78,0,1.4547551681427806,2.478851942101309
Not Placed,0,IT,8.52,0,-1.5037216629300154,1.7185210805868567
Not Placed,0,CSE,7.14,0,0.4106035128013864,0.8787631767595085
Placed,1,ECE,7.7,0,1.2262691913024115,1.7794971564989046
Placed,1,IT,6.46,3,-0.4019794370942394,-0.5845125002909197
Not Placed,0,CSE,7.26,0,-0.7935589721618413,1.363700849549516
Not Placed,0,CSE,7.72,1,-2.1160577964396188,0.5577056300658159
Not Placed,0,IT,7.96,3,0.11576381616708246,0.007751382678523745
Placed,1,CSE,8.37,0,-1.4918545149369087,3.6223173276581004
Placed,1,Mechanical,9.05,0,1.0097354040162712,1.4300987143393875
Not Placed,0,Mechanical,7.33,1,-2.396221322123611,-1.538901033816853
Placed,1,CSE,8.67,2,3.6394439243733894,-3.0622867428935923
Placed,1,Mechanical,7.93,2,3.3172544529910013,-1.513714984917335
Not Placed,0,ECE,6.59,1,-3.295557728568198,0.3202058733386653
Placed,1,Civil,7.57,2,2.066596722248442,-0.6944944382643683
Not Placed,0,Civil,7.8,0,-1.0167001242903637,1.3840200102663345
Not Placed,0,ECE,6.99,1,-1.7559344258220382,-0.05697826067601602
Not Placed,0,CSE,6.82,1,-1.9397946344335306,-0.44098216239875854
Placed,1,IT,6.79,3,1.487921029549192,-1.6401342889892223
Placed,1,CSE,7.24,0,0.17914814547595373,1.4960055570571495
Not Placed,0,CSE,6.97,3,-0.2578460353331486,-0.06328696353163366
Placed,1,ECE,8.75,0,-1.3522765238132228,2.0001910153897646
Not Placed,0,IT,5.62,1,-4.008362566168771,-1.2230433594434553
Not Placed,0,ENTC,7.79,3,-0.6398436174918964,0.04598612081005209
Not Placed,0,Civil,8.15,0,0.6885467842488456,0.4404856828796358
Not Placed,0,IT,6.88,3,-0.24655141558025045,-3.2840350093104047
Not Placed,0,ECE,7.5,1,-1.460165884905022,0.5825580311946063
Placed,1,ENTC,7.41,2,2.6768213441392765,-1.1036141360202503
Not Placed,0,CSE,7.63,3,-1.0794057156053538,-0.9162439346411113
Not Placed,0,Civil,8.26,0,-0.44451494133515856,0.6517214122718794
Placed,1,CSE,8.19,2,1.9520857274967927,-0.045924317340576996
Placed,1,CSE,7.19,3,0.11152579178877368,-1.1009977209015367
Not Placed,0,CSE,6.42,1,-3.467712047981192,-0.20232629013939485
Placed,1,CSE,7.84,2,2.6945499684177108,-1.1260452129477663
Placed,1,CSE,7.14,0,-1.2267557489285377,1.0669917273543978
Not Placed,0,ENTC,7.25,3,-1.0045377840361083,-0.6810352078184544
Not Placed,0,ECE,7.89,0,-0.6118179919373103,1.1034244561031679
Placed,1,CSE,7.33,0,-0.8798008617389593,0.3100569487144062
Not Placed,0,CSE,7.96,1,-2.4271350389588076,0.866161729694989
Placed,1,CSE,9.84,2,2.7811902866928113,1.5586113550482172
Not Placed,0,CSE,8.28,1,-1.1852947708272574,-0.5224540546709041
Placed,1,CSE,8.84,0,1.4280450116564993,3.3343938900366648
Placed,1,CSE,8.13,2,2.511431255596839,-0.10968642109453411
Not Placed,0,ENTC,7.77,3,0.42993242272293264,-0.0744125998566974
Not Placed,0,Mechanical,8.15,0,0.010509216107837695,0.9699837042103837
Placed,1,CSE,8.11,2,3.928506838796324,-1.3247973088508975
Not Placed,0,ECE,8.43,0,-1.24988524233055,2.6177581177194003
Not Placed,0,Civil,7.75,3,0.6597074090689006,-0.8342250545872598
Not Placed,0,IT,6.59,3,0.06025309010090523,-1.8094718507481582
Placed,1,IT,6.45,3,1.4792157962542656,-0.9732169171207135
Not Placed,0,IT,8.09,1,-1.830520777933592,1.1531156547774057
Not Placed,0,CSE,6.74,1,-2.5044068277993423,0.08718638770603188
Placed,1,CSE,8.28,2,2.791169346766397,-0.754154707881756
Placed,1,CSE,8.84,0,1.0493584645160283,2.0501616798876037
Not Placed,0,CSE,7.51,0,-0.6125600933131161,0.474680643933452
Placed,1,IT,8.73,0,0.9008451627032495,1.18364483603651
Not Placed,0,CSE,7.92,3,0.6636848613214829,-0.4058408678713533
Not Placed,0,IT,7.72,1,-2.4011067444317207,1.7208705272829028
Not Placed,0,CSE,7.76,0,-0.7457351680354763,0.7479509888229567
Placed,1,CSE,6.99,0,0.38054204855236995,0.10965909955641052
Not Placed,0,IT,6.89,1,-1.3683663440507874,-0.47785833938411476
Not Placed,0,IT,6.3,1,-1.659015991634112,-0.5460785195452553
Not Placed,0,ECE,7.08,1,-3.729660178415659,-1.0383989241492975
Placed,1,CSE,9.52,2,2.0916721929052655,0.36935245242713244
Not Placed,0,ECE,6.43,3,0.35811518152489413,-1.6584089207666286
Placed,1,ENTC,6.7,3,0.6929104039607517,-1.216470643979721
Placed,1,CSE,7.02,0,1.15143428528941,1.1563308861047896
Not Placed,0,IT,7.06,3,-0.8444194985499647,-0.8157930296785261
Placed,1,ECE,7.93,0,-0.3630834520858674,1.5533710875276314
Not Placed,0,IT,7.18,3,-0.6180393508008982,0.028598518390913187
Not Placed,0,ENTC,7.53,3,0.04585686808644384,-0.6960550768353689
Not Placed,0,ENTC,6.98,1,-1.8326258780095115,-1.827804920320187
Placed,1,CSE,7.3,2,2.899455426192023,-2.3394140941704626
Not Placed,0,CSE,7.65,1,-2.8734226217376717,0.9756856636293353
Not Placed,0,ECE,7.59,0,-0.1787514426507825,0.570692818008234
Placed,1,CSE,9.38,0,1.354795671445645,2.0353812262585054
Not Placed,0,IT,7.68,2,1.5236982010636402,-0.4226437590678861
Placed,1,ENTC,7.52,2,1.9548552879451886,0.1685642509299664
Not Placed,0,CSE,5.58,1,-4.414617604132286,-2.1486299831478983
Placed,1,Mechanical,7.9,0,-0.8985640743700661,1.2299588024722239
Not Placed,0,ENTC,6.02,1,-2.9442879603306533,-0.2812382619690909
Not Placed,0,CSE,8.17,2,1.5741928602664879,-0.20610898121234564
Placed,1,CSE,7.82,3,0.660516035633048,-0.21476432742776064
Not Placed,0,CSE,8.38,0,-1.478494139882644,1.6660381045723969
Not Placed,0,ENTC,7.16,3,-1.0561899446187715,-1.7803391275781226
Not Placed,0,IT,7.72,2,1.3278725096586976,0.1168786620506605
Not Placed,0,CSE,8.27,3,-0.30756360901097335,-0.14419671749927052
Not Placed,0,ECE,6.91,3,-0.5910519198673402,-2.172714283985839
Not Placed,0,IT,8.22,3,0.5266306753346468,-0.9834088514094447
Placed,1,IT,8.18,3,1.0142578990517968,-0.6845917987502855
Placed,1,ENTC,7.59,0,1.4630234728029936,0.9692852374142316
Placed,1,CSE,9.04,2,3.7900215480344985,-0.3135345969351319
Not Placed,0,CSE,8.14,3,-0.44878577683601273,-0.26751115581977614
Not Placed,0,CSE,6.28,3,-1.5727451578888398,-2.347983136989517
Placed,1,CSE,8.54,2,1.6487919010245198,0.028646719910100978
Not Placed,0,CSE,7.14,1,-0.8943456820056457,-0.17567778687706245
Placed,1,CSE,8.38,2,2.669394194658011,0.5988474428942799
Placed,1,Civil,7.95,2,2.118858765290555,0.6170326503608589
Not Placed,0,IT,5.45,1,-1.529958620972905,-0.7834640559899674
Not Placed,0,CSE,8.21,3,1.0734785687065858,-0.33099122540948145
Not Placed,0,Mechanical,7.51,0,0.91003904581414,1.7813642312898599
Not Placed,0,IT,7.31,0,0.49381918843763967,0.061081563329278867
Not Placed,0,Civil,7.34,3,0.2548991301359748,-1.688588463840283
Placed,1,CSE,8.37,2,3.5423404855250786,0.6437963096204884
Not Placed,0,IT,6.92,1,-3.349085355756075,1.914960868894664
Placed,1,IT,8.65,2,2.5891478763519746,-0.29636580357695924
Not Placed,0,CSE,6.41,3,0.48783016049135486,-1.4518496482248564
Placed,1,Mechanical,7.95,2,3.794146056738471,-1.5134432927147297
Not Placed,0,Civil,8.36,3,-1.1368824274461231,-1.5944760450199675
Placed,1,CSE,8.34,3,0.9585731782664149,-0.10004918453724847
Not Placed,0,IT,7.86,0,-0.38098232055043807,0.2254152726245864
Placed,1,CSE,7.52,2,4.26889430338156,-0.7432846558467202
Not Placed,0,CSE,7.23,1,-3.1212334468166727,-2.209875379663345
Not Placed,0,CSE,6.66,1,-2.4634132635164754,0.009116781707527971
Not Placed,0,IT,7.12,1,-3.2238758771034943,0.1183311223508654
Not Placed,0,CSE,6.88,1,-3.9610623603792416,-0.3155092587289129
Placed,1,CSE,6.74,0,-0.11648222903311053,1.5268264638283964
Placed,1,ECE,9.23,0,1.5808266064157592,1.6473890587422375
Not Placed,0,CSE,6.24,1,-1.8397894050326045,-0.031058779776430102
Placed,1,IT,8.66,2,2.5780275708715417,0.6267277231248967
Not Placed,0,IT,6.65,3,0.551795139891906,-1.4744954660442782
Not Placed,0,ECE,6.83,1,-3.1249309123059272,-2.4926268430721286
Not Placed,0,ECE,6.82,0,-0.09561776058745833,0.2056488970233116
Not Placed,0,IT,6.76,1,-1.4453517074657387,0.06590453516584228
Not Placed,0,Mechanical,8.48,0,-7.728167900747315e-05,0.07442227664100312
Placed,1,ECE,8.2,2,3.5250000287110503,0.5490701268007896
Not Placed,0,IT,7.5,3,0.5558813059863906,-0.5398394114288859
Placed,1,CSE,10.0,2,5.233314549997397,1.461285312536735
Not Placed,0,Civil,7.69,3,-0.7308909432350577,-0.557514283482563
Not Placed,0,CSE,7.75,1,-1.6177335571134388,-0.13547675642426468
Not Placed,0,CSE,7.12,3,0.16085736176772164,-1.836794062768217
Not Placed,0,CSE,7.02,3,0.777608312212341,0.26745738052488266
Not Placed,0,IT,7.25,1,-1.3599491789621192,0.6607144702493497
Placed,1,ENTC,8.42,0,0.5816046179531779,1.128251181594923
Not Placed,0,ENTC,8.19,2,1.0197105446586807,0.039812886858669676
Placed,1,ENTC,8.8,3,0.6567517772162035,-1.11160604002808
Not Placed,0,ECE,7.09,3,-0.8712693233463209,-1.3440237198491973
Placed,1,ECE,8.2,0,-1.0757218276183755,1.1795690231539866
Not Placed,0,CSE,7.96,2,2.82813798148267,-1.4314725033112758
Not Placed,0,Mechanical,8.07,3,-0.8831102548187868,-1.180986858185962
Not Placed,0,IT,6.97,3,1.0426068980618768,-2.422483807940425
Not Placed,0,CSE,6.82,1,-3.3429092689830324,1.0270901677639854
Placed,1,Civil,8.16,0,-1.1626084766597429,1.5281614630281566
Not Placed,0,Civil,8.44,2,2.2518658836271497,-0.7272243133295733
Not Placed,0,CSE,7.17,3,-0.8744882086631046,-1.2993738587976282
Placed,1,CSE,8.22,2,2.7645130199232915,-0.694124711442259
Placed,1,IT,8.72,0,2.126917480782651,2.637833548390066
Placed,1,ECE,7.39,0,0.8671647306913786,0.9544447372219506
Not Placed,0,IT,6.48,1,-3.0347800366173012,-0.9325591575092007
Not Placed,0,CSE,6.58,3,0.7713470433587489,-1.0831682204492732
Not Placed,0,CSE,7.12,0,-0.7010729840401109,0.9445091137678171
Placed,1,Mechanical,7.32,3,0.7163350454955194,-2.032058514806334
Placed,1,Civil,7.67,2,1.9700337873636653,-0.2064181616813936
Placed,1,Civil,7.69,0,-0.018746148948852716,0.34730943903706013
Not Placed,0,ENTC,7.47,3,-0.7341109806857401,-0.054818261743112766
Not Placed,0,CSE,8.28,0,-0.5465087916255297,0.9342436375481793
Placed,1,IT,7.05,2,2.6323999788543544,-2.7468189395578064
Placed,1,CSE,8.77,0,1.2417804435646527,0.926130390538027
Not Placed,0,CSE,8.5,0,1.1012124969027726,0.6621213246226564
Not Placed,0,ECE,8.44,0,-0.5157129135077452,0.7861299775641823
Not Placed,0,CSE,7.14,1,-1.7217434625031638,-0.08465555236642561
Not Placed,0,Mechanical,7.6,3,-0.9861381325754747,-0.951848085151202
Placed,1,CSE,8.31,2,1.6908235810067445,0.9240865843359511
Not Placed,0,CSE,7.53,3,-0.331290724589034,-0.9306182245616668
Not Placed,0,ENTC,7.11,3,-0.8450312917271822,-0.42476666159700777
Not Placed,0,ECE,7.07,3,0.6603600020953949,-0.9660852834515753
Not Placed,0,CSE,7.11,3,0.2667684777818401,-1.4849301694209707
Not Placed,0,ECE,6.71,1,-1.6781319306888278,1.0947608134419173
Not Placed,0,CSE,10.0,2,4.632356941483805,-2.1974379449589043
Not Placed,0,IT,6.04,1,-3.4620235838489575,-1.1411562288502153
Placed,1,CSE,6.87,3,-1.1010867971367775,-1.8956102280859601
Placed,1,Mechanical,8.21,0,1.2489686116715244,0.9523882888256225
Not Placed,0,IT,7.12,1,-3.8508196250273383,-0.9793911312208252
Not Placed,0,CSE,7.4,1,-1.0890243507846387,-0.38487478300592964
Not Placed,0,CSE,8.04,0,-0.8414044109197822,1.0445013690604248
Placed,1,CSE,8.58,0,-0.13790101369206828,2.0267447386580453
Not Placed,0,Civil,7.47,0,0.34817569473647214,0.23502003589540693
Not Placed,0,CSE,8.48,0,0.78134955610345,0.30697795177118686
Not Placed,0,ENTC,6.26,0,-0.8034960476971302,0.39812084575750983
Not Placed,0,ENTC,7.18,3,-1.085857634818844,-0.943947404465101
Placed,1,CSE,8.12,3,0.7945413215023446,0.015827362330050693
Placed,1,ENTC,9.38,2,4.552311853067255,-0.9829865367500871
Not Placed,0,Civil,6.88,0,-0.25509909615252907,0.24282455250311263
Not Placed,0,Civil,6.73,1,-4.361444718402504,-0.6310337225035925
Not Placed,0,ECE,7.99,0,-1.2382009771704239,0.9361098002251989
Placed,1,IT,7.75,2,1.651668124168636,-0.8531678206377514
Not Placed,0,IT,7.09,3,-0.6951062611912224,-0.5647922501565653
Not Placed,0,CSE,6.67,1,-1.908540041675444,0.7536002533599429
Not Placed,0,ECE,7.26,3,0.04490704560369713,-1.5935495944316531
Not Placed,0,CSE,8.14,2,2.223518341156638,-2.5814174161447077
Not Placed,0,ECE,7.42,0,-0.41559791612918506,1.3636716176506252
Placed,1,ENTC,8.7,3,0.8152004135267812,-0.6028657468466129
Placed,1,IT,7.58,2,1.8361395016254758,-0.08970971888900758
Placed,1,Mechanical,8.21,2,4.655981508611615,-0.513900180909037
Not Placed,0,IT,7.94,0,1.3457851902789981,1.1739200569533428
Placed,1,CSE,7.36,0,0.3346345454051177,0.3275244620153884
Not Placed,0,ENTC,8.41,0,0.9860678328324105,0.5223314282870463
Not Placed,0,IT,6.67,1,-2.6102084380864343,0.13012840212688323
Not Placed,0,CSE,7.23,1,-2.171765396371622,-0.3001199995786583
Not Placed,0,Civil,7.35,3,0.11836588589936425,-2.3490698670966386
Placed,1,Mechanical,8.02,2,2.4491204033501526,-2.126912115341544
Not Placed,0,ENTC,8.24,0,0.22348482352027046,1.8547929197826938
Not Placed,0,IT,7.01,1,-1.573705462153268,-1.665506937225942
Not Placed,0,CSE,6.89,0,-0.6637964139479591,0.8273945542112462
Placed,1,CSE,7.77,2,3.0759392148903784,-2.1319743170516072
Not Placed,0,IT,6.39,1,-2.532815808134651,-0.8709235200798054
Placed,1,Civil,8.56,0,0.7118589414052725,0.6342710169389327
Placed,1,IT,7.51,0,-1.1669567348975163,0.7508520228224133
Not Placed,0,ENTC,6.71,1,-1.3254683416940785,-0.4996863806259809
Not Placed,0,IT,6.69,1,-1.1943418441996285,-0.6838898610832034
Placed,1,CSE,7.97,2,2.110977542570504,-0.033783339049755924
Placed,1,IT,7.94,3,0.5688589247878796,-0.8356216201528738
Placed,1,IT,7.05,0,-0.182213650051104,0.9735027684263962
Not Placed,0,CSE,7.6,3,-0.020917797427752127,-1.745689677483151
Not Placed,0,Mechanical,6.74,1,-1.8365070033398743,1.544348862428373
Not Placed,0,ECE,7.48,1,-1.926445237586344,1.5187907140609391
Placed,1,ECE,8.95,0,0.7515576456183628,2.2889331390144796
Placed,1,CSE,9.51,2,3.8793203828287286,0.2697025715661741
Not Placed,0,ECE,7.52,2,1.6810865237658654,-0.2683669953875898
Not Placed,0,ECE,8.07,1,-1.6493458416885498,0.7077196885405187
Placed,1,CSE,8.03,2,2.615570435019998,0.7639658828257568
Not Placed,0,ECE,6.24,1,-3.941134979290251,-1.1883876373597064
Placed,1,Mechanical,6.72,3,0.2692638837656636,-0.9296168970130461
Not Placed,0,Civil,5.73,1,-3.349520544601866,-1.1731227207085175
Not Placed,0,Civil,8.08,1,-2.5822320438447397,1.2755946396698152
Not Placed,0,CSE,9.35,0,0.018883703081839433,0.8931492532019916
Placed,1,IT,8.61,0,-0.9912680372011881,1.1023208717411654
Placed,1,CSE,7.74,3,0.05095582161316081,-0.8308999035880784
Not Placed,0,IT,7.62,3,-0.6619639075290141,-0.4293255251852891
Not Placed,0,CSE,7.4,3,-0.36552895780732036,-0.11249437263621884
Placed,1,CSE,8.6,0,0.6089956375085235,1.1250542835635786
Placed,1,ECE,7.88,2,1.234969069494105,-0.2192886313095601
Placed,1,CSE,7.75,0,-0.7757863749205509,1.2036978903525162
Not Placed,0,ECE,6.76,3,-1.588706844240902,-2.366657806347862
Placed,1,Civil,8.21,2,3.932472959635733,-2.6704749722373555
Placed,1,IT,7.57,2,1.2587540113842024,-0.23700489002430974
Placed,1,IT,8.04,0,1.4694337189314817,3.2400150673564934
Not Placed,0,ECE,8.55,0,-0.251719675540152,0.31218067241470043
Placed,1,CSE,6.31,3,1.5522434162983312,-3.6436623367782426
Not Placed,0,CSE,7.45,0,-1.533908507049876,1.7278412773616567
Not Placed,0,Mechanical,7.33,0,-0.34556133074872075,1.1025329729853666
Not Placed,0,IT,7.25,1,-3.747667632017299,-0.31903247530582973
Not Placed,0,CSE,6.75,1,-1.9547773426942954,-0.4189179466186768
Placed,1,Civil,7.08,0,0.40870827438910434,0.6274212600673237
Not Placed,0,CSE,6.77,1,-1.5066227900401474,0.1231192654654861
Placed,1,CSE,8.4,2,3.565999184284303,2.02815622567481
Placed,1,IT,8.02,0,1.3063486159760136,1.1073928743841164
Placed,1,CSE,7.96,2,1.9184133715138194,1.6952746183525234
Not Placed,0,IT,6.06,3,-0.0824675806124014,-1.642673960537275
Not Placed,0,CSE,9.36,1,-1.1348919848136045,0.4787016035891902
Not Placed,0,ECE,7.35,3,0.42579195397498715,-0.18569858642944548
Placed,1,Civil,9.18,2,1.7385634753374082,0.6387021650777379
Not Placed,0,ECE,8.34,0,0.43901199421481585,0.4833993321845911
Placed,1,IT,7.5,0,-1.0757335638977465,1.5072207239588498
Placed,1,ENTC,9.44,2,3.3573365976478358,0.6190387502562209
Placed,1,CSE,8.18,2,2.36348292981285,0.8423099406055469
Not Placed,0,ECE,7.51,3,1.3088496030461128,-1.4915610860376791
Not Placed,0,CSE,7.37,0,-1.5684091835726603,3.8305659726969883
Placed,1,ENTC,8.58,3,1.6050296652428926,-1.2349494802351686
Not Placed,0,Mechanical,7.24,3,0.09205203606728009,-0.8258885124283527
Not Placed,0,IT,7.38,1,-1.002560005311034,0.18621173317204995
Not Placed,0,CSE,7.19,3,0.47169779184629823,-1.425407593890416
Not Placed,0,CSE,7.06,3,0.17919402312689184,-0.5413704422645668
Not Placed,0,CSE,7.11,1,-2.0805921482027303,0.5313324239798064
Placed,1,CSE,9.21,2,3.082476438397331,1.6756394433140473
Not Placed,0,ECE,8.56,1,-2.2587751405136984,1.0441282595990264
Not Placed,0,CSE,7.9,2,1.5840601891393904,-0.06727206793714868
Not Placed,0,IT,7.23,1,-2.2294082568581706,0.09246226044267125
Not Placed,0,ENTC,7.23,1,-3.150905157955628,0.9441519973827723
Not Placed,0,ECE,7.39,1,-2.704114173245601,1.2529725592248195
Placed,1,CSE,9.22,2,2.2239461531299565,-1.387034789267685
Not Placed,0,Civil,7.95,0,0.4863574860448328,0.34501222513228996
Not Placed,0,Mechanical,8.34,0,-0.34494534419259915,0.640297920721103
Placed,1,Civil,7.87,3,0.34322716493720146,-0.3872718067991178
Not Placed,0,CSE,6.95,3,-1.5048505356335058,-2.849159493805905
Placed,1,CSE,7.79,3,0.9161944812744766,-1.4731611958099693
Not Placed,0,IT,6.79,1,-1.3199282547247044,-0.10673072933584764
Not Placed,0,Civil,8.72,3,-0.7636114072030245,-1.2075925231904525
Not Placed,0,Mechanical,7.06,0,-0.9263097419215515,0.5107191490250927
Not Placed,0,ENTC,7.21,3,-1.091838650898709,-1.0247344918592922
Not Placed,0,CSE,8.39,3,0.5801565942372645,-1.739431691321372
Placed,1,CSE,7.11,0,-1.2645139936913803,1.456686194626998
Not Placed,0,ECE,7.51,1,-1.8527006270951536,-1.887560684936584
Not Placed,0,IT,5.46,1,-2.571496105056666,-0.6009100997200917
Placed,1,CSE,7.43,3,-0.5661709067769395,-0.32813842068884574
Not Placed,0,ECE,8.21,1,-1.1686433730191956,0.5978836313870952
Placed,1,ENTC,7.17,1,-1.8872000411240855,1.3328239144474172
Not Placed,0,CSE,8.18,0,0.8116545036983936,1.1649638481802262
Placed,1,ENTC,7.69,0,1.4655764591755556,1.2702607450244987
Not Placed,0,IT,8.62,2,2.4411867875226116,-0.023093977924018766
Not Placed,0,CSE,7.08,1,-2.510999459159755,0.5472928310556437
Placed,1,IT,7.49,0,0.19086190160673566,0.7856957952786502
Not Placed,0,CSE,6.45,3,-0.6162068426103647,-2.289352688909404
Not Placed,0,CSE,7.62,1,-1.348602132030978,-0.672272628734707
Not Placed,0,CSE,7.34,1,-1.5637391830216445,-0.4482897729199329
Placed,1,CSE,8.52,2,2.5998629226104013,0.12022943882125083
Placed,1,CSE,7.17,0,1.3107972258056804,1.7023793997315684
Not Placed,0,CSE,7.34,1,-2.3930828827372523,-0.9064772849963835
Placed,1,ENTC,7.13,3,-1.0567399895714262,-1.5564974530224567
Not Placed,0,IT,7.72,1,-1.7361972493796272,0.8126329062314673
Placed,1,CSE,9.39,2,2.1816658094077876,0.7328007267471323
Not Placed,0,IT,5.0,1,-3.8154015586010326,0.33032297523457443
Not Placed,0,IT,7.66,0,-1.0560527296784155,0.473075417619629
Not Placed,0,ECE,8.7,1,-1.968300078482509,-0.35583111898815684
Not Placed,0,Mechanical,7.26,3,1.7731380134574064,-1.7531823808674838
Placed,1,CSE,8.15,0,0.03220103735229584,0.4096431492471364
Placed,1,CSE,8.7,2,6.070595538328459,0.2423743039024975
Placed,1,IT,7.47,2,3.5399814880518274,-0.6601976979485845
Not Placed,0,IT,7.15,3,0.37710196580775723,-1.1882959049693005
Not Placed,0,Mechanical,8.5,1,-2.123157184957465,0.6432088309724883
Not Placed,0,CSE,8.12,0,0.17867993290753295,0.5042423827316815
Not Placed,0,ECE,7.65,1,-2.9044571477870154,0.3803340606544859
Not Placed,0,Mechanical,8.22,3,-0.2285226386765821,-0.22373798531379946
Placed,1,ECE,8.52,0,0.5083199911495521,1.0858317315589756
Placed,1,IT,7.65,2,2.8028179658240155,-0.26795862641559454
Not Placed,0,ECE,7.96,1,-1.7362318808970623,0.8992484350990948
Not Placed,0,ENTC,8.14,3,1.3919957034361627,-2.1135570977607068
Not Placed,0,CSE,7.31,0,-0.07149171350303649,0.42352891945504345
Placed,1,ECE,8.71,0,-0.061349056431358004,0.41499319133052415
Not Placed,0,CSE,6.82,3,-0.360104300753977,-2.1521675966259317
Not Placed,0,CSE,7.59,3,0.1915768666648122,-1.9983796286781648
Placed,1,ECE,8.35,2,2.5908459431831075,0.6744989235927951
Not Placed,0,CSE,6.8,3,0.1425627019331241,-1.130608349480959
Not Placed,0,CSE,8.44,3,0.8030184730128521,-1.9505880959417294
Placed,1,CSE,7.86,1,-1.1987772646683812,-0.05060731000828423
Placed,1,ECE,8.83,3,0.13626760627585963,-0.5735878133524739
Not Placed,0,Mechanical,8.22,1,-1.3732632333656343,0.5200217999195575
Not Placed,0,ECE,7.56,0,-0.30835035400428734,1.001343019678077
Not Placed,0,ECE,7.9,2,1.492340723764225,-0.8743380741975987
Placed,1,CSE,7.93,0,-1.2492760681686141,1.0278981181715954
Placed,1,ECE,9.42,2,3.3702893937531764,-0.2790801976595437
Not Placed,0,IT,7.77,3,-0.015120571470680641,-0.21109385571848888
Not Placed,0,CSE,7.58,0,-0.03577753428564154,1.1836236410095817
Not Placed,0,ECE,7.53,3,-0.2861901897219964,-0.7088144974158587
Not Placed,0,IT,7.86,3,0.0784046165873969,-0.633346853611959
Not Placed,0,Mechanical,6.74,1,-2.862232459206636,0.7583227711119455
Not Placed,0,CSE,7.37,0,-0.6646930968002752,1.106121767911407
Not Placed,0,ECE,6.84,1,-2.578307229609747,-0.49297137856218237
Not Placed,0,CSE,6.95,1,-1.4051572444538436,0.8900129845508407
Placed,1,ENTC,8.38,2,1.483124432049504,-0.4696395377944829
Placed,1,ECE,7.72,3,-0.7594512318102196,-0.4563980805089324
Not Placed,0,IT,7.07,1,-2.3143933827225593,0.03565113901810282
Placed,1,Mechanical,7.57,3,0.5295522211679691,-1.1988136713429989
Not Placed,0,ECE,7.49,1,-1.9591885188413738,0.3221201262600627
Placed,1,CSE,7.74,2,2.8704956834265993,-0.9564667617408553
Placed,1,ECE,6.42,2,3.0281318881440424,-1.3322025424415236
Not Placed,0,CSE,6.77,1,-2.6355019463159333,-0.279453480211948
Placed,1,ENTC,6.47,0,-0.26918688660468176,0.4552882700033511
Not Placed,0,CSE,6.94,3,0.9854508247422062,-0.898599904118013
Not Placed,0,ENTC,7.09,0,-1.0717086729422516,0.496791242351928
Not Placed,0,CSE,6.82,1,-2.238958620902273,-1.4851445281764075
Not Placed,0,ENTC,8.35,3,-0.791417006581101,-0.009679649481896436
Placed,1,Mechanical,9.26,2,3.2722683485229545,0.3297046777448084
Not Placed,0,Civil,8.4,2,1.977075873749811,-1.4387073028521478
Not Placed,0,ENTC,7.22,0,-0.17396689765531,1.5773185965051288
Not Placed,0,ECE,7.88,3,0.9167242147643992,-2.213495030910001
Placed,1,CSE,7.64,1,-2.2624224059063875,0.45372579653846895
Not Placed,0,IT,7.18,3,-0.19636311918087043,-0.4093751752597093
Not Placed,0,CSE,8.83,0,-0.30093457370667437,0.3655908044414991
Placed,1,CSE,9.41,0,1.3479232147764924,0.8638608136874578
Not Placed,0,IT,6.45,1,-2.048109290018651,-2.5120666270646614
Not Placed,0,ECE,8.92,0,0.422330806289576,2.5057734081593
Not Placed,0,IT,7.2,3,0.005045808599565614,-0.6486220573528102
Not Placed,0,ECE,7.48,1,-2.3317268463717573,0.2254121414937828
Placed,1,CSE,7.94,2,1.3872150664197453,0.7336108475805294
Placed,1,Mechanical,9.02,2,2.253045282872776,0.7087442821141077
Not Placed,0,CSE,7.94,0,1.0694498785269677,0.3748550437194213
Placed,1,IT,8.05,0,0.13234943200243646,0.8686904588263523
Placed,1,CSE,8.43,2,2.2167199719324238,1.1347980279566072
Placed,1,CSE,8.56,2,2.7907933839870407,1.00886953973782
Placed,1,IT,8.13,0,-0.12061883136363631,0.6904455182400457
Not Placed,0,ECE,8.56,0,0.4044539346748971,0.6366904915236693
Not Placed,0,Mechanical,7.19,1,-1.6286005222667677,0.2878013951679448
Not Placed,0,ENTC,6.23,3,-0.7404791534506404,-1.0047377267110669
Not Placed,0,IT,9.25,0,-0.12544934130933513,0.5089974963520797
Not Placed,0,CSE,6.82,1,-1.28943517038461,-0.5107253355089283
Not Placed,0,CSE,7.25,0,-0.7068382363780383,0.06643289612768337
Not Placed,0,ECE,7.42,3,1.2653214013483243,-0.1970640087664753
Not Placed,0,Civil,7.27,0,-1.267930072966562,1.0943625390933427
Not Placed,0,IT,7.08,0,0.23183437514793953,0.08648797983293788
Not Placed,0,CSE,8.09,0,-0.3699976880412582,1.1372953771049894
Not Placed,0,Civil,8.1,0,-1.0478240792628648,3.2675121962526137
Placed,1,IT,8.23,0,-0.3834656579431621,0.534024196242372
Not Placed,0,Civil,8.17,3,1.2541498838504401,-1.0145945901265967
Not Placed,0,CSE,7.35,3,0.5552691848358433,-2.6112947659073265
Not Placed,0,ECE,7.34,1,-1.7006578826154723,-0.8060981020403168
Not Placed,0,CSE,8.65,2,1.9726858298201373,-1.0734818222179805
Not Placed,0,ENTC,7.26,3,1.2606844214826092,-1.6029766303442081
Not Placed,0,Mechanical,7.24,1,-1.6481226909537416,-0.28416415658672617
Placed,1,IT,8.49,0,1.8200044796471853,1.9362943897379152
Not Placed,0,ENTC,7.68,3,1.345213888187435,-0.053826780526460366
Not Placed,0,IT,7.27,3,0.5201564077307242,-0.9953553678152796
Not Placed,0,CSE,7.28,3,0.2730387956636353,-2.249065598060901
Placed,1,CSE,8.66,2,2.917502013457205,-0.35084286668349474
Placed,1,ECE,8.2,2,3.831130237292005,-0.7743295036878798
Not Placed,0,CSE,7.9,3,0.500174449390278,-1.5381206551218227
Not Placed,0,CSE,6.71,1,-1.7719504712538523,-0.4303863147858539
Placed,1,IT,7.9,2,1.7166141000236155,-0.014465185473363576
Not Placed,0,CSE,7.52,1,-1.1063574012251558,0.3377470745279521
Not Placed,0,IT,6.92,1,-2.055528635081627,-1.2657903134284991
Not Placed,0,CSE,7.19,1,-2.7782636646966097,1.7752174359143915
Placed,1,ENTC,8.29,2,3.4043698634307384,1.4372661753262566
Placed,1,CSE,8.76,2,2.6489964918721447,1.4377680231883243
Not Placed,0,Mechanical,6.8,1,-4.024606228554213,0.5285966336801243
Not Placed,0,CSE,6.91,1,-1.267049986038506,0.7069686230681665
Not Placed,0,CSE,8.29,0,0.7346141345838125,1.7847883769312722
Placed,1,IT,7.35,3,0.7612100735147861,-0.25025715853230324
Not Placed,0,IT,8.17,0,0.3121069535390611,0.6044317641387142
Placed,1,ECE,7.34,3,-0.1824394031873302,-1.5108573694133205
Placed,1,CSE,8.19,0,1.085047472596824,2.0350327956149585
Not Placed,0,CSE,6.53,3,-0.33975085063857413,-1.7924739576501771
Placed,1,CSE,8.17,3,-0.538199333544209,-1.2318279949762905
Not Placed,0,ENTC,5.92,3,-0.8148506915383189,-1.7886116697912797
Placed,1,CSE,8.49,0,-0.37565445751029947,1.1531309863173609
Not Placed,0,IT,7.67,0,-1.0768589773299997,0.5696823071654399
Placed,1,CSE,8.08,0,-0.08706943185584079,2.176561621353299
Not Placed,0,CSE,7.9,3,0.2084512045467518,-2.179604749987628
Not Placed,0,Civil,6.25,1,-3.583254534057136,0.9321350674982121
Not Placed,0,IT,8.86,0,-1.231458060340226,1.7154845080219958
Placed,1,CSE,7.98,2,1.9528474800125153,-0.7197783090889327
Not Placed,0,CSE,8.34,1,-1.430077183283092,0.5558541107010175
Not Placed,0,Civil,7.02,0,-1.15874986281853,1.194619522821824
Not Placed,0,IT,7.9,1,-2.3561247313312976,-0.6805869531010513
Not Placed,0,ENTC,6.59,1,-2.1277556773798394,0.73837116020585
Placed,1,ECE,7.83,2,5.6675236728211305,-2.3564613883810313
Not Placed,0,CSE,6.9,1,-1.6839892981784375,-1.1526726428685241
Placed,1,ENTC,10.0,2,2.8903694082265106,2.2345747780079734
Not Placed,0,CSE,8.21,1,-1.6090799366246515,-0.7793266983942017
Placed,1,IT,8.83,0,0.8913918806863986,2.043802922683438
Placed,1,CSE,7.49,3,0.7914909029992981,-2.735536843432584
Not Placed,0,CSE,8.04,3,0.07205669988992772,-0.8413683061079286
Placed,1,CSE,8.47,2,2.917406415074298,-2.9104137570765083
Not Placed,0,ENTC,6.79,1,-1.5862612203184858,-0.16340718189163517
Not Placed,0,ECE,7.13,1,-3.16171229646367,1.9994245536207975
Placed,1,ENTC,8.53,2,2.483181342407518,1.3786160132742695
Not Placed,0,CSE,7.51,3,1.0733111375034994,-0.23678248893335668
Not Placed,0,CSE,7.06,3,-1.56164886151005,-2.116679192126617
Not Placed,0,IT,7.16,1,-3.2655755271321194,0.46570237338795606
Not Placed,0,ENTC,6.66,1,-1.869160564866943,-1.973000283586689
Not Placed,0,IT,6.03,0,-0.9094271880540423,0.41183475440989864
Not Placed,0,CSE,6.26,1,-1.824114019314533,-0.5690716246023625
Placed,1,ECE,7.74,3,0.40471338741127305,-0.21742799317389377
Not Placed,0,ENTC,8.27,0,-0.5209393916528025,0.9474594746236195
Not Placed,0,IT,9.84,0,-0.7704565600315496,2.1207074516653868
Not Placed,0,ECE,7.66,3,-0.554401687725226,-0.3165720472061049
Not Placed,0,IT,6.61,3,-0.09317773221216956,-1.516518198012137
Not Placed,0,ENTC,7.68,1,-2.1530226470397564,0.4153226735168181
Placed,1,ECE,8.3,2,4.020541363976419,-0.7744454721579525
Placed,1,ENTC,8.58,0,0.7848995255508128,1.5413374786121448
Placed,1,IT,8.49,2,3.449539900188968,0.3774047021014699
Placed,1,CSE,8.19,2,2.967687565258314,-2.1267083882334945
Not Placed,0,CSE,7.78,1,-2.0033232371525385,1.0054395189089238
Placed,1,CSE,8.33,0,1.0322551856517796,0.27031313468045903
Not Placed,0,Civil,6.69,2,2.6651656777899655,-2.5792184459167182
Not Placed,0,IT,5.99,1,-2.291924254620234,-0.4896557358498215
Placed,1,ECE,9.48,2,4.8776318196291655,-0.5521302365437886
Placed,1,IT,7.66,2,1.5289905303383062,-0.029878383903807714
Placed,1,CSE,8.15,0,-0.04429849637099481,1.131668378752538
Not Placed,0,CSE,5.32,1,-2.4269315290945084,-0.8090397013411846
Not Placed,0,CSE,9.01,0,-0.6547598007645468,1.18626303659641
Placed,1,ECE,8.68,0,0.259994836497066,-0.01040679185884019
Not Placed,0,Civil,6.37,3,-0.5534736466578192,-1.9741324069192032
Not Placed,0,ENTC,7.43,0,-0.3219590186217386,0.7874094068808326
Not Placed,0,Civil,7.93,3,0.3088401958793381,-1.4053566537429447
Not Placed,0,IT,6.63,3,0.8448947072617112,-0.1807109458653731
Placed,1,Civil,8.12,2,2.353106525514567,0.13318990464998598
Placed,1,CSE,8.59,3,1.0175549026563657,-0.32311104185888107
Not Placed,0,IT,7.98,0,-0.638252624896461,0.758342691607142
Not Placed,0,CSE,6.37,1,-1.7887608103389594,-1.2293478570595666
Not Placed,0,CSE,6.82,3,-0.20381128613508034,-0.9152635578965126
Not Placed,0,ENTC,7.59,1,-1.4565972176074136,-0.00010416729408502695
Not Placed,0,IT,7.49,3,-0.2363218721181414,-0.1187081694733559
Not Placed,0,CSE,7.51,0,-0.9003650400273102,2.299519562679884
Not Placed,0,CSE,7.48,1,-1.5842934628960093,-1.006987218012302
Not Placed,0,IT,6.17,1,-3.002236498111756,-2.0450930050903087
Not Placed,0,Mechanical,8.38,0,-0.5429094602546082,0.1615845617223133
Placed,1,CSE,8.23,2,1.455743970083025,0.46677854541259584
Placed,1,CSE,8.14,2,2.1471337053193618,0.06210313884939662
Not Placed,0,ENTC,8.07,3,0.7575928153871303,-0.4090114639325017
Placed,1,Mechanical,7.46,3,1.4989764153211296,-0.9105829153873085
Placed,1,CSE,7.18,2,1.1125787303544952,0.3444083922425102
Not Placed,0,IT,6.84,3,0.6577261417948547,-0.16092760406163914
Placed,1,Civil,9.01,2,2.107300003320767,1.5302228675263534
Placed,1,CSE,7.68,3,0.7520590244875229,-1.0113393158205037
Not Placed,0,IT,6.29,1,-1.8340240499334057,-0.36923968759694364
Not Placed,0,IT,7.68,0,1.1301556651788927,1.7527249441050794
Not Placed,0,IT,5.93,3,-0.5058658269028568,-2.8930192355976643
Placed,1,Civil,7.91,2,1.8831994666152512,0.5898226951069709
Not Placed,0,Civil,7.82,0,-1.11746542866792,0.6201760231989591
Not Placed,0,CSE,7.24,3,0.9372335601510614,-0.7922859436858263
Not Placed,0,ECE,6.9,1,-3.431416889687885,-1.8243887660578164
Not Placed,0,ENTC,8.18,0,0.33746080188885436,0.9606922864583015
Placed,1,CSE,7.63,2,2.2566586737296666,-0.16909459675121147
Not Placed,0,ECE,6.05,1,-2.332801072840218,-0.08616811254944236
Placed,1,Civil,8.72,3,1.5418220373104596,-0.5891350294389719
Not Placed,0,IT,6.9,3,-0.7350117718080748,-2.273966566597043
Not Placed,0,IT,6.58,3,0.9752641849692415,-0.49129653162943465
Placed,1,ENTC,8.85,0,0.6144006094887697,2.4945072479447163
Placed,1,ECE,8.6,2,2.2174577709740886,-0.1853431335647065
Not Placed,0,IT,7.34,0,-0.5878170721655063,1.5863091074065738
Not Placed,0,CSE,6.64,1,-1.582780645837655,-0.16211774768471976
Not Placed,0,ECE,6.93,0,-0.5694894313708927,1.7362660341470648
Not Placed,0,CSE,7.33,3,-0.25248372773069105,-0.948436231417971
Placed,1,Mechanical,8.73,2,2.922145141573975,-0.22261499611512633
Placed,1,ENTC,8.8,2,4.720312376748322,-1.173850114870864
Placed,1,CSE,7.84,0,0.2080396419125926,0.3111699173258727
Not Placed,0,ECE,8.25,3,0.4831032553184856,-0.37421866830978423
Placed,1,ECE,7.52,2,2.833431066875889,0.9430007395718495
Placed,1,IT,6.96,3,2.1440179096361494,-2.2197746078715466
Not Placed,0,CSE,6.42,0,-0.7841770463324785,0.4541908383927229
Placed,1,CSE,7.97,0,0.8381542238889744,0.49470311641264475
Placed,1,Mechanical,8.47,0,-1.355482149012942,1.4331546737300778
Not Placed,0,Mechanical,7.27,1,-2.501020886046634,-0.27282629999400204
Placed,1,IT,8.71,0,-0.8304657636080158,2.4005839291370927
Not Placed,0,ENTC,7.37,0,-0.5299477535337088,0.13869141285165465
Placed,1,ECE,7.77,2,2.921773421794938,-0.6478439192777211
Not Placed,0,IT,7.51,0,-1.4433305024026937,1.212109488662795
Placed,1,CSE,8.75,0,1.0209309478822224,1.5260744056673474
Placed,1,Mechanical,8.12,2,1.52965414636105,-0.3433648881247158
Not Placed,0,CSE,7.65,0,-1.4537397793385678,1.0210797088944001
Placed,1,ECE,7.77,3,0.9368151413603304,-0.6340015176055542
Not Placed,0,CSE,6.69,1,-3.184791502517523,1.3171795890960818
Not Placed,0,ECE,5.8,1,-2.6793789380776314,-1.4641207509986882
Not Placed,0,CSE,7.25,1,-2.891357130905488,0.21875801510374576
Placed,1,CSE,7.54,0,-0.39384796002599004,0.8523601371251854
Placed,1,Mechanical,8.15,0,0.21504979352253054,1.0789567691132644
Not Placed,0,CSE,7.56,3,-0.8665581730216013,-1.7547037175625964
Not Placed,0,IT,7.3,3,-0.6411565777426905,-1.2556689089258526
Not Placed,0,CSE,5.19,3,-0.09097064793706278,-2.8400999587023392
Placed,1,ENTC,8.15,2,1.6576332070943465,-1.2810950919232167
Not Placed,0,CSE,7.88,1,-1.880653308004112,1.431741713865274
Not Placed,0,ENTC,8.39,1,-1.8972591943397497,-0.19272931227650805
Not Placed,0,CSE,7.72,3,1.9361192938627592,-2.3591989426647864
Placed,1,ECE,8.67,0,1.0199140028900422,0.48321269436777825
Placed,1,Mechanical,7.23,3,1.0258910640784176,-1.3395446332031142
Placed,1,CSE,7.67,2,2.320593337918689,0.8322071059886451
Not Placed,0,ECE,7.9,0,-0.3621842665569935,0.38043620022674274
Placed,1,ECE,8.26,3,0.597567067279858,-0.20267525846358667
Not Placed,0,ENTC,8.05,0,0.040862562596657125,2.1694155569882874
Placed,1,CSE,8.11,2,1.628341643508967,-0.2761414294357484
Not Placed,0,ECE,7.93,3,-0.12384654268232745,-0.632794387001575
Placed,1,CSE,7.54,3,1.5335651892863682,-2.050954057808685
Placed,1,CSE,8.47,3,-0.8006991279994382,-0.19198041676778865
Not Placed,0,CSE,6.28,1,-1.9741069932113027,-0.1449701458499021
Not Placed,0,CSE,7.17,1,-1.0742550003345845,-0.40943019955823046
Placed,1,IT,9.05,2,3.882863966750428,0.49267880429802635
Not Placed,0,ENTC,7.13,0,-1.0811495827631261,0.776685080832021
Placed,1,ECE,7.63,1,-1.1601434229222594,-0.40027571943098034
Placed,1,IT,8.88,0,0.9068312330900181,0.6766214695497194
Not Placed,0,CSE,7.59,3,1.3553668651679953,-0.8902557129093485
Placed,1,ECE,6.99,2,3.213290721189586,-2.1027383261806825
Placed,1,CSE,8.72,2,4.240522048804232,-1.612698923405656
Placed,1,ECE,7.45,3,0.8865718173781111,-0.3224481055370481
Not Placed,0,CSE,7.51,1,-1.5373604395997573,0.08665990589111702
Not Placed,0,ENTC,6.02,1,-2.542693246386397,-1.3177754955630705
Not Placed,0,IT,7.59,3,-0.2768218698231281,-1.4444438825571275
Not Placed,0,ECE,8.28,1,-3.288581993327915,1.606702698506648
Not Placed,0,CSE,7.33,1,-1.731393631613458,-0.3566447927579135
Not Placed,0,CSE,6.61,3,0.03950031984692972,-2.5402804439595883
Not Placed,0,Civil,7.29,1,-2.641917614427404,1.678979546976758
Not Placed,0,Mechanical,7.18,3,1.0354584769779567,-0.6870282684128618
Not Placed,0,IT,7.48,0,-1.0386348498764184,1.0615113693086655
Not Placed,0,IT,7.26,0,-1.1480618019702324,0.6906551748418283
Placed,1,Mechanical,9.11,2,3.5345932180248196,-0.055717761413918016
Placed,1,IT,7.96,2,2.54112832673866,-2.533448991570196
Not Placed,0,Mechanical,6.22,1,-1.952912107093002,-0.07840283873619945
Placed,1,CSE,7.76,2,1.76329771454404,-0.7918044304221596
Not Placed,0,CSE,7.67,0,1.4944005081372116,1.947464126971477
Not Placed,0,IT,8.72,0,-0.6479756469580834,0.9037111113608474
Not Placed,0,CSE,7.57,2,1.2017122804018234,-0.6587294964944291
Placed,1,IT,7.54,2,1.997687354617611,-0.3861124971557021
Placed,1,CSE,9.28,2,2.5981451318279487,1.9195137405443083
Not Placed,0,Mechanical,6.79,1,-3.2133799647081656,-0.8494911724779457
Not Placed,0,CSE,8.38,0,-1.3349894854708881,2.824804418072175
Not Placed,0,ECE,7.75,3,-0.008369181743816196,0.0456978489724646
Placed,1,IT,7.27,3,-0.3084898136848179,-0.6106546537451866
Not Placed,0,ECE,7.15,0,0.26607847384217975,0.30480774228533314
Not Placed,0,CSE,8.85,0,-1.7587631380186712,2.558029617272684
Not Placed,0,ECE,8.1,0,-0.21998426675869057,2.2065875855026706
Not Placed,0,ENTC,8.21,3,0.07542136231476688,-0.33270396201266544
Not Placed,0,Mechanical,8.46,3,1.2299321334062299,-0.2841762049624812
Placed,1,Mechanical,7.99,3,0.12218387608031789,0.004790260519118535
Placed,1,CSE,6.8,3,0.7203720096918316,-2.170497101021659
Not Placed,0,IT,6.36,1,-3.8970554336805283,-0.8744892280359978
Not Placed,0,IT,9.01,1,-1.2817003878802433,0.6109691727553203
Not Placed,0,ECE,7.88,2,2.1829582712506492,-1.0558970165609627
Placed,1,IT,7.77,0,0.4745200915371429,1.5944314513794713
Placed,1,ENTC,9.23,0,1.1642751222158243,1.206373439371073
Not Placed,0,Civil,6.8,1,-3.1258498256658753,-0.3674103625857823
Not Placed,0,IT,5.56,1,-2.450185240353569,-2.3076591921180056
Not Placed,0,CSE,6.16,0,-0.853044882055322,0.8745025485583192
Not Placed,0,CSE,7.25,0,-0.523197181951135,0.24365039278525785
Placed,1,CSE,7.8,2,2.4159903059701615,0.010198531033289406
Placed,1,CSE,8.88,2,3.7455541234792253,-0.413935682863222
Placed,1,IT,8.42,2,3.161728299905099,0.28253215922114083
Not Placed,0,Mechanical,5.52,1,-2.241064073897133,-2.5052799565458277
Placed,1,ECE,10.0,2,5.823306904195781,0.8388190805894813
Not Placed,0,IT,7.35,1,-3.1128399433467577,-0.3062848246103859
Placed,1,IT,8.74,2,2.1645224492206667,-1.3508177813869775
Placed,1,ENTC,8.16,2,1.6722965906458453,-0.04281864648184827
Not Placed,0,IT,7.7,3,-0.8221204646466547,-0.5441934473210391
Not Placed,0,Mechanical,7.5,3,-0.6666779132066717,-0.18418430871494143
Placed,1,CSE,6.75,2,1.2166015512928594,0.08214689355223385
Placed,1,Civil,6.61,2,2.078753606456985,-0.9518561345297748
Placed,1,ENTC,7.56,3,1.1213274776022404,-1.5297296579135735
Not Placed,0,Mechanical,6.52,3,-0.0638667085466988,-1.5964834721619852
Placed,1,ENTC,9.1,0,1.8906879309482523,2.4025825037769986
Placed,1,CSE,7.78,2,2.0869497936642274,-1.547921229420643
Placed,1,IT,9.48,2,3.2383488997255974,1.1183080081651726
Not Placed,0,ECE,7.33,1,-2.533224704736059,-0.25825627791383343
Not Placed,0,ECE,7.2,1,-2.7929757158679736,-1.0642708546590345
Placed,1,CSE,8.2,2,3.8571160786053102,-0.272772750931362
Not Placed,0,CSE,7.48,2,2.1109549177331837,-2.056211057615238
Placed,1,CSE,8.53,2,3.6650216936349276,1.2926112814654636
Placed,1,CSE,8.92,0,1.923882738562039,2.082801629961969
Not Placed,0,IT,8.63,0,0.6760182573322746,1.809230912056525
Placed,1,CSE,8.86,1,-1.6806337092622023,1.1763947990892047
Not Placed,0,CSE,8.39,0,0.0007858651896124787,1.2184987738947057
Not Placed,0,Mechanical,7.23,1,-3.1796979291609127,-0.10823376971729631
Not Placed,0,CSE,8.67,2,4.757671900743209,-2.083289621966943
Not Placed,0,Mechanical,8.29,3,-0.7872341586476693,-0.2724043102734839
Not Placed,0,Civil,7.17,1,-1.3889799273463488,-1.2872878749402004
Not Placed,0,IT,7.28,0,-0.6634377270466753,0.7718973963536259
Not Placed,0,ECE,7.62,1,-2.5609872375681775,0.3350926901429926
Not Placed,0,CSE,8.64,0,-1.3729337715393308,1.7491349805156957
Not Placed,0,Mechanical,7.8,2,2.3347853077110514,-2.5990184739251845
Placed,1,CSE,7.7,2,2.3022237819138325,-2.083213070921833
Placed,1,IT,7.56,0,0.23392061858672744,0.16662186494067008
Placed,1,IT,7.4,0,0.6185299527945559,0.33015689487569094
Not Placed,0,ECE,6.71,1,-2.7786286953679946,-0.413346885028478
Not Placed,0,IT,8.38,3,1.7465644008060786,-2.3148200384402164
Not Placed,0,CSE,6.84,3,-1.2934332719635526,-1.6927611646417426
Placed,1,Mechanical,7.76,0,1.4535459568005933,1.0104115993475158
Not Placed,0,IT,7.35,3,-0.09027293550277514,-0.3085962060431195
Placed,1,ECE,8.35,2,2.7990097178537696,0.8536722134633189
Not Placed,0,ECE,7.41,2,1.0918687470031518,0.13770894640285825
Not Placed,0,CSE,6.84,1,-0.8487872546749781,0.05605411567781824
Placed,1,IT,8.54,2,2.1348667790589384,-0.07076649638332203
Not Placed,0,IT,7.0,0,-0.20962063064727776,0.4393120084728967
Placed,1,Civil,7.83,2,2.501561250954348,0.23861221583373599
Placed,1,ECE,8.78,2,2.9618385893269323,0.8961093520094047
Not Placed,0,CSE,7.08,1,-3.4591174676346834,0.21918259199950266
Not Placed,0,ENTC,7.61,0,-1.041015510689506,0.6547763750501853
Not Placed,0,IT,7.33,1,-3.8751888797051617,-0.4198063923829749
Not Placed,0,IT,7.81,1,-2.191425544645772,1.2990174035692972
Placed,1,IT,7.64,0,-0.13429454934723378,0.5083818965715349
Placed,1,ENTC,8.48,0,0.748185264610783,1.258689767148691
Not Placed,0,CSE,7.17,3,-0.7526494374862197,-0.9124665130756036
Not Placed,0,ECE,8.78,2,2.15135701358241,-0.45168309445727667
Placed,1,CSE,9.06,0,1.1419016637834705,0.8413423049211214
Placed,1,ENTC,7.92,1,-2.0443977559896886,0.4400890804088275
Not Placed,0,ENTC,7.03,1,-2.9826761659632406,0.17958284796896898
Not Placed,0,CSE,7.67,1,-2.506624713109889,1.5847172380889747
Not Placed,0,IT,7.59,0,-1.2407466882096063,0.7136595649009336
Placed,1,ECE,9.21,0,0.9915205523296484,0.8170440370709664
Placed,1,CSE,7.61,2,1.830733873946535,1.6844370032309957
Placed,1,IT,8.88,3,1.5823812075057369,-0.7898114791704419
Not Placed,0,ECE,7.79,0,-1.7122386492804103,1.622243116442902
Placed,1,CSE,7.74,3,1.435767173661653,-0.5081152068283029
Placed,1,ENTC,7.4,0,1.0450834991955218,0.15667280031425035
Not Placed,0,CSE,7.48,1,-1.3860927216332541,-0.35426419311809176
Not Placed,0,CSE,8.46,2,2.617005329390423,-0.7081053700952497
Placed,1,ECE,7.08,3,0.8885576320100599,-1.1021670326177238
Not Placed,0,ECE,8.52,0,0.4076938970901602,1.4652601625924835
Placed,1,CSE,8.92,0,0.7246661957465581,0.8110582538658959
Not Placed,0,CSE,7.2,1,-1.317094662224914,0.2090707013733555
Placed,1,IT,8.73,2,2.556543324708528,1.9287741878444602
Not Placed,0,CSE,8.59,0,-1.0162615007380378,4.640447717831844
Not Placed,0,Civil,8.44,2,1.8796609966426043,0.23393012620207645
Placed,1,IT,7.16,0,-1.7034750357865076,3.069555194289731
Placed,1,CSE,7.6,3,-0.36541813891664904,0.14280308826015328
Placed,1,IT,7.6,2,3.0283543406697797,-1.145544128618678
Placed,1,CSE,9.48,0,2.035954947996934,2.050230553224969
Not Placed,0,ENTC,7.69,0,0.9716908796418026,0.3381422009837883
Placed,1,CSE,7.54,0,1.6195080519512002,1.5481469502638685
Not Placed,0,IT,6.72,3,-0.6368729228655797,-1.3093467466429172
Not Placed,0,CSE,6.87,1,-2.9666694479877345,-2.8399274234431533
Not Placed,0,IT,7.12,0,0.6112346617516503,0.618522879885292
Placed,1,CSE,8.01,0,-0.21461332931238816,0.3867464258346409
Not Placed,0,ENTC,6.49,1,-3.4178164034227883,0.7134166413062898
Not Placed,0,CSE,7.13,1,-1.9180155652483222,0.5255210899453279
Not Placed,0,CSE,6.12,1,-2.5724203010599127,-1.5901665754533907
Placed,1,CSE,8.89,2,2.5056264369708265,0.2357977316930198
Placed,1,Mechanical,7.79,2,1.8743454959195056,-0.4613432419411241
Not Placed,0,IT,7.96,0,0.5028670557848023,1.436983573236843
Not Placed,0,CSE,6.77,0,-0.40835262298375147,0.6106301022013104
Not Placed,0,IT,8.69,0,0.9956531815284597,0.7042698338094991
Placed,1,IT,8.98,2,2.6249142109247696,1.0015701194745832
Not Placed,0,CSE,7.76,1,-1.7331704118095441,0.6769302266193256
Not Placed,0,ECE,7.29,1,-0.8648046018923435,-0.036509238785488674
Placed,1,IT,8.17,2,2.1637197532283476,1.1086927460990008
Placed,1,Civil,8.32,2,1.7108804871005574,1.3604744772686226
Placed,1,CSE,8.44,0,0.32039448039076934,0.24816842168193592
Not Placed,0,ENTC,8.26,1,-1.4409321086923272,0.6869811451691118
Placed,1,CSE,8.52,2,2.7347477632804478,0.09615882464265943
Not Placed,0,CSE,7.11,1,-1.7916865933033794,-2.2952605973387485
Placed,1,ECE,8.48,0,-1.171111394462914,1.1637111950559913
Not Placed,0,CSE,7.31,1,-2.292634751120704,-0.07056174646274543
Not Placed,0,CSE,5.57,1,-3.6680658526062215,0.23389294534453978
Not Placed,0,ENTC,7.31,1,-2.586546519036192,2.0733276092374084
Not Placed,0,ECE,7.23,0,0.03706339194085082,1.3631304521867291
Not Placed,0,ENTC,7.9,3,-0.8656084991714439,-1.3517467793988036
Not Placed,0,IT,8.41,0,-0.6856077278085436,0.8344677620524258
Placed,1,ECE,7.86,2,2.197887194166617,0.8485563146169928
Placed,1,ECE,9.41,0,0.8677415387789129,2.4973895121455936
Not Placed,0,ECE,7.25,3,-0.9233997091613273,-2.245610050355684
Not Placed,0,ECE,6.01,3,-1.0621978327235118,-1.1018668340787312
Not Placed,0,ECE,7.94,1,-1.5735798627954976,0.9123865672490412
Not Placed,0,ENTC,7.24,1,-2.838692325653375,0.5249447517449211
Not Placed,0,CSE,6.78,3,-0.8400501110062436,-0.7817975643226174
Not Placed,0,IT,7.45,1,-2.7072668454755133,1.5131959712442604
Not Placed,0,IT,7.03,3,1.7807066431530707,-1.7759532431209017
Not Placed,0,IT,7.12,3,-0.19304153807154878,-1.8953683904462593
Placed,1,ECE,8.99,2,1.6932949853666583,1.2443539785441775
Placed,1,CSE,7.81,2,2.46438527494228,1.5227506458485554
Not Placed,0,CSE,7.47,3,0.6102081371486828,-2.002302430532007
Placed,1,Mechanical,9.06,2,2.5468092590261464,1.3404248823395215
Not Placed,0,Mechanical,7.45,0,1.1558453153661743,0.5458422462249041
Not Placed,0,CSE,6.65,3,-0.003777848420833382,-1.1670718107410272
Not Placed,0,CSE,6.57,3,0.16598967353399857,-1.1910641381269456
Not Placed,0,CSE,7.63,0,-0.3594398136475808,1.5444363472295382
Not Placed,0,CSE,6.3,1,-3.0014414530407945,0.7899770265161731
Not Placed,0,CSE,6.7,1,-3.2033496324249566,0.3808927208806398
Not Placed,0,IT,7.38,3,0.5717688297712666,-0.09336485333730953
Not Placed,0,ENTC,8.66,1,-1.9410129010598052,1.0356008923070315
Placed,1,CSE,8.8,0,-0.9566617554941614,1.6709049703575856
Placed,1,CSE,8.26,2,2.105827557767377,0.8783043817550185
Not Placed,0,ECE,7.7,3,-0.5062356502597719,-0.19485091542200372
Not Placed,0,CSE,7.22,3,-0.6200559581839108,-0.009691525954961516
Placed,1,CSE,8.03,2,2.678534249687531,-1.217577804212894
Placed,1,CSE,9.21,2,3.556227296392645,0.4582071152097853
Placed,1,IT,7.82,2,2.047198047043263,1.1977802548706147
Not Placed,0,CSE,7.31,1,-1.9574528126965356,0.7507974116995221
Placed,1,CSE,7.57,0,-0.44702610260603975,1.6337797002562986
Not Placed,0,IT,7.47,1,-1.9352940222036397,0.8930533325034267
Placed,1,ENTC,8.17,0,0.4646638156454788,0.6588818923017392
Not Placed,0,ENTC,7.05,1,-1.3630446548452195,0.8534852517980439
Not Placed,0,CSE,8.05,3,0.19337199454038984,-0.347354355270371
Placed,1,ENTC,8.18,0,0.49659755007525735,1.0667045165957008
Not Placed,0,CSE,7.99,1,-1.1276109180327734,0.18625672225373277
Not Placed,0,IT,6.78,1,-2.5255766267704867,1.4835396845455635
Placed,1,CSE,7.57,2,2.2108963761140057,-1.169666881065169
Not Placed,0,CSE,7.25,1,-1.5956261795035596,-0.04842148848783422
Placed,1,CSE,7.64,0,1.1518606399552374,0.7791670686661485
Placed,1,Civil,7.13,0,-0.2684846575778305,1.5808699822894126
Not Placed,0,CSE,8.76,0,1.1666943978076276,0.5877974366145665
Not Placed,0,IT,7.86,3,-0.5262355505433617,-0.09689357676387293
Not Placed,0,IT,6.32,1,-1.6576469116989727,0.3765789320017992
Not Placed,0,Mechanical,6.57,1,-1.1680339836044578,-0.13992624464246928
Placed,1,IT,8.72,2,3.118205090205422,0.8108196106908824
Not Placed,0,Mechanical,7.55,1,-2.2584814009639604,1.8563667816962113
Not Placed,0,IT,7.37,0,-1.0490427532952875,0.5646810512243251
Placed,1,ENTC,8.66,0,0.6741903854006108,0.09411418377669395
Placed,1,CSE,7.57,3,0.8754062507843453,-0.4871714600240565
Not Placed,0,CSE,6.68,1,-1.9945908662391472,-0.4136978684290863
Not Placed,0,IT,6.74,1,-1.418286152653248,-0.7787540151658723
Placed,1,IT,8.23,2,1.4733493382828178,-0.2538207337803197
Placed,1,IT,9.43,0,-0.5825871404809503,1.8995475859098923
Placed,1,IT,8.41,3,1.644732962932534,-1.9114591695002308
Not Placed,0,ECE,7.38,0,-1.1488741570037782,1.217669568400769
Placed,1,CSE,7.51,3,1.473999022849029,-1.5937532731117925
Not Placed,0,CSE,7.74,2,1.6649798819330959,-0.3268223097431645
Not Placed,0,ECE,5.98,1,-3.013466476134748,-1.6977924282309331
Not Placed,0,ENTC,7.72,3,1.2491552450123966,-1.1670665992165756
Not Placed,0,Civil,8.2,3,-0.513044655681803,-1.483820860422654
Placed,1,CSE,9.21,0,0.5590871961163606,0.8961088554493886
Placed,1,CSE,8.63,2,2.0240275324937778,1.1680361068624099
Placed,1,Civil,9.34,2,2.6573052336741223,0.385536935508979
Not Placed,0,Civil,9.13,0,-0.246954970875634,1.638957638707817
Not Placed,0,Mechanical,8.89,0,-1.3627077816340796,1.789593769630882
Not Placed,0,ECE,7.72,0,0.27464805554943045,1.0786637016573473
Placed,1,ECE,7.99,2,2.480590742164018,-0.6834096586426072
Not Placed,0,Mechanical,6.28,1,-1.5757117010947694,-0.6937399425101936
Placed,1,CSE,7.81,2,2.699486004360153,-1.1025055074676628
Not Placed,0,IT,8.18,3,0.9531351752181099,-1.067396120918181
Not Placed,0,Civil,7.46,3,0.7439729996170513,-1.0773399093913336
Not Placed,0,ENTC,6.39,1,-2.752880114002611,-1.8776876586384061
Placed,1,IT,9.05,0,1.07953698123174,3.9299212145598656
Not Placed,0,IT,8.05,0,0.44805689822363753,0.24095042791878168
Placed,1,Mechanical,9.16,0,-0.13503642084797018,1.7603790845176797
Placed,1,CSE,8.33,2,2.548456627018929,-1.521473797193597
Placed,1,ECE,8.86,0,1.8702876748894972,3.3049893787578064
Placed,1,IT,8.69,2,1.2566657342765908,0.2704444666556273
Placed,1,IT,7.12,0,-0.14443048167352232,0.9359486987531527
Placed,1,ENTC,7.27,0,-0.8858897515014916,1.8307659963078293
Not Placed,0,Civil,7.34,1,-2.009439479236883,-0.8692685548995419
Not Placed,0,CSE,6.88,3,-0.07148992151063935,0.05792826946611731
Placed,1,IT,9.2,0,0.6104110433494715,3.2107218082253177
Placed,1,CSE,7.74,1,-1.458727025743734,0.8519105341133139
Not Placed,0,IT,8.09,0,-0.987014969448196,2.488357960540503
Not Placed,0,Civil,6.57,1,-2.444095176038549,-2.7962415611062443
Not Placed,0,CSE,8.4,1,-1.732633507404274,1.4669409502490929
Not Placed,0,Civil,7.35,1,-1.3434168413301184,0.708559618336358
Not Placed,0,Mechanical,8.77,1,-3.1776556790805337,2.0108953599434174
Not Placed,0,CSE,7.12,1,-3.075423370943825,1.3843056937335476
Placed,1,IT,8.83,0,1.6196893655574542,1.4296459741306755
Not Placed,0,Civil,8.5,3,0.9722224255332411,-1.0161718854801134
Not Placed,0,IT,7.3,3,-1.0336410096655402,-2.112523938355108
Placed,1,Mechanical,8.91,0,0.6250986680957503,1.9572831883689845
Placed,1,CSE,8.68,0,0.586832010929048,3.0021279667194367
Placed,1,CSE,8.12,2,2.7862897486085316,1.1108027958272038
Not Placed,0,CSE,6.86,1,-1.0994609174439267,-0.004925793133564264
Placed,1,CSE,8.38,0,-0.7130406347953873,1.5002080562271265
Placed,1,ECE,7.76,3,0.8355252252654033,0.023202534330095535
Not Placed,0,CSE,7.74,0,-1.3717297195296916,1.093354086451789
Not Placed,0,CSE,7.76,1,-0.9536815179984565,-0.19528009133922436
Placed,1,CSE,7.67,2,1.592479745964704,-0.7938001128935657
Not Placed,0,CSE,6.96,1,-1.8491945601901476,0.8606752091685959
Not Placed,0,Mechanical,6.41,3,0.00666766991507962,-1.3003156948797936
Not Placed,0,Mechanical,6.24,1,-1.7384414419046947,-0.683330079955012
Not Placed,0,ECE,7.95,0,0.6525195971856702,0.4079393784149646
Not Placed,0,Civil,5.64,1,-2.5475674670110995,-1.1064978087840853
Not Placed,0,CSE,8.32,0,-0.7843779211288974,0.6832040627724496
Not Placed,0,IT,8.13,2,2.465583178895459,-0.8534260501765971
Not Placed,0,IT,7.44,3,-0.5617632809480974,-1.7606835411313309
Not Placed,0,ENTC,8.57,1,-2.6121624063196482,0.9011236857383664
Placed,1,CSE,7.48,1,-1.2315298383617266,0.19272891052414123
Placed,1,Mechanical,8.06,2,1.5026168990883972,-0.33452758239546004
Not Placed,0,CSE,6.04,1,-2.883735348065435,1.8783337399379998
Not Placed,0,IT,5.79,1,-3.683801619350314,-1.515605366012189
Placed,1,CSE,7.5,2,2.26187666578545,0.6508848757578505
Not Placed,0,ECE,8.06,3,0.6873877883338827,-0.406492658317813
Not Placed,0,CSE,8.51,3,-0.04140320907071934,-0.41788236576176657
Not Placed,0,ENTC,7.55,2,1.501144399431662,-0.7732558311172975
Placed,1,ECE,7.91,2,4.650255228940182,-0.6376179515234411
Placed,1,CSE,8.37,0,-0.3633034204598786,1.5557223953695678
Not Placed,0,ECE,7.59,1,-1.6969015541166643,0.7585892799701116
Placed,1,CSE,8.2,2,4.2076496976725455,1.1375802713112175
Not Placed,0,ENTC,6.74,3,-0.6876851392727279,-1.787619507525471
Not Placed,0,CSE,6.29,1,-3.379453049909838,-2.010407632412342
Not Placed,0,ECE,7.25,0,-0.6981742350624526,0.8004630550370222
Placed,1,CSE,8.36,2,2.836456829749911,-0.3882260106578386
Not Placed,0,IT,7.1,3,0.2591519838872074,-0.5135015059717943
Not Placed,0,ECE,8.25,3,0.9163993160566718,-0.90119496620905
Not Placed,0,CSE,6.83,1,-2.3826862442699452,-1.5316112277918683
Not Placed,0,ECE,7.2,0,-1.002479097653846,0.3977234196946692
Placed,1,CSE,7.91,2,3.358065774742576,-2.5821018201840373
Placed,1,IT,7.13,3,0.07960310364966168,-1.2850101794144275
Not Placed,0,IT,7.28,3,1.5365900116091291,-2.111178689052289
Not Placed,0,ECE,5.48,1,-2.1304947095765474,-1.5639992719575868
Not Placed,0,CSE,8.41,0,-1.1293929058466978,0.7106062653589607
Not Placed,0,CSE,7.6,1,-1.9288204556887427,-0.021739647616668814
Not Placed,0,IT,6.9,1,-1.9611219425730833,0.12360626513847157
Placed,1,CSE,9.26,2,3.1123933636000127,1.042079613941916
Placed,1,ECE,7.03,3,-0.04538310105263489,-1.0018945254444152
Placed,1,Mechanical,7.26,1,-2.3593573809998922,1.289600194430545
Not Placed,0,CSE,6.88,1,-1.87090142089975,0.0014134670817008397
Placed,1,CSE,8.64,2,6.021588579520366,-0.20792278144211293
Placed,1,CSE,8.92,0,0.16455669207811438,2.1674183008873693
Not Placed,0,ECE,8.83,3,0.5317651109424452,-0.4811986726761255
Placed,1,ENTC,8.83,2,2.6938503471179014,0.8057157986767128
Placed,1,CSE,7.19,1,-1.3509327942796545,-0.7132743557689891
Placed,1,ECE,9.12,0,-1.8566905513486978,2.4703906846394585
Not Placed,0,CSE,7.53,1,-2.33232891756349,-1.4023982384446718
Not Placed,0,IT,6.39,1,-2.071075977573327,1.7960478768165133
Not Placed,0,IT,7.34,1,-2.42365372024339,1.0425205308108534
Placed,1,IT,7.98,2,2.8164780851293987,-0.1596141868205748
Not Placed,0,CSE,7.15,3,0.09417107322614872,-1.6501043438003067
Not Placed,0,IT,7.82,3,0.6484370280147157,-3.009280819215812
Not Placed,0,IT,8.16,0,-0.8053817988165067,1.7406310150748185
Placed,1,IT,8.05,0,0.7068191155081188,1.8335786112273307
Placed,1,IT,8.26,2,3.286929681385673,-0.01332563418751984
Placed,1,CSE,7.55,0,-1.0131190639399912,3.6462401122301187
Not Placed,0,ENTC,7.08,2,2.211024880654906,-1.5035255889687622
Not Placed,0,CSE,6.45,3,-0.7435222647059154,-3.6568799534521452
Not Placed,0,IT,7.63,3,0.616172975737078,0.1950505256714202
Placed,1,CSE,7.24,0,-0.9749390729191174,0.578960383490961
Not Placed,0,CSE,7.6,1,-1.9138373874647485,0.5018558465478761
Not Placed,0,IT,5.94,3,-0.4291182383077768,-1.547462562314623
Placed,1,CSE,6.41,3,1.7674571814939104,-1.8508744811694213
Placed,1,CSE,8.13,2,1.3557486145114719,0.1039564914768692
Not Placed,0,CSE,6.31,3,-0.8141440158413071,-2.398399571790605
Not Placed,0,ECE,7.54,3,0.1529813740374617,-2.1176741684267717
Not Placed,0,CSE,6.99,0,0.4704237321952753,0.46949750680742314
Not Placed,0,IT,6.94,3,-1.0298260709058373,-1.3795694668070757
Placed,1,IT,7.77,2,1.8854281996345863,0.015573809608679292
Placed,1,Mechanical,7.72,0,0.8913419695249652,1.283239129970275
Not Placed,0,ECE,8.16,3,0.4640607780598867,-1.673778748734694
Not Placed,0,ECE,6.76,1,-2.622844633555324,-0.07276187814191505
Not Placed,0,Mechanical,6.95,3,0.2823219281226177,-1.7260604742262813
Placed,1,CSE,8.65,0,1.2071747815184823,1.2049842292089121
Not Placed,0,IT,7.51,0,0.3145266495239988,0.8465899048558331
Placed,1,ECE,8.01,0,0.9042297594777526,1.3106148456099125
Not Placed,0,IT,7.28,3,-0.545449857839606,-0.41929105247074483
Placed,1,ECE,8.09,0,0.24730613849635857,0.6170176833711684
Not Placed,0,CSE,5.58,1,-1.8754941898890407,-2.0807050538303447
Placed,1,IT,8.68,0,1.0080630229628684,1.9739481976755178
Not Placed,0,IT,7.31,3,1.0627672140430013,-0.620106955907009
Not Placed,0,CSE,6.64,1,-3.107528484017553,0.6746079408495481
Placed,1,ECE,6.8,3,0.596676841263019,-0.7722676384134454
Not Placed,0,IT,7.48,1,-1.8086072863572653,0.34601207883970725
Not Placed,0,IT,7.61,2,1.8382937922024152,-1.4905638737082856
Not Placed,0,CSE,7.82,1,-1.9712854519203307,0.8548638534438884
Placed,1,ENTC,6.69,1,-2.201535462145052,-1.0484026052651056
Not Placed,0,ENTC,8.44,2,1.5079482545114693,-0.058640528212274716
Not Placed,0,ECE,7.25,0,-0.5688047691460448,0.12088963238077205
Not Placed,0,CSE,7.21,1,-1.6407374958013043,-0.16133897802278313
Not Placed,0,CSE,7.51,3,1.1710280969373421,-1.1582878973003237
Not Placed,0,CSE,8.26,0,-0.6591158016092771,1.4917377901175741
Not Placed,0,IT,7.67,0,0.429493046038642,0.5975709306984623
Not Placed,0,IT,7.24,1,-2.158064377560595,-0.6908535035228099
Placed,1,Mechanical,7.42,2,1.7566406573487405,0.39469209687935863
Placed,1,CSE,8.74,0,-0.043948166690726966,1.875394294985325
Placed,1,IT,8.6,2,2.6542275438354586,3.0168229055579467
Not Placed,0,CSE,8.01,3,-0.7716139768813784,-2.3131074404679888
Placed,1,CSE,7.83,0,0.08026517102071482,1.0222009630177151
Placed,1,CSE,9.67,2,2.240611053786203,1.485645685958204
Placed,1,ECE,8.09,0,0.1364284418995392,0.28850632243699575
Placed,1,ENTC,7.85,0,1.0646749748930127,0.6011707764886681
Not Placed,0,ECE,7.53,0,-1.1289091603595267,0.4914106021808987
Placed,1,Mechanical,8.0,2,2.5051907463759897,2.049624715747804
Not Placed,0,CSE,5.11,1,-4.794759399638879,-1.6813651199589765
Placed,1,ECE,8.57,2,1.855581947392813,1.1454407616782312
Not Placed,0,Mechanical,6.62,3,-1.0433814167902793,-0.5591680322902216
Not Placed,0,CSE,7.09,1,-2.752983250507877,1.8766779885360798
Not Placed,0,ENTC,6.51,3,-1.628145734186255,-2.058711077375731
Placed,1,Civil,7.07,3,1.7635132515135414,-1.351237136828284
Placed,1,ECE,7.41,3,-0.1538135833415249,-0.4659681944308001
Not Placed,0,IT,8.46,3,0.7321298244031965,-0.7662363101350064
Placed,1,CSE,8.8,0,1.1775548837575551,2.010115533685103
Placed,1,ECE,9.35,2,5.184610956054605,-0.04536031420012058
Placed,1,Mechanical,7.79,3,1.335325137512919,-3.4903517910920225
Placed,1,IT,7.51,3,1.0112578404498975,-0.7728855865636077
Placed,1,CSE,8.36,2,3.5416271748836112,-1.2409734534590935
Placed,1,CSE,6.97,1,-1.4946109488735388,0.8915121043129983
Not Placed,0,CSE,6.88,1,-2.408592781883498,0.21955543769115368
Placed,1,ENTC,7.39,2,5.044481909896892,0.5385353561428297
Placed,1,CSE,7.67,0,0.31491091397171694,0.9704332151003358
Not Placed,0,CSE,5.94,1,-3.5416670965434918,-0.14419742793626508
Placed,1,ECE,8.61,2,1.6363249103570463,-0.6859747527533274
Placed,1,CSE,7.9,1,-1.543647637708351,1.237818336819333
Placed,1,ECE,8.38,0,1.1917349770750003,1.4250975532196453
Not Placed,0,IT,6.37,1,-2.7370563344860237,-0.3334824130322281
Placed,1,IT,7.13,3,0.4708815033619763,-0.7793550611218114
Not Placed,0,ENTC,7.09,1,-2.853422938062364,-1.366902024116167
Not Placed,0,CSE,7.53,1,-1.4768192881777669,0.7799180496222742
Not Placed,0,CSE,7.67,0,-0.720328568142065,1.078189182006823
Placed,1,CSE,8.44,2,1.6230005771631943,0.8182319598427807
Not Placed,0,ECE,7.78,0,-0.5210771256342683,0.8530427362175851
Not Placed,0,IT,7.07,2,1.092636169078654,-0.054872166718876965
Placed,1,CSE,9.56,2,2.9253147353693216,1.2417643095380269
Not Placed,0,IT,7.47,3,0.43857683647178325,-1.0394797397495752
Not Placed,0,Mechanical,6.93,1,-2.023577091735725,-1.1153449120021302
Not Placed,0,CSE,6.1,0,-0.7605434332589953,-0.06363467137115805
Not Placed,0,ENTC,7.78,0,0.5863861053358089,0.715519359514549
Placed,1,ECE,8.29,0,-0.49839136713075133,2.2763756935318806
Not Placed,0,ENTC,6.73,1,-2.2092136732951735,-1.1852502899306334
Not Placed,0,CSE,8.23,0,1.0648644727380876,0.631642354306959
Not Placed,0,IT,7.77,1,-3.0903373772404,-0.20389479649197131
Not Placed,0,Mechanical,6.19,1,-2.2519189306749987,-0.06919660583070855
Placed,1,Mechanical,8.23,0,-0.04006833569403155,0.20081023658505007
Not Placed,0,Mechanical,7.47,1,-2.9960035507553435,-0.8339350343103407
Not Placed,0,Civil,6.74,1,-3.121949227068728,1.5372468546770008
Not Placed,0,ECE,8.51,0,0.1737174409138603,0.5468649036711648
Placed,1,CSE,8.5,0,-0.3715482287264118,0.9557019054283487
Not Placed,0,ENTC,6.72,1,-2.9189286084471378,0.7573142307593943
Placed,1,IT,7.95,0,-0.6534756025687105,1.6217081805527132
Placed,1,ENTC,7.87,0,1.1302310283423298,0.9490463107349293
Placed,1,ENTC,7.64,3,0.9003113202022004,-0.9776167530625185
Not Placed,0,CSE,7.26,1,-1.7953072539020745,0.3494288362836208
Not Placed,0,CSE,7.57,3,1.6902278407989528,-1.6476023522709968
Not Placed,0,ECE,8.5,2,1.9078189555104368,-0.3625194767306504
Not Placed,0,Mechanical,8.05,0,-1.289018563399579,0.7179206253743045
Not Placed,0,IT,6.06,1,-2.5590052935802885,-0.4094946984059361
Not Placed,0,CSE,5.88,1,-4.487527599277944,-0.7906942561518062
Not Placed,0,ECE,6.12,3,-0.8239509414232171,-3.1420804077193774
Not Placed,0,ENTC,6.55,1,-2.5315168538490975,-0.8507827407333556
Placed,1,ECE,7.06,3,2.176127145063961,-2.934676550982086
Not Placed,0,ECE,7.32,1,-1.2897486395261928,-0.32191905933070974
Placed,1,IT,7.64,0,-0.9057567946483225,1.1857735244830134
Placed,1,CSE,7.67,3,0.7084276832459033,-1.045516195056512
Placed,1,Mechanical,7.66,2,2.962400049736911,-2.192610329983031
Placed,1,CSE,8.67,2,5.205934060466018,-0.8168464379955273
Not Placed,0,CSE,6.27,1,-1.921491331058537,-2.1134893063421987
Not Placed,0,CSE,7.98,3,-1.0222432128453982,-0.6106632944636156
Not Placed,0,CSE,7.98,0,0.31093178432998764,1.2904296428208168
Placed,1,CSE,6.63,2,1.4982328263200109,-0.854439313611203
Not Placed,0,ENTC,8.15,2,1.1890257892914158,0.36113694114416967
Not Placed,0,CSE,8.02,0,-0.6965473883007182,0.3192418884281839
Not Placed,0,ECE,7.66,3,0.2963463065920216,-1.1956624336258663
Not Placed,0,CSE,5.64,3,-0.4975374025366151,-0.1067217440494023
Placed,1,Mechanical,8.52,0,0.5225935204155402,1.6078340771266098
Not Placed,0,IT,7.89,1,-2.2329069950919123,-1.2887939217562472
Not Placed,0,IT,8.04,1,-1.424375598861944,0.9771280879937703
Not Placed,0,CSE,5.0,3,-0.6107012192602688,-2.59563992996943
Not Placed,0,Civil,7.25,1,-0.7874032285761686,-0.03574967900455301
Not Placed,0,ECE,6.48,1,-3.3595468579494168,-1.2595354777220054
Placed,1,ECE,8.8,2,2.9264933984300865,0.3272511077839369
Placed,1,CSE,6.76,3,0.2356926850024447,0.2152616093081612
Not Placed,0,CSE,8.96,1,-2.4120125973015716,1.0894471865834214
Placed,1,Civil,8.51,2,1.3343446104586354,0.4653550097408421
Placed,1,CSE,7.89,1,-2.470720478410761,1.9623627157777679
Placed,1,ECE,8.67,0,-0.015558292062707793,2.2413924124869298
Not Placed,0,ENTC,6.9,3,-1.1209192088803681,-2.072311544986582
Not Placed,0,ECE,7.05,0,-0.30165895813567917,0.6811177993535189
Not Placed,0,CSE,8.48,1,-1.244470164658173,0.259303958887634
Not Placed,0,CSE,6.9,1,-3.0804695495088854,-0.16833147119227448
Not Placed,0,IT,6.57,3,1.5227806989475035,-2.689357515972342
Not Placed,0,Civil,7.43,2,2.3235037003101024,-2.0557509987821634
Not Placed,0,ENTC,6.95,1,-1.8370515567017673,-1.0980215611700392
Not Placed,0,CSE,9.29,0,1.6483140151031925,1.991395634290904
Placed,1,Mechanical,8.36,0,-0.4781737027434573,1.162757039915364
Placed,1,IT,7.21,0,-0.5159858702661008,1.177123944788136
Not Placed,0,IT,6.85,3,-0.6417142037733792,-0.6667393183522283
Placed,1,IT,7.99,3,0.6790065858426532,0.15922238869698196
Not Placed,0,Mechanical,8.71,1,-1.7007624458669275,0.5905090892025499
Placed,1,IT,7.95,3,1.0274965529830136,-0.3478432129906143
Not Placed,0,IT,6.89,2,3.130826676161564,-1.6635187453145632
Not Placed,0,IT,6.48,0,-1.2334149012745743,1.4612298197146383
Not Placed,0,CSE,7.38,1,-1.6414447633888043,0.6894786755507081
Placed,1,CSE,7.97,2,2.74141583063457,-0.8712744968880815
Not Placed,0,CSE,7.3,1,-2.4348408967430935,0.3772917787176799
Placed,1,ENTC,8.56,0,-0.6229298949946004,2.970563489975811
Not Placed,0,Civil,8.15,0,-1.833265888661278,2.4749773888432887
Not Placed,0,CSE,7.9,0,0.8314071562888558,0.21824069164782872
Not Placed,0,Civil,8.13,0,-0.8348635187583872,0.8349275091539627
Not Placed,0,ENTC,6.52,1,-3.1861337606014892,1.1483660375816167
Placed,1,Mechanical,7.28,0,0.07036485616637825,1.291084068655195
Not Placed,0,IT,6.82,1,-2.2994320222482094,-0.1666118640260497
Not Placed,0,ENTC,8.03,3,0.42682980629836664,-1.2626196715560223
Not Placed,0,ECE,6.83,3,-0.5282103809129328,-1.2439958217789122
Placed,1,IT,7.77,0,0.985623997802309,1.3149643853367192
Not Placed,0,ENTC,7.56,1,-1.1658156051883342,0.21152942593895388
Placed,1,CSE,8.21,2,1.1734953213552979,0.24651848838769025
Not Placed,0,ENTC,6.68,1,-3.382816607432451,0.766748319458773
Placed,1,ECE,8.08,2,2.4801638960191954,-0.5392012084346594
Not Placed,0,CSE,6.79,3,-0.8375930708536385,-0.4579999283669681
Not Placed,0,IT,6.88,3,-0.8627609951626869,-1.4491707331427564
Not Placed,0,Mechanical,7.58,3,0.1202876244237487,-1.3309623999667253
Not Placed,0,IT,8.72,2,2.477427241370194,-3.0161790370559567
Not Placed,0,ENTC,6.98,1,-1.301992566037865,-1.076610546803007
Not Placed,0,ECE,6.19,1,-2.449685729100065,-0.6559271584576779
Not Placed,0,IT,6.9,0,0.039636733155718466,-0.07646297615762492
Not Placed,0,CSE,7.37,3,0.1369621725039222,-0.7690245942757888
Placed,1,Civil,9.29,2,2.999810143605497,0.8570576723044931
Placed,1,Mechanical,8.03,0,0.8434687830452496,0.307754927954494
Placed,1,IT,7.06,0,-0.3582739420969925,0.11996746857189253
Not Placed,0,IT,7.58,3,-0.18507992760114084,-1.070434100529054
Placed,1,IT,9.04,2,3.5252027584692014,-0.5583716908524603
Not Placed,0,ENTC,7.5,3,-0.28317546582065495,-1.8357281874238274
Not Placed,0,IT,7.51,0,-0.3441502312004707,0.6785836945147794
Not Placed,0,IT,7.36,0,-0.6249633839778328,1.1723361413078563
Placed,1,CSE,8.29,0,-1.2080070375097631,1.9872431725938347
Not Placed,0,Civil,7.25,1,-1.8290777215375191,0.7449804034793625
Placed,1,CSE,8.44,2,1.5257814729997747,-0.902011591836238
Placed,1,ECE,8.6,2,4.6267841404809875,-1.2436871377622885
Not Placed,0,IT,8.22,3,0.8971884769718128,-0.289780239677693
Not Placed,0,ECE,7.51,3,-0.8119527653021756,-0.9631053279611591
Not Placed,0,ECE,6.51,1,-2.2030645246152067,-0.26483636199247074
Not Placed,0,Mechanical,7.51,1,-2.4656716866461035,1.2944006686575507
Placed,1,ECE,7.13,3,1.3066051426424652,-1.317324273551893
Placed,1,IT,7.04,0,-1.229538010987672,0.8977800134646969
Not Placed,0,CSE,7.5,1,-2.9607874339338003,-0.11958921987726549
Placed,1,IT,8.11,0,0.6851170510415142,0.6410916369249787
Placed,1,CSE,7.17,0,-0.4082001026097909,1.008490581651816
Not Placed,0,Civil,6.53,3,2.289897087200467,-3.3766329857282518
Not Placed,0,CSE,6.89,3,-0.5981440997240761,-1.8613960547881414
Placed,1,Mechanical,9.14,2,5.409771757343167,-0.6924079950952348
Placed,1,IT,8.17,2,2.448783505551092,0.517811256824179
Not Placed,0,Mechanical,6.89,0,-1.5250860927752439,1.197392185003747
Placed,1,Mechanical,8.8,2,5.04946671800947,-1.2874745732452602
Placed,1,ECE,7.5,2,3.4008793923296423,-1.409366206968141
Placed,1,IT,9.64,2,2.0962328717429144,0.15272905769532819
Placed,1,Mechanical,7.92,3,1.051134101266878,-0.8165056994654287
Placed,1,Mechanical,8.18,2,1.818573509093104,0.7577286787316854
Placed,1,IT,8.41,0,0.33410000720038774,1.127530481778647
Placed,1,Civil,8.96,2,3.64435627417417,1.1655844691305384
Placed,1,Mechanical,7.33,2,3.4756155687570325,-0.8683243384615367
Not Placed,0,IT,8.89,2,2.0798561811450083,-1.1649314966046698
Not Placed,0,CSE,7.17,1,-1.0478910184797576,-0.11795818980377823
Placed,1,CSE,7.39,3,-0.3093482344935301,-1.4991729844610477
Not Placed,0,CSE,7.71,0,-1.3540920199089315,3.042623604627038
Not Placed,0,Mechanical,8.48,3,1.1282064873024584,-0.13251017587060832
Placed,1,Mechanical,7.42,3,0.6322761960269234,-0.3390939535808029
Placed,1,IT,9.1,2,3.5157651223010484,1.760700972052496
Placed,1,CSE,8.83,2,2.171558263330101,1.9615542123432825
Placed,1,CSE,7.73,0,-0.902588617264786,0.6552847830833255
Not Placed,0,CSE,6.88,3,-0.15118320457360643,-0.9677654251939273
Placed,1,ECE,8.55,2,2.490227623428796,-0.5914331559663666
Not Placed,0,ECE,5.92,1,-2.372506336740395,-2.0534099504721666
Placed,1,CSE,8.33,0,1.7947264831626843,1.6003185149476213
Not Placed,0,CSE,7.0,0,-0.8230323323069287,1.473495369428658
Placed,1,Mechanical,8.77,2,1.732132930743272,-0.1636161489425371
Not Placed,0,CSE,6.52,0,-0.06312498090171138,0.43068791979686694
Not Placed,0,CSE,7.14,0,-1.6844034344470216,2.7686328180148543
Not Placed,0,Civil,8.07,0,0.4396700035943341,1.2714682150965348
Not Placed,0,Mechanical,8.21,1,-2.1207922052518198,0.4528904572183077
Placed,1,ECE,7.17,0,-0.09116081705952665,1.2839352683413303
Not Placed,0,CSE,7.42,3,-0.04629543924974243,-1.4927790417298146
Not Placed,0,ECE,8.51,3,-0.7209361389189864,-0.9551089161130988
Placed,1,ECE,8.56,0,-0.6747384631598284,1.8004194279729298
Not Placed,0,CSE,7.4,1,-1.9803719680555107,1.642854427952826
Not Placed,0,IT,7.18,3,-0.3065055600541602,-0.6409788706270495
Not Placed,0,CSE,6.54,3,-1.1931482258980017,-1.2869483250197349
Placed,1,CSE,7.92,0,1.2915726387240856,0.7481172279511406
Not Placed,0,Civil,8.39,0,-1.7286201055227655,2.5480740901523067
Not Placed,0,ECE,7.83,1,-1.5751909899341097,-1.7408028573961918
Placed,1,IT,6.91,3,0.2686117651724652,-2.2851121618578962
Placed,1,CSE,9.22,2,3.0173034729334187,0.7723834099455362
Not Placed,0,CSE,5.91,1,-4.011348515606119,1.5020286072145574
Placed,1,CSE,8.45,0,-0.28529970894154366,1.7214463462317948
Not Placed,0,IT,7.88,1,-2.4522533774959934,1.2480883397258338
Not Placed,0,Civil,8.1,1,-1.413029698935054,0.9373051647336038
Not Placed,0,Mechanical,7.03,3,-1.1558582017683507,-2.1751401871594487
Not Placed,0,Mechanical,7.57,3,-0.3930482355493239,-0.35773236079241344
Not Placed,0,CSE,7.95,0,0.06128963776887887,0.7279582380536548
Not Placed,0,ENTC,7.63,3,1.2105256642742324,-2.207502396151851
Not Placed,0,ECE,6.18,3,-0.6054713224036258,-0.5637968910863834
Placed,1,CSE,9.16,0,1.1848985332887916,1.218108721575229
Placed,1,IT,8.25,2,1.908883570306874,-0.24147508563443226
Not Placed,0,IT,7.73,3,1.7780881361364227,-1.6152645095795908
Placed,1,CSE,7.78,3,-0.1998114438187781,-0.8064807100339734
Placed,1,Mechanical,9.13,2,4.997765678551619,0.04139711184264932
Not Placed,0,ECE,7.07,1,-2.106073638502119,-1.2794504006674254
Not Placed,0,Civil,6.88,3,0.44452629094850915,-0.3863480786263632
Not Placed,0,CSE,8.42,2,2.681475120979183,-2.1010630624675604
Not Placed,0,IT,8.09,0,-1.1894147243561624,2.2998786940247147
Placed,1,CSE,6.84,0,0.41542230456401674,-0.07865942802386418
Placed,1,IT,8.63,0,0.09990986278393277,2.6049968272563655
Placed,1,Mechanical,7.95,3,-0.4624859620507482,-1.87420227966387
Not Placed,0,CSE,6.94,3,1.4932090035320253,-1.638322393001426
Placed,1,IT,8.12,2,1.8108523485557415,0.7335360770846386
Not Placed,0,CSE,7.99,1,-2.9937424631031706,0.5489189564058288
Placed,1,ENTC,7.63,2,1.5632761718188743,0.7494376563257428
Not Placed,0,CSE,8.03,0,-1.5711562237632244,1.5484250736649738
Not Placed,0,IT,8.23,0,-0.3721421409216389,0.11316388730862169
Placed,1,ENTC,8.48,2,3.3142294885026673,-0.6128878011819898
Not Placed,0,IT,7.79,1,-2.4718396678705843,0.04579635767620274
Placed,1,ECE,7.47,0,1.4369951083153747,2.1053234031307677
Placed,1,ECE,7.9,3,-0.712867456368666,-0.20957912826734276
Not Placed,0,IT,8.71,1,-3.0230700066598386,0.8846506180170803
Not Placed,0,CSE,8.24,3,-1.1047021831787214,-0.9370177023503925
Not Placed,0,IT,7.42,1,-1.8807299749234314,-0.6131719040859135
Not Placed,0,CSE,7.75,1,-2.0128775400318237,0.7814592756052056
Not Placed,0,ECE,9.12,2,1.4932400936014738,0.6672684621600284
Placed,1,CSE,8.34,0,1.2303797168906299,0.9772466791272408
Not Placed,0,IT,7.83,0,-0.7405138410439623,0.9975128205084614
Placed,1,ECE,8.67,0,1.1399141723273314,2.178262355523535
Not Placed,0,ENTC,7.24,3,-0.29331123471098175,-1.540641077213959
Not Placed,0,Mechanical,7.98,0,-1.6919039394740438,1.8531688969634605
Placed,1,Mechanical,9.29,2,4.239924673417263,0.24836317028985305
Placed,1,CSE,8.26,0,0.008938452211990421,2.009437364877209
Placed,1,CSE,9.08,0,1.803431153067996,1.9188577621130336
Placed,1,ECE,7.63,0,-0.7189624584830552,2.1577227953137097
Not Placed,0,ENTC,7.3,1,-1.819106977901201,0.989144420753953
Placed,1,CSE,8.69,2,3.223513806299845,-1.842163995725318
Not Placed,0,Civil,6.15,1,-2.6953950968149774,0.4832420416649025
Placed,1,ECE,7.85,0,-0.059125054246314104,0.38746726660582487
Not Placed,0,CSE,8.58,0,1.7239957880769952,1.6265927451250433
Placed,1,ENTC,8.18,0,0.7519321569405131,1.6189505121743917
Not Placed,0,IT,5.91,3,-0.6292679348384677,-2.9356429788412393
Not Placed,0,Civil,6.56,0,-0.37898485984024216,1.9151312509511658
Not Placed,0,CSE,7.6,1,-2.3541428220378666,1.6317152400879937
Not Placed,0,ECE,8.1,1,-1.3492580663753468,0.48768121024848665
Placed,1,ECE,8.14,2,4.956689469212675,-1.292326524065485
Not Placed,0,IT,7.69,3,0.035196830184611644,-0.4906749471659612
Placed,1,ECE,8.32,0,0.8017001696232737,2.048356256340155
Placed,1,CSE,8.07,2,1.881111594208854,-0.382175555894694
Not Placed,0,CSE,7.59,3,1.1470047904941794,-1.5358179078299823
Not Placed,0,IT,8.16,0,-0.755638984258753,1.4343545528809225
Not Placed,0,ENTC,7.15,1,-0.7753398245077008,-0.21530950795402126
Placed,1,Mechanical,8.24,0,0.15743302289030023,0.401685799206328
Not Placed,0,IT,6.98,1,-2.854688601005413,0.40835974412088377
Not Placed,0,ENTC,8.11,0,-0.21028414599729195,0.3694277509010565
Not Placed,0,Mechanical,8.09,0,1.3004700143245185,1.6687631421560198
Not Placed,0,IT,7.45,0,-0.5244539791860807,0.5320926153455908
Placed,1,Civil,8.24,2,2.502025754445599,-2.3656561981058357
Placed,1,IT,9.01,2,2.4018212708829667,-0.2585557692819618
Not Placed,0,ENTC,6.83,3,-0.9461514852705456,-1.752814257785369
Not Placed,0,CSE,8.51,3,0.17076656382754765,-0.12204584594984873
Placed,1,Civil,8.62,2,1.490764983984829,-0.3886627972469515
Placed,1,CSE,7.52,0,0.6069945245390713,1.4808126954017022
Placed,1,CSE,8.38,0,-1.2977674404472264,3.34946285586607
Not Placed,0,ENTC,7.48,1,-2.7338527255909075,0.7410063836413947
Placed,1,ECE,8.77,2,1.7418442309619269,0.9735727118167906
Not Placed,0,ECE,5.37,3,-2.398993214317901,-4.230470547943616
Not Placed,0,ECE,8.93,0,0.09497614972043651,0.22335892579212896
Not Placed,0,ECE,6.75,3,0.02764867039435168,-1.2130248586952224
Placed,1,IT,7.78,2,1.052383886689642,0.12069235565130963
Not Placed,0,IT,7.01,3,0.14619807865209108,-1.9548071004656862
Placed,1,IT,8.97,0,-0.05390328616522872,1.938581848281883
Not Placed,0,IT,7.51,1,-1.955249711846727,0.41676398425986794
Not Placed,0,ENTC,7.24,2,3.102712286238933,-1.4227442882934496
Not Placed,0,CSE,8.65,1,-1.5921372636858402,0.5329338439156539
Not Placed,0,CSE,8.32,3,1.3461084497736688,-1.7333535901122943
Placed,1,IT,7.42,2,3.1240847285535858,0.1999875994080329
Not Placed,0,Mechanical,6.86,3,-0.031195786688665832,-0.7316478458073971
Not Placed,0,IT,6.74,3,0.40015817744664867,-2.805680247253132
Placed,1,IT,8.78,2,3.5546976233018728,-0.38711972888729745
Not Placed,0,ENTC,8.06,2,2.1360947784952393,-0.05343658956515515
Not Placed,0,IT,7.85,3,1.0928160926274897,0.17567242067304276
Placed,1,ENTC,8.12,0,-0.7836317197495081,2.1897821588886797
Not Placed,0,CSE,6.04,1,-3.477522362417207,0.4621604101185032
Not Placed,0,ENTC,7.42,3,-1.246897069097659,-1.4639444830951285
Not Placed,0,IT,7.45,1,-3.1204016332197235,0.8014150955620568
Not Placed,0,CSE,8.53,0,1.0900365384612847,0.5571805764933953
Placed,1,CSE,6.45,2,2.916094387614857,-0.9599704308043131
Not Placed,0,ECE,8.6,3,0.5761985293260672,-0.06441612191070066
Placed,1,ENTC,9.23,2,2.6022091235377416,0.5316931997837397
Not Placed,0,CSE,6.24,1,-3.261872686585334,0.3255018326887359
Not Placed,0,ECE,7.71,0,-0.2365217280717643,1.0133115518485902
Placed,1,IT,8.12,2,1.4311766340820151,0.4952979753693426
Placed,1,ENTC,8.44,0,0.5341458073511008,0.5507971244641673
Not Placed,0,Civil,5.86,1,-2.225344099311384,-2.518175017930761
Not Placed,0,IT,7.99,1,-1.1098519336119035,-0.608470563730462
Placed,1,IT,7.51,3,0.4639643604159305,0.20789793074237067
Not Placed,0,ENTC,7.46,3,-0.020927058802708714,-1.9182870198373265
Not Placed,0,Mechanical,9.46,2,3.218279850831426,-1.2493388232040525
Not Placed,0,ECE,7.52,3,-0.6024424446649815,-1.4702736269322543
Placed,1,CSE,8.08,0,0.737525200568284,2.3068032655768107
Not Placed,0,ENTC,7.6,0,-0.42492563189085675,0.9438166955858731
Placed,1,CSE,7.91,3,0.6394234744967785,-0.17523949653666054
Not Placed,0,Civil,8.17,0,-0.7095953089571534,2.354505578236841
Not Placed,0,ENTC,8.46,0,-0.5034931481398942,1.1885221580340428
Not Placed,0,Mechanical,7.04,1,-1.3680211342267874,-0.6576544772083404
Placed,1,Mechanical,7.83,1,-2.3190574467706355,1.3294523257891366
Not Placed,0,Civil,7.86,3,0.2824317231862559,-1.253641132393878
Not Placed,0,IT,6.3,1,-2.584605410371722,-1.5562452326937717
Placed,1,Mechanical,6.89,3,0.22298513310889798,-1.9372315640481177
Placed,1,CSE,8.46,0,0.106524406555397,1.6830452498349253
Not Placed,0,CSE,7.31,1,-1.9365460565462695,0.1087807751192285
Not Placed,0,CSE,9.92,2,2.025902414591946,0.52554982771257
Not Placed,0,CSE,8.52,0,0.016667220566508066,1.6144686814342368
Not Placed,0,CSE,8.08,1,-1.609866882231285,0.11205512876490337
Placed,1,CSE,8.98,0,0.557141559047981,1.8362982394813825
Not Placed,0,IT,8.36,0,-1.6842760573468423,4.3900898557390775
Not Placed,0,CSE,7.86,1,-1.355424277623463,0.8071368694992469
Not Placed,0,CSE,6.5,0,-0.1841493288793344,0.7338430310042612
Not Placed,0,ECE,8.27,0,-1.3915918846291802,1.7798715261463556
Not Placed,0,ECE,8.89,0,-0.24370152905971093,1.029729335789533
Not Placed,0,ECE,7.2,1,-2.0270724921106615,-1.0553512421145903
Not Placed,0,ENTC,6.15,0,0.3432048496951957,0.22920756643274134
Not Placed,0,ECE,6.79,1,-3.638218222044366,-1.0045093493555846
Not Placed,0,CSE,9.2,0,0.5546647081908873,1.512981500833231
Not Placed,0,CSE,7.77,2,1.4710499421628618,-0.09395468875161159
Placed,1,CSE,8.94,2,1.7093480939253611,0.9221242805843808
Placed,1,IT,7.72,2,1.6359309395438455,0.6212782370565605
Not Placed,0,Mechanical,7.28,1,-3.3580620412374826,-0.030133054863678368
Not Placed,0,IT,9.51,0,1.3688857375622858,1.4216646291076644
Not Placed,0,Civil,7.38,3,0.0007854225140863908,-2.491700383769836
Not Placed,0,IT,7.49,3,0.66348680382277,-0.25956243977746085
Placed,1,ECE,8.09,3,1.7515966966079453,-1.1431359372269396
Not Placed,0,CSE,7.45,3,0.13809358381255513,-2.2169920747326484
Placed,1,Mechanical,8.36,2,2.200808620909253,0.3664718468203648
Placed,1,ENTC,8.08,0,0.536794513364714,0.3267438722012891
Placed,1,IT,8.11,0,-0.8307462680789948,1.7439700707513561
Not Placed,0,IT,7.18,1,-2.2384532260714596,0.5853262868336176
Not Placed,0,ECE,6.29,1,-1.5141713268053063,0.12455827703621251
Not Placed,0,IT,6.99,1,-3.2721957210387913,0.28886666950762185
Not Placed,0,IT,7.07,3,-1.155711421457507,-1.6727626057732898
Placed,1,Civil,7.95,2,2.16357754739302,0.8123334935538457
Placed,1,ECE,7.01,0,0.3576102265094914,0.9793775406389054
Not Placed,0,IT,6.45,1,-3.0748360357835853,-1.0993120035968362
Not Placed,0,CSE,6.73,1,-1.2138070573761914,-0.764488305026338
Not Placed,0,IT,8.03,1,-2.0208900904116276,1.5002856656495303
Not Placed,0,ENTC,8.28,1,-2.162758828621358,0.985678482715923
Placed,1,IT,7.27,2,1.9059212561565322,-0.8543777005926234
Not Placed,0,CSE,7.36,1,-3.7339190925891304,0.6332789324527978
Not Placed,0,CSE,8.22,2,2.0289332831087963,-0.19992253910455549
Placed,1,Civil,7.84,2,2.9885498522910465,-0.21524946720483615
Placed,1,IT,8.71,0,1.0617804791772303,1.2948044693791259
Placed,1,ECE,7.57,3,-0.1789592216360455,-0.9412817502673374
Not Placed,0,CSE,6.99,1,-1.301422916037964,-0.9152409173914494
Not Placed,0,ENTC,8.62,1,-2.8694321191622887,2.321188191193207
Not Placed,0,IT,7.44,0,-0.49168510474348043,0.8654723705454554
Not Placed,0,Mechanical,7.03,3,0.4819020609932856,-1.634013725618796
Placed,1,Civil,8.46,3,0.7174212280101159,-0.19554554370197466
Not Placed,0,IT,8.93,2,1.340659454180922,-0.07721899648320277
Not Placed,0,CSE,7.86,3,-0.11337045778871392,-0.9180913859944754
Not Placed,0,Civil,6.85,1,-1.9913047936599129,0.035241213495549886
Not Placed,0,CSE,9.0,0,-1.0814255392323007,1.1639879656296999
Placed,1,ENTC,8.02,2,1.5842800322579846,0.11067562294894798
Placed,1,ENTC,7.89,0,0.3079537683394683,2.448190446016564
Not Placed,0,CSE,7.36,2,2.3867458722757826,-2.0964794099484227
Not Placed,0,IT,8.66,3,0.1637548666178259,-0.7485824400048662
Not Placed,0,CSE,6.76,3,-1.2628314583089357,-2.2942166168483222
Placed,1,ECE,6.68,2,2.580046312045817,0.05973027764679903
Placed,1,CSE,9.31,2,2.71954882918965,1.274570210714241
Not Placed,0,ENTC,6.97,1,-3.4836894554413456,-1.315899812108209
Placed,1,CSE,8.52,0,0.23483695046215283,2.2910031313015495
Not Placed,0,ENTC,8.87,0,-1.5726307645871398,1.2678540031619108
Not Placed,0,IT,7.88,1,-2.0455509620514696,-0.7051620060257812
Not Placed,0,CSE,6.95,1,-2.3548394020356396,0.10578791293819428
Placed,1,IT,8.24,0,-0.1923368649765232,0.574218893609391
Placed,1,IT,8.88,2,4.552007368909518,-1.3155336870480117
Placed,1,CSE,7.99,2,2.300733205496754,0.23896792469105033
Not Placed,0,Mechanical,7.07,1,-2.8042826617013077,0.5094581782651794
Not Placed,0,CSE,7.96,1,-2.234149453931034,1.8231124085982182
Not Placed,0,CSE,6.52,1,-3.1375739891386067,-2.5587300342706123
Not Placed,0,ECE,6.87,1,-1.3381379838113634,-1.0994854710420379
Not Placed,0,ECE,7.48,1,-2.7612165655924352,0.4626429667328643
Not Placed,0,CSE,7.75,0,0.06414246124119712,0.3679699054421827
Not Placed,0,CSE,6.68,1,-1.5225660134763788,-0.12722654577196488
Placed,1,CSE,7.91,0,-0.2562864360843738,0.6766757729267525
Placed,1,IT,8.14,2,1.533156497339435,0.43613893513801766
Not Placed,0,CSE,7.52,3,0.3712887663995805,-1.1749579212620245
Not Placed,0,IT,5.87,1,-2.714624341191892,0.1739275287419968
Placed,1,ECE,7.79,3,1.2912063433746594,-0.9826392943759232
Placed,1,Mechanical,9.24,2,3.107994121747194,0.06590902254239651
Placed,1,CSE,8.09,2,1.6487698227096073,0.866323782219007
Not Placed,0,CSE,7.71,1,-2.469534072102163,1.9683260810101215
Not Placed,0,Mechanical,7.38,1,-3.2228927088459014,-0.5781943463018663
Not Placed,0,CSE,8.19,0,-0.18102799417598076,0.16001015694150422
Not Placed,0,ECE,7.88,0,-0.10526211167674412,0.37046819297002687
Placed,1,Mechanical,8.3,0,-0.3706753260439764,1.2674339604349039
Placed,1,ECE,6.77,3,1.119240464731628,-2.378855054934636
Placed,1,ENTC,7.8,2,2.462052797749584,-2.0376497923263606
Not Placed,0,CSE,7.31,3,0.9671216011202384,-0.23624542047013417
Placed,1,Civil,8.02,3,1.252149478852932,-0.920676831167158
Not Placed,0,ECE,6.05,3,-0.5998294179120639,-1.8183112547108615
Placed,1,IT,7.37,3,0.4838780626689577,0.16683626866932014
Placed,1,ECE,8.16,0,1.1055353531874923,0.612993852620687
Not Placed,0,IT,8.3,0,-0.1853291979111958,0.7418227754186706
Not Placed,0,CSE,7.67,2,1.5545131715536835,0.5528621603146175
Not Placed,0,IT,5.86,1,-1.4290489127862132,-1.1853511616230756
Not Placed,0,ECE,8.25,1,-1.9805492977239272,-1.13168186733407
Not Placed,0,CSE,9.05,2,2.195006514144261,1.0380051497448899
Not Placed,0,CSE,6.99,3,-0.9377831768560263,-1.1042098854209481
Placed,1,ECE,7.34,1,-1.9011809424861985,1.2494070499212506
Placed,1,CSE,8.39,2,2.775924998080564,0.24333068534600816
Placed,1,CSE,8.41,0,0.7681875790488216,0.6766458023225325
Placed,1,CSE,8.63,2,3.621842322829596,-0.5719689633545884
Placed,1,CSE,8.56,0,1.5719751156690143,1.3538346280446112
Not Placed,0,Mechanical,6.4,1,-1.53150250174636,0.5977569093523856
Placed,1,CSE,7.29,2,2.0131829513344908,0.8290432215363888
Placed,1,ECE,8.23,2,1.5189406950722248,0.20909623561697846
Not Placed,0,Mechanical,7.63,0,-1.2806475427564767,2.06185722971665
Placed,1,ECE,8.01,0,0.5665669209966103,0.646096355281452
Not Placed,0,CSE,7.59,1,-2.8944792721840162,0.4240526496603379
Placed,1,CSE,7.33,1,-1.1385504348037438,-0.7325002445154308
Not Placed,0,Mechanical,7.49,3,-0.641501910682628,-0.25898581239247176
Not Placed,0,CSE,6.75,1,-3.0684029952997727,0.7228262425904995
Placed,1,CSE,7.09,3,-0.42141281472097253,0.0025667496659746124
Not Placed,0,CSE,7.64,2,1.576680494686474,-0.4900404633649242
Not Placed,0,IT,7.66,3,-1.0716449125238938,-0.7465581342741423
Not Placed,0,ECE,8.18,0,-0.03490439777159252,1.9438900804020993
Not Placed,0,Civil,7.46,3,1.2046751202379837,-1.485385154166822
Not Placed,0,Civil,9.12,3,0.5241916745232051,-0.853133807265465
Not Placed,0,ECE,8.75,0,1.2788261450957146,0.9168725071053782
Not Placed,0,Mechanical,7.27,3,0.5112357835229816,-1.9283450569105036
Placed,1,ENTC,7.87,0,1.8447066298431463,2.0571007009969593
Not Placed,0,Civil,8.73,0,-0.3755166696066174,0.2541165538222405
Not Placed,0,Mechanical,7.16,1,-1.9652172449668819,0.08778576423151642
Not Placed,0,Mechanical,7.06,2,2.4122047918903458,-0.5639855600372492
Placed,1,CSE,8.8,2,2.1822398459216172,0.40426683480070175
Not Placed,0,IT,8.29,2,2.643494562902024,-2.1762372736067968
Placed,1,IT,8.61,0,1.2393911074420063,0.7392041585091308
Placed,1,ECE,7.97,2,2.18775928509012,-1.3098429435224175
Not Placed,0,Civil,7.48,1,-1.4844735652407604,0.07084819732836452
Not Placed,0,Civil,6.56,1,-2.513454963938852,1.5511721084508443
Placed,1,Mechanical,7.82,0,1.567156371226177,1.5604184207680751
Placed,1,ENTC,8.75,2,2.755949012364573,0.03041778986074713
Placed,1,CSE,8.76,2,2.475554770327463,-1.5129064521128244
Placed,1,CSE,8.61,0,1.2924512202571476,1.462697021332098
Not Placed,0,ECE,8.37,1,-0.9463030708203651,-0.2717812385975763
Not Placed,0,IT,9.58,2,2.735367176749762,0.18492122787973259
Not Placed,0,ENTC,6.38,1,-1.6261337899316517,-0.33375219197018685
Placed,1,ECE,7.9,3,0.19843831179135685,-0.18266018789029453
Not Placed,0,IT,6.9,1,-1.1564632679237128,-0.014450722670381966
Not Placed,0,ECE,9.02,0,-0.7530578284620439,0.2966386239715083
Not Placed,0,ECE,7.23,3,-0.1774455747088145,-0.07214630744512232
Placed,1,ENTC,8.56,0,2.000981064236098,1.9285127800849515
Not Placed,0,ENTC,7.32,1,-3.115412325135471,-0.9711221049713158
Placed,1,CSE,8.06,3,1.9504066145524217,-2.794557894041631
Not Placed,0,ENTC,7.61,1,-2.9648551233102176,-0.8648433480755174
Not Placed,0,IT,7.69,0,-0.8690236108530728,1.4580101546835147
Not Placed,0,CSE,7.98,3,0.8279051022604654,0.009696183857046865
Placed,1,CSE,8.48,2,1.580510850870246,0.4853947044787141
Not Placed,0,ENTC,7.61,1,-1.1663818780131483,0.18782994626989458
Not Placed,0,Mechanical,8.46,0,-0.7109781781944025,1.2549258479167595
Placed,1,IT,8.58,0,0.6177160925990441,1.4920021711000364
Not Placed,0,ENTC,7.35,3,0.0027954210105513733,-0.7394622039625324
Placed,1,Mechanical,9.3,2,4.037785015409117,0.9991196581191898
Not Placed,0,Civil,8.33,1,-1.2014731176528528,0.19037346905148914
Not Placed,0,CSE,7.33,3,0.12506801308800736,-0.47597852603424246
Placed,1,IT,8.22,0,0.5332156193414641,0.7651913661895346
Placed,1,CSE,8.58,3,1.0681013469583747,-0.4303304033599536
Placed,1,Mechanical,8.2,3,0.17138569547093693,-0.28023541535176466
Placed,1,CSE,7.87,2,1.975628039269059,-0.521301800296835
Not Placed,0,CSE,5.0,1,-2.7649663936926765,-3.622357035435603
Not Placed,0,Civil,6.88,3,0.40841210363926617,-0.7080630960491909
Placed,1,CSE,8.28,0,0.7874732093808735,0.8410000427013773
Not Placed,0,ECE,6.86,1,-1.5133459334904973,-1.0237548460177535
Not Placed,0,Civil,8.14,3,-0.7008466012864243,-0.686396484252328
Not Placed,0,CSE,8.45,1,-2.1660665496210108,-0.47435323052226175
Not Placed,0,CSE,7.6,3,0.43017341062079173,-0.7469505793634688
Placed,1,CSE,6.2,3,-0.5835567136125328,-0.5051911913595496
Placed,1,ECE,7.07,0,-0.003022241095602363,0.18552050073493764
Not Placed,0,IT,8.28,0,-0.7021791123100172,-0.1016521255643329
Placed,1,IT,8.77,0,0.12082748163732224,2.977926296780293
Not Placed,0,CSE,5.93,1,-2.8834935056861806,-0.5975402057675836
Placed,1,CSE,7.77,0,0.047064142898465985,0.20100162760036616
Not Placed,0,ENTC,6.45,3,0.37626456588578505,-2.67292004830451
Not Placed,0,CSE,7.78,1,-2.4414855808690215,1.485863034896263
Placed,1,ENTC,7.57,2,2.493172822624767,-1.91444087960606
Not Placed,0,Civil,9.71,0,-0.34717015867032963,2.062827371375752
Placed,1,ENTC,7.24,2,2.6972970178986415,-2.83975828407987
Placed,1,ECE,8.59,0,-0.18816027769133112,2.076153824645271
Placed,1,IT,8.56,2,3.304267693910163,-0.12613275069915905
Not Placed,0,CSE,7.53,0,-0.8154587611962868,0.1705767569270845
Placed,1,CSE,7.8,3,0.7442681851869969,-0.7073996047326842
Not Placed,0,CSE,7.7,1,-3.32133475204485,-0.09497033976984313
Not Placed,0,Civil,7.07,3,-0.20073101517649988,-1.4172564517536042
Not Placed,0,CSE,6.99,3,0.7717790427384971,-0.9662467578729306
Not Placed,0,IT,7.35,3,0.3707293085500172,-0.5955599992212668
Not Placed,0,ENTC,6.73,3,-0.5465120163689012,-0.546594078770498
Placed,1,Civil,7.27,2,1.1673420639733523,0.013726625592065878
Placed,1,ENTC,7.53,0,1.3154317427201518,1.1729426367512932
Not Placed,0,IT,7.84,0,-0.10543265340537378,0.41407870650198353
Not Placed,0,CSE,8.08,0,-0.9428438057125228,1.8106132975016918
Placed,1,CSE,7.53,2,1.8222362840256272,-0.30313183210340955
Not Placed,0,ECE,7.05,3,1.6413958110858082,-1.897878389869313
Placed,1,ECE,8.06,3,1.4723235128977403,-1.21821387652775
Placed,1,ENTC,8.37,3,1.0447891160196177,-1.1741671182398687
Not Placed,0,CSE,7.29,0,0.9224632285493797,0.5773145217732744
Not Placed,0,Civil,6.86,1,-2.578277465462973,-0.06053329231601288
Placed,1,IT,7.32,2,2.2588880626407137,0.5988510240415968
Placed,1,IT,7.55,0,0.4338842955794132,2.285743679227787
Placed,1,ENTC,8.67,0,0.7377817842483139,0.5727383424792869
Not Placed,0,CSE,8.29,3,0.7866129467253404,0.19271480468850002
Placed,1,CSE,7.7,2,2.3463373423788267,-0.12207077815714071
Placed,1,CSE,9.32,0,-1.418524610180761,2.7569499700079714
Not Placed,0,IT,7.67,3,-0.12030604569858651,-0.890843051622819
Not Placed,0,IT,8.9,0,1.1691574951996113,1.965744047897051
Placed,1,ENTC,8.74,2,1.9190593475080562,1.509683200966703
Not Placed,0,CSE,8.68,0,-1.726256503594348,2.1520330606273146
Not Placed,0,Civil,7.97,1,-1.5482611945628324,-0.8480853060520078
Not Placed,0,ENTC,7.8,2,2.1889741306121233,-0.7585812594190323
Placed,1,ENTC,7.7,2,1.6850819653916622,-0.8088200638199525
Not Placed,0,Mechanical,8.42,0,1.1912763872347853,1.4807832771257707
Not Placed,0,ECE,7.03,2,2.510633188435612,-0.6413948125201506
Placed,1,CSE,7.48,3,-0.04256131996426827,-1.5362481427953683
Placed,1,Mechanical,9.12,2,2.3663490004861303,0.6145427576610171
Not Placed,0,CSE,8.23,3,-0.5074789774251539,-0.4050484020602879
Not Placed,0,IT,8.51,3,-0.3177512280417149,-0.5710558692802138
Not Placed,0,ECE,6.66,3,-0.3926881045317213,-0.9777283846015512
Not Placed,0,IT,7.33,1,-3.789377290997525,-0.3244427608189866
Not Placed,0,ECE,7.98,3,0.4012349101966873,-0.5026153036920242
Placed,1,Civil,7.66,0,1.1330777019486962,0.8127590740355403
Not Placed,0,ECE,6.66,1,-1.6634932325674694,-1.9451347902486478
Placed,1,IT,8.35,2,4.606378979558022,1.0055742205748204
Not Placed,0,IT,8.62,3,-0.5369843580473714,-1.0064368741231042
Not Placed,0,CSE,7.46,0,-0.16910056380132185,1.7156599645188089
Not Placed,0,IT,8.38,0,0.5995861951226785,2.5376460760753696
Placed,1,CSE,9.42,0,0.770283789477948,1.6192056877057408
Placed,1,ENTC,9.0,0,1.6217202173791567,1.71532236767378
Not Placed,0,ECE,7.5,1,-1.346109692649465,-1.0902723167110153
Not Placed,0,ECE,6.76,3,-0.5030714344490648,-1.0115830597941473
Placed,1,CSE,7.9,2,1.725904366751988,-1.009333986165405
Placed,1,IT,9.69,2,3.415110114788504,1.8041493869369694
Placed,1,ECE,8.84,2,1.391430723775884,0.6836087701690391
Not Placed,0,CSE,7.69,1,-2.266425104584808,-0.6495021146454059
Placed,1,CSE,9.03,0,1.1555314467408284,2.301951520331051
Placed,1,ECE,8.69,2,6.689896152909175,1.0756513877356835
Not Placed,0,CSE,6.09,1,-2.3430483416493932,0.5733449846243018
Placed,1,IT,8.6,3,1.1547136743203634,0.08091353389444086
Not Placed,0,CSE,7.8,0,-1.7335023059475363,1.4128261205248414
Placed,1,CSE,6.96,3,0.3827037171174249,-1.3381315203683264
Not Placed,0,ENTC,7.78,1,-1.915165205480131,-0.5548607653450585
Not Placed,0,IT,8.05,3,-0.5987258419610451,-0.26316273787543304
Not Placed,0,Mechanical,7.03,1,-3.3203660548467875,0.8538820275584728
Placed,1,CSE,7.6,3,-0.3507334983232132,-0.44469536415606636
Placed,1,IT,7.42,3,1.6590237832530539,-1.4104046011741995
Not Placed,0,IT,8.38,2,1.8946057449065312,-2.041791962765398
Placed,1,Civil,7.44,3,-0.07138860934380006,-0.5975465584173596
Not Placed,0,CSE,6.26,0,-0.20754701885828483,-0.017944284913372008
Placed,1,ENTC,7.32,3,0.9710124377000813,-0.8688293431892193
Not Placed,0,Mechanical,6.9,1,-1.7256721030654776,0.6179251005590228
Placed,1,CSE,6.6,3,0.7536216701871733,-0.39572129147593377
Placed,1,CSE,8.7,0,0.6095922558153961,0.7727233473467239
Not Placed,0,ECE,8.38,0,-0.7093498669974947,1.897077221284609
Not Placed,0,ENTC,6.88,1,-2.7021151317426706,-1.6833361907203805
Not Placed,0,CSE,6.62,3,-1.304076670995566,-1.8109373682644931
Not Placed,0,Civil,7.61,1,-1.9335720695116612,1.6078570913115455
Not Placed,0,ECE,6.58,1,-3.6890639016425584,-0.9863493765493521
Placed,1,Mechanical,7.49,0,0.5982656956466833,0.29805264049801283
Not Placed,0,IT,7.76,3,0.8895160143113428,-0.44754731648583795
Placed,1,CSE,7.96,0,0.06499072309771196,0.36807743688144196
Placed,1,IT,7.99,3,-0.7610241849354734,-0.5349375374263259
Not Placed,0,Mechanical,7.04,3,0.2156078944839717,-2.128471568205999
Placed,1,CSE,7.76,0,-1.8334844241536072,2.5254444316050084
Not Placed,0,ECE,8.79,0,-2.1086719389180235,2.073945899017768
Not Placed,0,IT,5.92,3,-1.2106588226279524,-1.2513225433753528
Not Placed,0,IT,7.98,3,-0.20707079686059057,-2.285441209132137
Not Placed,0,CSE,6.7,0,-0.3901480101212248,0.49134179120620647
Placed,1,ENTC,8.89,0,0.7009031822332398,2.5849363581396783
Placed,1,CSE,8.39,2,1.5152895160014372,0.3622338126057193
Placed,1,ENTC,8.37,2,2.4788201220781088,0.8420687048767342
Not Placed,0,ENTC,6.97,3,-0.9820313797666221,-1.2350666586731573
Not Placed,0,Civil,7.92,3,-0.7110682068310369,-1.018212071381074
Not Placed,0,ECE,8.02,3,0.13795220436527245,-0.853951901720994
Not Placed,0,ECE,5.68,3,-0.4979789055714883,-1.9526257083681613
Not Placed,0,ECE,7.82,3,-0.24693022505818227,-0.34279576196686823
Not Placed,0,IT,8.22,1,-1.2447746832882036,0.33507382203994623
Not Placed,0,CSE,6.5,3,0.21465268655631473,-2.0621513559595637
Not Placed,0,Mechanical,8.21,3,-0.4743656319232377,-0.278819450725404
Placed,1,IT,7.78,1,-1.1185729874417893,0.1752537818101272
Placed,1,IT,8.87,0,0.8345946488983427,1.8310354445350068
Not Placed,0,ECE,7.35,0,0.19653293248058695,0.47804494684281956
Not Placed,0,ENTC,7.85,3,-0.7263886317844768,-0.12217806376578139
Placed,1,CSE,7.99,1,-1.79268920189094,0.9550579048466461
Not Placed,0,Mechanical,5.31,1,-1.9246702675441447,-1.734305909078634
Not Placed,0,CSE,7.4,3,-0.3694511530135385,-2.246887726177214
Not Placed,0,CSE,7.77,3,0.5556053145190832,0.0774092633769378
Not Placed,0,Civil,5.7,1,-4.702424180613932,-1.3385093855940753
Placed,1,CSE,8.27,0,0.47361162405084767,0.667496124896929
Not Placed,0,ECE,7.77,3,0.7370976296433759,-0.6903739685658337
Placed,1,Civil,7.77,0,1.203118425544794,1.984145921393046
Placed,1,CSE,8.31,2,1.7205289237391832,1.0016904245766896
Not Placed,0,IT,7.35,3,1.3881161777009396,-1.501343423566381
Placed,1,Civil,7.74,3,1.0639339091004516,-0.411401845075131
Placed,1,CSE,8.44,2,2.054666384146758,-0.9921417351955116
Placed,1,Civil,7.75,0,-0.058094453753563195,0.7959739606595989
Not Placed,0,Mechanical,6.13,1,-3.5240238999605835,-1.0531155200705897
Not Placed,0,ECE,7.74,3,0.624626400991034,-0.19787062008569964
Not Placed,0,CSE,7.75,0,-0.12238043626510775,0.3772564528743535
Not Placed,0,CSE,8.47,0,-1.880277574228334,1.7802656959151004
Not Placed,0,IT,7.41,3,-0.30833715487929875,-2.4989665796453835
Not Placed,0,CSE,6.87,2,1.6819606093401724,-0.7673808751389603
Not Placed,0,ENTC,6.87,1,-3.1444359490733187,-0.23185004404063392
Placed,1,Civil,8.93,0,-0.5161925146834303,3.212097247118006
Placed,1,Civil,7.95,0,1.0498202564152705,0.30766466881165727
Placed,1,Civil,8.88,2,4.27627236375114,0.4547720940943731
Placed,1,IT,9.01,2,3.44183340777356,0.9572924905810303
Not Placed,0,CSE,7.07,1,-1.972331353174267,-0.41888598574885555
Not Placed,0,IT,7.0,1,-1.905706902713032,-1.3291779022172057
Placed,1,ECE,7.59,0,0.37496294889648996,0.09147689550871449
Not Placed,0,Civil,8.22,3,0.7956851699804414,-0.43752609969515327
Not Placed,0,Mechanical,6.51,1,-1.6045895534394552,-1.2888598696596316
Placed,1,Mechanical,8.09,2,4.913239460835493,-0.4408802115467577
Placed,1,CSE,8.04,2,2.848714077488378,1.7577770794996372
Not Placed,0,CSE,6.74,3,-1.4258700405074585,-3.0849200696193626
Not Placed,0,CSE,6.77,1,-1.2947435490950436,-0.18223055444375338
Not Placed,0,CSE,8.08,2,1.096922750621124,0.06991323048007034
Placed,1,CSE,9.46,2,4.709817800521047,3.2105341884746226
Not Placed,0,ENTC,7.45,1,-1.9230061950634991,0.540869906618058
Not Placed,0,CSE,7.98,0,-1.186150039085165,1.3529830975292445
Not Placed,0,ECE,7.19,1,-1.6092908535060253,0.5898893466825258
Not Placed,0,Mechanical,7.9,1,-0.9138680477340212,0.0663706070787484
Placed,1,CSE,7.17,0,0.0454875467605436,1.4463641930084696
Placed,1,ECE,7.48,1,-1.2126126845956338,-0.6616040185658854
Placed,1,ENTC,9.78,2,2.2630704645504505,2.0360948974949564
Not Placed,0,Civil,7.79,1,-2.0498866603175614,0.0969677124961619
Placed,1,IT,6.37,3,0.8364139716378002,-0.8238463504588641
Placed,1,ECE,8.25,1,-1.5804568377439197,0.6991042872403631
Placed,1,CSE,8.66,2,1.2591674076159314,0.301150399673213
Placed,1,CSE,8.27,0,-1.3932105374374284,1.1065599115385556
Placed,1,IT,7.55,3,0.8265340022253709,-0.8944714373500203
Not Placed,0,ECE,6.92,2,2.1875975436581947,-0.488319801259134
Placed,1,CSE,6.94,3,1.3834621643552034,-0.9516348138800833
Not Placed,0,ECE,7.54,0,-0.6831541601993146,1.271337069286251
Not Placed,0,CSE,7.39,3,-0.3849963732032614,-0.9162265912413476
Not Placed,0,IT,7.23,0,-0.42426384899488767,1.2624346109796307
Placed,1,ENTC,8.73,0,-0.9089231251000764,0.8192765792070336
Not Placed,0,IT,8.48,2,2.8655985957428958,0.00588344286948819
Placed,1,CSE,8.78,2,6.293932145948821,-0.9365613243052137
Not Placed,0,CSE,7.03,3,0.22491277921682543,-1.8444731551622449
Not Placed,0,CSE,6.92,1,-2.6325437764936894,-0.007811087830768532
Not Placed,0,CSE,7.77,2,3.5569852933667563,-1.270389008245225
Not Placed,0,ENTC,8.05,0,-0.382377349106178,0.5667198011758143
Not Placed,0,ECE,7.76,1,-1.2283896486044263,0.44130504956741307
Not Placed,0,IT,7.99,3,-0.757469135947995,-0.6269687775527462
Placed,1,IT,9.05,0,1.3792903547790945,1.8496980962699112
Not Placed,0,ENTC,7.51,1,-3.3897119421616946,-0.25599056563824213
Placed,1,CSE,8.39,0,0.10377668080388926,2.3126745725746733
Placed,1,IT,8.14,2,2.298992710340403,-1.2275272431607704
Placed,1,IT,7.78,2,3.375959361436713,-1.3128190842529894
Placed,1,ENTC,8.35,1,-2.5966188988698944,1.6508748307441594
Not Placed,0,ENTC,7.05,3,1.2298458056227746,-2.2182329164200008
Not Placed,0,CSE,6.88,1,-2.022489735302657,0.592823041021991
Not Placed,0,IT,8.07,3,-0.38305476901815816,-0.3335520793679466
Not Placed,0,ENTC,6.31,1,-4.109278229587523,0.48174775725496033
Placed,1,IT,8.13,2,2.9740339257921846,0.7814676990880153
Not Placed,0,CSE,6.74,3,0.8680114109800622,-0.43877627675985353
Not Placed,0,ENTC,8.99,2,2.550052616784994,0.9521764507750907
Not Placed,0,CSE,7.36,3,0.12040133579808729,-1.6453818701641356
Placed,1,CSE,8.94,2,2.4128718602192327,-0.7998978151984196
Not Placed,0,ECE,7.52,1,-1.3862208553461348,0.18241922423769757
Not Placed,0,ECE,7.48,0,0.6626598678892498,0.5095112610320962
Not Placed,0,CSE,8.44,0,0.06742733922510312,1.6037368492738706
Not Placed,0,CSE,7.95,1,-1.5893268811065737,0.4403194633007942
Placed,1,CSE,7.64,0,0.5265193720854481,0.8049087838615901
Placed,1,CSE,7.36,3,1.6302987985388742,-2.600136214537178
Placed,1,CSE,7.36,0,-0.4767787185145672,0.47648005795500586
Placed,1,CSE,9.7,2,4.978100582883018,1.5651342503779355
Not Placed,0,CSE,6.28,1,-2.3229580902302596,-1.9627085621620999
Not Placed,0,CSE,6.68,1,-2.209519887277402,1.4420059105163394
Not Placed,0,CSE,8.7,0,-0.376512975516766,1.7550100689138002
Not Placed,0,ECE,8.64,0,-0.5834681854446218,2.0517359527911734
Not Placed,0,ECE,6.92,3,-0.5052958753162444,-2.1461595809940124
Not Placed,0,Civil,6.21,3,1.5484345150020375,-2.525383707308086
Placed,1,ECE,8.78,2,2.830492198623654,-0.2994888529546776
Not Placed,0,ENTC,6.81,3,0.3282345815066506,-0.593477162945565
Placed,1,IT,7.28,2,1.8097833945690847,0.9300528916617922
Placed,1,ENTC,7.78,2,1.627477273694986,0.5248903475362289
Not Placed,0,CSE,6.79,2,1.1981560843259755,-0.45836855449325864
Placed,1,Mechanical,8.49,2,1.7651581682570798,0.49786541793472666
Not Placed,0,Civil,7.72,1,-2.06701066733593,-1.3644090084997742
Not Placed,0,CSE,6.95,1,-2.323597043865283,0.47513366314130484
Not Placed,0,Mechanical,7.03,1,-1.531216609166649,0.3580921007050426
Not Placed,0,ECE,8.8,0,-1.6462184614567104,1.7060865773146925
Not Placed,0,ENTC,7.46,3,-0.5004579530529071,-0.9712671255246713
Placed,1,CSE,8.22,0,1.5066190869637963,2.2397674179393867
Placed,1,CSE,7.69,2,2.533539324666818,0.07616866919227473
Not Placed,0,ENTC,6.21,1,-1.3386806220207577,0.1657286004402473
Placed,1,IT,8.33,2,3.3261271701338364,-1.2460667549098319
Not Placed,0,CSE,8.61,0,0.34932234811483687,0.2905653477306764
Placed,1,IT,9.27,0,0.2863323075673721,2.043581350981267
Not Placed,0,CSE,6.08,3,1.1761920377646047,-2.928590532300969
Not Placed,0,ECE,5.02,3,-1.7236894648218117,-2.9182264698074416
Placed,1,ENTC,8.24,0,1.3415856964747,0.7393067427473793
Not Placed,0,Mechanical,7.19,0,-0.25942072538323235,0.34729082722405463
Placed,1,ECE,6.48,3,1.720332008470855,-1.868202329411356
Not Placed,0,ECE,7.79,3,-0.5876058118679763,-0.6858886636085517
Not Placed,0,Civil,7.32,3,1.1277168697355007,-1.788329123160459
Not Placed,0,CSE,6.62,3,0.33901257455859174,-2.5667569721742702
Placed,1,ECE,7.63,2,1.4947115334782153,0.6143524898895023
Not Placed,0,Mechanical,8.18,0,-1.081701631034091,0.9699948155787749
Not Placed,0,ENTC,7.85,3,-0.3421231643466674,-0.33052647317336975
Not Placed,0,ENTC,7.86,0,0.11884477626337064,0.9656797982832384
Placed,1,CSE,8.08,2,1.6625681997037665,0.48075665753235325
Not Placed,0,CSE,6.26,1,-2.0437745890476124,-0.5880796172795334
Placed,1,ECE,7.66,0,0.12901116654669484,1.5906161137385217
Not Placed,0,ECE,7.9,3,-0.07808648766254526,-0.12613656617927152
Not Placed,0,CSE,7.38,3,-1.3302026570622705,-1.7784138722700713
Not Placed,0,IT,6.99,1,-2.773727042987805,0.5863748766634221
Not Placed,0,CSE,7.07,3,-0.8388168183949392,-0.4741373702834051
Not Placed,0,CSE,7.45,3,0.03244837620247879,-1.0539328083527997
Placed,1,IT,8.48,0,1.1172298622357715,0.9258787239784225
Not Placed,0,CSE,9.0,0,0.1449036075660385,1.1018645768100157
Placed,1,IT,8.82,0,1.078782638193292,0.8905752172933643
Not Placed,0,IT,6.37,1,-3.3214002924056074,0.6541287621032683
Not Placed,0,ENTC,6.9,1,-2.671383821093197,-1.5214671812762286
Not Placed,0,CSE,8.26,1,-2.4926575059318212,1.2812486698872236
Not Placed,0,ENTC,8.81,0,0.7201062827523547,0.4959584592074732
Placed,1,IT,6.88,0,1.0230034589637884,0.49397252769445305
Not Placed,0,CSE,7.86,1,-1.80733981615264,-0.5014666562065258
Not Placed,0,IT,6.74,1,-2.7688370821293513,0.1767307449787717
Placed,1,IT,7.94,0,1.6029443292355072,2.0455634548788635
Placed,1,IT,7.15,0,0.617534711405732,0.4512167697519317
Not Placed,0,CSE,7.86,1,-1.1971234801700412,-0.02948312184022157
Placed,1,IT,6.67,1,-1.5394642123572149,0.8285787242278885
Not Placed,0,ENTC,6.31,3,0.4745109561162128,-1.2399901090324204
Placed,1,CSE,10.0,2,2.8352756926799354,0.9159515865694046
Not Placed,0,CSE,7.76,3,0.4904111892351693,-1.637414222660307
Not Placed,0,ENTC,9.51,0,0.030473659053890406,1.9308272194448541
Placed,1,CSE,8.98,2,3.11315247780811,-0.6846229559630206
Not Placed,0,CSE,6.31,1,-4.217953016509431,-1.1799789160320187
Not Placed,0,CSE,8.01,1,-1.5274320773905201,1.0142371562737293
Not Placed,0,ECE,6.6,3,-1.342866852877635,-1.3866094997629226
Not Placed,0,CSE,7.45,3,0.06067917026107944,-3.2561502286226216
Not Placed,0,Civil,6.1,1,-1.4111100247685342,-1.1580352963737415
Not Placed,0,CSE,6.36,1,-2.230537811545328,-0.7261156271451664
Not Placed,0,CSE,6.97,0,-1.9916681841950294,2.3717485560248557
Not Placed,0,Mechanical,7.24,1,-3.855087395155339,-0.6495694227066375
Placed,1,ECE,7.73,0,1.60405942320902,1.2572244143764268
Not Placed,0,Civil,6.82,0,-0.29847887738627155,0.3045513490678116
Not Placed,0,ENTC,7.83,0,0.009330998143334037,1.185084976601105
Placed,1,CSE,8.67,0,1.0956365660619833,1.5216142704624918
Not Placed,0,ECE,7.93,0,0.9061719547100897,0.5545262259131623
Not Placed,0,CSE,7.64,0,-0.6198915955380889,0.08404429984037504
Placed,1,IT,7.99,2,1.7646318459102341,-0.8358395562078531
Not Placed,0,CSE,6.48,3,-0.8317044835130244,-2.4836939254413224
Placed,1,CSE,8.51,3,0.6172530387082256,-1.0860198403251125
Not Placed,0,ECE,6.68,1,-1.9570024348311572,-0.589110056514535
Placed,1,ECE,9.02,2,2.8086258817506207,1.279871788440915
Not Placed,0,Civil,8.36,1,-2.4387346892195096,1.2483704722780051
Not Placed,0,IT,8.17,3,-1.1659446883613633,-1.1150397952752849
Not Placed,0,CSE,8.21,0,-1.5246762104196796,1.2318554816658316
Placed,1,CSE,7.7,0,0.8407164361313869,0.6222821217304566
Not Placed,0,CSE,7.03,3,0.4759959754085204,-0.2633190604651592
Not Placed,0,IT,6.9,1,-3.3978446895964,0.9234542596507471
Placed,1,CSE,9.19,2,3.2840124267467865,1.8488778364573837
Not Placed,0,ECE,7.79,3,0.3632938676491287,-0.3292295425378703
Not Placed,0,CSE,6.75,3,-0.6012504671811106,-1.3344880647744144
Placed,1,ECE,8.14,2,2.4916652384284093,0.04707549892035165
Placed,1,CSE,7.99,0,0.9156760923132429,0.790413132178612
Not Placed,0,CSE,7.42,3,-0.12172410103798752,-0.8688144679238813
Not Placed,0,Mechanical,6.94,1,-2.684531501661144,0.659817761746072
Not Placed,0,IT,8.33,1,-1.3397100203758439,-0.11689968345297568
Placed,1,CSE,8.5,2,3.1156496826343316,-1.0059728105981172
Not Placed,0,Civil,7.97,3,0.4539544299977705,-1.4346799701408506
Placed,1,IT,7.76,0,0.44945172119083615,1.4078733542923771
Not Placed,0,CSE,7.03,1,-1.65877944898139,1.0957536734480526
Not Placed,0,CSE,8.11,3,0.8720139189156719,-0.2018643743135655
Not Placed,0,ECE,7.16,0,-0.589027021874631,0.5101021449309554
Placed,1,ECE,6.62,2,2.534925477730296,-1.3231367089367323
Placed,1,ECE,8.66,2,1.7152431106455654,-0.6015347360841096
Not Placed,0,Civil,6.82,1,-2.566519750664422,-1.6050960297967032
Not Placed,0,CSE,6.09,1,-2.885018838006555,-0.5469305002025464
Placed,1,CSE,8.81,0,1.1170574977140406,0.6177644497405894
Not Placed,0,Civil,6.22,3,0.4951870614442789,-1.8851879071887465
Not Placed,0,IT,7.37,3,-0.3613726056015449,-1.5453442527977925
Not Placed,0,Civil,6.77,1,-3.432905080876322,1.8561847664827684
Not Placed,0,Civil,7.08,3,-0.5983511520951347,-0.5930868114692726
Placed,1,Civil,9.59,2,4.102694152409107,0.33770283459412576
Not Placed,0,IT,7.61,3,-0.5025804331812662,-0.040406835324437014
Placed,1,CSE,8.01,2,1.6758910656465376,0.14862085744121548
Placed,1,ENTC,8.37,2,4.998473544826362,-0.883968732483512
Not Placed,0,CSE,7.15,3,0.35365782479395474,-0.9505303277618976
Placed,1,ECE,8.61,2,1.9031860149296809,0.9478900379684754
Placed,1,CSE,8.02,2,1.621015338823908,-0.44002309177365584
Placed,1,IT,8.34,3,0.4735833115613384,-0.39752064062215564
Placed,1,Mechanical,7.08,3,0.0581499797864421,-0.9691633709904159
Not Placed,0,Civil,8.08,0,-0.00830365804029026,1.5263784997687113
Placed,1,IT,7.69,0,-0.048413157008322986,0.03910369330476949
Placed,1,IT,8.66,0,-0.22511753969071643,2.235067684381156
Not Placed,0,ECE,7.24,1,-2.318338953657923,0.12860668531695657
Placed,1,IT,9.43,0,0.38663785287789215,1.0896710856362666
Placed,1,ECE,7.99,2,1.6550904838427225,0.048025261200084025
Not Placed,0,ECE,7.59,2,1.4925451286875986,-0.16621504761879244
Placed,1,CSE,7.49,2,1.4882509906552832,0.7918128612087609
Not Placed,0,ENTC,7.69,0,0.4022360837958496,0.6693374352820777
Not Placed,0,IT,7.17,1,-2.2613741131141483,1.2518796836894122
Placed,1,CSE,8.27,3,0.38229686431748067,-0.13580386291779234
Not Placed,0,ENTC,7.69,1,-1.4763577593158843,0.04042810953153279
Placed,1,IT,9.35,0,0.7236860323936952,0.8401792262664758
Placed,1,CSE,7.33,2,3.0716676064363213,-3.281259830119303
Placed,1,ECE,7.6,2,1.4508242788447054,0.38901249376822117
Placed,1,CSE,7.33,3,0.004082011222400637,-0.8237359878397094
Placed,1,CSE,9.29,0,0.43916412405477034,0.8260582202536542
Not Placed,0,ENTC,6.47,3,0.8124918600701856,-1.2052745491434493
Not Placed,0,CSE,7.78,1,-1.789669049601602,0.47600699372265726
Not Placed,0,CSE,7.97,0,-0.09522292103879655,0.795859686732665
Not Placed,0,IT,6.74,3,0.9195978083211478,-0.8399807798141085
Placed,1,ECE,9.95,2,2.602980132235369,1.4247642880526394
Not Placed,0,CSE,6.91,3,-0.5115789543675656,-0.4558397505706916
Not Placed,0,Mechanical,7.73,0,0.1329572925068804,0.8270810227316483
Placed,1,IT,9.13,2,2.869080780525884,0.9672367008905711
Not Placed,0,ENTC,7.38,0,-0.9719146385466976,0.8625629418798637
Not Placed,0,ENTC,7.82,1,-2.1437933937862512,1.954241224357246
Placed,1,ENTC,7.41,2,1.481484933989698,-0.789648444910046
Not Placed,0,ENTC,7.65,1,-1.3728443788837872,0.07962559581590564
Not Placed,0,CSE,8.62,0,0.17361637127733268,2.6147049380828857
Not Placed,0,CSE,7.34,1,-2.2942066684541933,-1.0558998294168478
Not Placed,0,CSE,5.44,1,-2.6507583875431617,-2.451970484820295
Not Placed,0,CSE,7.67,0,-0.8385177561137405,1.4907411991418165
Placed,1,CSE,7.75,2,3.0074548488730843,-1.1125760755004193
Not Placed,0,ECE,7.87,2,2.2385302383018786,-0.27770988142769876
Placed,1,CSE,7.54,3,0.07721685673770316,-1.31559173253382
Not Placed,0,Civil,6.97,1,-1.6417568002679204,0.7310466734780748
Placed,1,ECE,7.49,0,0.7169746151327144,0.44168331361905233
Placed,1,CSE,9.2,2,2.20367962988289,-0.48135327289453467
Not Placed,0,CSE,7.66,3,-0.9319238204471171,-0.3466217554165626
Not Placed,0,ECE,8.25,0,0.41940565659713114,0.22844947521713568
Not Placed,0,CSE,6.82,1,-1.99544853542602,-1.7507271830208042
Not Placed,0,CSE,7.45,0,-0.6923661769499879,1.3977813142197342
Not Placed,0,CSE,6.85,1,-3.005581426780514,0.9334071840062165
Placed,1,ECE,8.8,2,3.108458919002112,-0.8637907077618134
Not Placed,0,CSE,6.38,3,-1.3606433153557136,-1.6585196741705308
Not Placed,0,CSE,8.02,3,0.16131095843196774,-0.10694541474583207
Placed,1,IT,7.99,3,1.5466390050251617,-0.8084009685155366
Not Placed,0,CSE,7.93,3,1.2817411944054118,-0.8530425501786532
Not Placed,0,CSE,5.71,1,-3.113795880523478,-1.6809057695317495
Not Placed,0,ENTC,5.98,1,-2.9141280691589153,-2.405556192625943
Placed,1,ECE,7.8,2,2.019796701073243,-1.187405797339637
Not Placed,0,CSE,6.92,1,-1.988837040295266,0.23496794872795793
Not Placed,0,Civil,7.15,3,2.5689675724109544,-3.500798052568354
Placed,1,ECE,7.34,2,3.754824861377957,-1.9418070040281388
Placed,1,IT,6.8,0,-0.29820777905698564,0.6851420086379102
Not Placed,0,ENTC,6.66,1,-3.4940260001756203,0.06886304676844045
Placed,1,ENTC,7.7,0,0.13716722048709107,0.5671422622719664
Not Placed,0,CSE,6.08,1,-2.41270523053927,-3.146919754220948
Placed,1,CSE,7.27,0,0.47571723782006464,0.3548205214905591
Placed,1,ENTC,7.13,2,2.031186592355492,0.6400252677627054
Not Placed,0,IT,7.68,1,-1.2618898624482906,-0.030860291655528182
Placed,1,CSE,9.73,2,3.1451876576193447,1.0036846491958136
Placed,1,ENTC,6.87,3,0.357669464878378,-1.1836634648250943
Placed,1,ENTC,8.05,0,1.6637904011552513,1.5233129851293943
Not Placed,0,ECE,7.89,0,-0.9646830224718769,0.905357209790077
Placed,1,IT,8.18,2,1.8435275192911522,-0.20650580691646456
Not Placed,0,CSE,7.52,1,-1.444790769343504,0.5425421069107974
Placed,1,Mechanical,8.93,2,1.9897632411950301,1.254533568694005
Placed,1,ECE,8.28,2,1.8040394827546018,0.1569549890599344
Not Placed,0,ENTC,8.3,0,-0.4292881503858619,0.969359270931841
Not Placed,0,IT,6.5,1,-3.2188967366899406,-0.527278640973294
Not Placed,0,Civil,7.78,3,-0.2291656323945308,-1.0263666951348984
Not Placed,0,CSE,7.27,2,1.1769702353743388,0.15088742902000432
Not Placed,0,CSE,6.97,3,-0.282301398939466,-0.8840145868911694
Placed,1,ENTC,7.17,2,1.5200060188840914,0.07108467062761564
Not Placed,0,CSE,7.65,3,1.2434403264834228,-0.6101308937484694
Placed,1,ECE,8.09,0,1.0094556336035039,0.8314467208224576
Placed,1,CSE,8.53,2,1.8826541303361721,1.5123199974316086
Not Placed,0,Mechanical,8.49,0,-1.7770865203573956,2.7505490826030865
Placed,1,IT,7.95,2,1.8724727824156133,0.46735480717322603
Placed,1,IT,7.75,2,2.663262936393515,-2.7517998984206424
Not Placed,0,ECE,7.42,0,-0.11861543801437667,1.2679957381768483
Not Placed,0,ENTC,7.49,3,-0.2580355087817746,-1.5398046155108924
Placed,1,Mechanical,7.04,2,2.5208244959381902,-2.4355228200202457
Not Placed,0,CSE,7.34,3,0.6065486643688263,-0.19679621909897632
Not Placed,0,ENTC,8.0,3,1.0635561284697992,-1.491239050726603
Placed,1,CSE,9.01,0,1.5903287418841576,1.507042529577069
Placed,1,CSE,7.57,0,-0.08458769910242342,1.2241586962959392
Placed,1,IT,7.01,3,1.0011374654536267,-0.015893365775558197
Placed,1,CSE,8.52,2,2.523317059950498,1.1778011047221641
Not Placed,0,IT,6.0,1,-4.690779823396586,-1.4721690260866245
Placed,1,CSE,8.59,2,5.399016393843311,-1.0717256862255127
Not Placed,0,CSE,6.48,1,-2.0155106145141386,-1.4190148863093428
Not Placed,0,Mechanical,8.26,0,-0.5302155382905638,0.5449542398244028
Not Placed,0,IT,7.3,1,-1.4178509167992575,0.2547324640590545
Placed,1,ENTC,7.97,0,-0.7658451898094298,1.1963183140807736
Placed,1,Mechanical,9.47,0,1.024691916037346,0.95672919240836
Not Placed,0,CSE,6.99,1,-1.3510927746741859,-0.4136682385538625
Not Placed,0,ECE,6.85,1,-0.9669928058367784,-0.5343069267224646
Not Placed,0,CSE,7.77,0,-1.7420119593092236,1.9325444334314996
Placed,1,IT,9.0,0,-0.1799705038752507,2.8818918015293122
Not Placed,0,ECE,7.85,1,-2.3821504299724823,1.354891209342189
Placed,1,ECE,7.74,3,0.44057737365556787,-0.21241774476507785
Placed,1,CSE,7.84,3,0.7283514829391516,-0.44694544583028795
Not Placed,0,Mechanical,6.85,1,-3.931275318272921,-0.5528770844149795
Not Placed,0,ECE,7.85,3,0.2752098419033356,-2.273060442131969
Not Placed,0,CSE,7.37,1,-1.3018388601000206,0.5631552713980228
Placed,1,IT,8.82,2,2.662584958003205,0.5798736797093248
Placed,1,Mechanical,8.38,2,4.089945822279768,-1.5328878136070814
Not Placed,0,Civil,6.57,1,-3.6110913849799458,0.398067678929487
Not Placed,0,ECE,7.46,3,-0.7629542232472671,-0.2520059265351966
Placed,1,ENTC,8.15,2,2.1680215995352405,0.44199732504797457
Placed,1,CSE,6.87,3,1.5666634074525234,-1.7728183824638744
Placed,1,CSE,6.78,1,-1.6388480200353956,-0.06264051375256985
Placed,1,Mechanical,7.31,3,1.137363888242944,-1.6119666919917508
Placed,1,ECE,7.99,0,1.1216711924694656,0.8461587962432373
Placed,1,CSE,8.58,2,2.3770762388644844,0.9393841507004833
Not Placed,0,ECE,7.9,3,1.152205783457508,-1.6473661971558846
Placed,1,CSE,9.79,2,1.6892702745698838,0.4000854396223678
Not Placed,0,IT,7.12,0,0.6616149746637637,0.48222861377042464
Not Placed,0,ECE,8.33,3,-0.441082681041277,-1.359790804344072
Not Placed,0,IT,6.76,3,0.9751540411359927,-2.0377318031637572
Not Placed,0,CSE,9.07,0,-0.5018810435735057,0.3237579262850599
Placed,1,IT,8.86,2,2.2575432486804767,0.27230920109158496
Placed,1,CSE,8.3,2,2.3678271870855983,1.7461192406955073
Not Placed,0,Mechanical,6.22,3,0.32573447103783576,-1.5327999226568323
Placed,1,IT,8.3,3,1.070829333634147,0.13233242501413395
Not Placed,0,CSE,7.0,1,-1.205602081705732,0.03225090101579336
Not Placed,0,ENTC,8.09,3,-0.10248650596382873,-2.021025593877776
Not Placed,0,Mechanical,6.46,1,-3.865469437056056,0.1480642289610053
Not Placed,0,ENTC,7.93,0,-0.6105208650935248,0.7822951682197199
Not Placed,0,Civil,7.4,1,-2.12305516373618,0.9996700487285864
Not Placed,0,ECE,7.04,3,-0.35682182746831614,-0.6643241489856926
Placed,1,ENTC,8.2,3,1.0358160280707192,-0.18345417270924239
Placed,1,CSE,7.66,3,1.780026947279123,-1.2471713602144059
Not Placed,0,CSE,7.53,1,-2.78538912847236,0.9965244083736938
Not Placed,0,CSE,8.33,2,1.614724402249854,-0.9814177493949114
Placed,1,ENTC,9.32,2,4.771497608404903,-2.01363232386596
Not Placed,0,ECE,7.93,0,0.2130477767842569,1.8281890241582655
Not Placed,0,ENTC,6.16,3,-1.5455985518069875,-3.276841669388228
Not Placed,0,ECE,6.38,3,0.5155168338144406,-1.172643025438817
Not Placed,0,ENTC,7.76,0,-1.7349459670401592,2.6074216807753112
Placed,1,IT,8.57,2,2.181256108694254,0.7271702595758713
Not Placed,0,CSE,7.81,3,0.5768310862891912,-1.0840826072182232
Not Placed,0,CSE,8.13,3,-0.6483051203916926,-0.8334458228046848
Not Placed,0,IT,7.65,1,-2.170937729414715,1.254315203650808
Placed,1,Mechanical,8.52,2,2.699680450170827,1.0327131648008334
Not Placed,0,CSE,8.22,0,-1.7818325166882223,3.1874294824590637
Not Placed,0,IT,6.83,1,-2.697654407347996,1.622425127671556
Not Placed,0,ECE,8.08,0,-1.354044370826518,3.1792842513197277
Not Placed,0,IT,6.39,1,-3.653325973177296,-3.2100485026344345
Not Placed,0,CSE,8.08,1,-1.7691917628959164,0.21341479917484948
Not Placed,0,CSE,7.46,1,-2.2040192914722936,-0.5967754116853392
Placed,1,IT,7.84,0,-0.29403142680114613,1.7491946296417724
Placed,1,ENTC,7.98,2,2.73326162193607,-1.722742285662992
Not Placed,0,CSE,7.94,3,-0.07965679215486997,-0.8495107945044692
Placed,1,CSE,8.9,0,1.0851879071552932,0.27916641667730235
Not Placed,0,IT,7.73,2,2.9462442075411945,-0.08936471206078286
Placed,1,CSE,7.86,2,2.9059435445405537,1.1911819812318023
Not Placed,0,CSE,8.83,0,-0.31789681915651263,1.0008549456888982
Not Placed,0,IT,9.31,3,-0.034998540605458386,0.163477016907524
Not Placed,0,ECE,7.68,0,-0.40093246146524025,3.1333890884104707
Placed,1,CSE,7.26,3,0.040294990631478164,-0.18294461208025575
Placed,1,Mechanical,7.31,2,1.5645774141220241,-0.5603588548555294
Not Placed,0,ENTC,8.08,1,-2.6363463122167574,-0.5828557149275532
Not Placed,0,CSE,7.53,0,-0.21552194500623825,0.19022181946369207
Not Placed,0,IT,6.21,1,-3.2629804278870775,-1.9860042730418406
Placed,1,ENTC,8.65,2,2.944874090223064,-0.19821275625102175
Not Placed,0,CSE,8.39,3,1.7836194810740718,-1.8380481703235427
Not Placed,0,ENTC,8.67,0,-0.5491351777501747,1.7551662350350365
Placed,1,CSE,8.84,2,1.64133941605381,0.02774445372214102
Not Placed,0,IT,7.86,3,0.061210694390558616,-0.46760387691335753
Placed,1,ENTC,7.92,2,2.661348769390102,1.7883943298798566
Placed,1,ENTC,8.56,0,-0.2017406576062328,2.31962832802963
Not Placed,0,IT,6.67,1,-3.9548382063550207,-0.19245415994902773
Not Placed,0,ECE,7.4,3,-0.4801393618982997,0.05380610592667573
Not Placed,0,CSE,7.65,1,-2.1171306325864507,-0.30435497431122205
Placed,1,ECE,8.48,0,0.6197794053343828,0.8722379477399652
Not Placed,0,Mechanical,7.24,1,-1.0426967707818346,0.002552194898687204
Not Placed,0,CSE,7.09,0,-0.5714682831593475,0.6041655390775341
Placed,1,IT,7.33,0,0.3368986420567148,0.08854009020975491
Placed,1,IT,8.1,2,1.9204391047515457,-0.26381681411584856
Placed,1,Mechanical,7.64,3,0.09576626570514747,-1.2464957723813084
Not Placed,0,IT,6.47,3,0.18152317211425928,-1.625831091987528
Not Placed,0,ECE,6.63,1,-1.283242019084125,-0.24801786754676436
Not Placed,0,ENTC,7.82,0,-1.020321223017766,1.2247408893306
Placed,1,ENTC,7.84,2,3.355817932440421,1.2226994819507686
Placed,1,IT,7.72,0,0.570026261532239,0.33302584654710354
Not Placed,0,IT,7.3,3,1.2109760311073416,-1.1037758199060463
Placed,1,Civil,8.37,2,1.8039201994344156,0.9511691574169007
Placed,1,CSE,8.01,0,0.5442962422466174,0.31261862142462105
Not Placed,0,IT,7.98,3,0.48944483565501257,-0.8300719824153203
Not Placed,0,IT,8.01,3,2.616587528031417,-3.5598936831682297
Not Placed,0,ENTC,9.06,1,-1.4517085816077557,0.9868941339176939
Not Placed,0,Mechanical,6.83,1,-1.6202612064312827,-0.9473497453904339
Not Placed,0,CSE,7.34,3,0.03989733960211028,-1.9132531131239907
Not Placed,0,CSE,7.41,1,-2.846146337714003,-1.260833508845371
Placed,1,ECE,8.77,0,0.45794685712042116,0.620537063424316
Not Placed,0,IT,7.38,3,0.5175269627054012,-1.9329624563828938
Placed,1,Mechanical,7.03,3,-0.2056965379913499,-1.0283336153429332
Not Placed,0,CSE,7.61,3,0.34518188869567185,-1.7783036087004254
Not Placed,0,IT,7.79,1,-2.2282935111270628,1.0256402644382268
Placed,1,CSE,8.72,0,0.9106915268854554,1.2145435525581572
Placed,1,IT,7.38,3,0.6919543117376228,-0.020346317346645396
Not Placed,0,CSE,7.12,1,-1.9856181856042245,0.4678399061151715
Not Placed,0,ECE,6.93,2,1.918711475070859,-2.3271227534074996
Not Placed,0,CSE,7.41,0,-0.3758993728165621,0.3132686356501185
Placed,1,ECE,9.88,0,1.6352824125475758,2.5782572845354026
Placed,1,IT,8.03,2,1.742725989577074,-0.6666125554038926
Placed,1,CSE,8.21,3,0.7345116432503751,-1.1335176247760859
Placed,1,CSE,7.7,0,-0.515656251013941,1.0838224241115948
Not Placed,0,CSE,7.82,1,-2.1205630013486605,-0.32006662532799357
Placed,1,IT,8.37,0,0.27120511875679504,1.9383000851827072
Not Placed,0,ENTC,8.18,0,-0.3591720343725042,0.323575815141968
Placed,1,IT,8.0,3,-0.36755067806571945,-0.8046707615700208
Placed,1,IT,7.71,3,-0.1190844202599901,0.11798278444178052
Not Placed,0,CSE,7.4,3,-1.2885310901577214,-2.87102474636062
Not Placed,0,ECE,8.06,3,0.2944243055659497,-0.9687057381272063
Placed,1,IT,7.77,3,1.2779374788015534,-0.976640813019787
Placed,1,IT,9.51,2,4.2569401623366305,0.7023242852722403
Placed,1,CSE,8.59,2,1.9720009216035392,-0.44223532996614096
Not Placed,0,CSE,7.13,1,-1.6660426157254107,-0.14842412602266805
Placed,1,IT,6.71,3,0.7075908899340062,-0.43983003553641037
Placed,1,ECE,7.36,2,3.8569040253746323,0.8744809699848386
Not Placed,0,ECE,6.78,3,0.7518173650477633,-1.9551014676269094
Not Placed,0,IT,7.31,1,-3.011799569389106,0.9974812643938202
Placed,1,CSE,6.88,3,1.048827214029839,-0.22630785597725814
Placed,1,CSE,7.42,3,0.34348093486979875,0.0736700032172497
Placed,1,Civil,7.43,3,0.5515075034808061,-1.6750697035715547
Not Placed,0,ENTC,7.83,1,-1.7635762797899088,0.5552532803022758
Not Placed,0,CSE,7.52,0,-1.9951340941675424,2.3701284942404097
Placed,1,Civil,6.93,3,1.1095826695877533,-2.3598346902960112
Placed,1,CSE,8.73,0,0.8731717205874154,0.7595782856619965
Not Placed,0,CSE,8.04,1,-1.3060765676644739,-0.7300999330490079
Not Placed,0,Civil,7.24,1,-3.347699124372982,0.9467115481471033
Not Placed,0,ENTC,6.95,1,-3.6977661512771474,0.5037606466674713
Not Placed,0,CSE,6.45,1,-2.5085522375358553,-1.031765350919673
Not Placed,0,ECE,6.39,3,-1.1451074321848214,-3.518517643977615
Placed,1,Civil,8.59,0,1.002988431541366,1.004676558947688
Not Placed,0,IT,8.5,3,0.3170491960167574,-1.9999184063392654
Not Placed,0,CSE,7.2,3,0.29141422063315725,-1.2630493014075015
Placed,1,CSE,8.86,2,3.484906002869553,0.47126117223620956
Not Placed,0,Civil,8.22,0,-0.7926921291295269,1.5327843827958834
Not Placed,0,IT,7.87,0,0.21252887534559367,0.15852546786498248
Placed,1,IT,8.43,0,1.353441230863728,0.9579921134008732
Not Placed,0,CSE,8.23,0,0.014017697590552347,2.173559710155097
Not Placed,0,IT,7.83,3,-0.010410406115901672,-1.6176522036428616
Placed,1,ECE,7.5,2,2.2816052049384323,-0.9261534410382694
Not Placed,0,CSE,7.61,1,-3.071208556632591,1.5031785376979339
Not Placed,0,ENTC,6.33,3,-0.7939482033459007,-0.9581023222967487
Not Placed,0,ENTC,7.02,3,-0.8364339842921775,-1.9230026175317334
Placed,1,CSE,9.23,2,1.6136732753936804,0.36574197311649015
Not Placed,0,ENTC,7.0,3,0.9134668183656145,-0.8240743336647278
Not Placed,0,IT,6.13,1,-1.6073507701552974,0.05174446578962485
Not Placed,0,ECE,8.47,3,-0.3239622631515963,-0.5714159593735857
Placed,1,ECE,7.91,3,0.825006923620877,-1.074526196477065
Placed,1,CSE,7.96,0,-1.2292565554966668,1.8210339554529649
Not Placed,0,IT,7.57,1,-2.7213924608813276,-1.8118377631076164
Placed,1,CSE,8.47,0,-0.7577246068708025,1.5581013918709725
Placed,1,CSE,9.0,2,3.253252041066303,0.7846280482536285
Placed,1,ECE,7.26,3,-0.3880691185789245,-0.6146095699284184
Not Placed,0,IT,8.24,1,-2.119701694680186,0.6657575624540969
Not Placed,0,IT,8.65,3,0.9285926507854431,-0.5159706706817359
Not Placed,0,Civil,7.21,1,-2.431547867983351,-0.1379920434810926
Placed,1,IT,8.98,2,1.2196001418183002,0.3404026836485522
Not Placed,0,Civil,8.65,0,-1.088700021226879,0.7398675788492595
Not Placed,0,ECE,6.64,1,-3.843644880586824,1.0952616562374342
Placed,1,ECE,9.06,2,2.2523332075828795,-0.7815363108997744
Not Placed,0,CSE,6.69,1,-1.8034851516519224,0.5337654078602516
Not Placed,0,Mechanical,7.12,2,1.6176369897456258,-0.1948942986885641
Not Placed,0,Mechanical,8.28,1,-2.91725448334712,1.7188956630920436
Placed,1,ECE,8.59,2,1.9456450101983302,-0.4087471227430076
Not Placed,0,ECE,7.78,0,-0.61789445803798,0.12068711354909942
Placed,1,CSE,7.16,3,0.49716300254422513,0.011402329889932002
Placed,1,IT,7.48,0,-0.36660547631741847,0.43824944100830165
Not Placed,0,Civil,7.38,3,-0.3510296416550422,-1.1581901048273602
Not Placed,0,IT,8.42,0,0.198786754591797,1.7053309174121007
Placed,1,CSE,7.36,0,0.21159956384884523,0.060757874517790834
Not Placed,0,CSE,7.15,3,0.8613946010303699,-1.2515974200748023
Not Placed,0,ENTC,6.44,3,-0.0010539029876997829,-0.4990337982328136
Not Placed,0,ENTC,7.19,1,-1.6943430150910312,-2.031805059995673
Not Placed,0,ECE,7.6,1,-1.7349200015992714,-0.2729317895947235
Not Placed,0,IT,6.74,0,0.8090984188499241,0.25946137788134105
Not Placed,0,CSE,6.22,3,-0.015792955074125842,-1.967724553369985
Not Placed,0,IT,8.53,3,1.4675216700244451,-1.0234664773109088
Not Placed,0,Civil,6.85,3,0.49695675215173996,-2.101500105080316
Not Placed,0,IT,6.59,3,-1.0893688268077886,-1.3008964025527296
Not Placed,0,Civil,9.03,3,0.40223796417376345,-0.04483161612410291
Placed,1,IT,8.42,2,2.680177649330136,0.7066048781519458
Not Placed,0,Mechanical,8.57,1,-1.5620440890828031,0.8431496922085429
Not Placed,0,CSE,8.13,1,-1.2795401734627072,-1.1436909024569586
Placed,1,ENTC,8.81,0,1.062228955510615,1.038842822758999
Not Placed,0,ECE,8.45,0,-0.888985681703731,2.1183044779920666
Not Placed,0,ENTC,7.41,0,0.005724168087603361,0.547600681956099
Not Placed,0,ENTC,6.79,1,-1.550547656955141,-1.24503313533697
Not Placed,0,CSE,6.61,3,0.4507308735666287,-3.0523386756780995
Placed,1,Civil,7.58,3,-0.03093612709580588,-2.5198043884095553
Placed,1,ECE,6.77,3,0.86109619994618,-2.704489137659837
Not Placed,0,IT,7.02,1,-3.4605600133642205,0.5599483295604701
Placed,1,CSE,7.57,2,1.998198089141515,-0.3140205039571248
Placed,1,CSE,8.89,0,1.4613051786569142,1.3839022904816995
Not Placed,0,Mechanical,6.42,1,-2.3122618106328146,-0.9940045539875264
Not Placed,0,ENTC,7.73,1,-1.5307759180272138,-0.5449168116597388
Not Placed,0,CSE,6.64,3,-1.0794758895960397,-1.8686584318071924
Not Placed,0,ECE,7.23,1,-3.903770632510628,-1.4152133936612532
Placed,1,IT,8.49,0,-1.3469697804063405,2.882143704350276
Not Placed,0,CSE,6.98,1,-2.327726805557072,-1.1463891527489138
Not Placed,0,ENTC,7.48,1,-3.3837463180369123,0.5018066301720707
Placed,1,IT,7.82,2,2.137102098218582,0.20320336289266952
Not Placed,0,CSE,8.3,0,-0.3945184553265135,3.0304690797330376
Not Placed,0,IT,7.23,0,0.012506818592124536,0.4781027467006369
Placed,1,IT,8.77,2,2.0294295272398037,1.0710217294380961
Placed,1,IT,7.32,0,-0.6645480853421832,0.3068701369601223
Placed,1,IT,8.11,2,2.2157505093522447,1.1932639156663711
Not Placed,0,CSE,7.54,0,-0.5790812206440994,0.5570219286065071
Placed,1,Mechanical,8.33,0,0.46333761040005267,0.8756391031557066
Placed,1,IT,9.42,0,2.201166832703446,2.533303805776812
Placed,1,Mechanical,7.46,2,1.5968487209555569,0.20069219183774853
Placed,1,ECE,7.69,0,-1.5398504305915397,1.747400964975447
Placed,1,IT,7.33,0,1.5872679843769497,1.6752454294196906
Placed,1,CSE,7.2,0,0.6307714697196409,0.3169118234050514
Not Placed,0,IT,7.11,3,-0.7535566522623095,-0.7728292181232919
Not Placed,0,ENTC,7.68,3,-1.212177540115558,-1.2594359378709419
Not Placed,0,ECE,7.04,3,-0.28622549627991994,0.04108856428942093
Not Placed,0,CSE,7.07,1,-1.634965164148321,0.31566778125723305
Not Placed,0,IT,5.01,1,-1.6962066636954196,-1.1595858669917865
Placed,1,IT,8.88,2,2.3081905802117224,0.9520177932847406
Not Placed,0,ECE,9.1,2,2.124617974550817,0.79217296880617
Placed,1,IT,8.25,2,2.5677053792979256,-0.4244059864476196
Not Placed,0,CSE,6.96,3,-0.4515661760215303,-0.9045841320821837
Not Placed,0,ECE,6.63,1,-2.9179275457292824,0.6612806429029336
Not Placed,0,ECE,6.37,1,-1.2832582131713846,-0.45864340036966295
Placed,1,IT,8.24,3,0.4390696115348472,-0.6811036225665109
Placed,1,CSE,8.78,0,1.7478040673841297,1.5828640032445027
Placed,1,CSE,7.84,3,0.9906441251537428,-0.5664421801750944
Placed,1,ENTC,8.43,2,2.464405790792226,1.5174172918371553
Placed,1,CSE,8.08,0,-0.2569055454942161,2.599800055835298
Not Placed,0,CSE,7.04,3,-0.22162690985203867,-0.8283372741622312
Not Placed,0,IT,8.56,0,1.1243963005473083,0.6662436970977403
Not Placed,0,ECE,8.5,3,0.9440016280302291,-0.8693911012328095
Not Placed,0,ECE,6.86,3,-0.6565155743646991,-1.3302119228180813
Placed,1,ECE,8.39,3,0.09675815707655451,-0.6837249460173564
Not Placed,0,ECE,7.57,0,-1.173313994637212,2.080072059527673
Not Placed,0,Mechanical,7.48,0,0.01091546484562409,0.8803139695873469
Placed,1,Mechanical,8.03,2,1.5619483376501522,0.8611736208115633
Not Placed,0,CSE,8.01,1,-1.6819252029218448,0.08643081224978008
Placed,1,IT,8.46,2,2.7722353168011997,-1.8824239908054783
Not Placed,0,Mechanical,6.98,1,-2.1996669441126477,2.087463004997292
Placed,1,ECE,8.18,0,0.8338518122113081,0.8892428842141906
Not Placed,0,Civil,6.71,0,-1.2288186912527375,1.2728650625363869
Placed,1,CSE,7.55,0,0.9211365925859523,0.27372435527191163
Not Placed,0,Civil,7.6,0,0.7232752740769773,0.29561440887347656
Placed,1,IT,8.52,2,1.8439115917206954,1.068053641445932
Placed,1,ECE,7.71,2,3.913048830780683,0.2861308437048935
Not Placed,0,CSE,7.48,1,-3.3592294719926663,-0.8747963435661134
Placed,1,IT,8.91,0,1.3321346340309714,2.3102869444956458
Not Placed,0,IT,7.34,1,-1.6608767781690983,-1.8156638398150373
Not Placed,0,IT,7.3,1,-1.5709686504734732,-0.2922936311560553
Not Placed,0,IT,6.1,3,-0.2889115437697301,-0.3242241995067392
Not Placed,0,Civil,7.52,3,0.2303260220819236,-1.2641637606990384
Not Placed,0,Civil,6.9,1,-2.9766212738494895,0.7675186102978301
Not Placed,0,Mechanical,7.49,1,-2.2310377822635417,1.0771448767556049
Not Placed,0,Civil,7.9,0,-0.5998464144869678,0.519543149998679
Placed,1,ENTC,6.78,0,-0.36891483161493804,0.3558326325958014
Not Placed,0,Civil,7.0,3,1.9985245733316965,-3.501408234290012
Not Placed,0,IT,6.34,1,-4.13515956655376,-2.340916993321926
Not Placed,0,CSE,7.27,0,-0.9871425509880303,0.7262201408477744
Not Placed,0,Mechanical,6.9,3,0.6173368026714653,-2.200583199275612
Placed,1,CSE,9.52,0,2.2046529351333866,2.592131977953848
Placed,1,ECE,8.98,2,3.650854399948457,1.6278615942921681
Not Placed,0,CSE,8.84,0,-0.005171313187764397,1.1331344027226766
Not Placed,0,CSE,6.6,1,-1.4290418519986936,-0.3198559173631896
Placed,1,CSE,7.55,0,0.9492801674407856,0.7567228858228027
Not Placed,0,ENTC,6.68,1,-1.713850290830676,-0.8201054840768618
Placed,1,CSE,9.27,0,1.3985894568998434,1.9576654523615526
Placed,1,CSE,8.41,2,2.5449923660528024,-0.35388465640538797
Not Placed,0,ECE,6.81,1,-2.395403915488676,-0.8927500153659997
Placed,1,CSE,8.01,2,1.6705076061210975,0.5758927818896696
Not Placed,0,CSE,6.44,1,-2.158617193650035,-0.19426603248281163
Not Placed,0,ECE,7.58,1,-1.6330473932546494,0.7412235424606394
Not Placed,0,CSE,7.55,3,0.7596510259068457,-2.0210274051924304
Placed,1,Civil,8.33,3,1.1285400787599735,-0.4150508785807254
Not Placed,0,CSE,8.54,3,-0.6076211715697213,-0.04265519500786265
Not Placed,0,Civil,7.72,1,-2.926884764087008,0.5019922560871187
Not Placed,0,ENTC,7.51,0,-1.0848839252721765,1.4732120604137198
Not Placed,0,Mechanical,5.0,3,-1.7526702269290655,-3.140118455643847
Placed,1,ENTC,9.03,2,2.6336091640630896,1.3222472909422254
Placed,1,ECE,7.14,2,1.3289090150007636,-0.17686759155280224
Not Placed,0,CSE,7.79,0,0.03649593939195098,0.1411308780457701
Placed,1,CSE,9.62,2,3.4716322761156317,2.5204831040041697
Not Placed,0,IT,6.69,2,1.6561923719691045,-0.9322550700647705
Not Placed,0,IT,7.72,0,0.31442028778447634,0.15685218522854014
Placed,1,IT,8.12,2,2.160763351959467,0.13930949121333122
Not Placed,0,ENTC,8.63,0,-0.6841593313975491,1.1810052147775782
Not Placed,0,IT,7.7,1,-1.3532588599039699,0.42791515734788177
Placed,1,ECE,8.7,0,0.7113502156717415,0.9780979390154828
Not Placed,0,IT,7.35,0,0.5937691748915916,0.9172036409420781
Placed,1,IT,8.16,0,-0.028290920221015176,2.2148512125472903
Placed,1,CSE,8.05,2,3.453046476900534,-0.8546986529889085
Not Placed,0,Mechanical,7.62,1,-2.8652333871907003,1.1090681545274363
Not Placed,0,CSE,7.97,0,0.8203703240133497,0.5406262160518996
Not Placed,0,Mechanical,6.96,1,-2.569254887237107,-1.3111372865451774
Not Placed,0,IT,7.45,3,0.005285910214966263,-0.24366253303802307
Not Placed,0,CSE,6.61,1,-3.0543975662834586,-1.026297907796869
Not Placed,0,IT,7.32,0,-0.8804804736125408,0.09033014434644829
Placed,1,CSE,8.67,2,1.634053314604236,0.2771846472669496
Placed,1,IT,8.06,2,1.5360318253231737,-0.26940194711230625
Not Placed,0,IT,7.96,2,3.2542430293643556,0.22406772066785235
Not Placed,0,ECE,6.34,0,-0.5105660297211125,0.7044498981535914
Not Placed,0,ECE,7.97,3,-0.8776734566127633,-0.878929704694301
Not Placed,0,IT,7.65,0,-0.5458755309076038,0.06476969022004245
Placed,1,Mechanical,8.16,0,-0.8741110405413952,1.6053105147544215
Placed,1,ECE,8.88,2,2.6577247049362422,1.2118866386141116
Not Placed,0,CSE,7.35,1,-2.501012583102985,0.2934162821781309
Not Placed,0,CSE,7.43,3,0.1570800662129016,-2.765126111207938
Not Placed,0,CSE,8.48,0,-0.7545934992713288,0.8897228215946453
Not Placed,0,ENTC,7.19,1,-2.9723003869684486,2.544405314503309
Not Placed,0,CSE,7.77,1,-2.9888621655379644,0.2503686623093634
Not Placed,0,IT,6.0,3,-0.4888420402146121,-1.7613577486803622
Not Placed,0,IT,7.44,3,1.5838438426018089,-1.5933570146599025
Placed,1,CSE,8.81,2,3.4248518709079327,1.4842717098583644
Not Placed,0,CSE,7.99,1,-1.5609319049816464,0.0427996916852656
Placed,1,ECE,8.46,0,-0.4376422837187613,2.0121074963415673
Placed,1,Civil,8.51,0,0.5048980233426477,2.087133988726638
Placed,1,CSE,8.85,2,3.1670352679109097,1.0133975805105135
Not Placed,0,CSE,7.4,0,-1.1628785881554244,0.7028669734434294
Placed,1,IT,8.5,0,-0.5234772655789788,3.3261570117567407
Placed,1,CSE,9.61,0,0.9414951671355675,3.102620739071069
Placed,1,ECE,7.68,3,0.24814184217059465,0.04542616960584485
Not Placed,0,Civil,6.58,3,0.19446568518303103,-0.3213932888772493
Placed,1,ENTC,7.19,3,0.6880746306299923,-0.5346310955380439
Not Placed,0,IT,8.1,1,-0.8749303220876189,-0.3434370353217539
Not Placed,0,Mechanical,6.29,0,-1.1492796729874133,0.639214741268929
Not Placed,0,ENTC,7.05,0,0.7565930185415121,0.046236617597080615
Not Placed,0,IT,7.42,3,-1.1095496702306433,-1.126536614675737
Not Placed,0,Civil,7.79,1,-2.4115538345877954,1.4574010791978527
Placed,1,ECE,9.23,0,1.893662658449318,3.6652344732274567
Not Placed,0,ENTC,8.28,1,-2.96427738681807,1.109200064594166
Not Placed,0,CSE,6.75,0,-0.6029974700883093,0.6329221073467797
Placed,1,IT,10.0,2,3.7643714553087237,0.9121906639896269
Placed,1,ENTC,7.69,2,1.4054691120125422,0.5131582222207469
Not Placed,0,CSE,6.27,1,-2.0811906666616045,-0.6039134168776543
Not Placed,0,Civil,6.82,1,-2.5393676316941547,-0.14535835626779914
Not Placed,0,IT,6.82,3,-0.8517982457887269,-0.5598329277482207
Not Placed,0,CSE,6.55,1,-1.343322578668386,-0.46642148942584183
Placed,1,ENTC,8.14,2,3.2800089492003135,-0.676595375372706
Not Placed,0,CSE,5.43,1,-1.8228153865550487,-1.117226203509213
Not Placed,0,CSE,8.53,1,-2.0280980085409976,0.32765854033762504
Placed,1,ECE,8.39,2,2.5731481470459183,0.012156595152488176
Not Placed,0,ENTC,7.31,1,-4.436595288514017,-1.8123957057496785
Not Placed,0,CSE,8.48,3,0.40884929274067483,-0.4116917416219325
Not Placed,0,CSE,6.77,3,0.5529698931172583,-2.6652801211569233
Not Placed,0,ECE,6.98,1,-3.5695011860644645,1.305581958990666
Placed,1,CSE,8.17,0,1.055463896474281,2.597185813517408
Not Placed,0,ENTC,7.52,3,0.29207336194661704,-0.8090149739184809
Placed,1,ECE,7.17,0,0.5856862058559518,1.7885735312793138
Not Placed,0,CSE,7.6,2,1.723591290265026,-0.19605867783191047
Placed,1,IT,8.82,0,0.10412299058616155,0.8787540786720006
Placed,1,IT,8.79,2,2.8493862355106367,1.9523020189247453
Not Placed,0,CSE,8.06,0,0.6427971312696878,0.4892151694395455
Placed,1,ECE,7.4,0,0.5819856854302451,2.2429597432533637
Not Placed,0,ENTC,8.14,1,-1.8741461239049166,0.3707234446875659
Not Placed,0,Civil,6.97,3,0.7047506613140233,-0.8081205286242825
Placed,1,ECE,8.69,0,0.9133225954359252,0.5715186071388403
Placed,1,ECE,8.51,2,2.56032405583504,2.175999997507004
Placed,1,ECE,9.34,2,4.368172242348924,0.36007093962211084
Not Placed,0,CSE,7.02,3,-0.606016655389125,0.013632926247943534
Not Placed,0,ECE,6.91,3,-0.41046504620125795,-0.4643624705361081
Not Placed,0,CSE,8.17,0,-1.1950610613210304,2.8003168754883547
Not Placed,0,CSE,7.47,0,0.2117202550670241,0.32586086144219356
Placed,1,Mechanical,8.55,2,3.8684478689302075,0.8908553020717
Placed,1,CSE,8.82,0,0.8920285959951288,1.1848982670918355
Placed,1,IT,9.15,0,0.7104021729836721,0.8571252700105295
Placed,1,CSE,7.75,2,1.7186181222549792,-0.3417546308008423
Not Placed,0,Civil,8.45,0,-1.453571430626693,2.550628379415962
Not Placed,0,IT,7.26,1,-1.326257737181534,-0.40776965748738664
Not Placed,0,Civil,7.88,1,-2.13155088548628,-0.9774427584466214
Placed,1,Civil,7.65,2,1.7919241816579046,0.8819450465815332
Not Placed,0,CSE,7.61,3,0.13115259204644622,-1.1270271649175327
Placed,1,CSE,9.25,0,1.4426723771731063,1.9483554711159652
Not Placed,0,IT,6.56,1,-1.8889534915451875,-0.35064897728067457
Not Placed,0,IT,7.7,3,0.4671052322729064,-1.9503210006928675
Not Placed,0,CSE,7.75,3,-0.0766598098711081,-1.1917103648268932
Placed,1,ENTC,8.25,3,1.1842308404658215,-0.07159511656453812
Not Placed,0,Civil,6.77,1,-2.4901268832285735,-1.117582454142265
Placed,1,IT,7.45,0,0.6552040833363095,0.771041532813255
Not Placed,0,CSE,7.19,3,0.6927704243126535,-1.319587621514971
Not Placed,0,CSE,5.79,3,-0.0810000158021551,-1.8081822973654842
Placed,1,CSE,8.69,2,3.109774362986553,-0.4551111379380778
Placed,1,CSE,6.45,2,2.679203130258477,-0.9256894084622067
Not Placed,0,Mechanical,6.34,1,-2.2072892741742325,-0.6368807294322631
Placed,1,CSE,8.51,0,0.5835960836633504,2.281728836304834
Not Placed,0,IT,7.42,1,-1.966125466356214,1.4995417805323388
Not Placed,0,ECE,7.44,3,-1.4393085094444453,-2.1481347298663698
Not Placed,0,IT,7.46,1,-2.523521856411271,0.18595615886550362
Placed,1,Civil,8.61,2,3.0240665661400126,-0.48897706641875394
Not Placed,0,Civil,7.23,0,-0.7445705198238248,1.3578013640710545
Not Placed,0,IT,8.21,3,-0.3438702131107786,-0.4150461288754041
Not Placed,0,CSE,6.73,1,-2.3453356287713625,-0.16254519571649814
Not Placed,0,ENTC,7.98,0,-0.9805563846536837,1.8975570986092778
Not Placed,0,CSE,8.47,0,0.6160469826723213,1.5508080479246762
Placed,1,CSE,8.89,2,4.275543134177937,0.4012489399587955
Not Placed,0,Civil,6.38,3,-0.5237718572276653,-1.8493961765037508
Placed,1,CSE,7.45,2,2.0962213361353625,0.20944518912790566
Not Placed,0,CSE,9.06,0,-1.3044245221302837,2.82045387421466
Not Placed,0,IT,8.48,0,0.8485704077354589,0.8955117528136263
Not Placed,0,CSE,7.53,3,-0.22171190266965418,-0.6286400534795756
Placed,1,Mechanical,7.7,0,-0.2115671481634439,1.3142693456630632
Placed,1,ECE,7.95,0,0.5655729212821762,0.032785766260606385
Not Placed,0,ECE,7.38,1,-1.906359580497761,0.9720389561736519
Not Placed,0,IT,8.17,3,-0.30412258345158183,-0.05182066565480738
Not Placed,0,Mechanical,8.12,0,-0.28897560093626423,2.6371549973091652
Not Placed,0,CSE,6.75,1,-2.7853920516988278,-0.44492240258841714
Not Placed,0,CSE,7.28,1,-2.788737439737318,2.0139812241250485
Not Placed,0,CSE,7.31,3,-0.13491290111945378,-0.9259310326310553
Not Placed,0,CSE,7.48,2,1.4545281834272863,-0.05117055967217267
Not Placed,0,CSE,7.93,0,-0.9507877641756967,0.8567728741259903
Placed,1,CSE,7.85,2,2.293242081458956,-0.12646707099131382
Not Placed,0,CSE,7.09,1,-1.6249926188824027,-0.23313560026515084
Placed,1,CSE,8.84,0,0.48876746205740096,2.8786292212704576
Not Placed,0,ECE,7.7,2,2.0047255987278216,0.7434423973398381
Not Placed,0,CSE,8.94,0,0.11867008636658717,0.7717723757808517
Placed,1,Mechanical,8.92,0,1.4118119816538672,1.062979836372168
Not Placed,0,IT,6.8,1,-3.773577314032916,0.5559510073787747
Not Placed,0,IT,7.28,1,-1.062073093235158,-0.17636706111538342
Not Placed,0,IT,7.35,3,-0.7808061121053895,-0.3136312405980255
Not Placed,0,IT,7.97,0,-1.0837130949521085,0.8412351198524797
Placed,1,CSE,8.32,3,-0.05122338256948707,-1.4463180611245159
Placed,1,IT,7.82,0,0.5629310895509193,1.1632266358019134
Placed,1,IT,7.23,3,-0.5133610427465236,-1.1752524661367083
Placed,1,CSE,9.1,3,1.3455680106229548,-0.4821295554390999
Not Placed,0,CSE,7.33,1,-2.66727249941331,1.331182916325987
Placed,1,ECE,8.33,2,4.207684315129594,-0.6695392109006899
Not Placed,0,CSE,7.67,3,-0.7709622250746078,-0.8442201624978127
Not Placed,0,Civil,7.64,1,-1.062749573778894,0.058276790405319974
Not Placed,0,IT,8.27,0,0.5044594889073213,0.4552317515966611
Placed,1,CSE,9.01,2,1.4420732616903964,0.29230194508185126
Placed,1,CSE,7.96,0,0.9707705997264177,0.633455610239828
Not Placed,0,ENTC,7.28,1,-1.3362958290241507,0.7643249430551524
Placed,1,IT,8.96,2,3.4205973925897832,0.6062322955682833
Placed,1,Civil,8.12,0,-0.6158087281647013,3.399820113726027
Not Placed,0,ECE,7.84,3,0.91140850589433,-0.2988911758518582
Placed,1,CSE,8.57,0,0.09164227571258211,1.042454756376487
Placed,1,CSE,7.97,0,-1.5362093066934637,1.6358117240120202
Placed,1,CSE,9.79,2,4.413042970780859,1.2352652012397713
Not Placed,0,IT,7.7,1,-1.4957107570673105,0.055261934961199084
Placed,1,Mechanical,8.68,2,2.59623945844802,0.09969690293060804
Not Placed,0,ENTC,8.08,3,0.8609057843728579,-0.954890200543477
Not Placed,0,IT,8.07,0,-0.730561771752762,0.6261767745195026
Not Placed,0,IT,7.39,3,0.9613916562066391,-0.013286434502876315
Not Placed,0,CSE,7.4,3,-1.0713116906488824,-0.8006520594617166
Not Placed,0,ENTC,8.12,3,-0.7410059043530794,-0.11706061294038257
Not Placed,0,CSE,6.96,1,-2.3317376783022086,-0.1526802412695251
Not Placed,0,ECE,7.21,0,-1.3665118879811886,1.445524538605122
Placed,1,IT,7.71,2,1.898648441064582,0.11957270168511266
Not Placed,0,Mechanical,8.75,0,-0.13999729031261496,1.043435307909153
Not Placed,0,IT,7.77,3,-0.1473463973913593,-1.2359253945375437
Placed,1,CSE,7.75,0,-0.31965205997306784,1.2655748044488686
Not Placed,0,Civil,6.8,3,-0.06777777997532312,-0.9331641245258636
Not Placed,0,ENTC,9.14,3,0.5332822826884213,-0.16082774454657792
Placed,1,CSE,8.64,0,1.124525217794087,0.5177643572783461
Not Placed,0,Mechanical,8.74,3,0.3778166754146425,-0.3611248500323344
Not Placed,0,IT,6.47,1,-1.0576490505570855,-0.6238876521594919
Not Placed,0,IT,8.0,0,-0.04100559864462336,1.719969919647421
Not Placed,0,IT,6.9,1,-2.593923885560773,0.022096615597205427
Not Placed,0,CSE,8.36,2,2.7057795034476055,-3.1964624716323033
Placed,1,ECE,7.97,2,2.266442957278428,0.21146431551421507
Placed,1,CSE,8.14,3,1.0467491601044514,-1.2702926166199817
Not Placed,0,CSE,7.09,2,1.6331777648678016,-0.658880488548541
Not Placed,0,ENTC,6.82,1,-1.1897970175124704,0.5288266480831759
Not Placed,0,CSE,7.16,3,0.45339801918382167,-0.1872203688592783
Placed,1,IT,7.96,2,2.0063522624644476,0.17392889060554015
Placed,1,CSE,7.49,2,2.5781634567143374,-1.7469847000221705
Placed,1,ENTC,7.92,2,1.7604297655899157,-0.30986671387063836
Not Placed,0,CSE,6.83,1,-0.8296720249758455,-0.06678158773172074
Not Placed,0,Civil,7.69,2,2.906100553922897,-1.4854437002679661
Not Placed,0,Mechanical,8.89,1,-1.5290982959836925,0.851595500655778
Not Placed,0,ENTC,7.98,0,-0.5344747054544661,0.22370883951479364
Not Placed,0,ENTC,8.04,1,-2.8791991207803163,1.7456216786171421
Not Placed,0,ECE,8.04,3,-0.2320829384401604,0.040363654319100016
Placed,1,Mechanical,7.26,0,-0.6098925590105359,0.49829371404229933
Placed,1,ECE,9.09,0,1.6047056828414217,1.4209516881988116
Placed,1,CSE,8.0,0,0.8111463197945366,0.4279833211020044
Placed,1,IT,7.85,1,-1.3095326779048004,0.755783781165858
Placed,1,ENTC,8.28,2,1.7109963698920416,1.1701360879056837
Placed,1,CSE,8.5,0,0.36424287899301183,0.647744051746577
Not Placed,0,ENTC,6.64,1,-1.6654397609389446,-1.6057525971260063
Not Placed,0,Civil,7.75,1,-1.7694117909826104,0.06639178324616074
Placed,1,CSE,9.6,0,0.3680869003245316,2.3750057550117063
Placed,1,CSE,9.11,0,0.6450380391248476,3.997208001895854
Not Placed,0,IT,7.61,3,0.994604601818841,-0.4536501030982862
Placed,1,CSE,8.32,2,4.118796139605812,-0.766242821773698
Not Placed,0,ECE,7.42,3,0.0017879641669194873,-0.933742229780086
Not Placed,0,CSE,8.0,3,1.1431700977991794,-1.57082377654346
Not Placed,0,CSE,7.31,3,-0.4813665954624606,-2.4707016219999782
Not Placed,0,CSE,7.3,1,-3.7853894033370175,-0.2973298606070672
Not Placed,0,CSE,7.2,2,1.6834123002794386,-1.4804894659018393
Placed,1,IT,9.13,2,2.763219015197447,1.2455709613352106
Placed,1,IT,7.29,2,2.4601824110947437,-0.735508837463305
Placed,1,ENTC,8.67,0,0.052819286299551155,1.2191263309672247
Not Placed,0,CSE,7.33,3,0.4505702711637234,-0.5900356895615185
Placed,1,IT,7.24,0,0.8350371589253973,1.6674662888356637
Not Placed,0,CSE,8.03,3,-0.4636249409066427,-0.28736364161103467
Not Placed,0,ECE,6.6,1,-3.091744088604947,-0.031222632243884184
Placed,1,ENTC,8.26,1,-1.5868281643278905,0.5285679007176192
Placed,1,CSE,7.58,0,0.7849848530088147,0.8227738003396239
Not Placed,0,CSE,7.23,3,-0.10382114123083296,-2.993552283682145
Not Placed,0,ENTC,7.05,0,-1.1353708883609408,2.132771424405002
Placed,1,Mechanical,9.38,2,4.265636667176695,3.2160709879055873
Not Placed,0,ECE,7.67,1,-1.7728327672299993,-0.20649623779806495
Not Placed,0,ECE,7.63,1,-1.7780572559304426,1.3649017351922133
Placed,1,IT,8.44,2,2.1595073019126225,0.0790677936125984
Not Placed,0,CSE,6.98,1,-3.780923431819642,-0.577229333051255
Placed,1,Mechanical,8.66,0,0.5444411502089438,1.2294823168912108
Not Placed,0,IT,7.67,1,-3.5585708136722003,-0.16280740730052107
Not Placed,0,CSE,6.52,1,-3.5980813037679904,-0.7691330503292506
Not Placed,0,ECE,7.25,1,-1.5711481474436075,-0.6850725687597925
Not Placed,0,Mechanical,6.77,3,0.15010256900387045,-0.9160398684031403
Not Placed,0,IT,7.77,1,-3.061761195529395,0.8944966027339041
Not Placed,0,Mechanical,7.03,3,0.7226458308176675,-1.1269404323457168
Placed,1,CSE,6.93,2,1.7830631791142966,0.29776573271427176
Not Placed,0,Mechanical,7.95,0,-0.03971964388819372,0.7445617308091186
Not Placed,0,Mechanical,7.74,0,-0.4586171720731821,0.15795049209634077
Not Placed,0,ENTC,8.73,2,2.0941566247502736,0.7010800130912166
Placed,1,Mechanical,8.69,0,-0.41626786512529446,2.8735977974774816
Not Placed,0,Civil,7.75,3,0.7034309976849124,-0.6776410591269177
Not Placed,0,Mechanical,8.12,3,1.085226353423173,-0.36466584961074344
Placed,1,CSE,6.5,2,4.519597404779594,-3.3180256138208195
Placed,1,CSE,8.29,2,2.8039633018024626,-1.21560447588911
Placed,1,IT,8.05,0,-0.8181847534440843,0.7010583550380606
Not Placed,0,IT,8.51,1,-1.7055067519290483,0.21707436132930705
Placed,1,ECE,7.44,3,0.0035589870102433786,-0.6571221735377968
Not Placed,0,IT,7.45,3,-0.03160779326638888,-0.20565852410398694
Placed,1,Civil,7.45,3,0.70589836033582,-0.20362627570915157
Not Placed,0,CSE,8.92,0,0.08741889720700645,1.7114568341325103
Not Placed,0,IT,7.94,1,-2.139955748960606,0.9852169818755961
Not Placed,0,CSE,6.43,1,-1.395500129999453,-0.8349442020247175
Placed,1,IT,8.25,0,0.17220839620189118,0.9816918779632958
Not Placed,0,IT,7.31,3,-0.2823227332435859,-0.20051538355454274
Placed,1,ECE,8.62,0,-0.5055869502658439,1.3984900404420115
Placed,1,CSE,8.16,2,2.182211423698752,-0.8378044611411026
Not Placed,0,ENTC,8.75,0,-1.0126659024807279,0.7387102295451443
Placed,1,CSE,8.58,2,2.7493935433509877,1.4303900948939892
Not Placed,0,ECE,8.5,0,0.17987676460090196,0.5679963458671508
Not Placed,0,ECE,8.66,0,1.0620332407936373,1.4802241727131324
Not Placed,0,IT,8.39,2,1.3350806763995469,-0.5199982379510966
Not Placed,0,IT,7.11,0,-0.4564367571250834,0.4263064657459303
Not Placed,0,ENTC,6.73,1,-1.9292481317342591,0.06504074035335128
Not Placed,0,ECE,6.99,1,-1.333271467389222,0.5194515593623369
Placed,1,IT,8.32,0,0.25261126546334134,0.4576838279363439
Not Placed,0,ECE,5.81,1,-1.3561898515013548,-1.4337353458701017
Not Placed,0,CSE,7.69,2,2.721131240330073,-1.533033088987868
Placed,1,IT,7.47,2,3.558730870469391,-3.36660087737983
Placed,1,CSE,8.74,2,2.533161729209641,0.23820350788187705
Not Placed,0,ENTC,7.6,3,-0.16185634103592067,-1.4726875995767708
Not Placed,0,CSE,7.39,1,-3.298689409502531,0.40685166800116523
Placed,1,CSE,8.82,2,1.9979923121238927,0.6090602420348632
Placed,1,IT,7.62,3,-0.6922574109206756,-0.4477407530316362
Not Placed,0,IT,7.48,0,-1.664053930578549,2.157956137176225
Placed,1,CSE,7.28,2,2.2998144211328806,-0.8270327943418855
Not Placed,0,CSE,7.94,1,-2.052133840042672,0.5552310871445754
Not Placed,0,ENTC,7.42,0,-1.2917419301377806,1.2169210494602725
Placed,1,ENTC,7.42,0,-1.627092853745757,2.566464510288218
Placed,1,IT,8.93,0,1.593234271540733,1.7544214283541677
Not Placed,0,IT,7.74,3,0.9487196741130437,-1.717830424255718
Not Placed,0,CSE,7.32,1,-2.6796529222391494,0.5986763110963513
Not Placed,0,Mechanical,6.85,1,-1.9896716162503076,-1.3817752265428456
Placed,1,CSE,7.87,3,0.952027494662913,-1.7505936734131133
Placed,1,ENTC,7.22,3,-0.5491449030931764,-1.9501014910942283
Not Placed,0,CSE,7.39,3,-0.6108218606327646,-2.334178290777591
Not Placed,0,ECE,6.98,1,-2.9570482224208487,0.9875648123684734
Not Placed,0,ECE,7.87,0,-0.4806363985044777,0.2872473909360522
Not Placed,0,ECE,6.59,1,-1.8703148971739008,0.2565696368814962
Not Placed,0,CSE,8.05,0,-0.5720814527418743,0.4404108380999741
Not Placed,0,CSE,7.24,1,-2.732129739741204,0.5060469073947357
Not Placed,0,CSE,8.31,2,1.6410593637101523,0.5758913167440862
Not Placed,0,Civil,8.11,0,-0.6654135422682298,0.7025620322990415
Not Placed,0,CSE,7.79,1,-2.8690096736074704,0.2727872218435642
Placed,1,ECE,8.42,2,2.4832816779182396,0.6928740106834199
Placed,1,Civil,9.02,2,5.086844943819338,0.649476898597215
Placed,1,CSE,8.78,2,3.037014649788904,1.4734658897347772
Not Placed,0,CSE,6.59,1,-2.045678218759396,-0.34363995995593355
Not Placed,0,IT,7.19,2,2.1457860549972474,-1.4047185444553982
Placed,1,ENTC,7.29,0,0.23752673795060922,0.653297956676024
Placed,1,Mechanical,8.24,2,2.073775734749525,-0.044941774207884345
Not Placed,0,Civil,7.26,0,-0.823877586726343,0.2517897558619739
Placed,1,IT,7.22,1,-1.5052711125584244,0.42826214135345964
Not Placed,0,Mechanical,7.08,3,0.2461857541011772,-0.9198431423233815
Not Placed,0,CSE,7.95,1,-1.232518327792183,0.23753843251003387
Placed,1,ECE,8.24,0,0.5954821832669748,1.8106289884263242
Not Placed,0,CSE,6.67,1,-1.5810648411524002,-0.2583134497696007
Placed,1,CSE,7.26,2,1.604389279529124,-0.3387199942657885
Not Placed,0,ECE,6.09,1,-4.294376774540598,-1.2580217165353913
Not Placed,0,CSE,5.67,3,-0.8898073182500017,-3.4799407167010292
Placed,1,Civil,8.11,3,1.3366874041916637,-1.1894774633987601
Not Placed,0,CSE,7.97,3,0.5571631249828594,-1.805697482087627
Not Placed,0,Mechanical,7.85,3,-0.014288233813159112,-0.2372755217041585
Placed,1,CSE,9.05,0,0.5972972561724686,3.0177572665814236
Not Placed,0,IT,6.28,1,-3.4176758431396723,-0.7959378169733782
Not Placed,0,CSE,5.93,1,-3.2644707156915596,-0.7021369350143971
Not Placed,0,ENTC,6.75,1,-2.9165873679101484,-1.7822879894684114
Not Placed,0,ENTC,5.9,1,-1.6548734137447725,-0.7130978679588464
Not Placed,0,IT,7.18,1,-2.4097257479577703,-0.774454762885468
Placed,1,CSE,8.2,3,1.162747508580273,-0.8383499655050117
Placed,1,CSE,7.95,0,0.4048742878261394,1.595979629065292
Placed,1,ECE,8.57,2,1.4429619517739203,0.5271908515581144
Placed,1,ECE,8.02,2,1.961545161025036,-1.4496678202222277
Not Placed,0,ENTC,7.36,0,-0.581871484515645,1.37146580245402
Not Placed,0,CSE,7.25,1,-2.0246342393749717,0.10490366415834718
Placed,1,IT,8.07,2,3.5320109759579306,-0.5064083841462854
Not Placed,0,IT,6.4,3,-0.9864479313755415,-0.5162499288774536
Not Placed,0,Civil,5.0,1,-3.922327167290971,0.4069333176929711
Placed,1,CSE,8.03,3,0.2690922472517473,-1.1578939349807902
Not Placed,0,IT,7.9,3,0.16686647615669387,-1.1420491683854506
Placed,1,ENTC,9.03,0,0.7342474082695589,2.49274778780514
Placed,1,ECE,8.29,2,2.4245192271421963,-0.1655757917336328
Not Placed,0,CSE,7.96,0,-0.9751809023925625,1.3015391908488105
Placed,1,IT,7.43,2,3.533005589672912,-1.6602661255443438
Not Placed,0,ENTC,7.01,3,0.4846134343229764,-1.4996351217374622
Not Placed,0,ECE,7.46,0,-0.36698683618385974,1.6609045255982633
Not Placed,0,CSE,8.51,0,-0.6456721195455245,1.2628363490652987
Placed,1,CSE,8.09,2,1.5153982843231706,-0.45071317160964003
Not Placed,0,CSE,8.49,0,-0.4347976981550907,1.9670505197940278
Placed,1,ECE,7.79,0,-0.15454260015997573,1.4214581883461295
Not Placed,0,CSE,6.94,1,-1.3913430078062783,-0.40274628550413305
Placed,1,CSE,8.69,3,0.47671861767131885,-0.10680323824982699
Placed,1,CSE,8.61,2,2.5118309850199285,1.2396353168388559
Placed,1,Civil,7.86,2,1.161355531242653,0.16730150787543682
Placed,1,CSE,8.17,3,0.9364721259908401,-1.2077564072599962
Placed,1,CSE,8.13,2,1.7176770770518142,0.1949830399727042
Not Placed,0,CSE,7.3,3,-0.49265261821167,-0.777850270491818
Not Placed,0,ECE,7.48,0,-0.35945276857738057,0.7577149757671996
Not Placed,0,Mechanical,6.93,1,-3.5795014836704095,-0.11020090096258124
Not Placed,0,Civil,7.48,3,-0.24791271688886388,-0.5262441028592207
Not Placed,0,CSE,8.58,0,-0.7503668917537345,0.866122684891738
Placed,1,CSE,8.41,2,1.7749278517573752,0.7565292033599029
Not Placed,0,CSE,8.17,1,-2.1549814629226827,1.8368868241769085
Not Placed,0,ENTC,8.52,0,-0.6041049628302588,2.673103241296709
Not Placed,0,ECE,7.39,1,-2.1381857640827375,0.03021264507287444
Placed,1,CSE,6.7,2,4.41691585731859,-1.8479778207454869
Not Placed,0,CSE,7.57,1,-1.4411158547601322,0.38864301903769566
Not Placed,0,IT,7.63,0,-0.8298322966460339,0.6181205480482114
Placed,1,ECE,8.27,0,1.0814592634412727,0.8415792766064156
Placed,1,CSE,8.13,0,0.5526692730489697,0.39110381681842815
Not Placed,0,CSE,8.56,0,-0.02525116943522021,0.9824693100352127
Not Placed,0,IT,5.99,1,-4.448536144257387,-0.38375189217400824
Not Placed,0,IT,7.02,1,-3.0883810642448055,-0.5642323984741954
Placed,1,IT,7.62,0,-0.246206603406626,0.6227109747394725
Placed,1,ENTC,8.11,2,2.0624866193859805,-1.4146372747178906
Placed,1,ECE,9.48,0,1.3241527928477512,2.357493550796977
Not Placed,0,CSE,6.87,3,0.36264749739385727,-0.14902231605035635
Placed,1,CSE,7.1,3,-0.5552468813202771,0.027270451423804933
Placed,1,Mechanical,7.34,3,0.012175847599806363,-0.48668108900609797
Not Placed,0,Mechanical,7.07,1,-2.242838114712115,-0.5560527264349817
Not Placed,0,ECE,6.94,1,-1.4120129302901818,-0.4190748180372301
Not Placed,0,ECE,7.74,0,1.1083165403927886,0.36856009660285033
Not Placed,0,ENTC,8.54,0,-1.03169746957991,2.754662218785876
Not Placed,0,ECE,7.8,0,-0.6904931945595187,0.7076291212431453
Not Placed,0,CSE,6.97,0,-1.103602570960912,0.6985398501088882
Placed,1,CSE,7.53,3,0.662785077179081,0.07697895714828017
Placed,1,IT,6.82,3,1.4538981526191777,-1.3110679717656135
Placed,1,ENTC,8.54,0,1.123408553717589,1.9322558922035502
Placed,1,ECE,8.95,0,-1.72861005119244,3.1553017196833615
Not Placed,0,Civil,6.34,1,-2.243816264984206,-0.8735000490861135
Placed,1,IT,7.89,2,1.8117596429839977,-1.049302267206907
Not Placed,0,CSE,7.04,3,0.2287287329954329,-0.018410481893280192
Not Placed,0,ECE,7.75,0,-0.027065660345548814,0.8186805984836734
Not Placed,0,Mechanical,7.63,1,-1.9604006824006697,0.27830230231689207
Not Placed,0,Mechanical,6.56,3,-0.6192877258905758,-1.4855700644192955
Placed,1,IT,8.73,2,1.810873702441423,-0.25678012779537585
Not Placed,0,Civil,7.57,3,-0.1858314907998044,-1.049110200290515
Not Placed,0,Civil,7.3,0,-1.360099768395878,1.2231544281674858
Placed,1,Civil,7.8,2,1.646706865916068,-0.013820798565708347
Not Placed,0,ECE,6.96,3,-0.26147155504369685,0.053901645247695334
Not Placed,0,ENTC,7.54,1,-1.052333856564427,-0.8154292260892182
Not Placed,0,IT,6.14,3,-1.1054271349256697,-1.1652994297300974
Not Placed,0,CSE,5.7,1,-3.279289166636596,-1.940187754949297
Not Placed,0,IT,6.88,3,0.7895800452890607,-2.014161949893812
Placed,1,CSE,7.25,0,-0.8132108706158183,0.14239642390410448
Not Placed,0,Civil,6.21,1,-4.21772894998551,-1.4678799282729078
Not Placed,0,ECE,7.28,0,-0.45243869007448234,0.2810836371978895
Not Placed,0,CSE,7.25,1,-3.3202870381595315,-0.3214851672229818
Not Placed,0,ENTC,7.65,3,0.8513596560679879,-0.9326065955177695
Not Placed,0,CSE,8.22,2,2.013106025101091,0.4492118102856043
Placed,1,CSE,9.16,2,5.667183574022141,-1.3855929644260858
Placed,1,ECE,8.06,2,3.142622737146479,0.056078563087900136
Not Placed,0,CSE,6.86,3,0.5362221638991665,-3.2644934897577533
Not Placed,0,ECE,8.27,3,0.26360931129818893,-0.2023635383355221
Not Placed,0,ENTC,8.89,2,1.5565493902015557,-0.7020976055650973
Not Placed,0,CSE,6.75,0,-0.558530005662341,0.6422969538961775
Placed,1,CSE,6.8,2,1.6599700077934227,0.4006146099091957
Not Placed,0,CSE,6.49,1,-4.005327504123083,-1.339477475725581
Not Placed,0,Mechanical,7.22,1,-3.1740979679726062,-0.12675051303352347
Not Placed,0,CSE,8.02,0,0.2152178029350855,0.9148735314112958
Placed,1,ENTC,8.96,2,1.9803808435181882,0.07379568753936554
Placed,1,ECE,8.46,2,2.469085638207069,0.8674050995090308
Not Placed,0,IT,8.03,1,-1.650653982781672,-0.8067723474247638
Not Placed,0,CSE,7.74,1,-2.264385589090894,0.6131813716088655
Not Placed,0,IT,8.03,0,-0.016410958769014116,0.9800726676873196
Not Placed,0,IT,8.08,0,0.2515584131120401,0.44977455546867745
Placed,1,CSE,8.81,0,0.8692210345878153,2.2475908307101875
Not Placed,0,ECE,7.68,0,0.638565282173045,2.0304411735994132
Not Placed,0,ECE,7.92,0,-0.5955782708675423,0.45648230843305
Placed,1,CSE,7.35,3,1.7569931251200985,-1.3079908488179008
Placed,1,CSE,7.8,3,0.7456483909718472,-0.033903698614985454
Placed,1,CSE,7.48,0,-0.37090201029401926,0.974910663701813
Placed,1,Mechanical,6.69,1,-1.470627828943168,0.44789076111814075
Not Placed,0,Civil,8.44,3,1.5828457778733107,-1.5887106385890686
Placed,1,ENTC,8.97,2,2.6224369051477554,0.4233650680936051
Placed,1,CSE,7.67,0,1.0109715142818474,1.372867145391309
Placed,1,Mechanical,7.98,2,1.7555758218574722,0.7403172657186923
Placed,1,ENTC,8.43,0,1.5382421136473217,1.4410413951491075
Not Placed,0,IT,7.58,3,0.4555412701548089,-0.0777596990820352
Not Placed,0,CSE,7.86,0,-2.0111753234429974,4.005598651826516
Placed,1,CSE,7.52,3,-0.8042177195861359,-0.45472079138801197
Not Placed,0,ENTC,7.23,3,-0.1570525947213317,-1.21650992381515
Placed,1,CSE,8.14,3,1.4681897733733686,-1.6121518612121504
Placed,1,CSE,8.14,0,0.06672022122382398,0.3132408186456655
Not Placed,0,CSE,8.48,0,-1.1643636404465847,0.547175172251959
Not Placed,0,CSE,7.7,0,0.5916680642892421,0.4952856976452316
Not Placed,0,ECE,6.68,1,-3.023185312533137,0.8046555965175639
Placed,1,CSE,8.64,2,2.2641782887326785,1.2904274899835357
Not Placed,0,CSE,7.08,0,-0.5769541374293794,1.1933580836506206
Not Placed,0,ECE,7.06,1,-2.1571529880565428,-1.6827705608173475
Placed,1,Civil,7.25,2,3.4679757559167292,-0.9587077843225525
Not Placed,0,IT,6.22,3,1.066959780629291,-0.959084989132318
Placed,1,CSE,7.52,0,0.8360038038297635,1.5361449843452433
Placed,1,CSE,8.23,2,2.8624166845498,1.4918823487278547
Not Placed,0,IT,7.33,1,-1.582038168785377,-0.32261945867365804
Placed,1,Mechanical,8.84,0,0.7168609595347741,2.0220744888746562
Placed,1,Civil,8.78,3,1.3149512095111549,0.08785449734709436
Placed,1,CSE,8.46,2,4.16873481150503,-1.005865392381844
Not Placed,0,CSE,6.06,1,-3.832493335614129,0.309296775284053
Placed,1,IT,8.92,2,1.271675717365292,0.20689678287505955
Not Placed,0,ECE,7.5,0,-1.3960264824087554,1.2590497698958807
Placed,1,IT,9.13,2,2.221547773640934,1.9621221971626983
Not Placed,0,CSE,7.19,1,-2.5357131612497046,0.5978307768583423
Placed,1,IT,7.58,0,0.9901965038878835,0.5798046956093408
Placed,1,ECE,7.78,2,2.228888172802758,-0.3294532039524821
Not Placed,0,Mechanical,6.91,1,-2.1939264407641654,0.23945422952330536
Not Placed,0,IT,6.32,1,-2.219560409093415,0.9463949720785249
Not Placed,0,ENTC,5.66,1,-2.07752307583938,-1.8568991139301754
Placed,1,ENTC,10.0,2,3.8549613992711422,0.7676929787774937
Not Placed,0,IT,6.28,1,-1.7924997531777003,-0.3733305743796991
Not Placed,0,Mechanical,6.29,3,-0.5970819501384577,-2.981422283720057
Not Placed,0,ECE,8.19,3,1.1931919229055996,-1.664679018798656
Not Placed,0,CSE,6.49,1,-4.591585516751916,-1.4273492304533701
Not Placed,0,ECE,6.33,0,-0.6536582761953229,2.150738413143426
Not Placed,0,CSE,5.26,1,-3.7507095143573954,-0.8536464417387277
Placed,1,IT,7.95,0,1.5903784200181943,1.2201998058400103
Not Placed,0,CSE,6.79,3,1.1101990749934134,-3.1654335283348516
Not Placed,0,ENTC,8.25,3,-0.26320513754949026,-0.42364356726123553
Not Placed,0,Mechanical,7.64,3,0.10201984662712778,-0.08388611894224497
Not Placed,0,CSE,7.77,3,-0.7577942159813477,-0.00647279629298415
Placed,1,CSE,7.31,2,2.71626187883428,1.4192967782904387
Not Placed,0,IT,7.47,3,0.5469190634373631,-1.2424766009560433
Not Placed,0,Civil,6.94,1,-2.44693317220348,0.09290054507244365
Not Placed,0,CSE,7.02,1,-2.2798489589563506,1.4808074845338999
Not Placed,0,Mechanical,6.77,1,-1.8793012912409797,-0.9144542447383995
Placed,1,IT,8.99,0,0.25169016227790475,1.686255581798446
Not Placed,0,IT,7.36,0,-0.4832227300883287,1.1118725972030423
Not Placed,0,CSE,5.77,1,-3.1935942280112033,-1.6823836689036402
Not Placed,0,CSE,7.92,1,-1.5683320185281848,-0.5900467174939688
Not Placed,0,CSE,7.02,1,-1.5381724279925453,-0.08409969628167041
Placed,1,Mechanical,7.66,2,1.5589113755651074,0.28495793583304807
Not Placed,0,CSE,7.47,1,-1.9966535744553493,0.026086446300525083
Placed,1,IT,8.97,2,3.9134754248256622,1.2359443782717126
Placed,1,ECE,7.37,3,1.1327462589746942,-0.6085770190745668
Not Placed,0,CSE,8.39,0,1.218742755877129,0.447608226210619
Not Placed,0,ECE,8.3,2,1.4911422555740772,0.4564337297737784
Not Placed,0,ENTC,6.54,1,-4.035161860481758,-1.2625851587654946
Not Placed,0,Civil,7.86,3,1.4618551012684438,-1.289124014430571
Placed,1,CSE,7.06,2,2.605569424102172,-0.12619014684750127
Not Placed,0,CSE,6.67,3,-0.3199426568989414,-0.7839127564714112
Not Placed,0,CSE,6.68,1,-4.28023852110325,-1.2572068506793042
Not Placed,0,CSE,8.4,2,1.2934057672924675,-0.04886667132311865
Placed,1,CSE,9.95,0,1.4762999887613255,2.592451735545926
Not Placed,0,IT,7.02,3,0.30738824216385074,-0.7265835546133854
Placed,1,CSE,7.88,3,0.7337414991910237,-0.15602935421703373
Placed,1,Civil,7.96,0,0.6316295772631177,3.28857786803336
Not Placed,0,Mechanical,7.25,1,-1.0995228087802849,-1.063680069564634
Placed,1,IT,8.9,2,1.4848370036014178,0.549950270052683
Placed,1,Civil,9.57,2,5.044499361104477,1.097214576207217
Not Placed,0,ENTC,7.19,3,0.7452432330377576,-0.6697742170516436
Placed,1,IT,9.17,0,0.7390317471676993,2.5426123128081164
Not Placed,0,Mechanical,7.24,1,-3.653626263150134,0.29430169363664654
Not Placed,0,Civil,6.88,3,1.605470404782126,-2.0116514959601215
Not Placed,0,ECE,7.58,1,-2.1536967792824058,1.239551772284044
Not Placed,0,ENTC,8.44,0,-0.8195945609688992,1.699153038453281
Not Placed,0,CSE,7.61,0,-0.9023685796914943,0.8459690671241421
Placed,1,CSE,8.33,0,-0.7224780825978517,1.028888161385571
Not Placed,0,ENTC,7.89,1,-2.4010355530796974,1.977956397635766
Placed,1,CSE,8.85,3,0.929733301221393,-0.530626987574572
Placed,1,CSE,8.15,0,-0.40218237739518753,1.7216251804182534
Placed,1,ECE,9.0,2,2.610204259235631,0.03063480066855603
Not Placed,0,ENTC,6.97,1,-1.426667698655766,-0.827864695568507
Not Placed,0,ENTC,7.53,2,1.861943716254439,0.4298691115921686
Not Placed,0,IT,7.7,0,0.968835355580668,0.1589533794337673
Not Placed,0,CSE,6.97,3,-0.20352933356537778,-0.3879616588094976
Not Placed,0,IT,6.84,1,-2.860708378574065,0.3720316442807557
Not Placed,0,ECE,8.02,0,-0.6657936845671636,1.4946640010647672
Not Placed,0,CSE,8.27,3,-0.43270041879206206,-0.868999351670578
Placed,1,Civil,7.8,2,2.3057769508857477,0.6857486623245621
Not Placed,0,ECE,8.6,3,0.09388136643235409,-0.05609578295175927
Not Placed,0,CSE,6.76,1,-1.364333891759007,0.14618156534472482
Not Placed,0,ENTC,7.37,3,-0.10188808928798868,-1.3228884438966015
Not Placed,0,IT,6.7,1,-4.532880882825877,-0.02918153906551168
Placed,1,IT,7.82,0,-1.324238907797209,1.1945960059558194
Not Placed,0,IT,8.11,3,-0.2262319053212566,-0.12511159300157526
Placed,1,ECE,8.84,0,1.187278868066765,1.4030413404779427
Not Placed,0,Mechanical,6.7,0,0.6206510293825451,1.25134638786106
Placed,1,CSE,8.02,3,1.3434003190288633,-0.6506451635026012
Placed,1,ENTC,8.92,2,1.986399334048426,0.8772993273979441
Not Placed,0,IT,6.85,1,-1.7421201678637015,-0.15942451433544727
Not Placed,0,CSE,6.65,3,0.16744934640990017,-2.4453951735201866
Not Placed,0,ECE,6.45,1,-2.934257460067769,-0.39489074548207265
Placed,1,ENTC,8.23,3,0.8629689655775076,-0.5771187855692858
Not Placed,0,Civil,7.08,3,-0.7726106508459417,-0.6215591699344899
Not Placed,0,ECE,8.11,3,0.6021173096957673,-1.1606491349370665
Not Placed,0,CSE,7.52,1,-1.5391198719362895,0.061826838537687924
Placed,1,IT,9.23,2,2.2159595167775707,0.718337517883006
Not Placed,0,CSE,8.37,2,2.185177108555426,-1.2397842482703594
Not Placed,0,Mechanical,7.02,3,-0.6546223534528415,-1.4147938036072025
Not Placed,0,ECE,7.44,3,0.27030686366754886,-1.537910890355967
Placed,1,CSE,8.37,0,1.1847563703541106,1.6571256109084904
Not Placed,0,CSE,6.79,1,-0.9951873349308528,0.35600798593630206
Placed,1,IT,8.7,0,0.9431184658975541,2.2773378201640293
Placed,1,ENTC,7.49,0,1.2314555270283651,1.4989790552636704
Placed,1,CSE,8.39,0,-0.32818891616132456,1.574251051846367
Not Placed,0,Civil,7.53,0,0.0962005328833959,0.42650653947875816
Placed,1,CSE,7.25,3,0.32583763016043044,-0.19677617395164687
Placed,1,ENTC,7.12,3,0.7076293617604852,0.026154459929545484
Placed,1,IT,9.17,2,2.56295687686426,-0.09179068816742095
Placed,1,IT,7.45,2,3.0224833916369493,-1.1411993168641628
Placed,1,CSE,10.0,2,3.559289220394461,0.8022677376611174
Not Placed,0,IT,7.83,0,-1.7154749179050321,2.0355742796580323
Not Placed,0,Civil,6.98,1,-1.893398511424626,-2.66071566159557
Not Placed,0,ENTC,6.35,1,-4.368099241453361,-0.8696688313713218
Placed,1,CSE,8.75,0,-0.99718256041515,2.5722505671433322
Not Placed,0,CSE,7.54,1,-0.9947353891822458,-0.16262763497782756
Placed,1,CSE,8.4,2,1.9204049130854013,0.861037401593554
Placed,1,ECE,9.67,0,0.33972356010254906,2.3435982721276427
Placed,1,IT,8.27,2,3.0000510447209208,-1.6254866099296417
Placed,1,CSE,7.99,0,0.5515579734752715,0.7781216301439736
Placed,1,IT,8.74,2,2.5779759615073226,1.1387293375780514
Not Placed,0,Mechanical,8.38,2,2.1071943941845532,-1.8198480476182808
Not Placed,0,CSE,6.63,3,0.4542588528488938,-0.627657331095159
Not Placed,0,ECE,8.83,3,0.6372351883796001,-0.38334391766633963
Not Placed,0,Mechanical,7.66,1,-1.391493722252016,-0.00849058479996209
Not Placed,0,CSE,9.01,1,-1.5137763371891262,0.4971545201499954
Placed,1,IT,8.13,0,1.0315175839853088,0.8299739196783407
Not Placed,0,CSE,8.71,0,0.5475644807487423,0.9258689412145735
Not Placed,0,ECE,7.51,1,-1.5235391400964222,0.17608802424808762
Not Placed,0,CSE,6.41,3,-1.2885115134751601,-2.169462961624957
Placed,1,IT,8.18,2,1.7443147097011094,-1.2226292678146171
Not Placed,0,IT,8.53,0,-0.7993436483379028,0.40494406990527265
Placed,1,ECE,7.23,3,-0.2349052028579389,0.15483026204917608
Not Placed,0,ENTC,7.53,1,-2.496174621628059,0.9953217221162596
Not Placed,0,IT,5.82,1,-2.8891548032493697,-2.6335691064928826
Placed,1,ENTC,7.57,0,-0.425545793888817,1.666327719304069
Not Placed,0,CSE,6.64,3,-0.2851872568775503,-2.8067284335516223
Not Placed,0,IT,8.14,3,-0.6127753791736482,-1.01262163247667
Not Placed,0,CSE,7.98,0,-0.6369043202518879,0.9300473866310912
Not Placed,0,ENTC,7.71,3,-0.32758653500563045,-1.3138150290268173
Placed,1,ECE,8.82,0,1.0876784218820117,0.7736812600643339
Not Placed,0,CSE,7.9,1,-1.411909570216048,-0.6476673230337004
Not Placed,0,CSE,7.86,0,0.6552610743289929,1.2204014930017786
Placed,1,CSE,7.97,1,-1.4400948356655183,0.022185144393384548
Not Placed,0,CSE,7.2,3,-0.38363387374881613,-0.5154937483999753
Placed,1,CSE,8.54,2,1.5722308249777488,-0.032000610180648016
Not Placed,0,CSE,6.92,3,1.1455192643792005,-2.1973537379265977
Not Placed,0,CSE,8.06,0,0.86113077098722,0.28043824853028443
Not Placed,0,IT,8.74,0,-0.3731421440728919,1.4578957943985529
Not Placed,0,CSE,6.83,1,-4.019998972203217,-0.22692263266544208
Not Placed,0,IT,6.56,1,-3.359055722497637,-1.1665822366319833
Not Placed,0,ECE,6.81,3,-0.5987922582494248,-2.0028028711004424
Placed,1,CSE,9.24,2,3.1288052636784562,0.6492570078504991
Not Placed,0,ECE,7.18,3,-0.3817511257475306,-0.3266314614948672
Placed,1,IT,6.68,0,-1.684835401201119,1.6223443174675496
Not Placed,0,CSE,8.01,0,1.3271857944719778,0.931809044129416
Not Placed,0,IT,5.38,1,-4.549805749126288,-0.9592134435714534
Not Placed,0,IT,6.89,3,-0.5102941136874922,-0.2948678204362908
Not Placed,0,ENTC,8.9,2,2.3534198980392738,1.0942124075406474
Not Placed,0,IT,6.89,1,-2.0022620144506607,-0.8183153508113843
Not Placed,0,IT,7.48,3,0.484584352622945,-1.1776302642897618
Placed,1,CSE,7.95,2,3.0746586374533247,-1.560774862692048
Not Placed,0,CSE,7.95,0,0.6636169597570095,0.0722942779012383
Not Placed,0,Mechanical,7.25,3,0.18597196094269672,-1.3546226372918186
Not Placed,0,Civil,8.16,1,-3.247637043258988,1.3865514176235447
Placed,1,CSE,8.93,2,2.09432068060455,-1.394512067991659
Not Placed,0,IT,6.8,3,-0.42020307320161826,-2.2440588280871396
Not Placed,0,CSE,7.29,3,-0.759322651119153,-0.4508727283154114
Not Placed,0,CSE,7.61,2,1.9744610412286254,-1.5582373822421236
Placed,1,CSE,8.29,3,0.762988094095905,-1.1373104847440296
Not Placed,0,IT,7.73,3,0.1491977708349204,-0.42258629544811377
Placed,1,IT,7.59,0,0.9953380917854181,0.6111469680811673
Not Placed,0,IT,6.38,1,-1.8685427882705947,-1.8788002761325215
Not Placed,0,CSE,6.74,1,-3.1554127912520546,-0.5722246059329174
Not Placed,0,ECE,7.86,0,0.005030614850996117,0.4802972899784376
Not Placed,0,Mechanical,7.26,3,-1.198303866811566,-1.3825221682558608
Not Placed,0,CSE,7.41,0,0.25253183507238064,0.5246987077265576
Not Placed,0,ENTC,7.65,0,-0.9617015698859944,0.8601256551452205
Placed,1,CSE,9.69,2,4.948274773613145,1.1496209775157338
Placed,1,IT,7.28,0,0.48211848422728887,1.1130903951538198
Placed,1,ECE,8.88,2,3.2036330639932653,1.3936555708879916
Placed,1,IT,8.82,0,1.5067158316336753,1.2535557050542594
Not Placed,0,Mechanical,8.38,0,-0.10884990105695816,1.758337284600925
Not Placed,0,Civil,6.98,1,-2.169045904437843,0.8864721855280396
Placed,1,IT,7.82,0,-0.5604639001775668,2.6017391561802685
Not Placed,0,IT,7.37,1,-1.139912365956191,0.5623544357947559
Placed,1,IT,9.41,0,-0.6318820065772232,2.5533548792495484
Placed,1,Mechanical,8.05,0,0.9978043136143985,0.3270241997579949
Not Placed,0,IT,7.52,3,-0.10681438494725809,0.059403046431216695
Placed,1,ENTC,9.22,0,2.1324147131336852,2.966836122840145
Placed,1,CSE,7.4,3,1.3423830763701263,-1.5385690448684388
Not Placed,0,ECE,8.17,0,0.987954727759623,2.3381326460892757
Not Placed,0,IT,8.3,3,0.10813643398096873,-0.12850147650523214
Not Placed,0,ENTC,8.0,0,0.3233049269959826,0.7522007214606832
Placed,1,ECE,7.61,0,1.2239681390492672,1.4694057420883018
Not Placed,0,IT,8.41,1,-1.8599880260725827,0.9685728936634527
Not Placed,0,CSE,7.16,1,-3.7823004707908794,0.1839962139115711
Placed,1,CSE,8.65,2,1.9009366561000827,0.30037728337462055
Placed,1,CSE,7.46,3,-0.30920709283188785,-1.0509729494134317
Placed,1,ENTC,8.84,2,2.4166075649591034,-0.6274686683689744
Placed,1,CSE,8.59,0,1.056218932357015,0.7318528217645791
Placed,1,Mechanical,8.17,2,4.01006511460059,-0.9987762344572724
Placed,1,IT,7.62,2,1.9986316526983328,-0.24544503288901617
Not Placed,0,Mechanical,8.64,1,-2.2309855938637817,1.2189581825374252
Not Placed,0,Mechanical,8.19,0,-1.2160355961899187,0.790899472329268
Not Placed,0,ECE,5.0,1,-3.9300265172040656,-0.8056084666436193
Not Placed,0,Civil,7.0,3,-1.4091081352307986,-2.066502148599605
Not Placed,0,CSE,7.84,3,0.1388312105829955,-0.30171566653919285
Not Placed,0,ECE,7.94,2,2.5140602887987367,-0.5162427620264632
Not Placed,0,IT,8.3,0,0.056907106138781874,0.9279632807247277
Not Placed,0,CSE,9.02,0,0.2616335017575151,1.9803089854916032
Not Placed,0,CSE,8.2,3,-0.5556247309939216,-0.29174724566981214
Not Placed,0,Mechanical,5.93,1,-2.8859556175119265,0.29534386834056225
Not Placed,0,Civil,7.87,3,-1.9035876384849066,-2.8344693538965857
Placed,1,CSE,8.73,2,3.4622537969422837,0.8802351972372988
Not Placed,0,Mechanical,7.79,3,0.7497490882449902,-3.2832570993312378
Placed,1,ENTC,7.87,3,1.4542837347886393,-0.994028502564459
Not Placed,0,ENTC,7.28,1,-2.782928720779924,0.11897069243731102
Not Placed,0,IT,8.51,3,1.3164729567000497,-0.6635489414667232
Not Placed,0,CSE,7.4,3,-0.27615566187308804,-2.182446914839338
Placed,1,CSE,8.2,2,4.9629397289089265,-0.548036034350872
Placed,1,ENTC,8.06,2,1.4930498787393833,0.6867316227403791
Placed,1,ECE,7.75,0,0.5198873175134934,0.5472611869433213
Placed,1,ENTC,8.11,2,2.4085882221800237,0.5891144713103759
Placed,1,Civil,7.87,0,1.150239611208575,0.7053692507235797
Placed,1,CSE,8.79,2,2.5893169543744476,-0.4533286652311872
Not Placed,0,ENTC,8.28,3,1.140771040637028,-0.6854918422039591
Placed,1,CSE,8.58,0,1.1697946128151102,0.6078946567066217
Placed,1,ECE,7.05,0,-0.7241314963143723,1.1690405719554655
Placed,1,CSE,7.0,0,0.7191847553386168,0.2375196290383537
Not Placed,0,Civil,7.75,0,-0.9274471303047442,1.33859776439163
Not Placed,0,ENTC,8.34,0,0.8245637641554049,1.0385927067209533
Not Placed,0,ENTC,8.15,2,1.439977717327928,-0.027259458931044474
Not Placed,0,CSE,7.06,0,-0.720954121387351,1.0068908460778732
Not Placed,0,CSE,8.36,2,1.6878817078589683,-1.2266238351271166
Not Placed,0,Mechanical,7.17,0,-1.0106995628602098,0.6000288240863871
Placed,1,Civil,8.27,3,0.07454030712794579,0.04518734344634203
Placed,1,Civil,7.94,2,2.1617615850531346,-0.8029100747002101
Not Placed,0,ENTC,7.51,1,-1.8199645281640862,0.1436881304494571
Not Placed,0,ENTC,7.24,1,-2.187674711336798,0.7240568244353262
Not Placed,0,IT,7.81,0,0.08372984488731736,1.1515532101657264
Not Placed,0,ENTC,7.77,1,-1.4510110915672203,0.7368598667914102
Placed,1,CSE,6.81,3,1.6429895689180356,-2.187905638887971
Not Placed,0,Mechanical,8.21,0,-0.7787447819637829,0.4088988689278207
Not Placed,0,IT,8.68,0,-0.8707350891955766,0.9324658871249342
Placed,1,Civil,8.43,2,1.2441276749940406,0.1249095148033664
Placed,1,CSE,7.97,2,2.6658403924711447,-0.07137589400473822
Not Placed,0,IT,7.32,1,-1.512064077433972,0.18501988509227862
Not Placed,0,ECE,7.81,0,-0.5402231850828584,1.0956445629776723
Placed,1,ECE,7.59,0,1.1674847865826414,0.8400647084505711
Placed,1,ENTC,7.81,2,3.0972102384596223,-2.1302210814280205
Placed,1,ECE,8.5,0,-0.3109647735860909,1.2412035561659853
Not Placed,0,CSE,7.61,0,-1.3654178192720168,1.04954157368997
Not Placed,0,IT,6.14,1,-4.2497923518151515,-0.27327381011507934
Not Placed,0,Mechanical,8.38,3,0.11200287320542741,-0.20737817672425315
Placed,1,Civil,8.04,3,0.8076440897539668,-1.4511937813260836
Not Placed,0,ENTC,7.83,2,2.2582381819995665,-0.6891517431491835
Placed,1,IT,6.7,3,0.22418827623205045,-0.15837127705018655
Not Placed,0,ENTC,6.99,1,-1.742882032833379,-1.0772488992856224
Placed,1,CSE,7.09,3,0.70634326456438,0.029526442598433327
Not Placed,0,Civil,7.2,3,0.8283754079779914,-0.05077684623082976
Not Placed,0,IT,7.28,1,-2.288455251919922,0.21877266472925552
Placed,1,IT,6.7,0,0.4665703272198919,0.88521259196941
Placed,1,IT,9.53,0,-0.7729084536223069,1.1882718206763545
Placed,1,ENTC,8.98,2,2.171655713392833,1.527215753097914
Placed,1,ECE,7.94,2,3.4620833461126104,-0.010709904034966921
Not Placed,0,ECE,7.67,0,-1.0852332397703404,1.0231864322110924
Placed,1,CSE,9.25,2,2.3471603752079875,1.670370375049581
Not Placed,0,Mechanical,9.08,2,1.6062663560685084,0.14861950419374348
Placed,1,CSE,7.07,2,2.3286708189602714,-1.5143175179638753
Placed,1,IT,7.91,0,-0.438519407372978,0.3458764122703546
Not Placed,0,ENTC,7.54,1,-1.7245292879227858,-0.5149965231239088
Not Placed,0,CSE,7.47,3,0.4171551403860967,0.02707254341698773
Placed,1,ECE,7.56,2,1.967365679791312,-1.6005545470594555
Not Placed,0,CSE,7.63,3,0.6162615586448311,-0.14051818484913153
Placed,1,ECE,7.88,2,1.9964385310267305,-0.17747186282934252
Placed,1,IT,7.88,2,2.7621798834888627,-0.3952310950587379
Placed,1,CSE,8.92,2,2.411473855997341,0.511893700653861
Not Placed,0,CSE,7.01,3,-0.562351397928907,0.05967673551037621
Placed,1,ENTC,8.52,0,0.42663854998330814,0.4732206740826644
Not Placed,0,CSE,6.79,3,-0.32044487308695424,-2.09375558161636
Not Placed,0,CSE,7.9,0,-0.9009107283911457,0.9285877359276503
Not Placed,0,CSE,8.59,2,1.673034945390198,-1.19329173803936
Placed,1,CSE,8.18,3,0.327154471294923,-0.2741960496932986
Placed,1,IT,7.43,2,1.1675281989718456,0.03494965458119917
Not Placed,0,ECE,7.94,1,-1.299639736729564,-0.37224405630133584
Placed,1,CSE,9.1,0,1.628923658328425,1.7998569253051626
Not Placed,0,CSE,7.2,1,-1.4498659446583153,-0.1802686554771873
Not Placed,0,CSE,8.18,2,2.0805712433181665,-0.6547225871731199
Not Placed,0,CSE,8.52,2,2.2361354128595434,-0.0044005391256330415
Not Placed,0,ECE,7.37,3,0.5127533211228045,-2.515422384346341
Placed,1,ECE,9.18,2,3.4118724744519953,0.6214610759440284
Not Placed,0,ENTC,9.46,0,1.0253144474496036,1.5813595872999169
Placed,1,CSE,8.63,2,3.5449083457958794,-0.3270779402242948
Placed,1,CSE,8.63,0,-0.2457899894142285,0.048598494711661215
Not Placed,0,IT,6.23,3,0.22030447700527098,-1.9714534048496617
Not Placed,0,CSE,6.58,1,-2.7156210154710227,0.17061201214980565
Placed,1,Mechanical,7.63,2,2.4514215780145374,-0.11984626461617441
Not Placed,0,IT,7.14,1,-2.3593660011988336,0.8527648108214362
Placed,1,IT,8.23,0,0.40056789058023984,2.442470180436791
Not Placed,0,ECE,5.28,1,-3.201158586427173,-2.2583159940468995
Placed,1,CSE,8.23,0,0.08386334159211681,0.4364043394814531
Not Placed,0,Mechanical,7.55,3,0.6183177503729448,-1.954727890261721
Not Placed,0,IT,7.24,1,-3.1218116596866268,0.9862085892500919
Placed,1,Mechanical,9.32,2,3.7605023609732147,1.0565794765170335
Placed,1,ECE,7.44,3,0.23556550855769934,-0.6842430029328107
Not Placed,0,ENTC,6.33,1,-2.45665442440467,1.1614364485465247
Placed,1,CSE,8.09,0,-0.29948891998321797,1.1550133030073984
Not Placed,0,CSE,8.02,0,-0.44337156444988307,0.625199826150713
Not Placed,0,IT,7.55,1,-0.9251578029994998,-0.02298185388464196
Placed,1,ENTC,9.7,2,4.056506494697824,0.4964600271184463
Not Placed,0,IT,7.88,0,0.21983966786580547,0.36789279262495267
Placed,1,CSE,8.56,0,0.38740885066812764,0.09408059197556506
Not Placed,0,CSE,7.97,3,-0.7475395747323657,-0.4231706415450071
Placed,1,Mechanical,8.78,2,4.305080021041224,-0.52121004390408
Not Placed,0,CSE,7.42,3,-0.5226417818172147,-0.8051031359318709
Not Placed,0,CSE,6.8,1,-3.032149812323483,-0.7660081436410165
Not Placed,0,ENTC,8.35,3,0.6771323695683883,-0.7827335708760578
Placed,1,Mechanical,7.95,2,1.8833578838426617,-0.07661743741374961
Not Placed,0,ENTC,8.38,3,-0.3208627306366403,-0.5600886071981203
Placed,1,CSE,7.18,2,1.6522710163175236,-0.4421417965160793
Not Placed,0,IT,8.11,0,-1.6818745349372535,1.8063705260636211
Not Placed,0,IT,6.34,1,-2.398262685483336,-1.0950371864360955
Not Placed,0,CSE,7.29,1,-1.047998124227336,-0.4463552835115855
Not Placed,0,CSE,7.1,3,1.0020836650218512,-2.1846047553874803
Placed,1,CSE,8.12,2,2.429737565648049,-0.6146976236250139
Not Placed,0,CSE,7.29,3,-0.1946205570407961,-1.1624288834531362
Not Placed,0,CSE,6.53,1,-2.146357469385746,-1.6701954849883482
Placed,1,ECE,7.22,3,1.6429134049096017,-1.946847135937125
Placed,1,IT,8.21,3,1.1410104314556209,-0.2975814996652318
Not Placed,0,Civil,7.81,3,0.20079186626521114,-1.9885875703057903
Placed,1,ENTC,7.07,1,-1.4842609559862827,0.08681377563989606
Placed,1,CSE,8.41,0,1.247173219318532,0.6294643061144953
Placed,1,CSE,9.03,2,3.762362753750464,-0.9130424900828156
Placed,1,Civil,8.47,3,1.3366449687867492,-1.2685902710038055
Not Placed,0,Civil,5.74,1,-1.4829465369523382,-0.15545546746986358
Not Placed,0,CSE,7.9,3,0.5001193574499285,-1.8517679884731102
Not Placed,0,IT,7.58,1,-1.5703897878536817,0.21028542895480737
Not Placed,0,Civil,5.97,1,-2.309051685108526,-2.517346815808965
Not Placed,0,ECE,6.6,3,-0.9347805168306476,-1.0499783688821347
Placed,1,ECE,8.38,2,2.2761636642383887,0.9562293757118466
Placed,1,CSE,7.86,2,2.1392361484269826,-0.3139463288882662
Not Placed,0,ENTC,7.77,0,0.4443631609250494,0.13892315642722056
Not Placed,0,CSE,7.15,1,-1.640308061841087,-1.2896577668708962
Not Placed,0,CSE,8.62,0,0.33481001853089115,0.9075870927014205
Not Placed,0,ENTC,6.65,3,-0.4753895353678286,-0.8978725186221892
Not Placed,0,CSE,6.95,3,0.19308836491099735,-0.9716836522666187
Placed,1,CSE,7.43,2,5.781779222050804,-1.1726580469231263
Not Placed,0,ECE,6.4,3,-0.09210763105367628,-2.0433528706062885
Not Placed,0,ECE,6.95,3,-0.8776212076171682,-1.3267381441218855
Not Placed,0,Civil,8.6,0,0.8723908703546553,1.20157437335574
Not Placed,0,CSE,6.98,1,-2.250176210770671,0.8594419560310407
Not Placed,0,CSE,8.36,1,-1.7716125726203134,0.8356158970587829
Placed,1,CSE,8.24,0,-0.08948992272145465,2.285275913462392
Not Placed,0,CSE,7.56,1,-1.4388177193367373,-0.24589025802718495
Placed,1,IT,6.49,3,0.011816907549665226,-1.2762079305398384
Placed,1,ECE,7.75,3,-0.09083670582699632,-0.8397639970430852
Not Placed,0,CSE,5.91,1,-3.187976038597718,-0.2830049764015744
Placed,1,CSE,7.25,3,-0.37986611283928057,-0.1885002950491327
Placed,1,IT,7.91,0,0.2769125090496114,1.5211041223329085
Placed,1,CSE,8.44,3,-0.1319150431642624,-0.7006856122306724
Placed,1,IT,7.57,0,-1.2223715445488315,0.9841092484538959
Not Placed,0,ECE,7.18,1,-3.6012837519296053,0.5819580766785151
Not Placed,0,CSE,7.12,1,-2.5494502684271154,-0.4751489842995884
Not Placed,0,Mechanical,7.3,1,-2.456559120378444,-0.21216959113532868
Not Placed,0,CSE,8.23,3,0.6763671730101204,-1.3504514439903295
Not Placed,0,ENTC,8.0,2,2.3022194475418534,-0.4584713159490908
Not Placed,0,Mechanical,7.68,1,-1.9365485355076297,1.6460428558942954
Placed,1,Mechanical,8.24,2,2.3267701748919483,2.0261942986873183
Not Placed,0,Mechanical,7.7,3,1.8222211037187774,-2.7308766339850847
Not Placed,0,CSE,6.57,1,-2.7179224838242257,-0.6247306813383096
Not Placed,0,CSE,6.76,1,-3.4292927549349352,0.7411629534229879
Placed,1,ECE,8.21,2,2.173614524680136,-0.35988094082517447
Not Placed,0,CSE,6.53,1,-2.201346116007252,-2.00870143488157
Not Placed,0,ECE,7.38,3,1.3665312914268437,-1.3039561427646735
Placed,1,ECE,7.6,3,0.30975612545506703,-0.9893810015973319
Not Placed,0,IT,6.82,3,0.7821665682556133,-0.9123327407415528
Not Placed,0,IT,6.28,3,-0.5121712460228085,-2.0201564072800697
Not Placed,0,ECE,6.7,1,-1.9585979712059025,-1.4431535463199578
Not Placed,0,ECE,6.16,1,-2.5918279934197517,-1.138253685858336
Not Placed,0,ENTC,8.22,0,0.2672303847492076,2.101445793123439
Placed,1,ECE,8.04,0,0.8554065454450566,0.32345962929796707
Not Placed,0,IT,7.05,1,-1.0493425041581088,-0.0021025748091137754
Placed,1,IT,6.54,0,-0.47906249663562633,0.3007852470455359
Placed,1,CSE,8.69,2,1.5311923836198522,0.8593262973806193
Placed,1,CSE,8.07,2,3.870109279905683,-1.8129834303466512
Not Placed,0,ENTC,7.17,2,2.938926334700978,-2.1653317129422303
Placed,1,ECE,8.71,3,1.22662972051937,-0.23214497986876972
Placed,1,Mechanical,7.82,2,3.3483223660426558,-0.6124947542328492
Placed,1,CSE,7.97,2,3.0869142352207892,-1.5932722216892488
Not Placed,0,CSE,6.81,3,-0.9856417975324464,-0.8819112785855372
Placed,1,CSE,6.41,3,-0.36997196044938396,-1.3355527015817514
Not Placed,0,IT,6.37,0,-0.925441658149274,0.8962365913591637
Placed,1,IT,9.47,2,5.611571825662759,0.23973840758708687
Not Placed,0,CSE,7.0,1,-2.978322463330702,-1.1602878031951573
Not Placed,0,CSE,7.76,0,-1.3479333104246083,2.1646653709823376
Placed,1,IT,8.09,0,1.2151511718616739,1.7175474243328555
Not Placed,0,ECE,7.68,0,-0.7379184335711672,1.0323743200817483
Not Placed,0,ECE,7.57,1,-2.4421116483070704,0.13467816822365916
Not Placed,0,IT,7.55,3,0.22782587009952268,-0.12694574358821206
Not Placed,0,ECE,8.11,3,-1.1364341770962996,-1.250347252616108
Not Placed,0,IT,6.82,1,-1.7584516770781928,-0.4025850224971885
Not Placed,0,CSE,7.33,1,-1.797663487336995,-1.718081156089229
Not Placed,0,ECE,5.74,1,-2.234965808297224,-1.900479749473032
Not Placed,0,CSE,6.12,1,-3.3890961397800483,-0.275880460030038
Not Placed,0,ENTC,6.6,1,-2.197538128822157,-1.0876749150790541
Placed,1,CSE,8.43,3,1.7878845349831907,-1.7016091238775735
Placed,1,IT,7.47,2,1.8647158335026333,-1.323470900787781
Placed,1,CSE,8.29,2,4.187597991681182,-1.6922681822346395
Placed,1,CSE,8.03,2,1.3099736995352742,0.4142077369769114
Not Placed,0,IT,7.92,2,2.3355161232128965,0.12766891133035757
Not Placed,0,CSE,6.9,3,-0.8561526605128656,-0.17029963485179628
Placed,1,IT,7.76,0,0.8973196436089916,0.8374560512066167
Not Placed,0,CSE,7.92,1,-0.7684509220479996,-0.033089260490623544
Placed,1,ECE,9.57,2,4.06005719369583,-0.0490131479455049
Not Placed,0,ENTC,7.41,0,-1.0419748830681337,0.6311736891004335
Placed,1,Mechanical,8.32,0,-0.1678562487204893,2.347057970412033
Placed,1,ECE,7.59,0,1.0596728831078972,1.0869400920342318
Not Placed,0,Mechanical,7.1,1,-3.9533045462007954,-0.3779733014504404
Placed,1,CSE,8.44,3,0.6860108344889138,-0.0719318011096608
Not Placed,0,ECE,9.31,1,-2.5576863418611957,0.9969142873508595
Not Placed,0,ENTC,7.92,0,-0.757877802739723,0.7768425600254146
Not Placed,0,ENTC,7.12,3,-0.7522722057174461,-0.8061257903529648
Placed,1,ENTC,8.1,0,-1.205109766086726,3.1763601355218953
Not Placed,0,Mechanical,7.94,3,0.5830238018794448,-0.7271416476857007
Placed,1,CSE,9.58,0,-0.6270764692799221,3.4664023398844446
Placed,1,Civil,8.33,0,0.14267498382078408,1.0546337504682548
Placed,1,CSE,6.91,1,-0.7710594842544846,-0.1311688239192289
Placed,1,IT,8.78,2,3.815163934489069,1.0006216780578467
Placed,1,IT,8.36,2,4.526887509472462,-0.18946276825204306
Not Placed,0,CSE,8.5,0,-0.33114866021308503,0.2865832448436627
Not Placed,0,IT,8.08,0,-0.4284238347420845,1.5166029831975174
Placed,1,IT,8.56,0,0.5090180549477947,1.6866384669199845
Placed,1,CSE,8.07,2,1.660895692166849,-0.2136132563444123
Not Placed,0,ECE,7.48,3,-0.834701692291488,-1.5142398908723866
Not Placed,0,IT,7.81,3,-1.1218512389554662,-1.8244643128494444
Placed,1,CSE,7.6,0,0.539758321318253,0.35975999347566723
Not Placed,0,ECE,7.99,3,0.8626080222677902,-0.5861524155194681
Placed,1,ENTC,7.77,0,-0.7995793496059888,0.9977830175972943
Placed,1,ECE,7.43,2,1.352938780048387,0.5813648399801401
Not Placed,0,CSE,7.55,0,-0.48898997893885904,0.17639550836954476
Placed,1,Civil,7.7,2,3.276128132715442,-0.4478968189924424
Not Placed,0,Mechanical,6.19,1,-2.081622062078032,-0.7546581468048231
Placed,1,CSE,8.57,0,1.8714788473914459,1.9337587699186924
Placed,1,IT,8.0,2,2.1178051712927286,-0.26038263175894993
Not Placed,0,CSE,7.18,1,-2.707507494575645,0.07971530048571458
Placed,1,Mechanical,8.2,3,1.4267560384010458,-1.3617132771661795
Not Placed,0,ENTC,7.27,1,-1.5865135368719203,-0.9119964148434644
Placed,1,Mechanical,7.27,2,1.4062276948030596,0.43175013110962385
Not Placed,0,Civil,8.02,3,0.9545302825580388,-0.5212585672708391
Not Placed,0,ECE,8.92,3,-0.23972522311572253,-0.888551802181781
Not Placed,0,IT,7.94,3,0.3386136870741061,-0.20835215061286014
Not Placed,0,IT,7.04,1,-3.4595902708344006,-0.3958350680665068
Not Placed,0,IT,7.4,1,-3.581987445861556,1.2798058672793398
Placed,1,IT,8.42,0,1.2695399518146124,1.2351162274337932
Placed,1,IT,8.04,2,2.74591050781437,-1.5228491450156725
Placed,1,CSE,8.52,0,0.44571439037670973,1.4494543189289335
Not Placed,0,ENTC,8.03,1,-2.4826420225772745,1.4665565781219796
Not Placed,0,IT,8.36,0,0.1448156124181006,1.2781051745967515
Placed,1,ENTC,9.41,2,2.0970361259707713,1.8650445617006095
Not Placed,0,Mechanical,6.55,1,-2.082264061263412,-0.6921719979229971
Placed,1,IT,9.75,0,0.7878087440666509,3.8248927066145195
Not Placed,0,IT,8.5,0,-0.5154618417374288,0.15947059733196847
Placed,1,CSE,9.93,0,1.087393044300875,2.702422354183589
Not Placed,0,Mechanical,6.86,2,3.213827397334705,-2.8539475508877414
Placed,1,ENTC,8.03,2,2.5882696564913807,-0.6130590538046431
Not Placed,0,IT,7.84,0,-1.7341181608447327,1.9240822378645024
Placed,1,ECE,8.45,2,1.7269126289210546,1.3600553589430615
Placed,1,ENTC,8.1,0,0.2839920004175912,1.282685649759979
Not Placed,0,CSE,8.0,3,-0.7419772330869292,-0.8506305697788978
Placed,1,ECE,8.36,0,1.6231031433039764,2.2899617100511973
Not Placed,0,CSE,7.61,3,-0.09873120288146549,-1.21828215867651
Not Placed,0,IT,7.26,3,1.0767875871239125,-2.1005368949503236
Placed,1,Mechanical,8.09,0,-0.014972803343035277,0.2686991062308883
Not Placed,0,CSE,7.26,3,-0.5162245933336936,-1.4760284149824994
Not Placed,0,ENTC,7.59,1,-2.4075775207730756,1.5317954445487023
Not Placed,0,ECE,6.48,1,-1.5966587265701688,-0.9350433040596657
Not Placed,0,CSE,7.75,1,-3.383226018482453,-0.26315619652836686
Not Placed,0,ECE,6.91,1,-2.7973426237988583,0.8738185004313312
Not Placed,0,IT,7.67,2,1.8053388704396187,0.4444830814300315
Not Placed,0,CSE,6.78,3,-0.014549766018395176,-1.8542973643453782
Placed,1,CSE,7.68,1,-1.872082862365642,0.5556706501342923
Placed,1,Mechanical,8.46,2,4.515592343688486,0.19098206245282184
Placed,1,Mechanical,7.19,3,0.6726995366085152,-0.2978633927676333
Placed,1,CSE,6.91,2,1.2250010715162631,0.5211990384460349
Placed,1,CSE,8.36,0,-0.15959248130909318,1.952205497765947
Placed,1,Civil,8.48,2,3.148972326476096,1.9070819383927797
Not Placed,0,ECE,8.06,3,1.5730597606180614,-1.7722539024141604
Placed,1,IT,7.3,0,-0.5295524507433559,2.050570451197948
Not Placed,0,CSE,7.16,1,-2.661399271759889,1.3588296484869467
Not Placed,0,CSE,7.42,0,-1.7873179344448813,1.7532368629576967
Not Placed,0,CSE,7.65,0,-0.05808058288332603,0.1071245202978576
Not Placed,0,CSE,6.23,1,-2.75308142061903,-1.511118759765157
Not Placed,0,ENTC,6.86,3,0.5659611773350189,-1.1603447959249187
Not Placed,0,ECE,8.76,0,0.13253395363545353,1.1873128431346855
Not Placed,0,CSE,7.88,0,0.5090233913459696,1.8883936046819234
Placed,1,ENTC,8.74,2,2.3610670884261262,-0.8690320224764767
Placed,1,CSE,8.56,0,-0.009992922176777799,2.8939650744743712
Placed,1,ENTC,7.43,3,0.6379202289585515,-0.9641224861056887
Not Placed,0,IT,7.45,3,-0.6710278739448664,-0.46849737417041093
Not Placed,0,CSE,8.52,0,-0.7338833084907589,0.05114570136008716
Not Placed,0,CSE,8.34,1,-2.2058967137225545,0.883658292326632
Placed,1,CSE,8.54,3,0.6153249224726131,-0.013905110602678085
Placed,1,ECE,7.69,0,-0.4629010711610733,1.6140726588875733
Placed,1,CSE,7.82,0,-0.2971821391974662,0.11342540590992
Placed,1,CSE,7.48,2,2.7949669810975513,-2.3864360718563713
Not Placed,0,CSE,7.65,3,-0.7345804772090222,-0.15618584712038908
Placed,1,ECE,7.12,0,0.9261563934793688,0.5876456237215373
Placed,1,ECE,7.64,3,1.521321682266092,-1.4583290562655125
Placed,1,ENTC,7.56,0,0.6647947582563895,0.09268580061810489
Not Placed,0,Mechanical,7.31,1,-1.4927623498407498,0.5856220436806129
Placed,1,ENTC,8.37,2,2.724830576607799,1.1458694957350979
Not Placed,0,IT,6.5,0,-0.5407852923966527,0.7970375987086038
Not Placed,0,ENTC,7.99,3,0.07291898345051968,-0.1685158737819431
Not Placed,0,CSE,6.92,1,-3.8793633270029635,-2.301337824880708
Not Placed,0,ECE,6.98,1,-1.3044041738711538,-0.17377943768467716
Placed,1,Civil,7.05,3,1.0997798909920684,-1.565054556988756
Placed,1,CSE,8.1,0,0.023231283606819704,0.3110692192274453
Not Placed,0,CSE,5.78,1,-2.0316086709870937,-1.3562474992296496
Not Placed,0,IT,7.84,0,-0.9229168468938681,0.2864337038859899
Not Placed,0,Civil,7.74,3,0.5376303679536247,-1.4465014737316282
Not Placed,0,CSE,6.88,1,-3.2976143570680465,-0.19921698440680544
Not Placed,0,ENTC,7.85,1,-1.508245390364391,0.177833516257823
Not Placed,0,IT,6.67,1,-3.180585733608576,-1.8700501021861209
Not Placed,0,IT,7.66,1,-2.971988613304239,0.5381282115842599
Not Placed,0,IT,6.64,3,-1.25138132949076,-3.1427980931778605
Placed,1,ENTC,9.44,2,3.872288417146683,1.3732050183291928
Placed,1,IT,8.43,0,1.619180788052422,1.495943226942127
Not Placed,0,Mechanical,7.91,3,0.9916727811828857,-1.657623843312518
Not Placed,0,ECE,6.89,1,-3.708639932634522,0.6161023677544507
Not Placed,0,Mechanical,7.47,3,-1.0141037747898394,-2.351311991429551
Placed,1,CSE,7.5,3,1.484613553612735,-1.6690478992956328
Not Placed,0,CSE,7.91,0,-0.9411372153702512,0.43635098506083553
Placed,1,IT,8.04,2,1.4541461155218418,0.09197173562541515
Not Placed,0,CSE,7.89,3,-0.0978423442207346,-1.1421444732312216
Not Placed,0,ECE,7.99,3,-0.6759426542184485,-0.30524314001260333
Not Placed,0,IT,7.56,1,-2.318727093906634,0.10962955519773264
Not Placed,0,Civil,7.99,0,-0.6731805622398155,0.4048653937503616
Not Placed,0,IT,7.16,3,1.7175858748403945,-2.7964831399178083
Not Placed,0,CSE,6.8,1,-2.739993222233018,-2.0520535168288916
Placed,1,ECE,9.27,2,4.755389469701149,-1.2106348642071265
Not Placed,0,CSE,8.05,0,0.42352225509860014,0.5115506958172231
Placed,1,CSE,9.24,2,5.038778790265187,-0.12235855922284482
Not Placed,0,Civil,7.47,1,-1.7402847701661766,-0.680528360396972
Not Placed,0,IT,9.75,0,-1.7335334831106588,1.8562265824448498
Not Placed,0,CSE,7.77,1,-1.459509554907357,-0.17079781752036205
Not Placed,0,IT,8.67,0,-0.7023806711757694,1.586045990828893
Not Placed,0,IT,7.73,0,-1.0297269090857677,0.46850883180037184
Not Placed,0,CSE,7.84,0,-1.0307843598930009,1.0727770672257408
Not Placed,0,ENTC,7.6,0,-1.3637284389271829,2.3249489027371024
Not Placed,0,CSE,7.28,3,1.211598731607921,-1.3196951078525185
Placed,1,CSE,8.53,2,5.626813002375567,0.2295593135479552
Placed,1,IT,7.69,0,1.1234538147425261,1.7340301151244173
Placed,1,Civil,8.41,2,1.7351351559216994,0.8242014020404703
Not Placed,0,IT,8.47,1,-2.29893176214731,0.8306053995247641
Placed,1,CSE,8.9,2,4.572013053115761,-0.6393191333264094
Placed,1,IT,8.06,2,3.3790991530030188,0.4149374111231357
Not Placed,0,IT,6.42,1,-2.5268921451215993,-1.2160921204131772
Not Placed,0,IT,7.43,0,0.5318248858625021,0.42232130389503175
Placed,1,IT,7.68,0,0.04801241794008566,0.708350982512538
Not Placed,0,CSE,7.71,1,-1.953009742203632,0.9853377394227327
Placed,1,CSE,8.82,0,1.2316445205044926,1.4106555572547774
Placed,1,ENTC,8.67,2,3.3185221814277703,1.7103490290268921
Not Placed,0,IT,7.58,3,-0.34035080121907857,-1.2790678602066106
Placed,1,CSE,9.77,2,1.7008573768158222,0.2491348370894955
Not Placed,0,CSE,7.4,3,0.925154841124515,-1.4905589110320796
Not Placed,0,CSE,7.47,1,-1.5111700663215883,-1.2068742745126666
Not Placed,0,IT,6.77,3,0.5175635796141135,-1.7490193524787168
Not Placed,0,IT,6.37,1,-3.150685628593532,0.10705317914765548
Not Placed,0,IT,6.7,1,-1.5488023067332288,0.18969764973236686
Not Placed,0,CSE,8.56,2,1.9603234359774213,-1.5508009486792793
Placed,1,IT,8.33,0,1.1444642914061744,1.7272245457388342
Not Placed,0,CSE,6.95,1,-1.8837767500454596,0.2729398855111971
Not Placed,0,CSE,7.78,1,-1.5733386524046937,1.0584737120008219
Not Placed,0,CSE,8.39,3,0.45592796594005136,-1.2714657506487212
Not Placed,0,IT,5.97,3,-0.357892890116821,-1.208224076169975
Placed,1,CSE,9.21,2,2.5485855267782447,-0.1291094415197138
Not Placed,0,CSE,8.59,0,-0.4557360196517493,2.1753302013723403
Not Placed,0,Civil,8.39,0,0.272153064417401,0.9772920564978819
Placed,1,IT,8.72,0,1.2007472880856278,4.119527149431805
Not Placed,0,IT,5.96,3,-0.7842407527345734,-2.9514160691575095
Not Placed,0,ENTC,7.51,3,-0.9760106337838305,-1.2488272130892437
Not Placed,0,CSE,8.77,3,0.6968051161807924,-0.28726603808576734
Placed,1,IT,7.69,0,1.0047052597110722,0.5599591192513435
Placed,1,Mechanical,8.33,2,1.9656904260029195,0.3832865404969428
Not Placed,0,CSE,8.93,2,1.1093441497507261,-0.05102985816381333
Not Placed,0,ECE,8.3,2,1.5296950085812033,-0.005866918640563853
Placed,1,IT,7.48,0,0.5599513843093169,1.7696989524207742
Placed,1,CSE,8.19,2,2.8412863153046937,-1.6622802201790992
Not Placed,0,CSE,6.28,0,-1.0277415394691858,0.8750360515033065
Not Placed,0,ENTC,8.12,3,0.3284543301109443,-2.257588660794608
Not Placed,0,CSE,8.34,0,-0.23347527676350519,0.10054375436069943
Placed,1,CSE,7.83,0,-0.7658135367922315,1.9453438587517968
Placed,1,Civil,8.69,2,1.5566318591224002,-0.41243555348519884
Not Placed,0,Civil,7.94,0,-0.8584145336631526,0.8427721421955746
Not Placed,0,IT,7.82,3,-0.29098730057540784,-0.32415325351254093
Placed,1,CSE,9.26,0,1.3587028273550448,1.1329826273123205
Not Placed,0,ECE,6.89,3,-0.14846908411842236,-0.8688466919039763
Not Placed,0,ENTC,8.88,1,-2.2493326617592806,1.0286547439624933
Placed,1,Mechanical,8.82,2,3.2606076127179504,0.05632807112094249
Not Placed,0,ECE,8.42,1,-2.031688619380586,0.21597276316905198
Placed,1,ECE,7.36,2,3.929611403202659,-0.03988762505425005
Not Placed,0,IT,7.99,0,0.3260098459557598,0.6458836084440787
Not Placed,0,CSE,7.02,3,-0.24917148450677468,-0.7835067183717579
Not Placed,0,ECE,7.22,3,-0.08629006720542776,-0.16350733285034172
Not Placed,0,ECE,7.81,0,0.5355904605548542,0.03275014917661715
Not Placed,0,ECE,6.95,1,-3.068324741066774,-0.5842579399282611
Not Placed,0,CSE,7.5,0,1.150322402529585,0.8398778440816228
Not Placed,0,CSE,6.76,1,-1.552970627848854,-1.1374034674645026
Placed,1,Civil,8.25,2,2.239484373935547,0.006450995735650692
Placed,1,CSE,9.09,2,5.045413130820883,1.4533633997916353
Placed,1,ENTC,9.57,0,0.5079704556633302,3.437883156996186
Not Placed,0,ECE,6.82,3,-0.6232782557930332,-0.4916863043587323
Placed,1,CSE,6.97,0,-1.3063436614346853,3.025026975615404
Placed,1,CSE,7.66,3,0.2026411487837523,-2.3692867283071317
Placed,1,CSE,8.4,3,1.448264932319307,-0.9312302158435629
Not Placed,0,ENTC,7.62,3,-1.009556310559382,-1.374526312660493
Placed,1,IT,8.62,2,4.040526929433754,0.8457379397048673
Not Placed,0,Mechanical,8.25,2,1.5499777513348552,0.47473401549851446
Not Placed,0,ENTC,6.29,1,-3.8151650161008073,-0.5540962233887776
Not Placed,0,CSE,7.84,3,0.8933413490971488,-1.1847542239311333
Not Placed,0,IT,6.74,1,-1.7901135172125275,0.6587338980589929
Placed,1,IT,7.32,3,-0.6225469550336945,-1.5238751363492962
Placed,1,IT,7.45,2,2.1341152415357665,-0.6410495668314026
Placed,1,IT,8.43,2,2.671754260844455,1.899672303304899
Not Placed,0,IT,7.77,0,-0.006619090806716781,1.734833914370187
Placed,1,Civil,7.4,2,3.5910788122164923,-0.09248376328489491
Placed,1,ECE,9.58,2,2.704428658993453,0.8759025977028474
Not Placed,0,ENTC,7.04,1,-1.2477950046604658,-0.8059511780138825
Not Placed,0,CSE,8.04,0,-1.692595808494395,3.0798155460815666
Not Placed,0,ECE,8.36,3,0.3697606918437425,-2.328253509649848
Placed,1,Mechanical,7.94,2,1.9807244616153463,-0.7486545471231725
Not Placed,0,CSE,7.03,3,0.5568352655293317,-2.0189426928626504
Not Placed,0,ECE,6.99,1,-2.2615832320302656,1.5517826095371423
Placed,1,Mechanical,8.32,2,2.5122614952561024,1.626624225692485
Placed,1,Civil,8.68,3,1.7741069473726336,-1.5495016037673377
Not Placed,0,CSE,7.75,0,0.5228972802311657,0.5081836884162345
Not Placed,0,Mechanical,6.67,3,0.17016496980324575,-3.580040283891786
Placed,1,CSE,7.8,3,-0.9201458226930748,-0.673386737919121
Placed,1,CSE,9.08,2,4.5580844498404955,-0.13730032516011112
Not Placed,0,CSE,6.94,3,-0.9113138549158114,-2.1419942440035484
Not Placed,0,CSE,7.52,3,0.10472696782192997,-0.24128784431563233
Placed,1,CSE,7.84,0,-0.07768980614897705,0.9911883122196166
Not Placed,0,IT,8.72,0,-1.0899610188427298,2.312678376304465
Not Placed,0,IT,7.34,1,-1.423816859475255,-1.6033496470390094
Not Placed,0,ENTC,8.21,3,0.6874379653068522,-1.0203138599007129
Placed,1,Mechanical,8.98,0,1.491623914569372,2.4713615272163323
Not Placed,0,Mechanical,6.53,1,-2.0972367449412816,-0.75500891684387
Not Placed,0,CSE,6.68,3,-0.9637343991714672,-1.189224931508918
Not Placed,0,Civil,7.71,1,-2.807053237225539,-0.8087459840443476
Placed,1,CSE,8.63,0,0.5022021404568655,1.20774181388203
Placed,1,CSE,8.08,3,1.4519478464408226,-1.2557846787268236
Not Placed,0,CSE,8.7,3,-0.31281498404684904,-0.052508495170869175
Not Placed,0,CSE,6.35,3,-0.23287232292319887,-1.555892237775223
Not Placed,0,ECE,8.09,0,0.873259045878076,1.1911100987515155
Not Placed,0,CSE,5.37,1,-4.591127918453603,-1.733830911501553
Placed,1,Civil,8.92,0,0.23975156281799903,0.569798768667953
Placed,1,IT,8.8,0,1.1700128762283402,1.5516873063574321
Not Placed,0,IT,7.51,1,-1.9385459732162138,-0.8260216962822363
Not Placed,0,CSE,5.83,3,-1.2020895252951957,-4.062197281498004
Placed,1,IT,7.62,2,1.5769646609709458,-0.48529765606171515
Placed,1,Civil,8.74,0,1.371495439988984,1.4501475670881327
Not Placed,0,CSE,8.15,0,0.2939514783797884,0.3846218786409633
Placed,1,CSE,9.37,0,1.2248508350457503,1.6475974473406414
Not Placed,0,ECE,7.54,3,-1.1488363513094386,-1.3537744496879727
Not Placed,0,CSE,9.52,2,1.4722378438753698,0.3950375084645948
Not Placed,0,IT,6.07,3,-0.39653730582295355,-0.08323004379452206
Not Placed,0,CSE,7.15,1,-3.6765701624527556,0.5679901253903951
Placed,1,CSE,6.69,3,0.4681680426384933,-0.773668492017826
Not Placed,0,ECE,8.42,1,-2.3661167909069105,0.3944826309860069
Not Placed,0,ENTC,6.76,0,0.18581884878127752,0.8250531835252117
Placed,1,CSE,8.65,2,3.0401535038742575,-0.6319390858993945
Not Placed,0,ECE,8.38,0,-0.9836490969306959,1.160884675429979
Placed,1,ECE,7.95,0,-0.3685584367864012,1.4880724396414975
Not Placed,0,CSE,7.7,2,1.8676739909139655,-1.7335574433554737
Not Placed,0,CSE,6.9,3,-0.9716003547719352,-1.4360566218034674
Placed,1,CSE,8.3,0,-0.34479294765888363,1.7900913989899876
Not Placed,0,CSE,7.36,1,-2.7758635780565295,-0.89333162995409
Placed,1,CSE,8.44,2,3.434040700598172,-0.3550119478114744
Not Placed,0,CSE,9.06,0,0.08463303907622324,0.6100841712617201
Not Placed,0,CSE,7.52,3,0.3405888906742838,-0.6761612410338117
Placed,1,ENTC,8.91,2,2.9066331545875568,1.748258987257675
Placed,1,CSE,7.95,2,1.7142404624169165,-1.1863500405376548
Placed,1,Civil,8.29,2,2.2293453315782994,0.043554632340988796
Not Placed,0,IT,6.66,1,-4.246960908090397,-0.32893584339058285
Not Placed,0,CSE,7.2,3,0.45157446807157925,-2.824480952982932
Placed,1,ECE,7.19,0,0.5226242751674853,1.577221684057521
Not Placed,0,CSE,8.93,0,-0.27505010890463183,1.8215540415386013
Placed,1,Civil,7.49,2,1.1515732307535036,0.2179982876016587
Not Placed,0,CSE,8.32,1,-1.016995521678387,-0.0037699915120111326
Placed,1,CSE,7.72,0,0.8015380626561927,0.47909746945545684
Not Placed,0,ECE,7.48,1,-1.7335682286773197,0.5014224328696484
Not Placed,0,ECE,6.54,3,0.5789952546918117,-1.0336300999271297
Not Placed,0,ENTC,6.16,1,-1.1629553610155066,-0.11939428069814041
Not Placed,0,ENTC,7.5,1,-2.531565564525561,0.18558477458579445
Not Placed,0,IT,7.55,1,-2.2300199181189035,1.7909021494657424
Not Placed,0,ENTC,7.04,1,-2.0485731309932502,-1.6065045875872004
Not Placed,0,ECE,7.91,3,-0.7872184694701297,-0.7727830118194804
Placed,1,ECE,9.46,2,3.6349768209755347,1.0166912316839283
Placed,1,CSE,9.06,0,1.2268876870723422,2.359652011532664
Placed,1,Mechanical,7.77,0,-0.9576606706014373,0.29621733512622456
Placed,1,ENTC,7.8,2,2.7142868108270544,2.2704698739465474
Not Placed,0,CSE,8.3,1,-2.7951639341829577,1.9462011537075057
Not Placed,0,CSE,7.96,0,-1.1639493345863776,2.4186952965346737
Not Placed,0,ECE,8.3,0,-0.8692982558351482,1.76494083972293
Not Placed,0,Mechanical,7.99,1,-3.0107027878485004,0.23048981139698269
Placed,1,CSE,7.83,3,0.5979689618933672,-0.7649341062282352
Not Placed,0,Mechanical,7.2,1,-1.4444548063408034,0.9352734111274525
Not Placed,0,CSE,8.05,0,0.7281116754917949,0.2096219801513867
Not Placed,0,CSE,5.82,3,-1.589172239292775,-2.8177556908081014
Not Placed,0,ECE,7.97,2,1.9191128948686473,-0.7104765894229657
Not Placed,0,IT,5.98,3,-0.5821087197844488,-1.3282141597794963
Placed,1,IT,7.97,1,-2.1252049473756705,1.3253160088228757
Not Placed,0,ECE,6.91,1,-2.051474837192235,-1.0031151935973355
Not Placed,0,CSE,8.83,0,-1.4347374861541458,1.9291871888374452
Not Placed,0,IT,7.82,1,-1.5432452267731194,0.5796505385770351
Placed,1,IT,7.74,2,3.1115142957942235,-1.3196857187272573
Not Placed,0,CSE,8.09,2,1.5531577144625437,-0.43134586982414874
Not Placed,0,CSE,7.01,3,0.27088321957411166,-1.4394396670712184
Not Placed,0,CSE,8.69,0,-1.3473548851879238,0.8269421146017568
Not Placed,0,Civil,8.33,0,-0.5546066009785572,0.5510938289787326
Not Placed,0,ECE,7.27,0,0.35712067758005994,0.2535695303762383
Not Placed,0,ECE,6.84,1,-3.549058122526247,-1.61402062042005
Not Placed,0,IT,7.38,0,-0.057857483145422633,0.49961257835171285
Placed,1,IT,7.61,3,0.7438716634533025,0.04732267638575147
Not Placed,0,Mechanical,6.78,3,-1.0813817845588127,-2.575299905675209
Placed,1,ECE,7.31,3,-0.2542443971861447,-0.08586768137688507
Not Placed,0,ENTC,7.2,3,-1.0655333036911758,-0.5725441616814427
Placed,1,CSE,7.53,0,0.08075445698660928,0.905793012269362
Placed,1,CSE,7.53,0,-0.5972537218245869,2.673952270489145
Not Placed,0,CSE,8.11,2,1.869782394503439,-0.9902370745057316
Placed,1,IT,7.73,0,-1.5847011185727153,1.6405527529083324
Placed,1,ENTC,8.04,2,3.397520660737528,0.5681467717664883
Not Placed,0,CSE,7.91,0,-2.3614225163227927,2.807047337644814
Not Placed,0,CSE,7.53,3,0.05812295156350452,0.2707154348871805
Placed,1,IT,8.28,3,0.532812345778412,-0.9101991377165252
Not Placed,0,ECE,5.37,1,-3.9086028998086673,-1.317460019207698
Not Placed,0,ENTC,7.4,1,-2.7316005953099474,0.22391085874679428
Placed,1,CSE,7.21,0,-0.5372681463725583,2.5228894905061767
Not Placed,0,Civil,7.8,0,-0.0964844438391321,0.49107190118511884
Not Placed,0,CSE,7.16,3,0.5691061465393981,-0.3051345374996528
Not Placed,0,Mechanical,8.17,0,0.8838331700686706,0.9227837424631187
Not Placed,0,ECE,8.32,0,0.8695853574571717,1.7584114912099866
Not Placed,0,Mechanical,6.52,1,-1.9500539212395511,-1.4830283412357912
Placed,1,ENTC,7.89,2,1.8481460965839664,0.021909365714192424
Not Placed,0,CSE,6.61,1,-1.876530924224941,-0.9268997414472528
Placed,1,CSE,8.11,3,1.041379031287062,-0.32391817020561364
Not Placed,0,ENTC,7.3,1,-3.067417119134169,-0.04981320353212991
Not Placed,0,ENTC,7.02,1,-4.671624911482701,-0.25515736177936144
Not Placed,0,ECE,6.25,1,-2.2972499405221254,-0.8005518141936504
Placed,1,ECE,7.62,2,4.28445783058276,-0.8261327575635425
Not Placed,0,CSE,6.72,3,-0.15678880325248476,-0.4891981794506468
Not Placed,0,IT,6.44,0,0.8210002385892567,0.3195965531213847
Placed,1,IT,7.86,2,1.7952220391888873,0.05347323766389975
Placed,1,ECE,8.52,3,0.14177485309406476,-0.28019362552743693
Placed,1,ECE,8.04,2,2.87872620038595,-1.2880002803533765
Not Placed,0,ECE,6.48,3,-0.7502179463045545,-1.6758750273878773
Not Placed,0,CSE,7.58,3,0.7603562625361684,-0.48730219301718286
Not Placed,0,CSE,8.28,0,0.7093148837495209,0.4490847984466257
Not Placed,0,CSE,7.58,3,0.5319221481688811,-1.1220086493812265
Placed,1,IT,7.98,2,2.3716691257314033,1.379559307805227
Not Placed,0,IT,7.33,0,0.12077967424433347,1.0263345819293022
Placed,1,ECE,7.37,3,0.7732068351249184,-0.9164646246432304
Not Placed,0,ENTC,7.14,1,-1.3093139549108523,-0.5168698385909251
Placed,1,Mechanical,8.22,0,0.558073458262367,0.9298524296205994
Not Placed,0,IT,8.27,3,1.371802365620905,-1.8334655422562347
Placed,1,ENTC,7.23,0,0.13136073296779177,0.2838281155330682
Placed,1,ECE,8.34,0,1.3357555670724266,0.7884761324296
Not Placed,0,CSE,6.49,3,0.866096240433294,-1.894623640028678
Placed,1,ECE,7.55,2,1.7912285471986857,1.046482120137664
Not Placed,0,Civil,6.55,0,-1.4900845879238045,1.5508724831710996
Not Placed,0,CSE,6.74,3,-0.59756711275621,-0.2184047937649026
Not Placed,0,ECE,6.54,1,-1.7514190377759302,-0.3781541485903322
Placed,1,CSE,7.14,1,-1.4310216052767932,-0.05502332185602408
Not Placed,0,IT,8.23,0,0.7384605640681895,0.5847226710089438
Not Placed,0,IT,7.63,0,-0.3452176842133569,0.8857576115877863
Placed,1,IT,7.2,1,-0.8339378896048106,-0.12057472671836234
Not Placed,0,ECE,7.55,1,-1.4336910736173933,-0.03685986723207977
Not Placed,0,IT,5.95,3,-0.2347027542570463,-0.34431779728562256
Placed,1,ECE,8.19,0,1.0978286850544403,0.8039612559215036
Not Placed,0,Mechanical,5.79,1,-4.187604275434987,-0.6003745873136843
Not Placed,0,ENTC,7.1,3,-0.8319049131254025,-1.2075092302400263
Placed,1,CSE,7.63,0,0.38746884092029027,0.4736274191025124
Placed,1,IT,8.08,2,1.3527181154555006,-0.016114903658216603
Placed,1,CSE,7.9,2,3.248998995570562,0.6326060157792239
Placed,1,IT,7.66,2,3.2683741861725846,-0.774873932663654
Placed,1,CSE,8.94,2,3.1535898116062313,2.4466426504645846
Placed,1,CSE,9.41,0,2.2355480060482154,3.3562792127326055
Not Placed,0,ECE,7.71,0,1.260062243565088,1.4663109496258013
Placed,1,IT,7.61,0,0.14207465188488383,2.159308833062154
Not Placed,0,CSE,7.56,0,-0.8453241602605589,1.021318708199053
Placed,1,Mechanical,7.18,1,-0.970006856572484,-0.2648377022147919
Not Placed,0,Civil,8.02,1,-2.0565970916987126,-0.8495192769295052
Placed,1,ECE,8.78,2,2.3429889717342918,0.044566262475172855
Not Placed,0,CSE,5.58,1,-2.4657787452457693,-1.8328762838572297
Placed,1,ECE,7.56,2,2.4580829483818403,0.41896979129206663
Placed,1,IT,8.97,0,0.5995664102824131,1.7776233310805067
Placed,1,Mechanical,8.03,2,2.7542871963353734,-2.1375845492175847
Placed,1,IT,8.05,2,1.6336039685416646,0.19457345581935673
Not Placed,0,ECE,6.34,1,-3.4633671643816526,-1.4844606999775214
Not Placed,0,CSE,8.3,0,-0.07312701356640902,0.8343753355557905
Placed,1,ECE,8.56,0,1.0836546747555973,1.6297737803441288
Not Placed,0,ENTC,7.87,3,0.467223979815379,-0.6640588758930862
Not Placed,0,ENTC,7.14,3,-0.31617444226602553,-0.23005973686824768
Placed,1,CSE,8.08,0,-0.4033353183617536,0.8997270371779751
Not Placed,0,ECE,6.82,2,2.652405523045264,-3.3757324937379702
Not Placed,0,ECE,6.71,1,-2.9547295425222266,-0.4764047935270062
Placed,1,ECE,8.38,3,1.0412224960972247,-1.0783094288339738
Not Placed,0,CSE,8.63,0,-1.4431783975494499,2.2946093953271363
Not Placed,0,CSE,7.07,1,-2.205283959980069,-1.076332087056613
Placed,1,ECE,6.71,3,0.3060260234259808,-1.5832478223431297
Not Placed,0,IT,6.95,3,1.085199705433935,-2.5877874596586268
Not Placed,0,ECE,7.87,2,2.530994685506511,-2.800828313715052
Not Placed,0,IT,6.71,1,-1.873453492104326,-2.29036185164601
Not Placed,0,ECE,8.79,0,-0.6538849532159964,0.47684117201238185
Placed,1,CSE,7.3,2,1.3239673895874249,0.39410488456183734
Not Placed,0,ENTC,8.01,3,-0.453025039283782,-1.6750879791347653
Not Placed,0,IT,7.07,3,1.506741463446055,-3.5629913878223656
Placed,1,CSE,8.2,2,2.280284123846742,-0.13607069826563725
Placed,1,IT,8.27,2,1.775153488991703,0.13839999448726198
Not Placed,0,Mechanical,6.27,1,-3.2255466462493505,-0.9469741980956574
Not Placed,0,IT,7.12,0,-1.6762324353411815,1.7093814021713893
Not Placed,0,CSE,7.57,3,-0.15922236911282656,-0.7643834306952605
Placed,1,IT,7.25,3,0.03284970546642837,-1.8718677390508032
Placed,1,ENTC,8.44,2,4.342103964274928,-0.49721496992278696
Placed,1,CSE,7.19,3,0.3823925248408085,-2.915917055477017
Placed,1,ECE,8.31,2,1.962579915160081,-1.23184866840561
Not Placed,0,IT,8.11,2,2.30560500982193,1.0966665812239262
Not Placed,0,CSE,7.61,0,-0.9625655350934075,0.5685724180996727
Placed,1,IT,8.34,2,3.148755606652131,1.7262261349683343
Not Placed,0,CSE,6.39,1,-2.5776081042711247,-0.36601806790004004
Placed,1,IT,7.65,3,1.3156119305310794,-1.226443378478136
Placed,1,Civil,7.04,3,1.179672482557041,-0.9669537773409671
Not Placed,0,CSE,7.61,0,-0.4012923761734826,1.1422123056110172
Not Placed,0,ECE,7.3,0,-2.053746630567246,2.2526464467783076
Placed,1,CSE,7.75,2,3.1379247989153276,8.759312757332537e-05
Placed,1,CSE,7.71,2,2.804729387401164,-0.008280399592480957
Not Placed,0,ENTC,7.82,1,-1.640718931350465,-0.6981228775284174
Placed,1,ENTC,7.85,0,-0.4475380138946215,0.4909251862617378
Not Placed,0,ECE,8.19,2,2.585027485444871,-2.7282191196757792
Not Placed,0,ENTC,6.63,1,-2.7590146958062,0.7812770893055944
Placed,1,IT,8.13,1,-1.7356840472829653,-0.11645794510578952
Not Placed,0,Civil,6.41,1,-2.7938516644131384,0.22340030241969583
Not Placed,0,CSE,5.32,1,-3.4492946150730157,-2.341251828326291
Not Placed,0,Mechanical,9.38,2,2.239536688243987,-0.2679145049144274
Placed,1,ENTC,6.9,0,-0.1168041811140513,0.6121578307387513
Placed,1,CSE,7.32,2,2.154221670804242,-0.5503937734240666
Not Placed,0,CSE,6.12,1,-2.4230664484245805,-3.1433385080840637
Placed,1,Civil,7.31,2,2.2511803033611377,-1.0035220532042866
Placed,1,IT,7.88,2,1.6848152466709936,0.49251111644652423
Not Placed,0,CSE,7.91,0,-0.8307334135430438,1.6716330321793502
Not Placed,0,ECE,6.67,1,-1.5484912104283943,-0.4759051361626797
Placed,1,CSE,7.32,2,2.9531284446084745,0.39408091038279797
Placed,1,CSE,8.01,0,1.1551606106937642,0.8082100457736352
Not Placed,0,ENTC,7.9,0,-0.5178643842779336,1.2988441547744278
Not Placed,0,Mechanical,7.81,3,-0.3857947901342228,-0.16708081379375606
Placed,1,CSE,8.35,3,1.9635509797951542,-1.8064393198589948
Placed,1,Civil,7.61,0,-0.6547366397895116,0.3072132048078421
Not Placed,0,IT,8.88,2,3.791738298959864,-0.470643520477784
Placed,1,CSE,7.45,0,-0.6301676592527714,0.6876542132268059
Not Placed,0,IT,8.29,3,1.6054710057277415,-2.81691721061032
Not Placed,0,CSE,8.32,2,2.982835640823017,-0.9470915436910418
Not Placed,0,ECE,6.31,1,-2.632444215483031,-1.3971938324140287
Placed,1,IT,8.07,3,1.2412290156614973,-0.8436301246778894
Not Placed,0,CSE,7.16,1,-2.24164676640405,0.6065530775301049
Not Placed,0,ECE,6.84,0,-1.2227751204672535,1.5074314100384152
Not Placed,0,ECE,7.34,1,-1.2465791189769322,-1.1977243864613654
Placed,1,ECE,7.84,1,-2.648162527393484,0.9661728851373591
Not Placed,0,ECE,6.37,1,-4.392357310261314,-1.0972014048140764
Not Placed,0,Civil,7.72,2,2.5254826434347417,-0.9178545283671572
Not Placed,0,ECE,7.52,3,-0.6958165723120499,-1.0439533380694848
Placed,1,Mechanical,8.58,0,1.9970854949122503,2.605875933356798
Not Placed,0,Civil,7.16,0,-0.5310806860304246,0.08709360523336486
Placed,1,Mechanical,8.71,2,3.487994081578932,1.8216649753214094
Not Placed,0,IT,8.03,0,-1.5266595555035267,1.5511548085801505
Placed,1,CSE,7.67,3,1.137618469499576,-0.2631787901043605
Placed,1,CSE,8.78,2,3.4095180965031875,-1.1402799831054131
Not Placed,0,IT,9.33,0,0.2973687430720907,2.462654164974009
Not Placed,0,CSE,7.52,1,-1.6169935391346315,0.18278332612172998
Placed,1,IT,7.07,3,0.09049413057551277,-0.6896042494394312
Not Placed,0,ECE,8.06,2,2.6072270777548443,0.7547690789714474
Not Placed,0,ENTC,6.49,1,-4.064665248632855,-0.6478297858357499
Not Placed,0,CSE,6.59,1,-1.7613070770321158,-0.07690356868154233
Placed,1,Civil,8.81,2,2.8803373202139837,1.0020072250003205
Not Placed,0,ENTC,8.19,2,3.183466715091057,-1.1591215346471135
Not Placed,0,ENTC,6.97,3,-0.8792274124223196,-0.1798987223042522
Placed,1,IT,10.0,2,4.058745529302458,1.840673189087455
Not Placed,0,Civil,6.53,0,-1.0235601106443775,0.9604688000043377
Not Placed,0,IT,8.23,1,-2.7176715591145335,1.6047633902904466
Placed,1,ENTC,7.02,0,-1.4909945229363841,1.8412238501983755
Placed,1,IT,9.21,2,1.8589205140556444,0.7987370775184859
Placed,1,IT,7.25,2,1.9747741396012928,-2.0941013325220785
Not Placed,0,CSE,7.46,3,-0.06525933718469461,-0.9723397379045158
Not Placed,0,ENTC,6.16,3,-0.324451804601315,-2.3345003440472265
Placed,1,Mechanical,9.47,2,1.9002492169214573,0.48424809642330796
Not Placed,0,ECE,7.17,3,0.2121884397284494,-0.925602874196666
Placed,1,ECE,8.11,0,0.06000385192845164,1.9028714887674654
Not Placed,0,CSE,7.7,0,-1.947132900431056,1.8580440826259106
Placed,1,Civil,7.23,1,-2.306210377035432,0.040459991682627365
Not Placed,0,CSE,5.81,1,-3.739323890627518,-1.953751338652007
Not Placed,0,Mechanical,7.51,3,-0.8826356297086599,-1.1920633866949628
Not Placed,0,ENTC,7.47,1,-2.4354834310454025,-1.7035618054130184
Not Placed,0,CSE,7.97,1,-2.5590925851127326,1.2835944144667242
Placed,1,CSE,9.52,2,3.874505799992259,1.0457962525428586
Placed,1,ECE,8.25,0,-0.5413057004781361,2.1815027188898055
Not Placed,0,Civil,8.43,0,0.4461233427258576,1.764301559860988
Placed,1,ECE,7.44,0,-0.8835133941870766,0.489164632130568
Placed,1,Mechanical,6.58,3,0.9404407493770652,-2.1978259084044396
Not Placed,0,Civil,7.46,0,-1.6561544206140795,2.8303348635405436
Placed,1,CSE,7.08,3,1.0867598180689095,-0.13545542767782737
Not Placed,0,CSE,7.66,0,0.023055946710158676,0.6490934159127906
Not Placed,0,ECE,7.28,1,-1.3694488156410298,0.4247949510770965
Not Placed,0,IT,6.27,1,-2.08817481684987,-0.5363756898320995
Placed,1,ENTC,8.78,0,0.8513984229723989,0.6706629213650822
Placed,1,CSE,7.58,2,3.139513057398414,-0.9331697974249059
Placed,1,ECE,7.42,0,1.3762971528870116,0.840655536985915
Not Placed,0,CSE,6.76,3,1.379677454803444,-2.41283403086158
Not Placed,0,ENTC,7.3,3,-0.5825605619513039,-1.6368611237080146
Not Placed,0,CSE,6.97,0,-0.9841595380432402,1.0187999062004212
Not Placed,0,ECE,6.69,1,-0.9880742394880178,0.05304063078266578
Not Placed,0,IT,7.84,1,-2.7174822685363016,0.6000246675652847
Placed,1,ENTC,7.3,3,1.9941823958065201,-2.341073018423041
Not Placed,0,CSE,8.34,3,-1.217865050188885,-1.8739048665385605
Not Placed,0,CSE,7.39,1,-3.2822215487547255,-1.3294374217227205
Not Placed,0,ENTC,7.8,0,-1.2496345508339555,1.5501046562413257
Not Placed,0,CSE,7.77,1,-2.095134955740101,0.8262026282033638
Not Placed,0,CSE,8.03,0,-0.8668524843815877,0.4980129550742837
Not Placed,0,CSE,6.99,3,-0.8619497426490348,-2.6363333147230446
Not Placed,0,CSE,8.46,1,-2.234925101813268,1.5749647485467584
Not Placed,0,CSE,6.7,3,-0.3221128373522641,-3.693499134535888
Placed,1,CSE,7.74,0,-0.5004841233637755,1.575499087761977
Not Placed,0,CSE,6.68,1,-2.745871636503175,-0.44900255724284105
Not Placed,0,CSE,7.6,3,0.24104831547419794,0.13565124391208017
Placed,1,CSE,8.46,0,-0.999673879379526,1.664946079272188
Not Placed,0,CSE,8.17,3,0.736823801186295,-0.3500657068343162
Not Placed,0,ECE,8.6,0,-1.20979551257594,2.044913396949935
Not Placed,0,ECE,7.44,3,0.8632817604695958,-1.6988433553236824
Placed,1,CSE,8.47,0,-0.021473187480726214,2.361514650667295
Not Placed,0,Mechanical,7.11,1,-1.1494240195028744,-0.6645907317819431
Not Placed,0,CSE,7.31,0,-0.5426556683247437,2.361831864303351
Not Placed,0,ENTC,7.81,3,1.4295699380921505,-0.7477942602740435
Not Placed,0,CSE,8.42,1,-1.5603079770396233,0.15123017781755208
Not Placed,0,CSE,7.23,2,2.533513997614934,-1.556832354206153
Placed,1,ENTC,8.29,2,2.0265741497927405,-0.4857525507507537
Placed,1,IT,7.9,1,-1.85247209103835,1.416625017814741
Not Placed,0,Civil,7.99,1,-3.307535364564706,0.9354343777674684
Not Placed,0,CSE,6.97,1,-1.952446644287398,-1.470853539107238
Not Placed,0,IT,7.37,3,-0.6227592343531263,-0.22666937881183677
Placed,1,CSE,7.62,0,-0.24853176108648367,1.5783528235860398
Placed,1,ECE,7.99,3,-0.3359382076796785,-0.2130237948810366
Not Placed,0,IT,7.01,3,0.2661004794137585,-0.8595132912888953
Placed,1,CSE,6.6,0,-0.17057951007248215,0.10302812090300814
Not Placed,0,Mechanical,5.89,1,-3.8432493200257434,-0.04380744262270738
Not Placed,0,CSE,8.33,0,-0.4125882395524431,1.1715536209310273
Placed,1,IT,8.5,2,2.388660456966952,-2.1838149130139244
Not Placed,0,IT,5.99,1,-0.9784563919316789,0.2580625581656188
Placed,1,ECE,7.76,0,0.6496780401985424,0.9189712426065703
Not Placed,0,CSE,7.38,1,-2.8926261262589072,-0.0903623933055604
Placed,1,ECE,8.73,2,2.6108314676345623,-0.3502611616718421
Not Placed,0,Civil,7.52,1,-1.2376672721299438,-0.5910126501527294
Placed,1,IT,8.16,0,0.4350750500850977,0.6007693374889836
Placed,1,IT,7.34,3,1.3369021232740685,-1.4445660781246599
Placed,1,CSE,7.12,0,-1.5153321906002064,1.687573307706928
Placed,1,CSE,8.35,2,3.3147602651060937,-0.3283857495335221
Placed,1,IT,8.62,2,1.6503109471252968,1.1765682917279048
Not Placed,0,CSE,6.62,3,-1.27567252825985,-2.173288066445942
Placed,1,ENTC,8.67,0,1.4730143666504163,1.6394055482380536
Not Placed,0,IT,6.87,0,0.7969410494440712,0.8183027467759367
Not Placed,0,Mechanical,5.72,1,-4.702393613984108,-0.9228839409045534
Not Placed,0,Mechanical,7.71,0,-1.5706818963970453,2.1950064281695782
Not Placed,0,CSE,8.13,0,-1.3524411251688453,0.9842470151564356
Not Placed,0,Mechanical,6.41,1,-2.812814498117661,-0.33869087257143166
Not Placed,0,ECE,6.01,3,-0.28446665621535655,-2.3293307314626377
Not Placed,0,CSE,7.28,1,-3.3937588393562947,1.2981694135218629
Not Placed,0,CSE,7.17,3,0.5303759716541687,-0.35976126957646976
Placed,1,IT,8.86,2,1.8452668651192738,1.4074228155828
Not Placed,0,CSE,7.71,1,-1.6978406675008284,0.6784645531152593
Placed,1,ENTC,8.32,2,4.303017619658151,-0.546499358210876
Not Placed,0,ECE,7.88,0,-1.5749517756729319,1.3504071283679975
Placed,1,CSE,9.03,2,4.224156068572022,0.7107979664384549
Placed,1,ECE,6.94,3,0.634851206505092,-0.820244882017377
Not Placed,0,Civil,7.63,1,-3.6625310989726834,-0.15439604607730983
Not Placed,0,IT,6.37,1,-3.2408428525834974,-0.6003780493135605
Placed,1,CSE,8.39,2,2.3661016137020563,0.028802320800456232
Placed,1,IT,8.65,2,1.81492734132405,1.3503968387020677
Placed,1,Civil,8.44,3,1.3342771956798418,-0.7877851192078512
Not Placed,0,CSE,7.59,3,-0.05591885872673088,-1.269973341986493
Not Placed,0,IT,6.43,3,-0.4439725118131164,-1.4481865119154862
Not Placed,0,ECE,7.63,1,-2.8781415235749366,-0.30618609521567997
Not Placed,0,CSE,7.12,3,0.0458720600947371,-1.1878557393294706
Not Placed,0,IT,8.48,0,0.17922357142020057,0.6483918923702269
Not Placed,0,Mechanical,7.34,0,0.2942643581138751,0.6322996546175482
Not Placed,0,ECE,7.32,1,-3.4921871782506946,-0.41012858126795226
Placed,1,IT,9.55,0,0.6206333948425314,2.115389664829427
Placed,1,Civil,8.38,0,0.21734290902661155,1.8583643788942863
Placed,1,IT,8.61,2,1.5493556741841608,-0.9243865547700622
Not Placed,0,IT,7.26,3,-0.3756216895037947,-1.9540709639796443
Not Placed,0,CSE,6.76,1,-2.236505351094594,0.9779781747199527
Placed,1,IT,8.61,0,0.6874291495275433,1.1385811650783362
Placed,1,CSE,8.97,0,1.1402673978520028,2.6843221068540046
Not Placed,0,CSE,6.61,1,-3.1086994962361336,-0.23246004305876874
Not Placed,0,IT,7.26,3,-0.45132752375308616,-0.923187453267577
Not Placed,0,Civil,6.92,1,-2.9811367360639105,-1.3383625913659705
Placed,1,CSE,8.11,1,-1.5505932186629892,0.8958232507470842
Not Placed,0,CSE,8.62,0,-0.12265834804563601,1.7428660389333699
Not Placed,0,CSE,7.39,0,-1.0507077456053566,0.6624962681729559
Not Placed,0,ENTC,7.38,2,1.7882733826221733,-0.5086481931196429
Not Placed,0,IT,6.04,1,-3.2897922779441267,-0.3851438275330095
Not Placed,0,IT,6.89,1,-2.3536972444184716,-0.4357453221926272
Placed,1,Mechanical,8.98,2,1.5676498475831835,-0.0015759545571769342
Placed,1,IT,8.12,2,2.864501748427512,-0.2950728146533931
Placed,1,Mechanical,8.49,0,0.7160926316670426,1.5160371159519437
Placed,1,CSE,7.39,2,2.0251696485605972,-0.9274101639250771
Placed,1,ENTC,7.47,0,-1.1899124435396793,1.7238006212404753
Placed,1,IT,7.72,2,1.9829804390281618,-0.022194349095268937
Placed,1,Civil,7.98,3,0.6568563707554373,-0.009383208405932188
Placed,1,CSE,8.87,2,2.1374607172081963,-0.29333551539057995
Not Placed,0,IT,7.13,3,0.4173185338596212,-1.443486483918146
Not Placed,0,ENTC,7.58,3,-0.14265080109554534,-0.39343509563201856
Not Placed,0,IT,7.03,3,-1.1200710308804815,-2.2946306530994547
Not Placed,0,CSE,6.03,3,-0.17999528066146764,-1.6525685985816436
Not Placed,0,ECE,8.48,0,-1.0535882751002037,1.871750684651088
Not Placed,0,IT,9.19,0,1.082007779883002,1.1382463500252258
Placed,1,IT,8.35,2,1.781911370401076,0.45166987818361204
Not Placed,0,CSE,7.9,1,-2.4444388118370393,1.6937689502160833
Placed,1,CSE,9.28,0,0.027883924350123466,2.7494836936844775
Placed,1,CSE,8.09,2,2.5997463830817384,0.6460454768384513
Placed,1,ECE,8.38,0,-0.5063824389422693,1.1110659713385367
Not Placed,0,CSE,7.82,0,-0.04638911719458806,0.34973882950216856
Placed,1,CSE,7.95,3,0.7144543647702917,-1.9813727751144423
Placed,1,CSE,7.59,3,0.04841518029861661,-0.8188256861429836
Placed,1,CSE,8.41,0,-0.36127114856893017,1.081255464081718
Not Placed,0,IT,6.77,1,-1.6270033355517435,0.13023983005870532
Placed,1,ECE,8.06,2,4.040346538437533,0.23380323328226896
Not Placed,0,IT,6.97,1,-2.9033345154534898,0.42918648466630416
Placed,1,ECE,8.13,0,-0.1372070807547748,0.4508096120032044
Placed,1,IT,9.74,0,0.48991031745446234,1.9162677763122535
Not Placed,0,IT,8.29,0,1.2111553698216848,0.4644604402787388
Not Placed,0,CSE,8.7,0,-0.6851941073629741,0.5263046591849045
Placed,1,CSE,8.47,2,2.763993969894933,-2.140114995005408
Not Placed,0,ECE,5.72,3,0.3142565741088145,-1.5182541565562093
Placed,1,ECE,7.59,3,-0.8493647602733027,-0.6899825624456666
Placed,1,Civil,8.08,0,-0.21805373064229483,2.2913619646226815
Placed,1,CSE,5.92,3,0.8579020580334461,-1.938116301408845
Not Placed,0,IT,7.46,1,-1.3689494928700077,0.8142083541243131
Not Placed,0,Mechanical,7.63,3,-0.8156430285944494,-1.6082161872245182
Not Placed,0,ENTC,6.65,1,-1.1389440489445677,-0.6178081160323621
Not Placed,0,IT,6.88,1,-2.122391030506609,0.20085380829573007
Placed,1,IT,8.84,2,1.7413771285211728,0.035709007154330265
Not Placed,0,CSE,5.0,3,-1.576396991087677,-3.727436084600071
Placed,1,CSE,7.93,3,0.710701743820609,-0.11956104971461114
Placed,1,ECE,8.69,2,2.92175233453087,1.8668235610673993
Not Placed,0,IT,7.68,3,1.2679785277343392,-1.3033384228610696
Placed,1,Civil,8.9,3,1.2801130449113076,-0.5595935204639354
Placed,1,CSE,7.34,3,0.9696344654598724,-0.3432854474113165
Not Placed,0,ENTC,6.93,3,-0.9631456189080588,-2.4411058861734314
Placed,1,IT,7.69,0,1.1355581011988087,1.6908336487737574
Placed,1,ECE,7.38,2,3.5820331233100866,-0.8799426461013076
Not Placed,0,Mechanical,7.21,1,-1.443166930108218,-0.4959121646744606
Not Placed,0,IT,7.55,0,-0.668397421802922,1.5583696400553801
Not Placed,0,CSE,7.03,2,1.4646158095478838,-1.1710033387277259
Not Placed,0,CSE,6.99,1,-0.8397181397844704,-0.3464519434406585
Not Placed,0,CSE,6.75,1,-2.812830123595295,-0.2412840830292269
Placed,1,ENTC,8.05,3,0.23505907960193745,0.1876585206772133
Not Placed,0,ECE,6.85,1,-1.8908748500263985,-1.853620216916942
Not Placed,0,ENTC,6.64,3,-0.7226424364311592,-1.921679200207834
Not Placed,0,IT,6.79,3,-1.15880891496377,-1.58245885615205
Not Placed,0,ENTC,7.87,3,-0.17552149037417356,-0.28778082222903956
Placed,1,ECE,8.27,2,2.594969847143587,0.7748568567931925
Not Placed,0,IT,8.34,1,-1.2915980536432041,-1.2799676028472566
Not Placed,0,Mechanical,7.88,2,1.6791719171202146,-0.9305422536587785
Placed,1,IT,8.16,3,0.878211965712484,-0.6579960429537604
Not Placed,0,IT,7.65,1,-2.098113141320676,0.9432723831443529
Placed,1,ENTC,8.09,2,1.3669021749017962,0.073226265834091
Placed,1,IT,8.07,2,2.3212761502651413,0.061800609227300546
Not Placed,0,IT,7.08,0,-0.12884572403450872,0.28796361915202123
Not Placed,0,IT,6.79,1,-3.522085261039341,-0.20958486086382783
Not Placed,0,Mechanical,8.85,3,0.07119846830338024,-1.4120984863764108
Not Placed,0,IT,7.81,0,-0.7616531618932629,0.8827566865652006
Placed,1,CSE,8.59,0,0.48906215253230134,0.41169766791132956
Not Placed,0,IT,6.77,3,-0.04835620647085676,-0.0003272772363722412
Not Placed,0,CSE,7.36,3,-1.1061603001206135,-1.8882292764519018
Not Placed,0,CSE,6.53,3,-0.19081370941676115,-0.19791480967866734
Placed,1,Mechanical,8.25,0,0.7480412951645579,0.43627843863961646
Not Placed,0,ENTC,7.18,3,-0.7205438027478285,-1.895152895517238
Not Placed,0,Mechanical,7.23,0,-1.3595014611831628,1.6444150127611386
Placed,1,ECE,9.36,2,3.783192655179618,0.5877731156737843
Placed,1,CSE,8.27,2,2.728898670603082,0.6038028206942428
Placed,1,IT,8.26,0,1.4278516108651034,1.8479975891824136
Not Placed,0,CSE,6.68,1,-1.8681661129625824,-1.2002112557863363
Not Placed,0,CSE,6.12,1,-2.307701657623848,-0.5697431880788124
Placed,1,ECE,8.53,0,1.7606777549526236,1.6744474951585933
Not Placed,0,IT,5.8,3,-1.2863519235831946,-1.3562228650646293
Not Placed,0,ECE,7.27,3,-0.031215409452842943,-0.17691894226712768
Not Placed,0,CSE,7.01,1,-2.0537189077303672,-0.3281025453679853
Not Placed,0,CSE,6.91,0,0.7146099512984905,0.48559287677494856
Not Placed,0,Civil,7.33,3,0.6497031477523928,-1.100088403654303
Not Placed,0,IT,6.8,0,-0.6054001997392967,0.028436345018613994
Not Placed,0,IT,6.67,0,-0.17118368156057018,0.8310162294060512
Placed,1,IT,7.92,3,1.1609635585286346,-0.19463765419844495
Not Placed,0,CSE,8.61,3,-0.07691511197910537,-1.9950513500484242
Not Placed,0,CSE,6.22,1,-2.9352030161064877,-0.5188082482818557
Not Placed,0,Civil,7.87,0,-0.8451075491137987,1.7744976172143656
Placed,1,Mechanical,8.16,0,0.24809048694601407,1.3267613441835548
Not Placed,0,ECE,8.08,3,0.3347004801672135,-0.6610972447582125
Not Placed,0,ECE,7.51,3,-1.212351507032189,-1.5895162393003395
Not Placed,0,CSE,7.19,0,-0.9512134076332915,0.5912267949934251
Placed,1,Mechanical,8.34,2,1.433080627623393,0.38431049764853725
Placed,1,CSE,7.99,1,-1.8631907629731932,1.0067144322665023
Not Placed,0,IT,6.09,1,-3.0963281868908443,-1.0955962121169953
Not Placed,0,Civil,7.51,1,-1.6602322054714798,-0.4489925613621783
Not Placed,0,CSE,7.75,3,1.5191601639874617,-1.27671102005903
Not Placed,0,IT,6.77,1,-1.735930881080976,-0.46113993785323726
Not Placed,0,ENTC,7.49,3,-0.35762018807142776,-0.9283131457381412
Placed,1,CSE,8.12,0,-0.2185996504733827,2.435603305395767
Not Placed,0,IT,7.0,1,-0.8670900089503871,-0.03824321874630607
Not Placed,0,CSE,7.9,1,-3.1370478528052557,1.85723167320246
Not Placed,0,CSE,6.86,1,-2.405812562210551,-1.1802605730288123
Not Placed,0,CSE,6.65,1,-1.4071520514736973,-0.3492759615963216
Placed,1,IT,8.22,0,-1.103440780879714,1.882675467281374
Placed,1,CSE,8.7,0,0.8389781154748759,0.7369925956410422
Not Placed,0,CSE,6.69,1,-2.3884052686217476,-0.3003425392569057
Placed,1,CSE,8.51,3,1.46748676887004,-0.5002535667695313
Placed,1,CSE,7.69,2,1.5429690266577623,0.9033848365615951
Not Placed,0,IT,5.82,3,1.7300253369278529,-2.7849924003972997
Not Placed,0,CSE,6.48,1,-2.5191214065880674,-0.453324024356046
Not Placed,0,CSE,8.22,0,0.22608379537824402,0.31719548237710793
Not Placed,0,CSE,6.32,1,-2.2775901686001294,-1.6629290229016471
Not Placed,0,ENTC,7.17,1,-2.0242496794623284,-0.4323944202532474
Not Placed,0,IT,7.63,3,-0.1863001424424143,-1.093782686207041
Placed,1,IT,8.08,3,1.6787489953741161,-1.5065090980724305
Placed,1,IT,7.86,3,0.23273010500061742,0.029360280091146943
Placed,1,ECE,9.03,2,3.974074351408329,0.01725951867702027
Not Placed,0,CSE,7.01,1,-1.9671095383529533,0.5394384344464485
Not Placed,0,ECE,7.78,3,-0.370525581717923,-1.0149569533010925
Not Placed,0,ECE,8.08,1,-2.5479919913649542,1.1629267214181442
Not Placed,0,IT,8.31,1,-2.5885797811908806,-0.7777840272469975
Placed,1,CSE,8.59,2,3.897623922541955,0.08862580865184244
Not Placed,0,Civil,7.33,3,0.1141691063999774,-0.42945232419967794
Placed,1,CSE,8.25,2,2.856827830825542,1.8802356976708212
Not Placed,0,CSE,6.91,3,0.180318757095756,-0.7579662623134951
Placed,1,CSE,7.63,3,-0.03708168330627058,-0.6738580356508721
Placed,1,CSE,8.13,2,3.1143691822329522,-1.1300317984139838
Placed,1,ENTC,8.53,0,0.062235182970464695,1.0951728274853314
Not Placed,0,IT,8.18,1,-2.3027232274533374,0.944624442852801
Not Placed,0,CSE,7.78,3,-1.23069054665927,-0.8440513117323968
Placed,1,ECE,7.63,2,2.0752251221105054,-0.8316787441303017
Placed,1,Mechanical,8.17,1,-1.7548701064706178,-0.9020342206937364
Not Placed,0,IT,9.56,0,0.5889206130091981,1.018331130214267
Not Placed,0,ECE,8.43,2,2.378629714328748,-0.5865915674623818
Placed,1,IT,8.02,0,1.1386463312218766,0.6021235696229731
Not Placed,0,ECE,6.54,1,-2.157040080566585,-1.1018193801855376
Placed,1,CSE,6.98,1,-2.1537898762912673,-1.3051805397629892
Not Placed,0,CSE,7.42,0,-0.4161374814403376,0.1387348585497141
Not Placed,0,Civil,8.47,3,0.6478471823371968,-0.535399270408119
Not Placed,0,ECE,6.9,3,-0.31299459610513053,-1.4795585133308649
Placed,1,IT,8.25,0,0.26547994656280455,0.8233086411420882
Placed,1,Civil,7.8,2,1.7892901909361094,0.5344731716596915
Placed,1,CSE,8.0,0,1.0848209056979132,1.7500525460669079
Not Placed,0,ECE,7.52,1,-1.065807920655327,-0.36291860970449386
Placed,1,ECE,7.19,0,-0.846763027685758,0.24109525699846904
Not Placed,0,ENTC,6.87,1,-2.156821317352592,-0.36719418680876825
Placed,1,CSE,8.22,2,3.346735277689347,0.25610974553364696
Not Placed,0,ECE,7.63,3,-1.1803079635731484,-1.5821217951496633
Placed,1,ECE,6.78,1,-3.457074819844842,0.19681794054319493
Not Placed,0,CSE,7.89,0,0.3082883945119381,0.4664503488144748
Placed,1,Mechanical,10.0,2,4.745916651324549,0.2779536672695229
Not Placed,0,CSE,7.53,1,-1.3884725959586055,-0.36305063713966274
Placed,1,CSE,9.11,0,0.7248463467772592,3.6551031347836704
Not Placed,0,ECE,5.5,1,-2.970155833642615,-0.426364182891272
Not Placed,0,IT,7.47,2,1.6542494048418288,-0.545793852481739
Placed,1,ENTC,8.51,0,-0.0008260608061398575,1.5698230221521583
Not Placed,0,CSE,7.71,3,-0.6004427582897641,-0.4034011717166387
Placed,1,CSE,7.15,2,1.5621162840569522,0.6928267144919948
Placed,1,ECE,7.68,2,2.053488067753286,-0.0045090284684325636
Placed,1,Mechanical,8.54,2,3.327629644359378,0.5353310018337166
Placed,1,ECE,9.52,0,1.5840414627731214,1.259264330530929
Placed,1,IT,8.61,0,0.8027522687864831,1.904462616292859
Not Placed,0,CSE,7.27,3,0.9357212991349039,-0.06803407574544491
Placed,1,ENTC,7.5,2,2.575471603317589,-0.5444459406400328
Placed,1,Mechanical,7.51,0,0.4569017462640581,0.15840132250932318
Not Placed,0,ECE,6.96,3,-0.4935902044145556,-0.5667219340970491
Placed,1,ECE,7.57,0,-0.9892685237053509,0.8441921549023759
Placed,1,CSE,7.47,0,0.8111188449481836,0.5328249420880237
Placed,1,CSE,6.68,1,-1.0596769126419716,-0.3632299597731983
Placed,1,CSE,8.41,2,2.262203665858094,0.09003507122510904
Placed,1,IT,8.06,0,-0.9327815491274682,1.7495150545419575
Not Placed,0,IT,7.16,1,-1.8020191832359782,0.21769234718935107
Not Placed,0,ECE,7.83,3,0.8539469797795749,-1.1235498623347793
Not Placed,0,CSE,6.88,1,-1.369586812458368,-1.0549081466877788
Not Placed,0,CSE,7.23,1,-3.149268522739755,-1.7735995217964209
Placed,1,Mechanical,8.28,3,0.8681616260402751,-0.9898540563458531
Placed,1,IT,8.1,0,0.5787643460350167,0.4982220635228276
Not Placed,0,ECE,7.26,3,0.4348245566403171,-1.2505781447849476
Not Placed,0,ENTC,7.96,3,-0.5943416078892513,-0.7586573648943296
Not Placed,0,ENTC,7.64,0,0.3661433434598959,1.307522152310886
Placed,1,ENTC,6.85,3,1.0820479353638155,-0.28348041739212737
Not Placed,0,ENTC,7.56,3,0.9710858363012865,-1.1574515156906886
Not Placed,0,CSE,8.07,2,2.198524736253384,-0.603038588189689
Not Placed,0,ECE,7.96,3,-0.8995804291447873,-0.40755377063462406
Not Placed,0,Mechanical,6.26,3,-1.1313597770491295,-2.5287287656369744
Not Placed,0,CSE,7.84,1,-2.514191318172296,1.445823440459096
Placed,1,ECE,7.72,3,1.1789081422497956,-0.15558116391967194
Not Placed,0,IT,6.09,2,1.9648582120374318,-2.0819500308027843
Not Placed,0,CSE,7.01,1,-2.712071077790677,-1.2834442157151666
Placed,1,IT,8.12,0,-0.32383833472082685,2.162043511007827
Placed,1,ECE,8.88,0,0.673171634451814,0.4766129202268279
Not Placed,0,CSE,6.31,0,-0.6373776598213291,0.45945054656908896
Placed,1,CSE,8.53,2,2.1970845546332995,-0.6644711101675997
Not Placed,0,CSE,6.1,1,-1.8349368764072618,-1.937044968348361
Placed,1,ECE,8.89,0,-0.939943239833477,3.470318403793199
Not Placed,0,Mechanical,7.5,1,-1.7883583653165003,1.370678356121117
Not Placed,0,IT,7.09,1,-1.3439592988685496,-0.20056569193783763
Not Placed,0,IT,8.0,0,-0.9105223928190276,1.0951654117438525
Not Placed,0,ECE,6.88,1,-0.8290278371960754,0.14436109065478556
Placed,1,CSE,8.14,2,1.624878250065742,0.5209122303882376
Placed,1,CSE,7.59,0,-1.7240724961227305,3.185281530872474
Not Placed,0,ECE,5.0,1,-4.098592981715579,-2.922100083983634
Not Placed,0,Mechanical,7.01,1,-2.6301166506189464,-0.24656519233415225
Placed,1,CSE,7.86,2,1.5969791031569147,0.5842406591080674
Not Placed,0,CSE,8.61,2,2.4753772649756893,-0.03559956172594686
Placed,1,IT,7.98,3,0.460803850803212,-0.2535534798113288
Placed,1,Civil,8.59,0,-0.1632308429686737,2.3366559666522666
Not Placed,0,ENTC,6.94,3,0.7782077834219266,-1.951550017974653
Placed,1,CSE,8.32,0,0.2973091128844195,0.8046155271938172
Not Placed,0,Civil,8.33,0,0.6769568268597417,0.8960532259188925
Not Placed,0,CSE,6.31,1,-2.9400015146008913,1.6379254486977755
Placed,1,ENTC,8.63,2,2.7882117246610028,0.7177991633217011
Not Placed,0,ENTC,7.98,0,0.695520518290183,0.5402735619392738
Placed,1,ENTC,7.46,2,2.358104108595903,0.743649335544127
Not Placed,0,ECE,7.45,0,-0.8747257685459415,0.18769614464034431
Placed,1,IT,6.82,0,0.13781162137325612,0.1579424263965217
Placed,1,IT,8.24,2,1.729706599801426,-1.034635166606374
Not Placed,0,IT,7.96,1,-2.7214790145751726,1.6559527448552835
Placed,1,Mechanical,8.2,2,1.9823148298389168,1.8134103520676779
Not Placed,0,CSE,7.77,1,-2.296669612942741,1.2090714451896976
Placed,1,CSE,7.87,0,1.1267404936183005,1.6110339100020405
Not Placed,0,IT,7.45,3,0.13642033765193418,-0.9907304602494729
Not Placed,0,CSE,8.62,0,-1.2872174063602617,1.486358409297838
Not Placed,0,CSE,8.22,0,-0.23147967184583929,0.2527324766227579
Not Placed,0,CSE,7.85,3,-0.05029962998353242,-1.0578027346548953
Not Placed,0,CSE,7.59,0,-0.2934508892295152,0.03136886479566055
Not Placed,0,IT,6.2,1,-2.7867864818131753,0.20332491757070115
Not Placed,0,IT,6.01,1,-3.0432288714581253,-1.722871082208636
Not Placed,0,Civil,7.39,1,-1.0177731769741651,-0.3966838278316494
Placed,1,ECE,8.78,2,1.951716324094086,1.8833572153874587
Not Placed,0,ECE,7.1,3,1.6343966200589921,-3.041962993526157
Not Placed,0,Mechanical,7.13,3,-0.6108977010316581,-2.0993886856160526
Not Placed,0,CSE,6.87,1,-2.0647227097389327,0.45664597622906167
Not Placed,0,ECE,6.6,3,-0.7799432725287382,-0.6666180718711048
Not Placed,0,CSE,6.92,1,-1.478988540424852,-0.39978808342813654
Placed,1,IT,7.94,2,2.5480098128035613,1.0580400258158777
Not Placed,0,CSE,7.28,1,-2.0494219831621336,-0.3295439657159974
Not Placed,0,Mechanical,7.24,1,-1.1940726020385677,-0.7043078717246484
Not Placed,0,CSE,7.17,3,0.7037023510909385,-0.6548450217786362
Not Placed,0,IT,7.9,0,-0.6471165279571917,0.6882786441098132
Placed,1,ENTC,8.03,0,-0.7966193316272422,2.43302241004539
Not Placed,0,IT,6.11,1,-1.8794045108405324,-0.5622900135885577
Not Placed,0,ECE,7.05,3,-1.221219697750081,-2.7267183592095914
Not Placed,0,ECE,7.62,1,-1.9843185767684908,0.24723205061125264
Placed,1,CSE,8.07,0,-2.2147986692536774,2.0895165244146003
Placed,1,IT,7.81,3,0.8737220738305258,-0.37695255329633853
Placed,1,CSE,8.4,2,1.617364684690091,0.34448492995460367
Placed,1,ENTC,6.5,3,-1.1102042788586082,-1.2511924420224934
Placed,1,Mechanical,8.05,2,1.3879473405009273,-0.13548875987855974
Placed,1,ENTC,9.44,2,3.086870793593196,0.8233937804739544
Placed,1,IT,7.74,0,0.5213112061676239,0.4308407185416791
Not Placed,0,CSE,7.78,3,0.5835132500194447,-0.41301410465135446
Not Placed,0,ECE,8.14,3,0.21791423596548648,-0.19772286671395703
Not Placed,0,ECE,7.24,1,-2.3275236602213982,1.0765368275970715
Not Placed,0,IT,6.9,1,-2.037349814600702,-2.7072729165231104
Not Placed,0,IT,7.75,3,0.0003397066676605315,-0.7395785033341109
Not Placed,0,IT,6.29,1,-2.651691892318296,-0.9669896851730031
Not Placed,0,CSE,8.04,3,1.4698462038817557,-1.9257911550963718
Placed,1,ECE,8.18,3,0.9745879377946544,0.1213494157445469
Not Placed,0,Civil,6.34,3,0.6916378825742182,-1.182804227483088
Not Placed,0,IT,7.84,1,-1.7424341192085921,-0.09754085663788717
Placed,1,CSE,7.52,3,1.0935488836997909,-0.6693613494772578
Placed,1,CSE,8.96,2,4.629225345140969,-0.005007086289509286
Not Placed,0,CSE,8.81,0,-0.39873163890938074,1.0170433508835737
Placed,1,IT,8.42,2,2.1746785877493604,0.9970923699904911
Placed,1,CSE,8.73,2,1.4084761466397893,0.08090181799959525
Not Placed,0,CSE,7.39,0,-0.9131293068524347,1.649563053515147
Placed,1,ECE,7.92,0,1.0649471084515483,0.8086477919430021
Not Placed,0,ECE,7.49,3,-0.395877690811885,-0.11854788691764424
Not Placed,0,ECE,6.85,1,-1.5481101848637968,-1.8791732837750708
Not Placed,0,CSE,7.77,1,-1.4264466849267623,-0.025926659230945448
Not Placed,0,CSE,7.63,3,0.5313066851623175,-0.35458740437183484
Not Placed,0,CSE,7.53,0,-0.6652848803497309,0.5079878140245236
Not Placed,0,IT,7.65,0,-0.44045305196415696,1.499617267676213
Not Placed,0,IT,7.75,1,-2.4386111790516884,-0.9928461731370865
Placed,1,IT,8.45,2,2.7515303953556978,-0.4092362266663052
Not Placed,0,Civil,7.2,1,-3.0006129822617726,0.8061576998086284
Not Placed,0,Civil,6.61,1,-3.8323600537280007,0.11781840967288089
Placed,1,ENTC,8.28,0,0.7233756889754024,0.20286895295142077
Placed,1,ECE,8.43,3,0.4089469805908525,-0.411246939644881
Not Placed,0,ECE,8.0,2,1.8798869309168256,-1.6134113950664692
Placed,1,ECE,6.73,2,2.459946263149178,-0.46255341969947
Placed,1,ECE,7.59,2,2.346496815068488,-0.7956570591056511
Not Placed,0,IT,7.94,2,1.5209791156748402,-0.6968412490880105
Not Placed,0,Civil,6.79,1,-2.2028887088237314,0.7666077145287635
Placed,1,ENTC,7.05,2,1.4863537461290932,-0.2075045371476061
Not Placed,0,CSE,7.58,1,-1.6536003414118043,0.4190810235984594
Not Placed,0,CSE,8.71,0,-0.4770249574686225,0.3165691730891687
Placed,1,ENTC,7.89,3,0.838211243435842,-0.03365999410161649
Not Placed,0,Mechanical,7.21,1,-1.3947180646237238,0.4910364006536625
Not Placed,0,CSE,7.53,0,-0.3273890242393108,0.575602099568825
Placed,1,CSE,7.13,3,1.0600137160943182,-0.8968307253250146
Not Placed,0,CSE,7.35,3,1.4962200813717745,-0.7518999209505253
Placed,1,CSE,8.31,0,1.2795439152620391,1.1396854148309028
Not Placed,0,CSE,6.07,3,-1.4105266813337793,-1.8223728083704982
Placed,1,IT,8.82,2,3.8022755336562466,0.953361761307615
Placed,1,CSE,9.56,0,2.3589813377691384,2.8888921199379243
Not Placed,0,CSE,7.84,1,-3.083980939611965,-1.655337041890414
Not Placed,0,ENTC,6.99,1,-3.1126970493272497,-2.204257359397233
Placed,1,CSE,8.69,0,-0.14534435186258773,1.2900229857140546
Placed,1,CSE,7.94,3,0.1432824985893355,-0.8843973622452016
Placed,1,CSE,7.25,2,1.5355196146972467,0.11182268858100791
Not Placed,0,ENTC,6.87,1,-1.9815844907669655,0.09079371417158154
Not Placed,0,CSE,7.36,3,-0.863795487783494,-0.6601478891917477
Placed,1,CSE,7.86,0,-0.8042172468407404,0.5588274553875421
Placed,1,IT,8.46,2,1.8589389260710427,0.8695444601226926
Placed,1,IT,7.94,2,1.4249550297750744,-0.16328243514215265
Placed,1,Mechanical,8.09,2,2.9383849773443838,-0.8445594201960415
Not Placed,0,CSE,7.42,3,0.5261893654303361,-1.2086667141137093
Not Placed,0,CSE,8.43,0,0.8588031279256031,0.37946917345128933
Not Placed,0,IT,7.52,1,-2.902851076159238,0.6225448869188335
Placed,1,CSE,9.26,2,2.1865663585377546,-0.7903447749105139
Placed,1,ENTC,7.15,2,2.066966591643075,-0.7866179321073323
Not Placed,0,ECE,8.04,1,-1.7865197705383682,-0.7863701715416562
Not Placed,0,Mechanical,9.56,0,-0.5363545540202657,1.779579077232045
Not Placed,0,CSE,8.59,1,-1.413036573870205,-0.16196178799282177
Placed,1,CSE,8.33,0,1.4505982234067294,1.4523171831526815
Not Placed,0,Civil,7.95,0,-0.7852291566057916,1.359928953448611
Not Placed,0,CSE,7.74,3,-0.29758859091312495,-0.5021807526698587
Not Placed,0,ENTC,7.55,1,-2.250167502309617,0.4228486688631307
Not Placed,0,ECE,7.22,0,0.43620263328740766,-0.050360403770735064
Not Placed,0,IT,6.39,1,-3.7564175514028526,-2.3685716383905695
Placed,1,Civil,8.24,2,1.5438556827957237,0.6134980379681434
Not Placed,0,CSE,6.39,1,-2.831965339084328,-0.9107900404315694
Not Placed,0,ECE,8.25,3,-0.6022593226742486,-0.14867028477976335
Not Placed,0,CSE,7.44,1,-1.6242343214483175,-1.3365588121262
Not Placed,0,CSE,6.89,1,-2.0478274599587927,0.27748761346111084
Placed,1,CSE,8.89,0,-0.15895113898929233,1.1936207019576761
Not Placed,0,CSE,6.47,1,-3.198352770286571,0.1532975065029261
Not Placed,0,Civil,7.13,3,-0.882904147637734,-0.8894305301294042
Placed,1,IT,7.21,3,-0.1712453994515971,-0.18139519728556525
Placed,1,CSE,7.83,0,-0.38072243101439834,1.4363946145390425
Not Placed,0,IT,7.18,3,0.1361371721172373,-0.1821224585728038
Placed,1,ECE,8.94,2,4.301703713389199,0.9172928699099447
Not Placed,0,CSE,6.53,1,-3.2278197208287094,-1.5217888443524612
Placed,1,CSE,10.0,2,3.192911161585248,2.017338037777073
Not Placed,0,ECE,6.8,0,-0.3415745532819744,0.9786950848815688
Placed,1,ENTC,10.0,0,1.9064790093576045,2.436644153620292
Not Placed,0,Civil,8.63,0,-1.5264456029509952,1.1388012915025192
Not Placed,0,Mechanical,7.61,2,4.87120464246919,-1.5663204829498043
Placed,1,CSE,7.89,0,1.3560356666427282,1.8307301438370742
Not Placed,0,ECE,7.38,3,-0.2490894167845287,-1.310436089956631
Placed,1,IT,7.99,0,1.60458613739905,2.6423744618356126
Not Placed,0,IT,7.07,2,2.679072777573941,-0.6116049360551261
Placed,1,CSE,8.3,0,0.8762890803526063,0.6653449132843725
Not Placed,0,CSE,7.85,3,0.8378668375687086,0.012560406035050056
Not Placed,0,CSE,6.86,3,-0.3721469564191564,-1.0483867568265328
Placed,1,CSE,8.06,2,1.9045284600416956,-0.4472890704528458
Placed,1,ECE,8.01,2,2.8759018326744643,0.9227935111439352
Not Placed,0,Civil,7.09,1,-3.4480850854740397,0.08930977642473498
Not Placed,0,IT,7.34,1,-3.3018181355942637,-0.2103664316842825
Placed,1,CSE,8.14,2,1.769531794370992,0.11024979643852748
Placed,1,IT,8.63,2,2.3648543976205936,0.3252631569590713
Placed,1,IT,7.58,0,-0.047270907041368306,0.926901369038238
Not Placed,0,Civil,8.49,0,-0.4007315802616861,1.4766487824995025
Not Placed,0,IT,8.69,2,3.0546059002747614,-0.7196259024670806
Placed,1,IT,8.81,2,1.6195872754335212,-0.21445679170147738
Placed,1,CSE,8.05,0,1.3694447644750594,1.5698714712498374
Not Placed,0,CSE,6.93,3,-0.3380912102214686,-1.2812571984116148
Placed,1,CSE,8.46,2,2.1464713086338665,-0.2591619107552244
Not Placed,0,Civil,7.54,0,-0.6228288764236055,1.7806398958913647
Placed,1,ECE,8.13,0,0.7260107604920079,0.7061386042972139
Not Placed,0,CSE,7.17,2,1.7355071374521132,0.1914717057810732
Not Placed,0,ECE,7.19,3,1.1342356172028534,-1.5087787957889434
Not Placed,0,Mechanical,7.1,3,1.245206863721647,-1.5787333663910335
Not Placed,0,CSE,6.57,1,-3.199004991894049,-1.3255596862448498
Not Placed,0,ECE,7.2,3,-1.0032962170745892,-1.3380264792747654
Not Placed,0,ECE,6.82,1,-3.5362640276947523,-0.42525824591280187
Not Placed,0,ENTC,8.18,0,0.7055463263398878,1.19488524825515
Not Placed,0,IT,6.79,1,-1.5112852194441753,-0.3876871438157923
Not Placed,0,ENTC,7.13,0,-0.26801907547626996,0.06521029952270456
Not Placed,0,ENTC,7.7,3,1.7485368430304389,-2.8026010970148314
Not Placed,0,ECE,9.24,0,0.5549047868187535,0.4931817862084424
Placed,1,IT,7.11,2,2.9096509695832915,-0.5850603507605575
Not Placed,0,IT,6.53,3,0.0417520412394168,-1.376702457273837
Not Placed,0,ENTC,6.58,1,-3.390420721663796,-1.3173699177043439
Not Placed,0,ECE,6.97,3,-1.5066921294475444,-2.3327759574776605
Not Placed,0,Civil,7.14,1,-2.556100948232463,1.1332158110187258
Placed,1,CSE,9.66,2,3.981465811121173,1.3917589388255054
Placed,1,CSE,8.52,0,-0.5597197854840891,3.7208229132014026
Placed,1,ENTC,7.43,2,1.6715537750881777,-0.7028985518486971
Placed,1,ENTC,9.27,2,3.2902107175443773,2.6208029385677465
Not Placed,0,CSE,7.18,1,-1.071099320367488,-0.2859892209691386
Not Placed,0,ENTC,7.35,3,-0.04004529491070273,-1.6315207983822662
Not Placed,0,CSE,7.3,1,-2.2342846546850206,1.2017710835159698
Placed,1,IT,8.57,0,0.8978365239372018,2.2700295736541283
Placed,1,IT,7.64,0,-0.004208999309361219,1.3636903861095448
Placed,1,CSE,8.98,0,0.2462288145702945,1.7209371609714716
Placed,1,ECE,8.07,2,2.810661108601012,-1.5960846042746935
Placed,1,CSE,8.47,0,1.019418477690391,1.5434859840159405
Not Placed,0,Mechanical,6.16,3,0.029093386084715987,-2.491595050467554
Not Placed,0,CSE,6.26,1,-2.548970749933322,-1.1831976860385818
Not Placed,0,ECE,6.28,1,-3.8404697075420056,-2.2149416829079747
Not Placed,0,CSE,7.34,3,0.131061417900146,-0.29863183491352363
Not Placed,0,IT,6.39,3,0.1293144098500759,-1.730760801254922
Not Placed,0,CSE,8.75,1,-0.9353654747226025,-0.023684062566010747
Not Placed,0,Civil,7.53,0,0.457953303830675,0.381739468549138
Not Placed,0,Civil,8.22,3,-0.649087182996364,-0.12795056098558805
Not Placed,0,CSE,7.28,1,-2.2905213012061316,1.1237494151113545
Placed,1,CSE,8.4,0,1.183222411154315,3.5056618488816516
Not Placed,0,IT,6.03,1,-2.7505664139480674,-1.9634673596007564
Placed,1,CSE,7.66,0,0.7355625355904919,1.4179727592978786
Placed,1,CSE,8.13,0,0.7553274023046197,2.0311627804631707
Placed,1,Mechanical,8.2,2,1.4902395255900636,0.7961007331662006
Placed,1,ECE,7.43,0,-0.32892119153454297,0.422589996052845
Not Placed,0,IT,6.25,3,-0.7798157533910963,-0.8782251206002712
Placed,1,Civil,8.56,0,0.46338705219008325,0.9764718413257579
Not Placed,0,ECE,7.37,3,1.1789774129200365,-0.2653275971016176
Not Placed,0,IT,7.44,1,-3.1098577496972446,-0.11692843525563901
Placed,1,ENTC,9.59,2,3.316336619047197,0.6839043599682366
Not Placed,0,CSE,7.78,3,-0.21193713188662106,-0.24729897146579394
Placed,1,CSE,7.26,2,1.2962395089719612,-0.5573177087541573
Not Placed,0,IT,7.21,1,-2.434569817128991,-0.4905083579210114
Placed,1,CSE,8.25,2,1.697154602212923,0.7923447790102536
Not Placed,0,IT,7.0,3,-0.01812877562659495,-0.7273658229011475
Placed,1,ENTC,8.13,2,3.3325270051452067,-2.6698382336597906
Not Placed,0,CSE,8.64,0,-0.5557021905292998,1.6172354166661294
Not Placed,0,CSE,7.62,0,1.2934999071364177,1.4577584468096747
Placed,1,Civil,8.54,0,0.7804914584704989,1.4474345335007903
Not Placed,0,Civil,7.64,3,-0.7845725471536876,-0.6282990384547142
Not Placed,0,ENTC,7.12,3,-0.11256298003210138,-1.1643264766002275
Not Placed,0,ENTC,6.29,3,-0.36565973738576124,-4.03640330500355
Not Placed,0,Civil,7.93,0,1.159852020897071,0.4888951734380057
Not Placed,0,ENTC,7.95,1,-2.3153313941860745,1.0408150128683087
Placed,1,CSE,8.53,0,0.6275225973715525,1.4470255844701936
Placed,1,IT,8.45,2,4.666595222355476,-1.297927185349401
Placed,1,IT,9.46,0,0.506733677897082,3.068929705263052
Not Placed,0,CSE,7.21,0,0.7207878100758588,2.547729518986867
Placed,1,CSE,8.0,0,1.0115546908796962,2.7937394009375875
Placed,1,CSE,7.12,3,0.6411981089634479,-2.1219661498702376
Not Placed,0,IT,8.49,0,-0.3671690322523736,2.1418334546280757
Placed,1,CSE,6.91,2,1.9941382753189363,-0.8830519050318089
Not Placed,0,CSE,8.48,2,1.1936401298070982,0.17895200966838748
Not Placed,0,CSE,7.07,3,0.05208979272802862,-0.5540063783271141
Not Placed,0,ECE,8.35,0,-0.007361328157829828,2.5401556930533955
Placed,1,CSE,8.73,0,0.5404096882259877,1.7674256396090837
Not Placed,0,CSE,6.38,1,-3.0622542253664973,-0.9167387683779232
Not Placed,0,CSE,6.55,1,-2.4045699917134904,-0.9080964154373367
Placed,1,ECE,7.9,2,2.1193087819813083,0.10450115997711437
Not Placed,0,Mechanical,7.81,0,0.5510752361778984,0.7428097069288707
Placed,1,IT,7.45,0,1.0476649899108792,0.5105359476383062
Not Placed,0,ENTC,7.3,3,-0.8778192046366295,-1.4258868931744053
Not Placed,0,Mechanical,6.97,3,0.8425838624294794,-2.083913320283935
Not Placed,0,Civil,7.98,1,-2.030849365349229,1.3463207928950358
Not Placed,0,ENTC,6.88,1,-3.599181123545511,-0.5934499617769639
Not Placed,0,CSE,8.01,0,0.41363689621091454,0.7981485435031791
Not Placed,0,IT,7.21,0,-0.5566729192277399,0.06582968429997328
Placed,1,IT,7.34,0,0.9954544904399624,1.2172123105250956
Placed,1,IT,8.73,0,0.5694847459650044,3.3092674274025673
Not Placed,0,CSE,8.51,1,-1.6478435718386062,0.7906589975245021
Placed,1,Civil,6.85,0,-0.3594281535213824,1.6590855108168088
Not Placed,0,IT,6.96,1,-1.9750419544304705,-1.1014749165519142
Not Placed,0,CSE,8.36,3,1.2791491663951033,-1.2468914989319322
Not Placed,0,Civil,6.48,3,-0.3269331493918562,-3.091653332663628
Placed,1,IT,8.94,2,3.2376119966117485,0.3772900751883879
Placed,1,IT,7.81,2,1.8840258885559298,0.5165857354595916
Placed,1,CSE,7.21,0,-0.04819289973094868,1.3417564684924423
Not Placed,0,CSE,7.71,3,-0.7245754480933547,-1.5119177521413485
Not Placed,0,CSE,8.86,0,-1.2327277265350574,1.4756624699656877
Not Placed,0,CSE,5.89,1,-3.568980279684174,-0.8518176864290079
Placed,1,ECE,8.57,2,2.7829484726584983,-0.7532429488992101
Placed,1,IT,8.72,2,2.178046689593872,0.5795002450861274
Not Placed,0,ECE,7.43,1,-2.0037476793170974,1.5297829970676953
Placed,1,IT,7.64,0,-0.7904617298548252,1.520994116842818
Placed,1,CSE,7.82,2,3.826864714080704,-1.3738758967651652
Not Placed,0,IT,8.32,0,-0.7030702663491416,0.7476971974591855
Not Placed,0,ENTC,7.08,1,-3.5867644192651205,0.2448180708076702
Not Placed,0,ECE,7.69,0,-1.3769406314542494,0.7799466539417509
Placed,1,IT,7.62,0,-0.6352851662054181,0.6201073980135309
Not Placed,0,ECE,8.28,2,1.3638953437881787,0.30646430524228896
Placed,1,CSE,9.97,2,4.618234328291043,2.6465554313020014
Not Placed,0,ENTC,7.08,1,-1.7284349751234138,-0.9297887372264465
Not Placed,0,Civil,7.77,3,0.7666571827909499,-0.17292069507159244
Not Placed,0,IT,7.05,3,-0.6666097358620858,-0.5187690026291246
Placed,1,CSE,7.28,0,1.089384416100731,0.5644814866732345
Not Placed,0,CSE,6.79,3,-1.0639617825792869,-0.8838492340544482
Not Placed,0,ENTC,6.4,3,-1.1737228530428214,-1.5625915335723228
Placed,1,IT,8.71,2,3.440056984478054,-0.04795904390252033
Placed,1,CSE,8.0,0,0.08310438171204133,0.5530374684361575
Placed,1,Mechanical,7.78,0,0.28319792146492373,1.7091421126919162
Not Placed,0,CSE,6.96,3,0.6651951903860437,-1.2595962859015255
Not Placed,0,ENTC,7.64,1,-1.5948635574183405,0.012763830047613292
Not Placed,0,IT,6.72,1,-3.589784645392286,-2.1923468959280585
Not Placed,0,Mechanical,7.68,3,0.4235892281753208,-0.6316684955433757
Placed,1,ENTC,7.98,3,0.76481256734175,-0.624486078112382
Not Placed,0,CSE,7.24,3,-1.1006641227553675,-1.415262833119639
Not Placed,0,IT,7.06,1,-2.535524692080401,-1.1522321616932012
Not Placed,0,CSE,7.28,1,-1.5838722359477035,-0.8939043462550152
Placed,1,ECE,8.39,0,1.3387636807710221,1.1478364797686813
Not Placed,0,IT,7.87,0,-1.40519052167758,2.7372530986912285
Not Placed,0,Civil,6.33,3,-0.9795430503397908,-2.22354154465528
Placed,1,ENTC,8.31,2,3.4717299391091405,-0.9117252234303637
Not Placed,0,Civil,8.16,0,-1.0135530119883,1.7764975641148246
Not Placed,0,CSE,7.86,0,-0.19912717311164876,0.19316313008095665
Placed,1,CSE,9.1,2,3.1548507823208354,0.36738104825645185
Placed,1,CSE,7.72,3,1.2967611898084586,-0.3979620982308461
Not Placed,0,CSE,8.07,0,-1.3627140913363334,2.831948478070464
Not Placed,0,IT,8.1,3,-0.6643935856655744,-0.7823924827821443
Placed,1,IT,8.45,0,-0.6150259129797262,0.7750883570178094
Not Placed,0,ECE,7.51,3,0.037645569453027446,-0.502104266243661
Not Placed,0,IT,7.15,1,-2.720499059169057,-1.0759409528178405
Placed,1,IT,8.53,2,2.424695326054927,-0.9341083878382559
Placed,1,CSE,8.48,2,2.4874243512670464,-0.013179122261579232
Placed,1,ECE,8.78,0,-0.35948022444188993,0.6790051110245338
Not Placed,0,ENTC,8.05,0,0.030408331571616463,0.9837929715091834
Not Placed,0,ECE,6.3,3,-0.7755166146760933,-2.5099850473439367
Not Placed,0,IT,7.84,3,-0.88258052898775,-0.36136421107101485
Placed,1,CSE,7.73,2,1.4961003450938195,-0.8105757624901818
Placed,1,ECE,8.75,2,1.704165508354909,-0.6252998236855666
Not Placed,0,CSE,8.6,0,-0.8741589822577054,1.7948392063954495
Placed,1,IT,8.22,0,-0.23476404982477372,1.025026664359695
Not Placed,0,Mechanical,5.94,1,-4.597888056359215,-1.247760149154392
Not Placed,0,IT,7.0,3,0.03539366438881092,-0.373055600966197
Placed,1,CSE,7.39,2,3.160264280884591,-0.7940744026149511
Placed,1,CSE,7.41,3,0.1148139372515862,-0.1961349885123539
Placed,1,Mechanical,7.84,0,0.48648965719193016,0.7381345286906311
Placed,1,CSE,8.96,2,2.985248972987158,0.5876311655762702
Placed,1,Civil,8.36,0,0.8122194342853907,0.7826905073027931
Not Placed,0,ENTC,6.92,1,-1.6420919725703778,-0.030903256304592546
Not Placed,0,ENTC,7.0,3,-0.42071150192995715,-0.504212450886126
Not Placed,0,IT,6.92,3,1.0608585538106554,-1.712651318963702
Placed,1,CSE,7.6,0,-0.07314346965307422,1.5616754657009044
Not Placed,0,ENTC,8.38,3,-0.9217087100673953,0.07408469991468655
Placed,1,Civil,8.52,2,2.4033748156662833,-0.10290338848468092
Not Placed,0,Mechanical,7.38,1,-3.5765059441565,0.638769475372566
Not Placed,0,Civil,7.67,1,-2.5810236389820997,0.37152374560785545
Placed,1,ECE,9.12,2,2.3493290102365765,1.1471944177253104
Not Placed,0,CSE,6.44,0,0.1604008625724711,1.2514754441692773
Placed,1,CSE,8.24,2,1.9955113993210223,1.1447117893065142
Placed,1,CSE,8.15,0,-0.40576916103434324,0.5221653004442568
Not Placed,0,IT,7.45,3,0.5783718239287211,-2.0814951318181953
Not Placed,0,CSE,7.68,1,-1.067083903836424,0.14295057761928473
Placed,1,IT,8.06,2,1.4673911646577757,-0.301334113221483
Not Placed,0,IT,7.45,3,-0.5890668863472888,-0.38264281322657423
Not Placed,0,CSE,7.16,1,-1.9190443400390822,1.2218194672053848
Not Placed,0,ECE,7.09,3,-0.2677555984261768,-2.7974514624628917
Placed,1,ECE,9.28,2,2.931540720327851,-1.0205966583570847
Placed,1,CSE,7.33,0,-0.8693332520594108,0.653764248955355
Placed,1,ENTC,7.87,2,2.2659533619401837,0.4095600398706186
Not Placed,0,CSE,8.37,0,-2.4998051326128006,2.604901238402351
Not Placed,0,CSE,7.52,1,-2.967684592171051,-0.33006066823708125
Not Placed,0,CSE,7.73,1,-1.9195226160126448,-0.826349850418455
Not Placed,0,IT,8.13,3,-0.024405914723615404,-0.26082583355566213
Placed,1,ECE,6.98,3,0.15975441106683003,-1.5828502963237006
Not Placed,0,ENTC,6.39,1,-3.4832096969086757,0.24622827741172035
Not Placed,0,CSE,7.08,1,-2.281188647602733,0.3339617103047839
Placed,1,Mechanical,9.17,2,3.900656720383511,0.9256482121441891
Not Placed,0,CSE,7.21,1,-1.5772705870293093,0.0493009645782668
Placed,1,CSE,7.81,2,2.025369661000581,0.3322837172290047
Placed,1,Mechanical,6.57,1,-1.6932407213326686,0.7765453203916259
Placed,1,ENTC,8.84,2,3.2506891671013682,0.08137832074217312
Not Placed,0,CSE,7.44,3,0.23876775418700485,-1.4760169630539135
Not Placed,0,ECE,7.31,1,-1.030804652577225,-0.30165144483677603
Not Placed,0,IT,7.59,0,-0.1925726918003847,1.3925676191688792
Placed,1,ECE,9.84,2,3.49186049957403,1.8422455199594827
Not Placed,0,ECE,8.08,2,1.8014442785115419,-0.1931673341563103
Not Placed,0,IT,7.57,1,-2.3330893620916933,0.5647085941935923
Not Placed,0,IT,5.25,1,-4.236641801193082,-1.6745508840597187
Placed,1,Civil,8.85,0,1.0881096624837259,0.49029384696216316
Placed,1,IT,7.11,3,0.7393790942397095,-0.45035437809239737
Not Placed,0,Mechanical,6.98,1,-1.4333225474529334,-0.5395950584534271
Not Placed,0,CSE,7.05,1,-2.6524704912962815,2.1344757241520744
Not Placed,0,CSE,8.95,0,-1.4960602304448272,3.0178378554733243
Not Placed,0,CSE,7.66,0,0.2495244967215447,0.4275272859502393
Not Placed,0,ECE,6.41,1,-3.012216260030245,0.9984812757985448
Not Placed,0,CSE,7.53,3,-0.37540091420219,-1.3164056171308633
Not Placed,0,CSE,6.99,1,-2.5490594545713967,0.0622072816409821
Placed,1,CSE,8.01,0,-0.055207256724145976,2.0111730910355954
Placed,1,ECE,7.37,2,3.037611179297842,-1.0724294769593992
Not Placed,0,CSE,6.37,3,-0.5543293003536525,-1.0304139445875335
Placed,1,CSE,7.63,0,-0.213224072417357,1.4825588704885433
Placed,1,CSE,7.65,0,-0.7506112157120157,1.2398206179823246
Not Placed,0,CSE,6.63,1,-2.512742043605038,0.29739605378618583
Not Placed,0,CSE,6.03,3,-1.4422558851370582,-2.0820286343746828
Not Placed,0,CSE,7.94,1,-1.2516960464541411,-0.7834545919378246
Placed,1,ENTC,7.46,3,1.435722243947946,-1.0398071757066747
Not Placed,0,Civil,7.52,3,-1.0506030606664274,-1.4296603519807414
Placed,1,IT,8.33,3,0.9429979481159053,-1.1013973848169585
Not Placed,0,IT,6.05,1,-3.153065386813523,1.0573618944275094
Placed,1,Civil,7.75,1,-1.2101268855016252,0.22344757680158125
Placed,1,CSE,8.26,2,4.14864838707791,-0.6168589759225793
Placed,1,CSE,7.54,0,-1.4171667515591975,1.9409717536751203
Placed,1,ECE,6.5,1,-1.5295620735578492,-0.6146045911149295
Not Placed,0,CSE,7.14,0,-1.0082677395245334,0.6488134416393344
Not Placed,0,CSE,7.32,0,-0.3415081096110793,1.5986602127916736
Not Placed,0,Mechanical,6.36,3,-1.500183574505857,-1.605501221520984
Not Placed,0,CSE,8.02,0,0.31286362390826766,0.051129699862510654
Not Placed,0,ECE,7.7,3,1.3952044645226005,-0.8156413053745152
Not Placed,0,IT,7.15,0,-0.43937811675412336,2.14880213848253
Placed,1,CSE,8.54,3,1.3416294202102947,-0.30215588952196387
Not Placed,0,Mechanical,7.26,1,-3.311086296892991,0.28007945320068106
Placed,1,Mechanical,8.96,0,1.5146281386427896,3.1687069453756753
Not Placed,0,ENTC,7.47,0,-1.943153836413507,1.7816096313442735
Not Placed,0,IT,6.89,0,-0.18368101100367887,0.3728301661540619
Not Placed,0,ENTC,6.91,3,-0.5916879720395931,-0.2652344059229062
Not Placed,0,IT,7.78,0,-0.4422177044916686,1.1587471535602387
Not Placed,0,ECE,6.79,1,-1.1386866381283816,-1.1317933043627102
Not Placed,0,ECE,7.82,0,-0.7389090205333135,3.9291642399127493
Placed,1,CSE,7.36,3,1.5370147156550924,-1.7593826336582041
Placed,1,CSE,7.34,0,1.3445585085589022,0.9056932642977129
Not Placed,0,ENTC,7.66,1,-1.6286583052754406,0.5632553176163315
Not Placed,0,Mechanical,8.55,0,-0.6050694417291508,2.190222026094807
Placed,1,IT,7.24,0,-0.7308671071916908,0.2379835690819344
Not Placed,0,IT,7.86,0,0.4554708180891657,0.08967677317569729
Not Placed,0,ECE,8.08,3,0.3926212418547683,-0.7992503553695869
Not Placed,0,CSE,6.67,1,-2.952614655542923,0.012711339692636365
Not Placed,0,IT,8.14,0,-1.030436555720497,0.3576249629919689
Placed,1,IT,8.39,2,1.7216449644983813,0.23376692838269916
Placed,1,IT,8.52,0,0.745460130545714,1.5977222102434654
Not Placed,0,CSE,6.76,1,-1.3157711867068942,-1.2395218953556015
Not Placed,0,Civil,6.82,3,-0.4838072772989364,-2.342497314336972
Not Placed,0,ENTC,7.65,0,-1.2624367194695219,1.4975082010462357
Placed,1,CSE,7.61,3,1.0730472293451179,-1.3670628565549208
Placed,1,IT,7.72,0,1.0142999131743633,1.1395072715836656
Placed,1,ECE,7.4,0,-0.2898083310437107,1.2249392833780626
Not Placed,0,CSE,7.86,1,-2.0679569542780465,0.38712744435163554
Not Placed,0,ENTC,5.53,1,-1.8932809898384138,-3.108133784224676
Placed,1,CSE,8.26,2,2.425755878559974,-0.15759847130008867
Placed,1,ECE,8.95,0,0.05286250443475804,1.487948532504191
Not Placed,0,IT,7.23,1,-2.1703636558825194,-0.5112771130801596
Placed,1,ENTC,7.87,2,2.4173286281345527,0.3775858678953587
Not Placed,0,ENTC,9.13,2,2.0142521157902236,0.0011964047082067553
Not Placed,0,CSE,7.73,1,-1.32839758446511,-0.4540856907515662
Placed,1,Civil,7.96,2,4.438560239863009,-0.5100978661321822
Placed,1,IT,9.27,2,1.6090056481230788,0.6266024230368917
Placed,1,IT,9.43,0,1.3459824998170409,0.9858057692517189
Not Placed,0,ENTC,6.8,3,-1.2454135866122156,-1.5142823280325086
Placed,1,ECE,7.35,3,0.7170690766578831,-0.5004154941540082
Placed,1,IT,8.46,3,1.0921070981844643,-0.0005566832552202222
Placed,1,IT,8.12,2,4.27893544962769,-1.1568888513139275
Placed,1,IT,8.3,2,3.6635167414026886,0.7869221402521953
Not Placed,0,IT,5.47,3,-0.28388209061978636,-3.6226660801635315
Not Placed,0,CSE,6.04,1,-2.9768197863074546,0.17320958542806988
Placed,1,IT,9.22,2,2.120158296278395,1.9880825856153248
Placed,1,CSE,8.36,2,3.800849779891284,-3.7162109692010112
Not Placed,0,ECE,8.0,1,-1.8310564368264566,-1.907922582042064
Not Placed,0,ECE,6.64,1,-2.197740814198681,-0.4518480854800273
Placed,1,Civil,7.35,0,0.602000987446569,0.5779146362493052
Placed,1,IT,8.18,2,2.2964556338787716,0.19296970027654872
Placed,1,IT,6.52,0,-0.4583926609248305,0.7796345243102777
Not Placed,0,IT,7.1,0,-0.7371194913037284,0.2048561907663186
Not Placed,0,CSE,8.02,1,-2.131379161740191,1.0751066260639068
Not Placed,0,CSE,8.2,0,-0.45976770535100586,1.0141256995524892
Placed,1,IT,7.26,0,-0.998337474145937,1.4619860450084061
Placed,1,ECE,8.53,2,1.775146009031054,0.6401890227539127
Placed,1,Civil,8.51,0,1.5294076254855926,1.5942065360982538
Not Placed,0,CSE,6.18,1,-2.1028812473101404,-1.0245180339583257
Placed,1,IT,9.09,2,2.503017585633668,-0.05857658176394317
Placed,1,ENTC,8.69,2,4.159127434306659,-1.1393398627300306
Placed,1,ENTC,7.88,2,2.237156559464809,0.5250196832506678
Placed,1,IT,7.58,0,-1.0468231708525113,0.6418420310127521
Not Placed,0,ECE,8.37,0,-0.3767344402049026,0.32449865837542724
Placed,1,CSE,8.15,3,1.1764437012056537,-1.1391135229606149
Placed,1,ECE,7.47,0,0.662904481258576,0.5975233303375654
Placed,1,ECE,9.07,0,1.19904782636194,2.834791213894222
Not Placed,0,CSE,5.91,1,-4.4120088690112,-1.3185690276661834
Not Placed,0,CSE,7.13,1,-3.096233565891977,0.17517156594408625
Not Placed,0,ECE,8.08,0,-1.365825904312916,1.1347250628950696
Not Placed,0,ECE,7.66,3,-0.08385070365072038,-0.046833039551954926
Not Placed,0,Mechanical,8.29,3,-0.050922599366288096,-1.151661053529969
Not Placed,0,CSE,6.51,1,-3.348207273486713,0.9623673365009352
Placed,1,ENTC,7.48,0,-0.295278048286711,1.0432834184754183
Placed,1,ENTC,8.68,2,4.900818396337733,-0.7660764715620895
Not Placed,0,ECE,6.43,3,-0.5951938272322471,-1.1816193938017436
Placed,1,IT,7.5,2,3.252965722659743,-0.5930250316965745
Not Placed,0,CSE,7.25,1,-1.3466655390446955,0.735306781929895
Placed,1,CSE,8.01,0,1.1728019757679582,0.44653559446601676
Placed,1,IT,8.03,2,2.2339664345767245,1.1491450240785719
Placed,1,IT,7.78,2,3.193375865745141,-1.4058963884889506
Placed,1,IT,7.45,2,1.4570387439274766,-0.007181456609416467
Not Placed,0,Mechanical,7.75,2,2.040801632804407,0.045833599802230535
Not Placed,0,ECE,7.56,3,-0.1364931539748217,-1.6268593950225634
Placed,1,ENTC,7.67,0,-0.48698997763195534,1.527285767930268
Placed,1,Civil,8.94,0,0.5780412353492242,3.537613009310004
Not Placed,0,ECE,6.68,1,-2.222077999982784,-0.7263189655954478
Placed,1,CSE,7.99,2,3.0861787321416276,-0.2783413815050597
Placed,1,CSE,6.9,3,0.7962403077257508,-1.7223237465927523
Placed,1,ENTC,9.36,0,0.11035069532350884,3.021329809064819
Placed,1,Mechanical,7.78,2,1.4423088237926467,-0.6645008425705909
Not Placed,0,ENTC,6.62,3,1.079144501691979,-4.3028369003509885
Not Placed,0,CSE,7.5,3,0.5809336063919078,-1.446416075910394
Not Placed,0,ENTC,6.46,1,-2.4519976326600017,-1.0641687984835295
Not Placed,0,CSE,7.16,3,0.5298221212640207,-0.7289275564313777
Not Placed,0,CSE,8.22,1,-2.0622691638820134,0.6962957046640023
Not Placed,0,CSE,8.86,0,-0.4783223390116094,1.0335955935947478
Placed,1,IT,8.62,2,4.158634388688166,-0.10418077707106499
Placed,1,IT,7.61,1,-1.1177746129820028,0.4543791874936858
Placed,1,ENTC,8.18,0,-0.38788085289347635,3.5918433920750203
Placed,1,IT,8.39,2,1.5248935453780519,0.8748305330546975
Placed,1,Mechanical,9.61,2,4.874366454631784,-0.6872733717632444
Not Placed,0,IT,7.19,3,1.5602940295398684,-2.273399606990575
Placed,1,IT,8.98,0,0.5688091306827155,3.1765261178300324
Not Placed,0,CSE,6.77,3,-1.124571921379783,-0.87059880838028
Placed,1,CSE,8.7,2,1.7848261200576077,-0.20105543825605504
Placed,1,IT,7.17,0,1.6294352412903004,1.4321800699865024
Placed,1,IT,7.12,3,-0.28855276366955473,-1.2356325301340059
Not Placed,0,CSE,7.46,1,-2.2223560166798015,-1.0790767562846366
Not Placed,0,CSE,7.04,1,-1.2148260272215958,-0.5933486298187186
Not Placed,0,CSE,8.06,0,-1.0322610049841814,1.8723064757640582
Placed,1,IT,8.74,2,2.0222701334773148,-0.49248464998068087
Not Placed,0,IT,5.91,1,-1.666949729622541,0.39940659364889586
Placed,1,IT,7.55,0,-0.25974823262764035,0.48834594826690875
Not Placed,0,IT,6.78,1,-2.058611336394711,0.21652525840102382
Placed,1,ENTC,8.47,0,1.2969090245749595,0.6730222260779335
Placed,1,CSE,8.91,2,2.825787518702116,0.21378598909076116
Not Placed,0,ECE,7.55,1,-2.117394492581386,1.2908137146579435
Not Placed,0,Mechanical,7.1,3,-0.10233188060280689,-1.110362159609192
Not Placed,0,IT,6.33,1,-3.343087664432635,-0.5722417154867657
Placed,1,Mechanical,9.36,0,0.4139655920825662,1.8429205933508928
Placed,1,ENTC,8.82,2,2.846399481195499,0.5060001716435512
Not Placed,0,ECE,6.02,1,-2.4611100714766017,-0.5262397731574424
Placed,1,Mechanical,8.26,3,0.5942795788689021,-0.33019045292517407
Not Placed,0,IT,6.75,0,-0.5864171858960772,0.849128435727371
Not Placed,0,CSE,7.27,1,-2.637886985148092,-0.2965932012254967
Placed,1,CSE,6.64,3,0.6376304400319767,-0.30516786987438493
Not Placed,0,ECE,6.0,3,1.119274951377558,-1.4803395700023338
Not Placed,0,CSE,7.66,0,0.4948219590399516,1.2724298412644308
Placed,1,IT,9.31,0,0.9494120718375445,2.2040298129227973
Not Placed,0,Civil,6.91,3,-0.33700460216021116,-0.8871676255371809
Not Placed,0,CSE,8.46,2,1.4424885796785885,-0.054805476293627586
Not Placed,0,CSE,8.59,0,0.14193192689198644,0.2487429225511218
Not Placed,0,IT,8.31,3,0.18031168008410875,-0.15466230792478708
Placed,1,ECE,9.4,0,2.0407916159136943,2.659710867049857
Not Placed,0,IT,8.51,0,-1.5534392970922506,2.408796556435201
Placed,1,IT,9.23,2,2.2173753526403286,-0.4314033824271921
Placed,1,Civil,6.72,3,-0.22627900948821772,-0.651415244653598
Placed,1,IT,8.33,2,2.7799447251373826,1.2147848920043591
Placed,1,IT,8.98,0,1.6275128667342629,2.6096568034344565
Not Placed,0,ECE,7.04,1,-3.00511558049867,1.068139363556848
Placed,1,IT,5.0,1,-1.9456008525939188,-0.07382399957101506
Placed,1,IT,6.62,1,-2.3903255302105415,1.3732132201828842
Not Placed,0,CSE,7.08,3,0.1804148951934589,-1.742848890622617
Placed,1,ECE,8.18,2,2.1699453301816307,0.5416691660756132
Placed,1,CSE,7.22,2,2.9285089595410287,-2.6237062334712844
Not Placed,0,ENTC,7.7,2,2.0196203712250056,-0.7715602981955801
Not Placed,0,ENTC,7.19,3,-1.2401846962701004,-2.1704548620952013
Not Placed,0,ECE,7.59,0,-0.7963693992378715,0.35534924192403655
Placed,1,CSE,7.64,2,1.4245469995827948,0.028881432151666744
Not Placed,0,ENTC,7.16,0,-0.008500983440593222,0.2795054606639588
Placed,1,IT,8.4,0,0.1879558614103893,0.5795417207364314
Placed,1,CSE,8.87,0,-0.806580763515426,3.539920185396317
Placed,1,IT,6.72,2,2.4784480035723955,-2.063227953013164
Placed,1,CSE,7.88,2,2.0954190488546325,0.7067189829129342
Not Placed,0,Civil,6.48,3,-0.7823640801206861,-1.9097715448565877
Placed,1,IT,6.21,1,-1.7382490410606242,-0.30674803837973336
Placed,1,CSE,8.58,2,4.709381318550986,0.315872755182279
Placed,1,IT,9.41,2,2.927091028686356,0.01114745685694271
Not Placed,0,CSE,7.42,1,-3.7086985615528065,-1.4005849658357084
Not Placed,0,ENTC,9.26,0,1.0533359072999549,0.8947587266195063
Not Placed,0,CSE,7.15,3,0.2462224269211875,-2.4287897581109563
Placed,1,ENTC,7.5,0,0.665183915895184,0.40938540986925104
Placed,1,CSE,9.12,2,1.4910755082593188,0.6356354051783493
Not Placed,0,Mechanical,6.92,3,1.7129848927246136,-2.309709137008092
Not Placed,0,ENTC,8.48,0,-0.9596545754294815,1.4325918004214973
Not Placed,0,IT,7.4,1,-0.8773100324243345,-0.3967959814657112
Not Placed,0,Mechanical,7.09,0,-0.7036470329153862,0.31091684609636555
Placed,1,IT,7.27,2,1.5553082533924023,-0.24034275796053617
Not Placed,0,CSE,5.86,3,-0.3146036505993661,-3.17447068658096
Placed,1,IT,8.77,2,3.956866424716892,-0.02874575405497217
Not Placed,0,CSE,7.89,0,-1.4574069019690914,2.032755178427313
Not Placed,0,Civil,7.57,3,-1.0623317949496798,-2.9006024289506356
Not Placed,0,ENTC,7.11,1,-3.309567943075057,-1.3114630735602062
Placed,1,CSE,7.97,0,1.4928530531197002,2.476635408871897
Placed,1,Civil,8.45,2,3.736324177163178,0.3986748731229238
Placed,1,CSE,7.47,2,2.5402436409759988,-1.0726604511869702
Placed,1,IT,8.52,2,2.1392162195208555,-0.30588095520319114
Not Placed,0,ENTC,7.93,0,0.8030119918796335,0.017015913277522127
Not Placed,0,IT,7.62,0,0.7331935700934963,1.089335117247533
Not Placed,0,ENTC,8.48,3,0.31706509552554296,-0.34269300403626746
Placed,1,IT,7.27,2,2.0345149759935066,-1.1836687039455436
Not Placed,0,CSE,6.64,1,-2.2714606572407687,1.019781574873365
Placed,1,CSE,7.65,3,-1.0356303178772839,-1.2635361796900977
Not Placed,0,CSE,7.73,0,-0.2932272630152585,0.6330605232597243
Not Placed,0,CSE,7.51,0,-1.0100663439555702,0.6768339124046662
Placed,1,IT,8.71,2,1.7388910721280437,1.16034073428517
Placed,1,IT,8.13,2,2.4486563267452683,-0.07700888221167378
Not Placed,0,ENTC,7.6,3,1.340070424609434,-0.3552845980593635
Not Placed,0,CSE,7.7,0,-0.6001418152974868,0.4238915010223651
Not Placed,0,IT,7.77,3,-0.8569581087070475,-0.4962669223995157
Not Placed,0,IT,8.15,0,-0.9054982963079858,3.4586187624100577
Not Placed,0,CSE,7.74,3,-0.2971053194973239,-1.0016016135999728
Placed,1,CSE,7.57,0,-0.8005001084346233,0.9688890955246846
Not Placed,0,CSE,6.57,3,-0.9488698034431331,-2.390228269507131
Not Placed,0,IT,7.1,1,-2.158461784517247,-0.3213393009327
Not Placed,0,Civil,7.94,1,-2.0975751304100725,0.616190837705471
Not Placed,0,CSE,7.86,1,-2.626606198045012,0.9558658180091086
Not Placed,0,CSE,6.44,3,-0.40750398251116293,-1.2909253859065477
Not Placed,0,ECE,7.22,1,-2.8217488445093473,1.3128622425532601
Placed,1,CSE,6.91,0,0.5033287242846075,0.14254033950134312
Placed,1,IT,8.86,0,-0.5244240236813854,0.8825920416609301
Placed,1,CSE,7.91,3,0.6811302509856795,-0.1548913681135403
Not Placed,0,CSE,8.07,0,0.23749061894407078,0.2907870071735174
Not Placed,0,ENTC,7.64,3,0.13831773782050286,-0.07937006246719315
Placed,1,CSE,7.17,2,2.153829818223793,1.6741985086630624
Not Placed,0,Mechanical,7.32,1,-2.2333686580829513,-0.9848821185454154
Not Placed,0,CSE,8.12,2,3.058459600956828,-1.6219130353335427
Placed,1,ECE,7.48,0,0.23597593802759936,-0.05229937674869791
Not Placed,0,IT,8.13,3,-0.6019968454509819,-1.1798016516581529
Not Placed,0,Mechanical,7.82,3,-0.1023432978536569,-1.6728821212537743
Not Placed,0,IT,7.95,3,0.2849094368741328,-2.2440135884178423
Not Placed,0,CSE,7.99,1,-1.467789176887316,0.34595963070938085
Placed,1,CSE,7.25,1,-2.252771334942595,1.8676903246369534
Not Placed,0,Civil,7.44,1,-2.34876005492081,-0.24232254101350456
Not Placed,0,CSE,8.47,0,-0.3358052705746562,0.680552098748046
Placed,1,CSE,9.25,0,0.26698791457617205,1.3286620801201927
Placed,1,Civil,8.48,0,-0.28485664769020763,2.070854917611926
Not Placed,0,ENTC,5.33,3,-0.591112278888718,-2.685059317548704
Not Placed,0,ECE,7.06,1,-1.2188038038070264,-0.7951368355803371
Not Placed,0,CSE,7.8,3,-0.5821518720677118,-0.3168319267291288
Not Placed,0,CSE,6.77,1,-1.907654186725952,-0.981559378725924
Not Placed,0,Civil,6.73,3,-1.2964339333111863,-1.5531791528644696
Placed,1,IT,7.34,2,1.6284872017416674,-0.009984746676660914
Not Placed,0,ENTC,7.99,1,-2.623788957902082,1.3667613734015518
Not Placed,0,ECE,8.22,1,-1.7546495401219897,0.7584226994457631
Not Placed,0,Civil,7.39,1,-2.728323147407389,0.40303332382860724
Not Placed,0,CSE,7.32,1,-2.3478334443896456,1.1507984246777017
Not Placed,0,CSE,6.98,1,-3.208170289207423,1.3104302921860973
Placed,1,ENTC,8.13,3,1.0586696176417398,-0.5031329487727875
Not Placed,0,Civil,8.07,0,0.35165911878163764,0.9409737591587279
Placed,1,Mechanical,8.47,0,1.0051053475946066,2.115316450657451
Not Placed,0,CSE,7.81,0,0.09529179689625947,-0.10075375074131904
Not Placed,0,CSE,6.59,1,-2.5352127902087322,-2.0928453550656014
Not Placed,0,ENTC,7.4,0,-0.8260159333668761,1.3451218920261225
Placed,1,ECE,8.43,3,-0.29996260244124273,-0.8636101190001347
Not Placed,0,IT,6.22,3,-0.8669068104792257,-1.0906789729595188
Not Placed,0,IT,7.63,1,-1.7878685432580672,0.6913535077604784
Placed,1,IT,7.94,3,0.65074195521828,-0.8406861222350007
Not Placed,0,IT,9.4,0,-0.7446908875368723,3.1850536628225328
Not Placed,0,CSE,7.19,3,-0.5407775088478679,-1.3496952030536278
Not Placed,0,Civil,7.6,2,1.518608239222921,0.12032657061016347
Not Placed,0,ECE,9.13,0,0.5866998635073599,2.1019288213874674
Not Placed,0,IT,7.2,3,-0.45996683494383644,-1.8539346090957687
Placed,1,ECE,8.61,2,3.0162989041870767,0.42812026209017084
Placed,1,CSE,8.03,0,1.714616673585293,1.9762896248262412
Not Placed,0,ENTC,7.51,2,2.2726559825930908,-0.7949866029750114
Not Placed,0,Mechanical,8.08,1,-1.3193853582125967,-0.4628713860312129
Placed,1,IT,7.57,2,1.5665265374860173,0.06585077348065659
Placed,1,Civil,9.62,2,4.409671247842939,-0.7198554571697741
Not Placed,0,IT,5.94,1,-4.572853480283712,-2.156418587839001
Not Placed,0,ENTC,7.46,3,-0.4315528950010295,-0.3547132537163369
Not Placed,0,Mechanical,7.48,1,-2.736712366489299,1.1928911200782824
Not Placed,0,ENTC,7.59,3,0.782688912981599,-1.0263352911350314
Placed,1,IT,8.62,2,3.2568636939922198,-2.154902525655187
Not Placed,0,IT,7.32,1,-2.003311089967751,-0.12685279055073248
Not Placed,0,IT,8.12,3,-0.14993591890327623,-0.827509208168184
Placed,1,IT,7.9,0,-0.4462100077565495,0.4995606236424755
Placed,1,IT,8.41,2,6.189701289953054,0.4208578898035956
Not Placed,0,IT,7.58,1,-2.159833245352825,0.6537840104238041
Not Placed,0,CSE,7.97,1,-1.0355866999073806,0.057799989144023484
Not Placed,0,IT,7.6,3,0.5184876012766755,-0.9387071842515268
Not Placed,0,CSE,6.86,1,-1.088760173013687,-0.588600860258415
Placed,1,ECE,9.06,2,4.937433160942197,2.0474395191925496
Placed,1,IT,7.05,2,3.2927239782088233,-1.8165581371893529
Placed,1,ECE,7.29,0,0.8415018202100366,1.0625170256698575
Placed,1,ENTC,6.97,3,1.1735601814511076,-1.0214297574543214
Placed,1,CSE,8.04,3,1.7917446507722499,-1.320643005369016
Placed,1,CSE,7.29,2,1.5884524884181217,-1.1225612227284385
Placed,1,ENTC,8.99,3,1.3255761497369327,-1.5808962298912828
Not Placed,0,CSE,8.15,0,-0.765862296644768,1.773166428228423
Not Placed,0,CSE,7.46,0,-0.534045618184083,1.5194162677327077
Placed,1,ENTC,6.93,3,1.3699951058535034,-0.7494578333870886
Not Placed,0,ENTC,7.61,1,-2.4695136418986707,0.6951543008862816
Not Placed,0,CSE,8.14,2,3.0729844907611708,-0.6746132024026776
Placed,1,CSE,7.66,2,1.2092687061741232,0.5787635358237183
Not Placed,0,ENTC,7.58,1,-2.39818458514032,0.20778513568715254
Not Placed,0,CSE,6.83,1,-1.6595790842189184,0.38858023204158076
Not Placed,0,ECE,9.61,0,0.12422971377489814,1.5717448551681668
Not Placed,0,IT,7.53,3,0.41323120754949494,-0.32244256986360154
Not Placed,0,IT,6.53,3,1.002330875561298,-2.072909146898597
Not Placed,0,CSE,6.79,1,-2.8419463230672046,-1.800278016795093
Not Placed,0,ENTC,7.41,3,-0.6018513029547967,-0.04669266819041556
Not Placed,0,CSE,9.35,2,2.0988287872303046,-1.6291203755143258
Placed,1,Civil,7.56,2,2.5216130929203757,-0.3116616978100708
Not Placed,0,ENTC,7.38,0,-0.39617854822393755,1.346225929683066
Placed,1,ENTC,8.42,2,1.3996382821071873,0.609903281779672
Not Placed,0,ENTC,8.48,3,0.10659617210302984,-1.35142381387199
Placed,1,CSE,8.26,0,-1.1015878872214429,1.709763809727564
Placed,1,CSE,7.87,2,3.1808826917219513,0.20505612482235688
Not Placed,0,IT,6.76,3,-0.38671463617334656,-0.5672949493101046
Not Placed,0,CSE,7.06,3,-0.6750343210158929,-0.4497491550423988
Not Placed,0,IT,6.35,1,-2.509690742449569,-0.8548101632209775
Not Placed,0,ENTC,7.51,1,-1.2482770007260588,0.3062162747460128
Not Placed,0,ENTC,7.34,1,-3.265511562366739,-0.27443453477393054
Not Placed,0,IT,7.25,1,-3.262885597679872,-1.528961043854129
Not Placed,0,CSE,7.94,0,-0.7846834449149744,1.4847680332895397
Not Placed,0,ECE,7.14,1,-1.6610867602112438,-1.6702897931713423
Not Placed,0,ENTC,7.41,2,2.5696057293094596,-1.0024516296680341
Placed,1,Civil,7.29,0,0.808644485031209,1.4432263404016838
Not Placed,0,IT,7.67,1,-1.7670854136327176,-0.6909681737474891
Not Placed,0,CSE,8.01,1,-2.460441955751103,0.7984840458573025
Not Placed,0,Mechanical,6.56,1,-2.296792812562704,-0.2931855365232023
Placed,1,IT,8.09,2,3.147870317838425,-0.5257385431935904
Placed,1,ENTC,7.92,2,1.536510748441683,0.4018972287925168
Placed,1,IT,8.06,3,0.5206055872179733,-0.5239268409221881
Placed,1,CSE,7.81,0,0.3338730135878619,1.1253285806922602
Not Placed,0,ECE,8.01,2,2.4089386241559265,-2.044983378126909
Placed,1,ENTC,7.35,3,-1.2483311810423325,-0.8718435401918104
Placed,1,IT,8.08,2,4.59410082878434,-1.9448376595011592
Placed,1,ENTC,8.67,2,1.6278044991138612,-0.06549111395772242
Not Placed,0,Mechanical,7.28,1,-2.365047140008855,-0.9729229533423903
Not Placed,0,ENTC,7.31,1,-2.764004814163829,0.672569165659616
Placed,1,Civil,8.24,2,1.3566035279394422,0.8282206725039836
Placed,1,Mechanical,7.23,0,0.8418597335886016,0.7728683183284031
Not Placed,0,ENTC,7.09,1,-1.9525654591888193,-0.08571245303659626
Placed,1,CSE,8.06,2,2.473710303670073,1.5361420326497113
Not Placed,0,ENTC,7.33,3,0.35268698721200803,-0.12144541731759292
Placed,1,Civil,8.74,0,1.4040837677301592,1.7426233252708834
Not Placed,0,ECE,7.3,3,-0.7678910077485158,-1.8941514049777348
Not Placed,0,CSE,7.0,1,-2.0852889617994617,-0.8210983174173474
Placed,1,CSE,7.7,3,1.3715182059915205,-0.5053591937350269
Not Placed,0,ENTC,8.07,0,0.28988910845520843,0.9782203370867784
Not Placed,0,Civil,7.97,0,0.13736933777499996,0.7341620682948893
Placed,1,IT,8.16,3,1.6130431726942098,-1.588771464181707
Not Placed,0,Civil,7.23,1,-2.1824594708293215,-0.4082609626932045
Placed,1,CSE,8.67,0,0.15473805722829703,3.5165650012275123
Not Placed,0,CSE,6.29,1,-3.366893574291744,-1.4459947348069497
Not Placed,0,Mechanical,7.04,1,-2.7802880916577237,2.043369971369827
Not Placed,0,Civil,7.73,1,-2.8165094026758815,0.3740145847888967
Not Placed,0,CSE,7.11,1,-1.3753196981245521,-0.4622460243044332
Not Placed,0,Civil,7.44,3,-0.685638835412628,-1.093039325627375
Not Placed,0,ENTC,6.87,1,-1.211216910610565,-0.1264629174745016
Placed,1,Mechanical,7.52,2,2.3160849154288266,-0.25397916760240946
Placed,1,Mechanical,8.09,0,0.7563947029677237,2.8073790574092397
Not Placed,0,CSE,7.24,1,-2.6142244349063914,0.5481824135441775
Not Placed,0,IT,6.95,3,0.04123439514347556,-0.4516548693162062
Not Placed,0,IT,7.31,3,-0.6772723641654529,-0.3891510664840456
Placed,1,IT,8.64,2,1.7923479670525058,0.3864119257731134
Placed,1,CSE,8.63,2,1.5600874487121703,-0.2803916100953217
Not Placed,0,IT,7.29,3,0.6070385176579705,-0.7534195279409761
Not Placed,0,CSE,8.13,1,-1.4778391126452823,-0.942064004301727
Not Placed,0,ECE,7.68,0,-1.2325360553798421,1.5449541365301354
Placed,1,IT,8.79,0,0.9531784674726913,2.1267598487368673
Placed,1,CSE,7.86,0,0.5785408826496017,0.8171627911249325
Not Placed,0,CSE,7.53,2,1.7275760566284715,-0.35281534750295795
Placed,1,IT,9.06,2,3.2242183307812855,-0.6278148842418706
Not Placed,0,ECE,6.91,3,-1.0004374512492313,-2.1246349607674793
Not Placed,0,Mechanical,7.97,1,-2.2020319559384927,-0.8295686189213789
Placed,1,ECE,8.86,0,0.789930038427592,2.463960150998199
Not Placed,0,ECE,8.27,1,-2.2865142474552047,0.7172898113681323
Not Placed,0,Civil,7.05,1,-2.0315168944125563,-0.3821089997376048
Placed,1,ENTC,7.01,0,-0.23389491355704992,0.5524192233117525
Not Placed,0,IT,6.5,1,-1.7660671530406677,-1.7422108784088954
Placed,1,IT,8.96,2,2.5813736440500406,1.1324559000454
Placed,1,ECE,6.74,3,0.4620035091283265,-1.2795969074131857
Not Placed,0,ECE,8.31,3,0.420512665210089,-0.3686870067939268
Not Placed,0,ENTC,6.49,1,-1.9399560444625754,0.735159113906582
Placed,1,IT,9.87,0,1.9082793437124357,2.1060699242762646
Not Placed,0,Civil,6.55,3,-0.1888437742072143,-0.5899867915079489
Not Placed,0,CSE,7.74,0,-0.8646695660009684,0.2801988673429269
Not Placed,0,Mechanical,8.73,0,0.3040701134324209,0.6052976900275614
Not Placed,0,CSE,7.1,1,-1.7368672807464678,-0.7452649773293077
Not Placed,0,IT,8.18,0,-1.325428644539577,1.7634793976313907
Not Placed,0,CSE,7.46,3,-0.39007081960304557,-0.9941751612210733
Not Placed,0,CSE,8.03,1,-2.0313373150017173,0.8371577996583468
Not Placed,0,CSE,8.62,2,1.5211912507225809,-0.20653885662428678
Not Placed,0,Mechanical,7.34,0,-0.7907925537427588,0.33216169831864445
Not Placed,0,CSE,8.97,3,0.02701390149281542,-0.4372667670702252
Placed,1,IT,8.0,1,-2.749169076303162,2.2022378869826715
Not Placed,0,CSE,9.36,2,2.2214882896006394,0.9930406676520473
Placed,1,ECE,6.99,2,2.975460745648814,-2.1034502892615685
Placed,1,IT,7.15,1,-1.3773568427702936,-0.028954287687720775
Placed,1,IT,7.5,2,1.2069067909371012,0.22237841694131266
Placed,1,Mechanical,6.67,3,2.009739295995392,-2.4534486494455043
Placed,1,CSE,8.49,2,5.258203906774479,0.03609120659760398
Not Placed,0,Civil,7.64,1,-2.4281292120714983,1.083228578709588
Placed,1,IT,6.73,3,1.5292861381921168,-1.502571041649132
Not Placed,0,ECE,7.0,1,-2.860672461790696,1.4796204630374543
Not Placed,0,ECE,6.96,1,-3.324764176203014,0.07603499240201216
Not Placed,0,IT,8.49,1,-2.245483427497434,1.405228102130724
Not Placed,0,ECE,8.09,3,-0.1008742114471426,-0.36754256679077846
Not Placed,0,CSE,7.59,1,-2.8187166067680764,1.7213513306581967
Placed,1,CSE,7.39,2,2.392864538708212,-0.9358293818161416
Not Placed,0,Mechanical,7.5,3,-0.8986262605097423,-1.50780040379834
Placed,1,Civil,9.21,2,3.8743606068372825,2.216831646165865
Placed,1,IT,7.5,0,-1.0226226031724814,0.9925757075485975
Not Placed,0,ECE,8.43,3,-0.05319694692562633,-0.18429588804597416
Placed,1,IT,7.42,0,-0.25422087389419484,0.8350249471868832
Placed,1,IT,9.13,2,3.075045524399415,0.778176130038742
Not Placed,0,IT,6.66,1,-1.9238805129072902,-1.5627022490189852
Placed,1,ECE,8.39,3,1.0616775935280454,-1.2382379484228656
Not Placed,0,ECE,7.05,1,-2.112677770612099,1.879540517683502
Not Placed,0,CSE,9.58,0,0.01660807324838833,0.6135987592706009
Not Placed,0,Civil,8.29,0,0.24122161588938568,0.4926061178199047
Not Placed,0,ENTC,6.25,3,-0.6089202281735983,-2.8539672402233145
Not Placed,0,IT,6.91,3,-0.45835249179468984,-0.05013742645740446
Placed,1,IT,8.28,0,-1.9062534371955018,3.1446328371627756
Not Placed,0,ECE,8.26,3,0.9337951790393759,-0.42365280142337725
Placed,1,CSE,8.2,0,1.1132993755832667,0.5782610165023923
Placed,1,IT,7.83,3,1.8031808774008564,-2.1761210004294043
Not Placed,0,IT,7.43,3,-0.15219454862095388,-1.3277600177485862
Placed,1,CSE,8.62,3,0.8253585143434441,-0.3606084005472746
Not Placed,0,CSE,6.97,1,-1.1645201409981216,-0.8545470749455971
Not Placed,0,ECE,7.75,0,-0.7033036817747877,1.6576520407560444
Not Placed,0,ENTC,7.17,3,1.1589122281215103,-1.9759156125666015
Not Placed,0,Civil,7.11,3,1.2657889912815237,-1.715564887066983
Placed,1,ENTC,7.31,2,1.9468445585767977,-0.9918162544947273
Not Placed,0,CSE,7.08,0,-0.38961492606635245,0.4135518793993018
Not Placed,0,CSE,8.17,0,-0.3543490931185624,1.8035314047457491
Not Placed,0,IT,6.45,1,-3.342125563388209,-2.1612032559361936
Not Placed,0,Civil,8.07,0,-1.435455453363382,3.0687370619719023
Not Placed,0,CSE,7.16,3,1.4669750287599101,-1.2458082768097747
Not Placed,0,CSE,7.73,1,-1.8921779518868846,0.5893063847584985
Not Placed,0,ECE,7.56,3,0.032312643686267586,-0.16463255426765128
Not Placed,0,CSE,7.28,0,-0.6784626878946596,1.3860101135178104
Placed,1,Civil,8.73,2,1.449504796905176,-0.12756786713329976
Not Placed,0,IT,7.38,3,0.7667123989330783,-0.5852507756983092
Not Placed,0,CSE,8.3,0,0.13462697474961838,0.943873115017103
Not Placed,0,Civil,8.31,3,0.5643204373837796,-0.08884166717237287
Not Placed,0,CSE,7.47,0,0.07655545879562548,1.4944419243194056
Not Placed,0,CSE,6.63,3,-0.36968564338288334,-1.120913527596658
Not Placed,0,ECE,6.95,1,-2.7263148217953646,-1.2805548096253296
Not Placed,0,ECE,8.79,2,1.952185525852633,1.169896641759714
Not Placed,0,IT,8.12,3,-0.4630138756301575,-0.011956483686838456
Placed,1,CSE,7.82,2,3.6772797667956634,-0.5303502736250991
Not Placed,0,CSE,7.22,0,-0.7023096013391171,1.567341101341231
Placed,1,CSE,9.17,2,4.143686457444354,0.07417140889158545
Not Placed,0,CSE,6.96,1,-1.286618947506715,0.6451889386221585
Not Placed,0,CSE,7.82,0,0.7041856756008537,2.04295620082552
Not Placed,0,ENTC,8.13,3,1.2879264600077733,-0.9366359197789544
Not Placed,0,ECE,6.59,3,-0.08953705774262193,-2.065208988797749
Not Placed,0,CSE,7.06,0,-0.3679792223744867,0.20312655904218255
Not Placed,0,IT,7.31,1,-0.9886131134209217,-0.16823717576425765
Placed,1,CSE,8.43,2,3.276530019714138,-1.0655488636001276
Not Placed,0,IT,7.33,1,-1.6395778987730518,-0.1588221046053135
Not Placed,0,Civil,6.48,3,-1.5834457761475762,-2.0212075988074982
Placed,1,IT,6.4,1,-2.624991268732706,0.47103532887366095
Placed,1,Mechanical,7.05,2,3.024340315592115,-2.908923129154628
Not Placed,0,ECE,6.43,1,-3.6716623512623134,0.23308998041848306
Not Placed,0,ENTC,8.35,0,1.1942916003656947,1.1240044078839917
Placed,1,Mechanical,8.39,3,1.1426197806548744,-0.4408386619394575
Placed,1,ENTC,7.71,1,-1.723816615973455,0.3906894074643892
Not Placed,0,ECE,7.48,1,-1.6500505516554504,0.6723265664499657
Not Placed,0,CSE,8.33,0,-0.11562888509396956,1.3766017798240002
Not Placed,0,ECE,8.3,3,-0.7824190848647044,-0.17921739283939409
Not Placed,0,IT,6.86,0,-0.3470635887127752,0.053975990554795135
Not Placed,0,CSE,6.98,3,-0.5256466016538464,-0.33861148250630213
Not Placed,0,Mechanical,8.3,3,-0.36602416634505885,-0.1315529045928215
Not Placed,0,ECE,7.93,2,1.7436379181454502,-1.5700486323613552
Placed,1,CSE,8.22,0,-0.5445200868289404,0.728597326498758
Not Placed,0,Mechanical,6.94,3,-0.1983419210095347,-0.5480476985450197
Not Placed,0,IT,7.06,0,-0.38203256309428396,0.5723026947459493
Not Placed,0,Mechanical,8.09,2,1.1340719925232676,-0.02991535336516783
Placed,1,ENTC,7.12,3,-0.012469743088180793,-1.7262289680803022
Not Placed,0,IT,6.41,1,-1.9760678077836822,0.63942449951779
Not Placed,0,IT,7.13,3,0.03469878927746777,-2.101973612610563
Not Placed,0,Civil,7.53,3,-1.0235897224666946,-1.366066432311286
Placed,1,IT,9.15,2,3.023485766552603,-1.0538168280611928
Not Placed,0,Civil,6.99,3,1.0245016942812355,-1.3204679455784476
Not Placed,0,CSE,7.65,3,1.1524143007602046,-0.6930560788075629
Placed,1,CSE,9.44,2,3.694864605893446,0.9607163759366116
Not Placed,0,ECE,6.77,1,-2.0890223640273855,-1.5636681131474954
Placed,1,CSE,8.26,0,1.174237970068275,1.5278304939828617
Not Placed,0,CSE,7.1,3,1.5091480704776707,-2.309865096404564
Not Placed,0,ECE,8.04,3,0.3744857863012474,-0.1692704484125806
Placed,1,CSE,9.68,0,1.5795518628161638,4.503548775878008
Not Placed,0,IT,8.37,0,-0.4760615251766121,1.8064028195954434
Not Placed,0,ENTC,7.83,3,0.5586593314400297,-1.1203231484414298
Not Placed,0,CSE,6.89,1,-1.8377812918893306,0.02369718002227963
Not Placed,0,ECE,7.55,3,-0.6044519318202464,-0.958100359995069
Placed,1,CSE,7.22,2,2.6030628744039306,1.3887945051902237
Not Placed,0,ECE,6.47,1,-2.1387608228855313,1.5191238997503556
Not Placed,0,IT,5.89,3,-0.5268740312738825,-2.0168701925712242
Not Placed,0,Civil,6.99,1,-2.5180631681583248,-0.40343984019110424
Placed,1,CSE,7.67,2,2.2997618400083937,-1.7452096171128473
Placed,1,Mechanical,8.65,0,0.848181567103945,1.1965618533675322
Not Placed,0,ENTC,7.07,1,-2.519713188361288,1.9160043413923613
Not Placed,0,ECE,7.86,0,-1.1101435276813372,0.9505390507185694
Not Placed,0,CSE,6.25,1,-3.9522336667160407,-0.5260283371148825
Placed,1,IT,7.02,3,-0.13136843419150737,-0.7874209725749352
Not Placed,0,CSE,5.62,3,-0.28372984249901056,-2.3244031927506312
Placed,1,ECE,9.6,2,2.97643077581405,1.0306365227531158
Placed,1,CSE,7.87,0,-0.3368261470565134,1.4356752857991337
Placed,1,IT,7.84,3,1.1396365256594163,-1.4759105015289156
Placed,1,CSE,8.15,0,0.473823898950299,1.8215744914623686
Placed,1,IT,9.85,0,1.2442322926813394,2.4548982769028718
Not Placed,0,CSE,7.33,1,-1.4979556678888168,-0.16626571513201674
Not Placed,0,CSE,6.87,1,-1.1648748370037192,0.17737495893422428
Placed,1,IT,9.4,0,1.1097657485686732,2.34030747208061
Not Placed,0,IT,6.65,3,0.5132855479097684,-1.0973217634395716
Placed,1,IT,8.8,0,0.5332598745297211,0.580478531184492
Not Placed,0,ECE,7.64,1,-1.0862449902030364,-0.13543068032959482
Placed,1,Civil,8.07,2,1.5642584190062596,1.1243247533742475
Not Placed,0,CSE,6.48,3,-0.3857054192031531,-0.30574540291601526
Placed,1,ECE,9.9,2,4.007076765048268,1.50717837045687
Placed,1,IT,7.38,2,1.396962252917531,-0.6771647708666633
Not Placed,0,ECE,7.1,1,-2.0012311702533983,-1.4658045412351473
Not Placed,0,IT,8.17,3,0.11389004533883769,-0.156643561817227
Not Placed,0,ENTC,7.15,1,-3.6159503554278176,0.13331704353665066
Placed,1,ENTC,8.06,2,1.4673562513331946,0.20062565172050018
Not Placed,0,ECE,6.63,3,-1.1525006113609193,-1.8966767495149932
Placed,1,IT,7.82,3,0.07869948279936216,-0.42492150192131306
Not Placed,0,ENTC,7.19,1,-1.350029747507199,0.5406940204614213
Placed,1,IT,7.03,2,2.3103024861014245,-0.7985859162934855
Not Placed,0,CSE,6.9,1,-2.775357113764721,0.9580920649840412
Placed,1,ENTC,8.45,2,3.289837461656395,-0.5380307650260258
Not Placed,0,ECE,7.4,1,-3.1600676374253305,-0.266130613945247
Not Placed,0,ENTC,7.54,0,-0.4191630927131827,1.9422469271992462
Not Placed,0,ECE,8.06,1,-2.977760179794029,1.8274000536635058
Placed,1,ENTC,8.67,0,1.1748481835995026,2.9558267720831988
Placed,1,CSE,6.92,3,-0.5136176467150322,-0.5165684319553536
Placed,1,CSE,7.89,3,0.6722430067205516,-0.2529918966154173
Not Placed,0,CSE,6.93,1,-1.1653527513280613,-0.19717722832314874
Not Placed,0,ECE,7.52,0,-0.5213820368168209,0.6593338409418947
Placed,1,ECE,8.61,2,4.077234869447822,-1.996338509450051
Placed,1,CSE,5.71,1,-1.4836032045971037,0.7850765067300496
Placed,1,ECE,6.92,2,3.853086961170742,-3.2763217517506718
Not Placed,0,IT,7.5,2,1.987628298868148,-1.5245758882426186
Placed,1,CSE,8.02,0,-0.6683471629636015,0.540787081994899
Placed,1,Mechanical,8.74,0,0.9335805208937968,0.7827131664517629
Not Placed,0,IT,6.26,3,-0.45166517420355246,-3.120354227289485
Not Placed,0,IT,8.9,0,-0.5466754102308758,0.971915163715849
Placed,1,ENTC,8.14,2,1.6418624708192575,-0.7282528630281553
Not Placed,0,IT,7.5,3,0.03299800178386241,-0.7233920273911653
Not Placed,0,CSE,6.45,1,-4.355034657337949,-0.7766206201982307
Not Placed,0,ECE,7.21,1,-2.635441515663681,0.26779422335678327
Placed,1,CSE,8.57,0,0.3085120356944084,1.7386053329178934
Placed,1,Mechanical,7.72,0,-0.6588372984124282,1.405634016091887
Not Placed,0,Mechanical,7.55,1,-1.0264046186258886,0.3316445781591069
Not Placed,0,CSE,6.87,1,-2.7068410009479056,-0.3516800625967527
Not Placed,0,Civil,8.32,3,0.3660564350409325,-0.4924391448463471
Not Placed,0,CSE,7.57,2,3.5295294158025214,-0.8117802219444958
Placed,1,CSE,7.5,2,3.083828220119723,-1.0116520512847202
Placed,1,ECE,7.62,2,3.1376687192546666,-0.11463169068937037
Not Placed,0,CSE,7.15,1,-1.7795675816018488,-2.0235477400314323
Not Placed,0,CSE,7.01,3,-0.12302294483700761,-2.3764904718696718
Not Placed,0,CSE,6.41,1,-4.0411527207251225,-0.9917744921156288
Not Placed,0,CSE,7.17,3,-0.23329985726836852,-1.46807935321725
Not Placed,0,CSE,6.17,3,0.6067142929598855,-1.967635695493106
Placed,1,CSE,8.11,2,1.6772499648418202,0.998230320444192
Not Placed,0,Mechanical,7.13,1,-3.249121522321458,-0.16013658705648015
Not Placed,0,ENTC,7.37,1,-1.9211732551564602,0.23156335648665322
Not Placed,0,CSE,7.67,1,-1.9153107344413152,-0.5781215451814091
Not Placed,0,CSE,7.02,1,-2.039861675931758,0.16657184600918562
Not Placed,0,IT,6.7,1,-1.2739306148613048,-0.5443903028746035
Placed,1,CSE,7.89,3,0.4534586664544328,-0.17693925266462582
Not Placed,0,ECE,9.31,3,0.4543638484980981,-0.2863268422573413
Placed,1,ENTC,8.47,0,1.1671647732230963,1.7083994665064552
Placed,1,CSE,8.79,2,2.7438901394031108,0.8665080485768889
Not Placed,0,Mechanical,6.6,3,-1.2681056483678796,-1.5882908065426633
Not Placed,0,ENTC,7.54,1,-3.0906564402724435,0.004941857860075007
Not Placed,0,IT,7.53,0,-0.5858419092295936,1.3823122799841536
Not Placed,0,Mechanical,8.91,3,0.18415773990621445,-0.5831344703314779
Not Placed,0,CSE,8.48,1,-1.6718336900191175,0.7055657108362449
Not Placed,0,Mechanical,7.56,1,-0.9563487953876725,-0.15082579892598375
Not Placed,0,ECE,5.75,3,-0.7334202523449833,-3.1426415509878822
Placed,1,CSE,6.72,1,-1.016060102886564,0.3142678723361276
Placed,1,CSE,8.24,0,0.983513872988814,0.7824356240196458
Not Placed,0,CSE,7.43,0,0.02468581403283106,0.4673134330446889
Not Placed,0,ENTC,7.61,1,-1.6249821699388027,0.4505101848920494
Not Placed,0,ENTC,8.22,0,-0.5005642108959331,1.0968430781232184
Placed,1,CSE,8.66,2,3.0428236352900093,1.1650761753261842
Placed,1,ENTC,7.04,3,-0.32922070019792354,-0.8943583744596041
Not Placed,0,CSE,8.2,0,-0.5837453465190788,3.8117223455250064
Placed,1,CSE,9.07,2,3.0216780500098155,1.0704118281043273
Placed,1,CSE,8.91,2,2.8095778341748323,0.8436135543555257
Not Placed,0,ENTC,7.25,1,-2.693056160859199,1.8591474355265254
Not Placed,0,ECE,7.95,0,-1.9305829897358886,1.7895985422548772
Not Placed,0,CSE,8.34,0,-0.43977385009412673,0.5525905851620085
Placed,1,ECE,7.72,2,4.198927522736141,-0.0297601385905934
Not Placed,0,Mechanical,7.49,2,2.4427425344965896,-0.8847539178740871
Not Placed,0,IT,6.23,3,1.2579270304951908,-1.1023315051178577
Placed,1,CSE,6.96,0,-0.24370986331531583,1.418340828430399
Not Placed,0,CSE,7.11,1,-2.644776336942607,-1.3540543086501013
Not Placed,0,IT,6.63,1,-4.011729271359322,0.0771658871846457
Not Placed,0,CSE,7.79,1,-2.512795201632472,0.7940862036802552
Placed,1,ENTC,8.44,2,2.415024389226911,-0.5810838840672033
Placed,1,CSE,7.34,3,0.7900057264453652,-2.587892068103213
Not Placed,0,ENTC,5.83,1,-3.0789172070195665,-2.1086469074898924
Not Placed,0,Civil,7.6,0,-0.1804956445735744,0.5111434122412203
Placed,1,CSE,7.93,0,-0.18060234482722798,0.7756722202523871
Placed,1,CSE,7.88,3,0.39533798824958377,-0.4929325752989376
Not Placed,0,IT,7.09,1,-3.202113400867076,-0.6120196400305022
Not Placed,0,ECE,6.68,1,-2.432203861875521,0.7130602542402794
Not Placed,0,CSE,8.45,3,1.064905075375457,-0.7218077490964752
Placed,1,ECE,8.0,0,-0.7776237619414602,1.550705039909662
Placed,1,ENTC,7.12,1,-1.008807517936332,-0.44182535764857284
Not Placed,0,ENTC,6.42,1,-1.6128724184007475,-1.473799853873525
Not Placed,0,CSE,7.89,1,-2.9860639187079765,1.0807744443626617
Not Placed,0,Mechanical,6.94,1,-3.2836822167679807,-1.0853985891674331
Not Placed,0,Civil,8.03,3,0.5716907946973407,-0.11326811370208319
Not Placed,0,ECE,7.83,0,-0.6281942418162543,1.4812631524467135
Placed,1,IT,9.47,2,3.273329955891694,1.7998806471260433
Not Placed,0,ENTC,7.63,1,-1.1794338110403073,0.18919893794357914
Placed,1,Mechanical,9.4,2,1.995340878890138,0.45865830916335115
Not Placed,0,CSE,7.77,1,-2.7212120013352914,0.6862609012785211
Not Placed,0,ECE,7.13,1,-1.960037385403575,-0.29220468528331917
Placed,1,CSE,6.8,3,1.2584367706496689,-1.2504792871175907
Placed,1,CSE,6.95,0,0.5182944224693111,0.36035859409637494
Not Placed,0,ENTC,8.06,2,2.0306431460567724,-0.06333748300837636
Not Placed,0,Mechanical,7.81,3,0.20951540729539128,-0.43577866703615414
Not Placed,0,IT,6.14,1,-4.034374869571617,-0.5618459841921635
Not Placed,0,IT,8.57,0,-0.016306449427511537,1.384604996836563
Placed,1,CSE,8.96,0,0.2542238707242323,1.2785458390064395
Not Placed,0,CSE,6.13,1,-2.4258985330570617,-0.2918930982346728
Placed,1,ENTC,8.56,2,3.2908593457999564,-2.32989420656022
Placed,1,IT,9.13,0,1.4452608781800476,1.809515287103985
Not Placed,0,ENTC,6.17,1,-3.4485458348560485,0.2365882085166399
Not Placed,0,CSE,7.3,0,-0.7722831296137147,1.115514667309356
Not Placed,0,ECE,6.98,3,-0.9391563601313216,-1.9971075710631123
Not Placed,0,CSE,8.53,0,-0.9161260684118633,2.1252836347753794
Not Placed,0,ENTC,7.35,2,1.3153071506124348,-0.15460622442687452
Placed,1,CSE,7.31,2,1.2738855095908848,-0.19591442249181285
Not Placed,0,CSE,8.06,0,-0.8548845390452711,2.434232939416112
Placed,1,ECE,9.03,2,3.031714671213231,1.1229387489736384
Placed,1,CSE,7.65,2,3.0364707560354995,-0.8389808056789222
Not Placed,0,CSE,7.3,1,-1.8252798532879737,-0.7828388972467235
Not Placed,0,Mechanical,7.46,0,-0.3769241524172588,1.3749467278471559
Placed,1,ECE,8.26,0,1.2842102136762341,1.7732310687048014
Not Placed,0,IT,6.57,1,-1.506330780747333,-1.495206407376533
Placed,1,ENTC,7.69,2,2.364124960660157,-2.778134857122768
Placed,1,CSE,6.9,1,-1.2501879803891363,-0.05531447348681292
Not Placed,0,CSE,6.68,1,-3.608809343198402,-0.6764218476377127
Not Placed,0,IT,6.05,1,-3.5614918188995484,1.0848727924909183
Not Placed,0,IT,7.26,1,-2.020124595576819,1.153835464178049
Placed,1,CSE,8.62,0,0.570749536135145,0.8331245679404896
Not Placed,0,CSE,6.01,3,0.3435346040408846,-1.6345753581575686
Not Placed,0,CSE,8.16,1,-3.2168089841553194,0.15407465532132253
Not Placed,0,IT,7.15,3,0.11249906032780951,-0.009472711448732067
Not Placed,0,CSE,6.8,3,0.17006159753961894,-1.9476171354398286
Not Placed,0,CSE,7.99,3,0.31247000956658594,0.06448672666441145
Not Placed,0,ECE,8.81,0,-0.7891088270013494,1.2357518707372686
Placed,1,CSE,8.97,2,1.7787662094552,0.15588592310219682
Not Placed,0,CSE,7.94,3,-0.10421996409160277,-0.8139600693497429
Placed,1,CSE,7.64,2,2.184370556119863,-0.4750035461923258
Not Placed,0,CSE,8.03,3,0.2431375392946321,-1.9379494815368286
Placed,1,ENTC,9.81,2,3.201009978542845,2.1452084386990427
Not Placed,0,ECE,7.45,3,1.2661737877441894,-0.4950925074094771
Placed,1,ECE,8.66,0,1.9066085310020202,1.9857360017688563
Not Placed,0,CSE,7.2,1,-2.2302390992456607,0.01308759717755094
Not Placed,0,CSE,6.99,0,0.13059139672644812,0.8705274990360372
Placed,1,ECE,9.2,0,0.784355772845251,0.9526151233450237
Placed,1,Civil,7.7,2,1.4484846113509429,-0.42946985466930204
Placed,1,CSE,7.89,3,0.9481876136938924,-0.32134568650821677
Not Placed,0,ECE,8.16,0,-1.3783873319522408,2.5761490342792297
Not Placed,0,CSE,6.94,1,-0.9716922263429573,-0.5931968074583829
Placed,1,Civil,7.33,2,3.0507710476661662,0.2545237495936907
Placed,1,CSE,7.15,2,3.44725553894504,-0.33583530905967274
Placed,1,CSE,7.98,0,1.094327700648199,0.9686202483758121
Not Placed,0,CSE,8.01,3,-0.30861815270543946,-0.7200894888591959
Not Placed,0,ECE,7.19,1,-1.3257831239433957,0.43693634948435145
Placed,1,ECE,9.42,0,2.251498390838009,3.0798595956254355
Not Placed,0,ENTC,7.68,0,-0.2729009000866977,0.5245818847743322
Not Placed,0,ENTC,7.79,2,2.446041170871151,-1.1690910520720796
Not Placed,0,CSE,8.84,0,0.2013080115441294,0.22048909428178573
Not Placed,0,IT,6.96,1,-3.0748485081262245,0.41268180207554017
Placed,1,Mechanical,7.26,3,0.49051866645291897,-0.5292038729211419
Not Placed,0,CSE,7.94,3,-0.47228634548901843,-0.02402519645236237
Not Placed,0,IT,6.45,1,-2.6807459928016892,0.5838916738726927
Not Placed,0,IT,7.5,0,0.011056023986157881,1.0416485854872282
Placed,1,CSE,9.44,2,1.789559802502215,1.220410614210262
Placed,1,CSE,9.25,2,2.1892318425768433,2.250089316456739
Placed,1,ECE,8.46,2,2.3614849455848006,2.078316466636053
Placed,1,ECE,8.71,2,1.9934740876883592,-0.6511645309174231
Placed,1,IT,8.12,2,1.3842068692963176,0.3073372734414606
Not Placed,0,CSE,7.33,3,-0.8729331409779314,-1.606350681494323
Placed,1,Mechanical,9.1,0,-1.3476683310022495,2.30380808312279
Not Placed,0,ENTC,6.89,0,-0.23382254581903456,0.5877245913778418
Not Placed,0,Mechanical,8.52,0,-0.7404174492280027,0.8475378247704295
Not Placed,0,IT,7.27,1,-1.917137059206959,-1.233300159673843
Not Placed,0,Mechanical,7.32,1,-1.6100955249195856,-1.1943313351476534
Not Placed,0,Mechanical,8.16,0,0.6154949631365767,0.7530656740966496
Placed,1,CSE,9.43,0,-1.0901726824974138,1.4756831934851131
Placed,1,ECE,8.91,0,1.2463972794573779,1.741854631157033
Placed,1,CSE,7.99,0,0.004191433610609588,1.5481227805782483
Placed,1,ECE,7.75,3,0.7041124708081057,-0.8915100544785648
Placed,1,ENTC,8.36,0,1.2750349542678452,1.6734902816077357
Placed,1,CSE,8.86,2,2.126431428150546,-1.5403885074330765
Not Placed,0,IT,6.2,1,-1.956770926869764,0.19500540489506565
Placed,1,CSE,7.59,2,2.851758312162965,0.2669913282985201
Placed,1,ECE,6.81,1,-1.1728029674636864,0.4445368109690405
Placed,1,ECE,7.51,2,4.271640274812632,-1.7053561676865978
Not Placed,0,CSE,6.63,1,-2.6421246194978125,-0.6531706143837371
Not Placed,0,Civil,6.16,3,-1.7622261581767944,-2.6729214011741984
Placed,1,IT,6.58,3,0.5220654135025579,-2.1645218800122867
Not Placed,0,IT,7.23,1,-1.2281019664146418,-0.6035235229332137
Placed,1,CSE,8.2,0,-0.26030539359121224,0.4395855163795904
Not Placed,0,ENTC,7.01,1,-3.358620864859657,-0.09268669429709367
Placed,1,ENTC,6.96,2,4.726075867641835,-2.724176777588699
Not Placed,0,ENTC,8.04,0,-0.33855277048078913,0.2801661814284336
Placed,1,Mechanical,7.94,2,2.860103374701906,-0.5162212992795566
Not Placed,0,CSE,9.15,0,0.8317807671153519,0.7309080261043464
Not Placed,0,CSE,8.49,0,-1.1593134434261982,0.9822809350716597
Not Placed,0,ECE,6.83,1,-2.339668236702739,-1.4221530140509773
Placed,1,CSE,7.13,0,0.4871055922528735,0.6420466562379817
Not Placed,0,CSE,8.33,3,0.8526990166793796,-0.3539700999596061
Not Placed,0,IT,6.95,1,-1.675063256197982,0.5902485433502955
Placed,1,CSE,7.42,0,0.10610140661946403,2.3732031626714547
Not Placed,0,CSE,6.25,1,-1.4151919805730353,-0.43330646856572846
Not Placed,0,IT,6.59,1,-1.8122691834048112,-0.08915356186553057
Not Placed,0,Civil,8.77,0,0.4978819605675837,0.6327956486219374
Not Placed,0,IT,7.84,1,-2.6028464281779793,-0.8153765265308078
Not Placed,0,Mechanical,7.17,3,-0.3285310996400465,-0.646497439144075
Not Placed,0,IT,7.28,0,-1.4831293383334216,2.547716032334763
Placed,1,Mechanical,9.16,0,1.511392801550883,1.3269524931149987
Not Placed,0,CSE,7.14,3,-0.2794613542229597,-1.6329411165829117
Not Placed,0,IT,8.1,3,1.01558898699209,-0.30463115320109635
Not Placed,0,CSE,8.44,0,-0.7169172251969863,2.2252693730732194
Placed,1,CSE,8.93,2,2.7724914370569715,0.762971845154242
Not Placed,0,ENTC,6.98,3,-1.0221644634493865,-1.044684879299706
Not Placed,0,IT,6.51,3,-0.0039773865019452695,-0.5372119617570723
Not Placed,0,CSE,6.76,1,-1.449024840997399,-1.047119723686144
Placed,1,ECE,8.32,0,0.6547113110666168,0.903329996239289
Placed,1,ECE,9.39,2,2.7744049088391423,-0.35354944934693133
Placed,1,CSE,8.35,2,6.376140588644962,-3.1764215228176016
Not Placed,0,IT,7.14,0,-2.032392139510813,2.808698012560795
Placed,1,CSE,8.71,2,1.7848117174891773,0.4381637134996282
Not Placed,0,CSE,7.3,0,1.2482653710947944,1.6123126465704511
Not Placed,0,ECE,6.99,3,0.4364026892544472,-0.6667667116628706
Placed,1,CSE,7.42,3,0.7151497474205617,-1.7390840397980514
Not Placed,0,Civil,7.21,3,0.9564172138325264,-2.5567605046223467
Not Placed,0,ECE,7.1,3,-0.9863847141341678,-1.8618987826381108
Placed,1,CSE,8.74,0,1.1720390777339058,0.5425710582774651
Not Placed,0,ENTC,7.26,1,-4.043362915496926,-1.0082403785397762
Not Placed,0,Civil,6.35,3,-0.4335202224589757,-2.730563029772205
Not Placed,0,ENTC,8.2,1,-2.8442626572993737,2.441727823441115
Not Placed,0,ECE,6.89,3,0.06563202459194609,-1.370990288085217
Not Placed,0,Mechanical,6.92,3,-0.8775681087817535,-2.736929154399923
Not Placed,0,IT,8.3,1,-2.0389554705911843,-1.27301098435254
Not Placed,0,ENTC,7.08,2,3.4014175758711582,-1.4529051378752746
Placed,1,ECE,7.32,2,1.990081783084879,-0.3837977125443802
Not Placed,0,CSE,7.74,0,-0.27785811578090625,0.03260273372867555
Not Placed,0,Mechanical,7.46,0,-1.52322882516743,1.9102707694500136
Not Placed,0,ECE,7.34,3,1.5117456059269652,-1.2540836735870455
Not Placed,0,ECE,5.71,3,-0.12138152909216411,-3.2281374751120633
Placed,1,Mechanical,7.55,0,0.6328909583728437,1.7839891676632407
Placed,1,ECE,9.07,2,3.659057763428537,-0.8984200997959851
Placed,1,CSE,8.24,0,0.5961048165648961,0.7444035449738806
Placed,1,IT,7.38,0,0.2731707150305741,0.18177367486402127
Placed,1,CSE,8.1,0,0.9134398382325667,0.37629805936812605
Placed,1,CSE,8.23,2,2.456661967153695,0.06020067554108259
Not Placed,0,ECE,6.98,3,-0.6636470694467413,-2.895997324687943
Placed,1,ENTC,8.77,0,-0.08708487373630976,1.2395266669907996
Placed,1,CSE,7.84,1,-1.4877577968220346,0.210249118963547
Not Placed,0,Mechanical,7.43,0,-0.2166180835233472,0.3104625540514552
Placed,1,ENTC,9.05,2,2.3597404169516993,0.9520909900489334
Not Placed,0,Civil,5.94,1,-2.154724040284947,-0.8480707748544544
Not Placed,0,IT,6.7,1,-3.1475988088015434,-1.3110827997544183
Placed,1,CSE,8.25,2,1.9656212103829074,1.5860922916506919
Not Placed,0,ECE,8.27,0,0.07912552836678513,1.5921280778194031
Placed,1,ENTC,9.1,0,0.8013379255270486,1.7971584096566373
Not Placed,0,Mechanical,5.78,1,-4.539160844451731,-0.3048301125587249
Placed,1,Mechanical,8.43,0,1.5501235932217738,1.3716020710362056
Not Placed,0,CSE,6.64,3,0.7977407432647101,0.13075004336991294
Not Placed,0,CSE,8.06,3,-0.6881304954119761,-1.5323713249099191
Placed,1,ECE,7.64,2,1.3637583813898648,0.029337002040401572
Placed,1,IT,8.42,2,1.7973814740486862,0.4989747720535271
Not Placed,0,Civil,7.5,3,-0.17618836725321088,-1.6617452465696267
Placed,1,ENTC,8.56,2,2.2398619394175636,1.4336952482463396
Not Placed,0,ENTC,7.0,3,-0.2712953279961007,-0.23819445521773375
Placed,1,Mechanical,7.63,2,2.0488341341241947,0.830877536038177
Placed,1,IT,7.86,0,-1.224137096379543,2.4543003909439993
Placed,1,CSE,9.13,2,3.5590195158786933,0.714361988838738
Not Placed,0,ECE,8.41,0,0.7958751319009661,1.5219229311178033
Placed,1,ENTC,7.87,3,0.5310390801780575,0.04523826337268004
Not Placed,0,ENTC,8.24,1,-2.4518367602326734,1.0449427680738348
Not Placed,0,IT,8.62,0,-1.160899813521197,1.6298203934219344
Placed,1,ECE,8.02,0,0.01735335625064246,1.2056858479912653
Not Placed,0,CSE,6.83,1,-2.599193225511618,-0.39763118539770187
Not Placed,0,CSE,8.23,2,1.6974596335336667,-0.5930634647208828
Not Placed,0,Civil,7.68,0,1.3776158145527246,1.1464629274856522
Placed,1,IT,7.4,2,2.1575791068312418,-1.2912139442153643
Not Placed,0,IT,7.03,0,-0.31767165441863,1.0670246101569527
Placed,1,CSE,8.19,0,0.47481044707933395,0.17380107626403932
Not Placed,0,Mechanical,8.14,0,-1.4278235960873826,1.5273427059201696
Placed,1,IT,6.89,2,2.9682275470599144,-0.7645961021749259
Placed,1,IT,6.76,3,1.1800198292446282,-1.4220711288054528
Placed,1,CSE,9.31,0,0.27066808524751745,2.0580763666328727
Placed,1,ECE,8.43,2,3.983808940522517,-1.333602875859191
Not Placed,0,IT,7.77,0,-1.5585198683590604,2.106491280920778
Not Placed,0,ENTC,8.22,3,0.23483265566031977,-0.4029244385520274
Not Placed,0,ENTC,7.3,3,-0.43324693155873417,-0.9713202257825173
Not Placed,0,CSE,7.55,0,0.11513077680661611,2.2733767165971965
Not Placed,0,IT,7.72,3,0.48748729211105013,-1.0768559873130883
Placed,1,CSE,8.52,2,4.773588453918066,-0.31694880816029003
Not Placed,0,IT,6.5,1,-4.022324943765627,-1.6535699852364514
Placed,1,CSE,6.83,0,-0.36291925971395583,0.7149176938876378
Not Placed,0,ENTC,6.66,1,-2.922732342904848,-0.43299936779046905
Not Placed,0,IT,8.43,0,1.2401053648157923,1.0043771777332944
Not Placed,0,IT,7.61,3,1.001308588941229,-0.43829913017372285
Not Placed,0,IT,6.92,1,-1.3930588283098813,0.21789775279961626
Not Placed,0,IT,7.51,3,-0.28903062720147404,-0.41835995414360305
Not Placed,0,CSE,7.16,0,-0.4075440100455751,0.1522974428072307
Not Placed,0,CSE,6.48,1,-1.5385883934146185,0.19970911785108394
Placed,1,ENTC,8.77,0,-0.2559520369914365,2.9389301921563145
Not Placed,0,IT,7.57,3,1.1384685514317314,-1.1253522246136052
Placed,1,CSE,8.79,2,2.5298806467025448,1.3264871113212915
Not Placed,0,Mechanical,6.47,3,-0.21991280318348413,-2.2241494458810807
Not Placed,0,CSE,8.13,1,-1.3249853329811738,0.6771762880306167
Not Placed,0,ENTC,6.47,0,-0.5835467576871649,0.22407273067406921
Placed,1,CSE,9.78,0,-0.395662759219615,2.4991852218419535
Placed,1,IT,6.23,3,0.2571618966849029,-3.0440970317616056
Placed,1,IT,9.23,1,-1.0069526801552864,0.3392301176411739
Placed,1,ENTC,7.68,2,1.5889192607859182,0.0965889554322019
Not Placed,0,Mechanical,7.54,1,-1.6850338861755083,-1.3537976902246942
Placed,1,CSE,8.2,2,2.280570978822519,1.275419518399268
Placed,1,CSE,6.9,0,-0.13215847437307765,1.81676643836766
Not Placed,0,CSE,8.37,3,-0.10659430744635817,-0.51734172605885
Placed,1,IT,8.43,2,2.03055463542449,0.4551132683824192
Not Placed,0,IT,7.71,0,0.17594797252619102,1.044641795045408
Not Placed,0,Civil,7.91,1,-2.019932711727854,1.1823991331587556
Placed,1,IT,9.34,2,2.0238443930172387,1.6555651831852
Not Placed,0,CSE,8.25,2,2.157207505739523,-1.3390380056006692
Not Placed,0,ECE,7.04,3,-0.09367779121598357,-0.9753506315008483
Placed,1,CSE,8.34,0,-0.5026403157739696,2.365031503760552
Placed,1,Civil,7.24,2,4.210508831774723,-3.049598758003649
Not Placed,0,IT,7.08,0,-0.11545881243348947,0.8543731512668798
Not Placed,0,Mechanical,8.14,0,-0.5374248913488899,1.322235865414554
Placed,1,IT,6.84,2,4.066257185862824,-2.352554728426063
Placed,1,IT,7.74,0,-2.100106391066521,3.2336712769271507
Placed,1,CSE,8.27,1,-1.2321121850760302,-0.012194170817678792
Placed,1,Mechanical,9.32,2,2.878305258129612,1.0089374721517637
Not Placed,0,CSE,8.24,0,-0.5492903477237755,0.8160267519296012
Not Placed,0,CSE,6.45,1,-0.9886367371979464,-0.3525692593019071
Not Placed,0,CSE,6.58,3,0.7641946939715677,-0.9058339638832238
Placed,1,IT,9.17,2,4.815131511892817,-1.7538768726612568
Placed,1,ENTC,7.16,2,1.5589919546974353,0.5171194230210867
Not Placed,0,Mechanical,6.41,1,-2.8111573409664974,-2.1007102348552764
Not Placed,0,ECE,6.85,1,-2.242071043925381,0.33507424247025863
Not Placed,0,CSE,8.38,1,-1.5065112016323678,0.9604578603463616
Not Placed,0,ECE,7.8,0,-0.9011177398795354,1.4421791515452784
Not Placed,0,CSE,8.25,3,-0.11162698903353865,-1.1563381381710927
Not Placed,0,IT,7.67,1,-2.3960699101345404,1.787354421764127
Not Placed,0,CSE,6.76,3,-0.8744036452744104,-0.9502652973045889
Not Placed,0,ECE,6.18,1,-4.111555072528481,-1.3158928547029174
Not Placed,0,ENTC,6.99,3,-0.16815196465676793,-1.5046463742622356
Not Placed,0,CSE,7.8,0,-0.4867784181885905,1.1536505730775508
Placed,1,ENTC,6.69,0,0.4008920548192893,0.6369581903654875
Not Placed,0,ENTC,8.54,0,-2.459178220145788,2.6695780366446984
Placed,1,Mechanical,6.85,3,-0.45766790871777774,-0.6899415908231509
Not Placed,0,Civil,6.3,1,-1.168310476117904,-0.8843024120109054
Not Placed,0,IT,7.7,0,-0.9526107128939818,0.7345248850005659
Not Placed,0,CSE,8.35,3,0.41138540089260645,-2.067287116732048
Not Placed,0,ENTC,8.97,2,2.78326097446186,-0.06689593688428216
Not Placed,0,ENTC,6.33,1,-3.068701685274033,1.7770997700997277
Placed,1,IT,8.91,0,2.1054043430735234,2.5720641061016405
Not Placed,0,ECE,7.86,2,1.1415537073024218,0.3629225651811319
Not Placed,0,Mechanical,7.17,1,-2.2881447639537313,1.320257533864153
Placed,1,CSE,8.28,3,1.1184960624138605,-0.14422296472462895
Placed,1,CSE,8.85,2,1.8376505521824138,1.0147035618867069
Not Placed,0,CSE,6.27,3,-0.9740637194296187,-1.6850588706488245
Not Placed,0,CSE,7.33,1,-1.093642363508117,-0.0207881009013558
Not Placed,0,CSE,7.24,1,-2.531776190529052,-0.35112824345026006
Placed,1,IT,8.23,0,-0.8564081553650119,2.2222078401042764
Placed,1,ENTC,8.94,3,1.1047625839856996,-0.06420819193943536
Not Placed,0,IT,7.76,3,0.1455786419679992,-1.1083184454119062
Not Placed,0,ENTC,7.45,3,0.20673601542936884,-0.15447308885853733
Not Placed,0,IT,8.08,0,-0.27281235170440815,0.6516249637734857
Not Placed,0,ENTC,7.5,1,-1.7753776898806812,-0.6087731574729943
Not Placed,0,CSE,5.86,1,-2.936456528989288,-0.0975283426765679
Not Placed,0,ECE,8.14,3,1.8570938346002994,-2.6017306975750745
Not Placed,0,IT,8.54,1,-2.4253485690917467,1.9539220511248083
Placed,1,CSE,8.61,2,1.230971255878423,0.1331722950955202
Not Placed,0,CSE,6.72,1,-1.5740321698937656,0.43913924551663497
Placed,1,IT,8.22,2,2.2187463314568086,0.9829583379184326
Placed,1,ECE,9.0,0,0.22777404518942923,0.8907152307881137
Not Placed,0,IT,9.85,0,-0.19193690929567397,0.34663583189477193
Placed,1,Civil,8.11,2,4.197968100993508,0.9186083773748921
Placed,1,CSE,8.54,2,2.045987443557497,1.3312127798846065
Not Placed,0,IT,6.86,1,-1.7813875781052233,-1.5690177848700182
Not Placed,0,Civil,6.75,1,-3.6039867325370922,-0.03171732143671759
Placed,1,IT,8.54,0,0.7002116826470551,0.9647600322555823
Not Placed,0,ENTC,5.97,1,-4.086668881876606,-2.30183096902781
Not Placed,0,CSE,7.83,3,0.2649810307615571,-0.3472538224326264
Placed,1,CSE,8.92,0,-1.6642962392160585,1.942319883763912
Not Placed,0,ENTC,8.31,0,0.8537951410762942,0.26974254793213653
Placed,1,IT,8.3,2,1.703963433610124,-0.4905284417193844
Not Placed,0,ECE,7.66,0,-0.3023080785914646,1.5014801578684511
Placed,1,IT,7.35,0,0.7150007432158034,1.8998569171153887
Placed,1,ECE,9.53,0,0.879451315252898,2.4423032310374686
Placed,1,IT,8.75,2,5.079242318901298,-1.0268811083297376
Placed,1,IT,8.42,0,-0.44693962700017287,1.0103433888206488
Placed,1,IT,7.72,0,-0.029062280928376448,1.000255176261329
Not Placed,0,ECE,7.2,1,-1.6148045903466586,-0.5517330581152963
Not Placed,0,Civil,8.62,1,-1.30280267167361,-0.0605969810835189
Placed,1,Civil,7.44,2,2.6433573615183867,0.10317223789091276
Not Placed,0,ENTC,7.77,2,2.0015945197534415,-1.2579171695197429
Not Placed,0,ENTC,8.22,3,-0.45156152283537754,-0.3968080565181828
Not Placed,0,Mechanical,7.88,2,3.2922103003441823,-3.0429783053875945
Placed,1,CSE,9.02,2,3.4769871728063815,3.2818026303610455
Not Placed,0,CSE,6.58,3,0.2352989321693467,-1.6050396526576332
Placed,1,ECE,7.76,0,1.3890055591840098,0.8974954521712288
Placed,1,IT,9.52,2,4.975390708070827,1.8343714613403699
Not Placed,0,ENTC,8.46,3,1.1042871102560043,-0.5367921172388755
Not Placed,0,CSE,7.53,1,-2.588634962015919,-1.4199756510891572
Placed,1,CSE,8.38,3,0.9362614043476208,0.05319998188967814
Not Placed,0,ENTC,7.66,3,-0.1486695946934897,-0.04415293893388427
Not Placed,0,IT,8.95,0,-0.08677910027248253,2.187683585394029
Placed,1,Civil,8.4,2,2.723457440318195,0.6789834835849272
Not Placed,0,Civil,6.96,3,-0.6716253387032006,-0.43931892622286134
Not Placed,0,ECE,7.9,0,0.4102773236249598,0.7324888603376815
Placed,1,ECE,8.06,2,4.204449334110922,-0.9430967638789544
Placed,1,IT,8.1,0,0.32381900535516633,1.373643723116159
Placed,1,CSE,7.97,3,0.9981073811309176,-0.8607343292349859
Not Placed,0,Mechanical,8.18,0,-0.9912637805614606,1.046889802500638
Not Placed,0,IT,8.06,3,-1.3305300484224705,-1.267626834708827
Not Placed,0,CSE,7.09,0,-0.5298697883875314,0.760277215561984
Not Placed,0,CSE,7.31,0,0.3343444737192215,0.9202664287498904
Placed,1,ECE,7.48,0,0.8394677697616045,0.2518565984188764
Not Placed,0,ECE,7.78,2,1.5850383899796512,-0.49906526869964624
Not Placed,0,IT,7.49,2,4.232196969980251,-3.120317529017488
Not Placed,0,IT,8.64,0,-0.8668142629668177,0.8655078246328239
Not Placed,0,ENTC,6.88,1,-1.8623280980676447,-0.31049743615756065
Not Placed,0,IT,6.23,3,-0.42694401540807153,0.2087504514764232
Placed,1,CSE,9.37,2,4.607728323507294,0.21462079855566413
Placed,1,IT,7.01,0,-0.44972206024251715,0.40963301463608837
Placed,1,ENTC,8.64,2,1.8589084360100006,0.8274799282132858
Placed,1,IT,8.22,0,1.2989970736782954,0.5689341438214567
Placed,1,CSE,7.04,0,-0.2858740921025525,0.4076987241564507
Not Placed,0,CSE,7.59,1,-1.409987463650825,-0.89723423371613
Placed,1,IT,7.46,3,1.4969950932049247,-0.83075463382636
Placed,1,Civil,8.0,2,2.2211088990332244,-0.3866487870142634
Not Placed,0,Mechanical,7.05,0,-1.0317744507736786,1.8151388768792343
Placed,1,ECE,7.55,2,1.6027231497646297,-0.4602756193163112
Not Placed,0,CSE,7.67,1,-1.5983324992880665,0.5089867095528199
Placed,1,IT,8.64,0,1.3527914882508039,1.7209867995813222
Not Placed,0,CSE,7.35,0,-0.726668132217346,1.3122823526216179
Not Placed,0,CSE,6.87,1,-3.400282402460704,0.27328910840550097
Not Placed,0,ECE,7.24,3,0.664221170984007,-0.6039263805041032
Placed,1,IT,8.01,0,-0.6366903981596091,2.054717343914196
Not Placed,0,ECE,6.19,1,-2.2414764110713477,2.333525549596691
Not Placed,0,CSE,8.72,3,1.0202132112769733,0.08862468702341485
Placed,1,CSE,7.72,2,3.1666110362318958,-2.9356075660096606
Placed,1,IT,8.07,2,3.7720835141318205,-1.1665971870343879
Not Placed,0,CSE,7.89,0,-2.29020930395554,2.7369261883798472
Not Placed,0,CSE,7.13,1,-2.2064251159255255,0.46127708540768153
Placed,1,CSE,6.78,3,0.715255118738268,-0.9742133279066845
Not Placed,0,Civil,7.1,2,3.0021154889719774,-1.9984113252680642
Not Placed,0,CSE,6.42,0,-0.3297115505944979,0.9119519523021841
Not Placed,0,IT,8.0,3,0.3239118340013601,-0.4198336179809605
Placed,1,CSE,7.56,3,-0.5614670261766418,-0.4782720114413297
Not Placed,0,CSE,6.4,1,-2.51819690063799,-0.9627545713043172
Not Placed,0,Mechanical,7.18,1,-2.1581371888717653,0.42499873713107
Placed,1,IT,8.25,2,1.9649763396767481,-0.8115691869842714
Not Placed,0,Mechanical,8.8,0,-0.6757648327008059,0.10417837687206247
Not Placed,0,ECE,6.61,3,-0.26293906181602905,-1.6582300364863871
Placed,1,IT,9.54,2,1.4056684060995408,0.786216821210865
Not Placed,0,CSE,6.88,3,0.8238342131085867,-0.7897312550169046
Not Placed,0,CSE,6.25,1,-2.2781391708420746,0.806108365142381
Placed,1,CSE,9.19,0,-0.41627909746094627,2.0944927456953395
Not Placed,0,CSE,6.82,1,-2.2525334954405842,0.9534542993927198
Placed,1,ECE,9.0,0,0.5439938625384669,2.329889680810243
Not Placed,0,ECE,7.13,0,-0.05037521556720779,1.1849299361475323
Placed,1,CSE,7.45,1,-1.6917114858152782,1.3235988494875113
Not Placed,0,ECE,6.59,1,-2.2341261972300734,-0.6731409150506283
Placed,1,Mechanical,8.79,0,1.2150932724263463,2.5041625771264466
Placed,1,CSE,8.67,2,1.8543580503837533,0.9181367246013566
Not Placed,0,CSE,7.14,3,-0.10919809336139667,-0.4304282165354833
Placed,1,CSE,7.64,3,0.17579997143638607,-0.5059204042401775
Placed,1,IT,8.26,0,0.4819273743808643,0.8352202126570647
Not Placed,0,CSE,7.3,3,-0.6865861794445671,-0.7616989509644856
Placed,1,CSE,8.86,2,1.7414914353751807,-0.709197124474491
Not Placed,0,ENTC,7.61,1,-1.5351676237374285,0.05195627176417401
Placed,1,IT,7.26,2,3.1256885904509915,-1.2318037486762174
Not Placed,0,ECE,6.35,1,-1.582380863260344,-1.650223993857197
Not Placed,0,IT,6.6,3,-1.0703646094058878,-0.604944425715581
Not Placed,0,IT,8.2,2,1.227245492887757,-0.1259006469628299
Placed,1,CSE,7.9,2,2.3559716860933846,-0.7696943180870438
Placed,1,CSE,8.39,3,1.4231755200156828,-1.2971212236438479
Not Placed,0,IT,7.22,3,0.3466310160466212,-0.4965097060748272
Not Placed,0,IT,6.3,1,-2.5887750344703653,-0.8441259134880055
Not Placed,0,CSE,7.28,1,-1.468206498459647,-0.2628214387017046
Not Placed,0,CSE,9.43,0,-1.6682302267696516,1.775832536140242
Not Placed,0,CSE,6.88,3,0.8433937837635531,-1.4189618084795752
Not Placed,0,CSE,7.67,3,0.15640343282686547,-2.692843141707502
Not Placed,0,CSE,5.65,1,-4.660618209605025,-0.1940377534219207
Not Placed,0,IT,7.26,1,-2.829126351044525,-0.5145228137240027
Not Placed,0,CSE,7.35,1,-2.421660582146679,0.7832750327338273
Placed,1,CSE,7.98,0,-0.5575666656954629,1.284760381542699
Not Placed,0,CSE,7.43,1,-2.392269664572528,0.4036248475315223
Not Placed,0,Mechanical,6.41,1,-0.8335796895180126,-0.192029236311764
Placed,1,ENTC,7.14,0,0.3889208387617794,0.3028954808511436
Placed,1,IT,7.53,0,0.38171949758288015,0.9999079982712895
Not Placed,0,CSE,6.85,1,-1.92484219286945,-1.3214263805473574
Not Placed,0,Mechanical,6.98,1,-2.683845739888315,-0.8448672199543259
Not Placed,0,CSE,8.55,1,-2.220254988721495,-0.4301818020779969
Not Placed,0,CSE,7.17,0,-0.6112376294873111,1.7915346737545936
Not Placed,0,ECE,8.07,3,0.8947472231571936,-0.7262046697328967
Placed,1,CSE,7.55,1,-1.887896612792048,1.4418912049253656
Not Placed,0,IT,6.65,1,-2.176987488923779,-1.6502833017988014
Placed,1,IT,7.42,1,-1.8010714035891493,0.7793996841653171
Not Placed,0,IT,7.95,0,-1.9390169314848973,1.7539365588398081
Placed,1,IT,9.18,2,3.745681560111835,1.2436648360350513
Placed,1,IT,7.04,2,1.832144614675166,0.05809904083140729
Not Placed,0,ECE,7.63,3,-0.6585137425534303,-1.911738069517217
Placed,1,CSE,8.47,0,-0.06177013558707894,3.184884004043188
Placed,1,IT,8.77,2,2.0420260306986187,-0.6392384327387352
Not Placed,0,IT,7.15,3,-0.48941194796690846,-1.1141228432013928
Placed,1,Civil,7.57,2,2.89505464632608,-0.5512289708155504
Placed,1,IT,8.65,0,-0.28005400897923793,0.897804428286916
Placed,1,CSE,8.13,2,2.300782460475116,0.8300224073393789
Not Placed,0,CSE,8.58,0,-0.31525297247965944,1.4806487502933592
Not Placed,0,IT,8.7,1,-2.3159777227754823,2.110704237933254
Not Placed,0,IT,8.17,1,-2.2146637436992878,0.856446899455118
Placed,1,IT,7.82,3,-0.43858108925268563,-0.2588429248402023
Not Placed,0,Civil,7.13,1,-1.3514033513015422,-0.5464084656533018
Not Placed,0,ECE,7.49,2,1.7803708523831274,0.6109305996723565
Not Placed,0,CSE,7.55,3,0.21138391467898968,-0.2160050172683687
Not Placed,0,Mechanical,8.72,0,1.5689516560043375,1.5272640767004801
Not Placed,0,ECE,7.85,1,-2.0301875321292884,0.6371668134552104
Not Placed,0,CSE,7.86,1,-1.4343863259740743,-0.8062497892115034
Not Placed,0,CSE,6.86,3,0.1141725594806811,-0.07283155890946656
Placed,1,CSE,8.72,0,0.32938288462731635,1.0739255443872506
Placed,1,CSE,7.05,3,0.5957637750469291,-0.36375093831759336
Not Placed,0,ENTC,7.46,3,-0.1964881573081334,-0.6702389510741492
Placed,1,IT,8.81,0,0.671278321845438,1.627641004965
Not Placed,0,IT,8.45,3,0.19428601090599545,-1.377166059710452
Placed,1,CSE,6.98,0,0.4327395633829977,0.6885740782958304
Not Placed,0,IT,6.78,3,0.5477210742020115,-2.2304006530328024
Not Placed,0,Civil,7.53,1,-1.203203230410971,-0.630922820283277
Placed,1,CSE,7.21,1,-1.0499158278501215,0.0584986370901333
Not Placed,0,IT,6.45,3,-0.9236557779201507,-2.629207192814023
Not Placed,0,ECE,7.06,0,-0.7790717234868167,-0.013125157101900264
Placed,1,ENTC,5.36,1,-2.0755064513704267,0.22177719148313435
Not Placed,0,CSE,8.47,0,-1.1688205896520532,0.826393821244812
Placed,1,CSE,8.41,0,-1.8290552542060066,2.2607139309492674
Placed,1,ECE,8.9,3,1.4097014004732114,-1.5830319304367249
Placed,1,CSE,8.0,0,1.147755304304685,0.3028313407766034
Not Placed,0,ECE,7.32,0,-0.34500427419362156,0.16894358706913862
Placed,1,ECE,8.57,0,1.151909640474142,2.2751958293396095
Placed,1,ENTC,7.1,1,-1.4786078445940225,-0.03819925642608042
Not Placed,0,Mechanical,6.57,3,1.4860695430113482,-3.5680976622457545
Placed,1,Civil,7.57,3,1.5727188445405194,-1.1393351246109218
Not Placed,0,IT,8.05,2,2.6053991642090346,-0.5026182239230426
Not Placed,0,ENTC,7.01,1,-1.317707214061156,0.8361518634969115
Not Placed,0,ECE,6.81,1,-1.7636531869436933,-0.3167553637178016
Not Placed,0,CSE,7.35,0,-0.7914289110257992,0.18307899847215403
Placed,1,Mechanical,8.05,2,2.4476458528951164,1.3024416310408626
Not Placed,0,Mechanical,7.58,1,-2.2177204557055843,2.157712889395171
Placed,1,ENTC,9.94,2,3.669046412521342,1.0410662029352291
Not Placed,0,IT,7.58,3,0.06322054998560062,-0.896603928344775
Placed,1,IT,8.34,2,1.9275582119393042,-1.4969728563389149
Not Placed,0,Mechanical,6.47,1,-2.2887507799148454,0.23765767525526363
Not Placed,0,Civil,8.2,1,-3.3350299177719647,1.0906767485310633
Placed,1,CSE,7.31,2,3.5651980741250013,-1.116642283231558
Placed,1,CSE,7.69,0,0.2122710824584699,1.3677220461492805
Placed,1,ECE,9.13,2,3.9131825525647104,0.7020851702532172
Not Placed,0,IT,7.38,0,-0.6099959332036302,1.2863082446334329
Not Placed,0,ECE,6.59,3,0.028669566561077067,-2.466856908945616
Not Placed,0,Civil,6.72,3,-0.198576010343627,-2.5918365484546144
Placed,1,CSE,7.85,2,2.0266444500784484,-1.6770590565473127
Placed,1,ENTC,7.8,0,0.353805398072168,2.2471781482213844
Placed,1,CSE,7.77,2,2.708984997413437,-0.33968527727913
Not Placed,0,CSE,6.61,3,-1.301053512417034,-1.9895635390207926
Placed,1,CSE,9.42,0,-0.41398176471350273,3.4985690829275895
Not Placed,0,CSE,8.94,2,3.2138943080980016,1.0856850302575358
Placed,1,ENTC,7.81,0,1.0404205591415794,0.23097000820209843
Not Placed,0,CSE,6.41,0,-0.8270244980197028,0.6672331985499016
Placed,1,Mechanical,9.05,2,1.5248469897546115,0.9100492746743862
Not Placed,0,IT,8.67,3,-0.45332646070830646,-0.3156262613883106
Placed,1,Civil,7.79,0,0.9899969332353538,0.2717350857261562
Placed,1,CSE,8.72,3,1.4920984020187558,-1.2776748649306227
Not Placed,0,CSE,7.28,0,-0.3620976037077975,0.4342336913141419
Not Placed,0,IT,6.88,0,0.019392795193051014,0.038801224661540124
Placed,1,CSE,7.83,0,-0.1328825801550541,1.7076205000069786
Not Placed,0,CSE,6.38,1,-3.4872581964665486,-1.4222339408717894
Not Placed,0,Civil,6.76,0,-0.6142203019281608,0.9816391958924409
Placed,1,ENTC,8.16,2,1.3063514509901484,-0.15887477647470982
Not Placed,0,IT,7.9,3,-0.759383596394545,-0.7231684229021522
Placed,1,CSE,6.53,3,-1.0045472025077191,-2.348661490524611
Placed,1,CSE,7.35,2,1.553902225295885,0.8001643638510015
Not Placed,0,Mechanical,6.56,3,-0.27540230818428435,-1.9758031932785192
Not Placed,0,ENTC,7.28,0,-0.9352696761893694,0.42881190272597713
Not Placed,0,IT,7.19,1,-3.0204807350862706,-0.01723496724119312
Placed,1,IT,8.54,3,1.4173014345877397,-1.1303558347992353
Not Placed,0,IT,7.57,0,-0.5159947538037207,0.01416412262353832
Not Placed,0,CSE,7.49,1,-1.0995582792881158,-0.31508731388676053
Placed,1,IT,7.37,0,-0.6471660284997544,0.3053571628612726
Placed,1,CSE,6.24,3,1.1140592223489567,-1.351843620422014
Not Placed,0,ENTC,7.62,3,-0.9493250541275736,-0.8901130977945553
Placed,1,CSE,8.11,2,4.19257283467525,-1.5847359086240638
Not Placed,0,Civil,7.9,3,0.278226277189242,-0.48269482075835646
Not Placed,0,ENTC,8.29,2,2.1041705618014093,-0.18404761399731553
Placed,1,CSE,8.33,3,1.0423507056096937,0.17721490360111386
Placed,1,IT,9.57,0,0.8215680593164183,2.0181055623369413
Not Placed,0,CSE,6.74,0,-0.3377374924525284,0.03470215383874814
Not Placed,0,ECE,7.9,3,0.8482276449302952,-0.6686530649084464
Not Placed,0,CSE,7.99,0,-0.6623324829200187,0.009527073346724847
Not Placed,0,Mechanical,7.43,3,-0.15459318772798694,-2.468426657426533
Not Placed,0,ENTC,7.16,0,0.8038120907748266,0.3062995588054043
Not Placed,0,CSE,8.12,1,-2.4033831046729834,-0.19252381771135646
Placed,1,IT,8.04,2,1.4819455813622848,0.041172145346434735
Not Placed,0,CSE,6.8,3,0.33448644224750373,-1.263287294163445
Not Placed,0,CSE,6.17,1,-3.5225696215494673,0.2265162678035996
Placed,1,CSE,7.28,2,1.6749759876688874,-1.2729779760386748
Not Placed,0,ENTC,7.13,3,-0.3283160296406515,-1.4606033161468281
Not Placed,0,CSE,8.21,0,-1.9108414992567155,1.9885266225271108
Not Placed,0,IT,6.91,1,-1.5903439926711118,-0.011125493718863858
Not Placed,0,ENTC,7.55,1,-1.1837027856963176,0.10170072933522732
Not Placed,0,ECE,6.25,1,-2.6635924612632125,0.6701325760675525
Not Placed,0,IT,6.38,0,-0.5490503628913218,0.2180937505205791
Not Placed,0,CSE,7.05,3,-0.5455732012474667,-1.282634534766069
Not Placed,0,ECE,7.49,1,-2.107765746939087,-1.4112494300496947
Not Placed,0,CSE,7.0,0,-1.1031770584648748,2.021199821016387
Placed,1,CSE,7.82,0,-0.31468081625890354,1.097333367694001
Not Placed,0,ECE,6.25,1,-1.453508598010889,-0.38870056178267537
Not Placed,0,ECE,7.52,0,-1.5388415847644656,1.5783797622697735
Not Placed,0,IT,7.53,3,-0.5238722602805818,-1.316630920384199
Not Placed,0,CSE,6.47,3,0.007362717152864132,-0.24871973233428155
Placed,1,ECE,7.89,2,2.0082894643507205,-1.2901246315913337
Not Placed,0,CSE,5.86,1,-1.7538805613420594,-2.4380181713580047
Not Placed,0,Civil,7.12,3,-0.5507855966702531,-1.0123832169605442
Placed,1,IT,8.37,3,0.46017351865171824,0.19327174943108966
Not Placed,0,ENTC,5.81,1,-1.9625893583655505,0.44345507661921035
Not Placed,0,Civil,8.27,0,-0.02884165913174523,1.4663816902630287
Placed,1,CSE,6.71,3,-0.8197672664237983,-1.1922004693232475
Not Placed,0,ECE,7.2,1,-1.6436942045989318,-1.7826918818758968
Placed,1,IT,8.9,0,0.8178034460374679,1.5853679788772177
Not Placed,0,ECE,7.17,3,-0.3533221650985112,-0.35009054029755493
Not Placed,0,Civil,9.07,0,-0.43583252314452425,1.52483393582763
Not Placed,0,Civil,7.44,3,-0.06015587023077819,-2.538797808526462
Not Placed,0,CSE,7.63,0,-0.5415351760344889,0.4849644639315889
Not Placed,0,ENTC,8.42,0,-0.8328337782510837,1.1675573251356592
Placed,1,ENTC,8.16,1,-0.9920276611061556,0.19243635934283404
Not Placed,0,CSE,7.83,3,0.6176093446560974,-1.4693527481032809
Not Placed,0,ENTC,7.31,0,0.324609035047169,1.031389867973235
Not Placed,0,IT,6.38,1,-1.5480065023033052,-1.2000819358483739
Not Placed,0,Civil,6.42,1,-2.171608714998622,-0.0426608745755865
Placed,1,Mechanical,8.82,0,1.277616722655459,1.353722607756719
Not Placed,0,CSE,9.14,3,0.6156557303748689,-0.433721485506162
Not Placed,0,CSE,7.81,3,-0.46580713069890217,-1.2246946080293823
Not Placed,0,Civil,6.19,1,-2.288694991561281,1.9984263847158652
Not Placed,0,IT,7.04,1,-3.003477029226338,0.7648919175442473
Not Placed,0,CSE,7.0,1,-2.281473967437014,-0.47051241433776075
Placed,1,CSE,7.23,0,-0.7539954442084302,0.6410452000377826
Not Placed,0,CSE,6.95,3,0.7413787677874076,-1.3274681625886677
Not Placed,0,IT,8.14,1,-3.403469901678856,0.7325452985575328
Not Placed,0,CSE,7.91,0,-0.32269244951500975,0.0030632770064888005
Placed,1,Civil,9.04,2,1.9053758585240517,-0.6310597649369416
Not Placed,0,ENTC,7.37,3,-0.07068905710358095,-0.6045898756387483
Placed,1,ENTC,7.87,3,0.8710774456030704,-0.5048183624444735
Not Placed,0,CSE,8.33,3,-0.6283206092841913,-0.3429007707063216
Not Placed,0,ECE,8.57,3,-0.5796009942162886,-0.6080412946971111
Not Placed,0,CSE,6.65,1,-1.0508969427394275,-0.7950048066157644
Placed,1,ECE,8.04,2,1.6896132996736484,0.35221478670857376
Not Placed,0,Mechanical,7.82,0,-0.1703570343739197,0.9253460422421188
Placed,1,CSE,7.96,2,4.684789050885967,-0.47708368855601946
Placed,1,Civil,7.75,2,1.9502167358335392,-0.5512188921156281
Placed,1,Mechanical,9.16,2,1.5838371962943185,0.6290852095642074
Not Placed,0,CSE,6.94,0,0.1261255847041273,0.3921892886038582
Placed,1,Civil,6.89,3,-0.07134605769402769,-0.37064531681787805
Not Placed,0,Mechanical,7.0,1,-1.0634687140651815,0.014782348608286937
Not Placed,0,IT,7.45,1,-2.5382769354912025,-1.128271098221727
Not Placed,0,IT,7.95,3,1.2475952620386752,-2.0645279871284874
Not Placed,0,ECE,7.31,0,0.0918239357801269,0.4789136052320712
Placed,1,ENTC,8.56,2,2.094763157072112,1.4584078982105697
Placed,1,CSE,7.7,3,0.8838055581319808,-0.3718096241126606
Not Placed,0,CSE,7.62,1,-2.0600974689171743,1.38288959712717
Not Placed,0,CSE,6.57,3,-0.0903240504034411,-1.3741915285984811
Placed,1,CSE,9.25,2,4.904415341168339,-0.7474971086156925
Not Placed,0,IT,7.66,3,-0.27907090797026357,-2.3147175240177367
Placed,1,IT,9.09,2,3.041885106095392,1.1689912890485394
Placed,1,ENTC,7.17,2,1.6018610597168692,0.1697172940730472
Placed,1,IT,8.41,0,-0.6695561894385599,3.1329098661000687
Not Placed,0,ECE,7.22,1,-2.5472886446976672,1.8664260524175063
Not Placed,0,ECE,9.25,0,0.5795046418947157,0.7117543785338558
Not Placed,0,Civil,8.65,0,-1.0099550900021097,2.5657911176824286
Placed,1,Civil,8.42,2,2.6414054982236013,-0.2659991021889422
Not Placed,0,Civil,7.08,3,0.7700935421371371,-2.3561150775086093
Placed,1,CSE,9.32,2,3.923977547322931,-0.8406139015696499
Placed,1,IT,9.43,0,1.6477090694538452,2.645007068255942
Not Placed,0,CSE,7.38,3,0.7532766118419605,-2.8679138824259924
Placed,1,CSE,7.84,3,-0.7039119576306606,0.005670537824983766
Placed,1,IT,8.49,2,1.8301781725954125,-0.5356982366307899
Placed,1,IT,6.02,3,1.8140926515330718,-3.332882606765297
Placed,1,CSE,8.67,0,0.12927070909604732,2.5170435465230425
Placed,1,CSE,8.57,2,1.8970238861974278,-0.775512902372358
Not Placed,0,ECE,7.22,1,-2.7905982839294734,0.29005404555102066
Not Placed,0,Civil,5.84,1,-2.277366728712783,-2.3780345178917157
Not Placed,0,CSE,7.98,3,-0.1525280822717876,-1.1626218258115382
Not Placed,0,IT,6.74,1,-2.272890553687149,-0.34754652865426916
Placed,1,CSE,6.35,0,-0.18000200067925373,1.086730673852099
Placed,1,CSE,8.02,0,1.7381083241760436,3.2155265289698267
Placed,1,Mechanical,8.82,2,2.3800942916386694,1.9722203015230952
Placed,1,CSE,7.51,0,0.2393059820359464,0.7999970670954144
Placed,1,CSE,8.71,0,0.5560329120608465,2.0270754243680202
Not Placed,0,ECE,8.26,2,1.2973041840842827,-0.13207470648751177
Not Placed,0,CSE,6.53,0,-0.7806645480007699,0.2217560227983643
Placed,1,CSE,7.23,3,-0.25451246955157497,-0.3065015441025484
Placed,1,IT,8.62,0,0.3357333211565282,0.5338960346631584
Placed,1,CSE,7.22,3,0.3754859572003755,-0.08825277403475201
Not Placed,0,IT,8.4,0,-0.15801262876570876,0.16026984202708652
Not Placed,0,ENTC,7.35,1,-1.292798041867655,0.024995509966720376
Placed,1,CSE,8.31,0,-0.9430227233835309,2.740395491093459
Not Placed,0,IT,8.06,3,1.2165783311683362,0.02182061148605737
Not Placed,0,ECE,7.49,1,-1.1678728068497857,0.4717834106589706
Placed,1,CSE,8.29,2,1.4034501375453625,0.5214428530534448
Not Placed,0,CSE,5.86,3,-0.3303266881256825,-2.266004263990911
Not Placed,0,Civil,6.78,3,0.7522036307061734,-1.6305422506393348
Not Placed,0,ECE,7.31,1,-1.2726640173261343,-0.8136014465874294
Placed,1,Mechanical,8.7,2,4.63206142700229,-0.0061601099690656545
Not Placed,0,CSE,6.47,3,-0.4347823421316929,-1.910856183240902
Not Placed,0,CSE,7.67,3,-0.7531516800324124,-1.0377641856543183
Not Placed,0,CSE,7.97,3,1.7867336138457313,-1.4424944679601344
Not Placed,0,CSE,7.91,1,-1.610741595601129,-0.5482862227041613
Placed,1,IT,7.62,3,0.8456553915383723,0.13505522734525324
Placed,1,IT,7.17,0,-0.2808083028365515,1.3434264116922288
Not Placed,0,Mechanical,7.49,1,-2.46841661658532,0.27398264814134854
Placed,1,ENTC,8.53,2,2.0091207000713367,-1.0312769277715719
Placed,1,IT,7.11,0,0.197043719517219,0.37509287874504077
Not Placed,0,IT,5.86,3,-1.2328176178093018,-1.7808471402110069
Placed,1,IT,8.1,3,1.2764901454869697,-1.962016563733969
Not Placed,0,ECE,8.97,0,-0.945370754301469,0.8031417159731151
Not Placed,0,CSE,6.81,3,-0.5076745101254433,-3.2582350639172324
Not Placed,0,ENTC,8.86,0,0.050890669742596935,1.9583657063293047
Placed,1,IT,8.14,0,0.9259354851514298,1.6634038790784191
Not Placed,0,ECE,6.72,1,-3.192664846259519,-0.35650772822894616
Not Placed,0,Mechanical,7.1,3,0.12575429822941125,-1.8463850836496687
Not Placed,0,IT,7.06,1,-2.6332534596482478,-1.2450661237723986
Placed,1,Mechanical,7.84,2,1.8791042013574617,-0.24159820144794236
Placed,1,Mechanical,7.55,0,-0.37856327449975197,0.1328143212793853
Placed,1,CSE,8.64,2,2.82807136912803,0.8969847037483738
Placed,1,CSE,8.42,0,0.9032695727653707,0.11833691251888187
Not Placed,0,CSE,6.39,1,-2.450680105709606,-0.5722177283126748
Not Placed,0,CSE,6.49,3,0.12038447566891498,-2.7043891923787315
Not Placed,0,Civil,8.22,3,1.4372127404221648,-2.1521546796109248
Placed,1,CSE,7.26,2,2.16141227336393,-0.47446258027751437
Not Placed,0,ENTC,7.55,3,-0.6262256387242251,-1.7690419738993883
Not Placed,0,ECE,8.16,2,1.1221302127194537,0.1891663719501493
Placed,1,CSE,8.43,0,1.1741322561582355,1.8532774444841886
Not Placed,0,CSE,6.65,1,-1.7061138532019904,0.2169572687216432
Not Placed,0,Mechanical,5.81,1,-3.8615864808469875,-0.04317075522927089
Not Placed,0,CSE,7.6,3,-1.242527918608649,-0.7135035767044839
Not Placed,0,CSE,6.97,1,-3.3172193670737755,-2.858881472390605
Not Placed,0,Civil,7.76,3,0.3588662166722091,-0.9868352119384128
Not Placed,0,CSE,7.62,3,1.0847902947473667,-0.5938253391020827
Not Placed,0,Mechanical,6.87,1,-4.345490896455773,-1.1840067796143874
Placed,1,IT,9.47,0,2.2852231581403464,2.648890746081885
Not Placed,0,ENTC,7.71,0,-0.31476654445341934,0.3612120111141393
Not Placed,0,ECE,7.21,1,-0.7160418035847869,-0.09382706593654183
Not Placed,0,IT,7.79,0,0.23737236371194595,1.207270603472679
Not Placed,0,IT,8.15,0,-0.0957011259183146,0.43378255919057224
Not Placed,0,CSE,7.16,3,-0.9417910339572113,-0.9837416868107294
Placed,1,ECE,9.67,2,2.5931803050356215,-0.4105481075762417
Not Placed,0,CSE,6.41,1,-3.140756764218119,0.14831254872448044
Not Placed,0,CSE,6.46,1,-2.8467809158400352,0.18730448742653544
Not Placed,0,ECE,6.34,1,-2.9769167148280005,-1.517030269022654
Placed,1,Civil,7.7,3,1.085430073405977,0.19539425034051394
Placed,1,IT,8.1,0,-0.36280801531234463,0.4194334490800704
Placed,1,ECE,7.42,2,2.402810958789604,-0.4891295995242205
Placed,1,Mechanical,8.1,2,1.9021098907909604,0.7090839117528747
Placed,1,CSE,8.09,0,0.44665939408685085,1.334091844168468
Not Placed,0,Civil,7.39,1,-3.5106231092463513,-0.6934522807425894
Placed,1,ECE,8.06,2,1.2941202918414851,-0.1147058795285669
Not Placed,0,ECE,7.53,1,-0.9688240748559812,0.19743707183071646
Not Placed,0,ENTC,7.35,1,-1.2731468708660312,-0.6205630807920011
Not Placed,0,IT,7.28,1,-1.1266475833496217,0.4908435166877416
Not Placed,0,CSE,7.9,1,-1.7592310172355574,0.37786626936527046
Not Placed,0,ECE,8.74,0,0.15961919401938104,0.9143042805881771
Not Placed,0,IT,6.68,1,-2.6669347922688695,-0.8826434572094993
Placed,1,CSE,7.29,0,-0.1726005288940665,1.0429233894860455
Not Placed,0,ENTC,7.84,0,-0.620613957118302,0.5937921874923353
Placed,1,IT,9.19,2,3.559576143093964,1.0684472654303174
Not Placed,0,CSE,8.07,2,2.463966924872886,-1.7383083733498357
Not Placed,0,IT,7.01,1,-2.0517892559341453,-2.86324271232522
Not Placed,0,IT,6.91,1,-3.6515415042589314,-0.8303523832402405
Placed,1,CSE,8.54,2,2.9821194853312676,0.3003479386594619
Placed,1,IT,7.43,2,2.7649344877801503,-0.6978396693269554
Placed,1,CSE,6.65,2,2.181274145945144,-1.572870234551573
Not Placed,0,IT,8.56,3,-0.10831259239910326,-1.2290632371177765
Not Placed,0,Mechanical,7.96,3,1.4996500087706814,-1.073809851397527
Not Placed,0,Mechanical,6.68,1,-3.5994456252096443,-2.126272672496384
Not Placed,0,IT,6.56,3,-1.1314730696376132,-2.366549866435628
Not Placed,0,IT,5.86,3,-0.8276055467327209,-1.9458686534797547
Placed,1,CSE,7.17,0,1.0632849056816234,0.58387885755527
Placed,1,IT,7.96,3,1.72822550076274,-2.625884223566514
Placed,1,ENTC,8.52,2,1.8599250765782909,1.604435159082186
Not Placed,0,CSE,8.06,1,-1.8899883306431238,0.2030135067250928
Not Placed,0,CSE,6.59,1,-1.747028250351766,-0.09015188773464662
Not Placed,0,Mechanical,7.46,2,1.6552880225082676,-1.2698032917994246
Not Placed,0,ENTC,8.91,0,-0.09258073710045797,3.0077974388476907
Not Placed,0,CSE,7.26,3,-0.0794037503722206,-1.5035403940691179
Not Placed,0,ECE,8.35,0,-0.8226208056921815,0.09058218338836488
Placed,1,CSE,8.25,0,-0.28973547119725196,1.7160272512358787
Not Placed,0,ECE,8.35,2,2.0537418051423333,1.1036104663932953
Placed,1,IT,8.07,0,0.10869574366193999,2.4209464567751864
Placed,1,CSE,8.34,2,6.387857433918288,-0.45598921705884665
Not Placed,0,CSE,6.44,1,-1.785884521190463,-1.4289220771590445
Placed,1,IT,8.99,3,1.3021447658409244,-1.194012593450396
Not Placed,0,CSE,6.16,3,-0.1055337901987133,-3.94963656183193
Placed,1,ECE,7.97,0,0.6320001215674443,1.1843091326577104
Not Placed,0,CSE,7.66,3,-0.568031891587565,-1.2844219899416218
Placed,1,Civil,7.17,2,1.3199842293967208,-0.4557129014148868
Not Placed,0,CSE,6.87,3,0.3207133828104871,-2.2533114314609106
Not Placed,0,Civil,8.17,3,0.9809565065518175,-0.9710896089291813
Not Placed,0,IT,8.38,0,-0.36924166347795173,0.37939859088592537
Not Placed,0,CSE,7.61,1,-1.9650607093927275,1.0067876541231335
Placed,1,IT,7.45,3,0.07760643100331982,-0.8833203393666021
Placed,1,CSE,8.79,0,0.5741722806642034,2.1052258782588242
Not Placed,0,IT,7.34,2,1.7589882639450072,-0.6410308830555931
Placed,1,ECE,7.66,2,3.656461779608785,0.7730397909557324
Not Placed,0,IT,7.53,3,0.27768503426778973,-1.9212648691459977
Not Placed,0,IT,9.8,2,1.500103775390807,0.7202518458131919
Placed,1,CSE,6.99,0,0.13873161115349608,0.5502680920149278
Placed,1,ECE,8.41,3,0.5017418905045169,-1.525175660910457
Placed,1,CSE,6.26,1,-1.8210344317685134,-1.741731288314117
Not Placed,0,IT,6.89,1,-2.120049759417221,-1.6346649062290641
Not Placed,0,IT,7.44,0,-0.5893775319846363,0.3886876555392264
Not Placed,0,ECE,7.59,3,-0.3817911567030155,-1.1364665699945764
Not Placed,0,ECE,7.47,2,1.6472843412798712,-1.0495602411032403
Placed,1,CSE,7.62,0,0.3180719864754795,0.016164786257259024
Not Placed,0,CSE,7.11,1,-2.418775766653201,0.24104531002089497
Placed,1,CSE,8.79,2,2.212353133526143,1.4796400625363526
Not Placed,0,CSE,6.85,3,-1.157999861660152,-1.5801880745209973
Placed,1,ECE,8.33,3,0.6992948047773524,-0.06315300244219464
Not Placed,0,ENTC,8.28,0,0.5915312091076426,0.5937277862374848
Not Placed,0,CSE,6.89,1,-2.0594818248282434,-1.6537491183336062
Not Placed,0,ECE,7.39,2,1.8003012004255412,-1.5894594433721358
Placed,1,CSE,7.7,0,0.07976686495038389,2.0918527797932445
Placed,1,ENTC,9.12,3,0.14151597417111972,-1.050482841954946
Not Placed,0,ECE,7.39,0,-1.0537563316063778,1.269759676373092
Placed,1,ENTC,10.0,2,2.27607959172725,1.9994023510111896
Placed,1,IT,8.35,3,1.3228357165981082,-1.2323896201197528
Not Placed,0,CSE,7.99,2,3.0485858294638755,-0.8874431511808225
Placed,1,CSE,8.45,0,-0.24731195714981177,0.9630864793840483
Placed,1,CSE,6.24,3,-0.6932436100691962,-0.972832065409775
Placed,1,CSE,8.7,2,2.901522799315419,1.840059823377386
Not Placed,0,ECE,6.58,3,-1.2377743443957099,-2.178716268714942
Not Placed,0,CSE,8.44,3,0.12702480075208683,-0.10273425237422974
Not Placed,0,CSE,7.2,1,-1.475292374819347,-0.8406620844836507
Not Placed,0,ECE,7.02,3,0.7642679434368637,-0.2716843871157535
Placed,1,CSE,9.21,2,2.0055521931775484,0.18845238104771334
Placed,1,CSE,7.62,2,1.664766806764378,-0.20548172559200012
Not Placed,0,IT,6.4,1,-2.2581269933978967,-0.21066869038410224
Placed,1,ENTC,8.53,0,0.7897182094950852,1.6551894438875587
Not Placed,0,IT,6.66,1,-0.8896195065462196,0.028787347125338026
Not Placed,0,CSE,8.86,0,0.9280660862830883,1.005259614990156
Placed,1,CSE,7.69,0,-0.3690233458431756,0.51346736176316
Not Placed,0,ECE,6.62,1,-1.9413035617449819,0.35711501996128414
Placed,1,Mechanical,8.4,0,1.1521766836695704,0.26295009575268635
Placed,1,Mechanical,8.14,2,2.142878117649751,0.6644488203855393
Not Placed,0,IT,5.9,3,0.06937743249860104,-2.3742917725718997
Not Placed,0,CSE,7.65,2,3.3729993500937843,-2.0213332163366737
Placed,1,IT,7.95,2,4.5649591313416265,-2.1285415407648016
Placed,1,ENTC,7.9,0,0.350493238314812,1.4902298779418277
Not Placed,0,CSE,7.54,0,0.6843386120928505,0.7722214670496567
Placed,1,IT,8.33,0,0.7558367901505424,2.049113558988519
Not Placed,0,CSE,8.18,0,-0.4034721093268972,1.917859861963909
Placed,1,CSE,7.73,2,1.5349085542533614,0.6337452811155568
Not Placed,0,Civil,7.5,0,0.501029482877844,0.7671516123969031
Not Placed,0,IT,7.83,3,0.5990748962005159,-1.453338846418016
Not Placed,0,Civil,7.19,1,-1.0744977508743503,-0.69429399844571
Not Placed,0,CSE,6.83,3,-0.6167501123893717,-1.1071635311125558
Placed,1,IT,6.74,0,-0.48541918914096066,1.498189403066357
Not Placed,0,ENTC,7.61,3,-1.3336144703287138,-1.341543451297309
Not Placed,0,CSE,6.97,1,-2.2657238865077476,0.44742901841670185
Not Placed,0,Mechanical,7.57,1,-1.607506830808422,0.5047533245068299
Not Placed,0,CSE,8.83,0,-0.123078293392164,1.0205095260123986
Placed,1,CSE,7.52,3,0.8406995092784063,-0.24196430095671811
Not Placed,0,IT,7.82,3,0.42386897151946207,-0.34551943251183587
Not Placed,0,Civil,7.51,3,-1.4856225671148555,-1.786205130354595
Placed,1,ECE,8.81,0,0.3270422051957251,1.8468053033792629
Placed,1,ECE,9.11,0,1.2565866222010906,0.7207085368896612
Not Placed,0,ENTC,7.3,1,-1.939452247581385,-0.5354203389157312
Not Placed,0,IT,8.32,0,-0.6035163332218683,1.4297898675509617
Placed,1,Mechanical,9.48,2,3.1346980257479924,2.0237687633422254
Not Placed,0,CSE,6.71,1,-3.8881669054991077,0.7143206405101199
Not Placed,0,ENTC,8.53,0,-0.9363800036418238,1.0599162614158057
Not Placed,0,ECE,6.22,3,0.03259261458735028,-1.2610904253446291
Not Placed,0,CSE,7.73,0,-0.8914574866951994,1.8194590698953104
Placed,1,ENTC,7.58,2,1.965825905514545,-0.40420917361494824
Not Placed,0,ECE,6.25,1,-4.221100917548346,-1.0522953644007171
Not Placed,0,IT,8.63,1,-1.1125689201059636,0.03878942514024359
Placed,1,ECE,7.83,0,-0.8258671124182186,2.5657454964258575
Not Placed,0,CSE,6.91,1,-2.2416354333108237,0.6572557271713493
Placed,1,ENTC,7.98,2,4.107733727191571,-0.7338660841596983
Placed,1,ENTC,8.47,2,3.6011861194850554,0.4161076509872523
Not Placed,0,IT,6.2,1,-3.938005854182165,0.21260345071418663
Not Placed,0,IT,5.02,3,-1.585698695791662,-2.8161173731509863
Not Placed,0,IT,7.66,0,-1.1707440147000012,0.9905824557106416
Placed,1,ENTC,7.05,2,3.4359168454921023,-2.056634668921346
Not Placed,0,Mechanical,8.84,0,1.2247305604914624,0.8028378771234583
Not Placed,0,ECE,7.39,1,-2.608900693889206,-0.6363317608491917
Not Placed,0,ENTC,7.96,0,0.2767792768290386,0.3411189707721194
Not Placed,0,ECE,7.54,1,-1.2161817313180492,0.651664806690586
Not Placed,0,CSE,6.39,1,-3.3473963148766126,0.9213631518483784
Not Placed,0,Civil,7.73,1,-0.8728999914684855,-0.1447482313529591
Not Placed,0,IT,6.57,0,-0.8312219098735248,0.17055912877301618
Not Placed,0,CSE,6.53,1,-3.795689414906932,0.555756145984226
Not Placed,0,CSE,6.77,1,-2.6481109247708488,-0.27273752334684187
Placed,1,IT,6.69,2,2.824011176042108,-3.1607719888942114
Not Placed,0,ECE,7.52,0,0.026837339903851808,0.7357395209439227
Not Placed,0,CSE,7.37,1,-2.6764067050862868,0.23995201958171375
Not Placed,0,CSE,7.94,3,-0.6393509579474156,-1.0514666088093099
Not Placed,0,IT,6.36,3,-1.1725618350161569,-1.3167359826533263
Not Placed,0,CSE,7.49,3,-0.5443196125264232,-1.1923587557682542
Placed,1,IT,7.29,3,0.9586526918546611,-1.146513455350993
Placed,1,Mechanical,7.87,0,0.03134771110104325,2.3602315834545102
Placed,1,CSE,7.91,2,2.697488156941606,-0.6733514778902419
Placed,1,ENTC,7.83,0,0.526753573018101,1.3049266469583074
Not Placed,0,CSE,6.86,3,-0.6289954060531875,-2.13534984160833
Not Placed,0,IT,7.72,3,-0.49665636056390566,-0.8548328009613052
Not Placed,0,ECE,7.26,3,-0.6326139898664456,-1.1341590872447194
Not Placed,0,IT,8.82,0,0.9599180323845278,0.30250483990823984
Not Placed,0,CSE,7.79,0,-0.6825463669380336,0.4072223339420428
Not Placed,0,CSE,7.77,2,2.805975250350856,-0.6043391278618616
Not Placed,0,ENTC,6.61,1,-2.441361942899519,-0.43651720638971736
Not Placed,0,Mechanical,7.2,1,-2.2705654550855274,-0.9724576499160491
Not Placed,0,IT,7.92,1,-3.6492443449495693,0.7268771854439194
Placed,1,ECE,7.63,3,-0.612392808607834,-0.24377616712362435
Not Placed,0,CSE,7.62,0,-0.3518554823078602,1.1899678738691717
Not Placed,0,ENTC,6.21,1,-1.2437770271687973,-0.49347940750255986
Not Placed,0,Civil,7.01,1,-2.4665482499669427,1.1079442657027634
Placed,1,CSE,7.47,2,2.424405991254794,0.40557215533835567
Placed,1,CSE,8.72,0,0.5752860788642125,1.4508842983283055
Not Placed,0,ENTC,6.09,1,-3.685127956447351,-1.9965330216192654
Not Placed,0,CSE,6.81,1,-1.740468265485034,-1.1190664604535505
Not Placed,0,Mechanical,6.09,1,-2.173753862140584,-0.12199979495527834
Placed,1,CSE,7.98,2,1.4489234603281922,0.0370444733359787
Not Placed,0,Civil,8.71,3,0.8763536483459933,-1.0481520323402347
Not Placed,0,IT,8.01,3,0.8796224958314979,-0.5065681479292652
Placed,1,ENTC,8.19,2,1.616788982237211,0.3803874343821726
Not Placed,0,CSE,6.82,1,-2.1092702525287605,-1.0023778032763742
Placed,1,ECE,8.01,0,-0.1704422126045463,2.0244877888544113
Not Placed,0,Civil,7.04,1,-2.3404836261484214,0.43241932671303546
Placed,1,ECE,7.75,0,0.33744806333980426,0.8142205603988708
Not Placed,0,ENTC,8.13,3,0.7382262981374583,-1.632645379338115
Not Placed,0,IT,7.45,1,-0.9421691875665791,-0.0007491271502785751
Not Placed,0,IT,8.4,3,0.7630144650032461,-0.4902388450377323
Placed,1,CSE,7.56,2,2.956811104905916,-3.031366818379646
Not Placed,0,CSE,7.93,1,-1.0681355659731553,-0.24112780314659196
Placed,1,IT,9.31,2,3.2165283157805784,1.7363226787655415
Not Placed,0,ECE,8.12,0,1.162637112120659,0.7318688479404876
Not Placed,0,ECE,7.06,1,-2.822569846220668,-0.4493486044529815
Not Placed,0,IT,7.29,1,-0.9423604492197496,-0.06508282853033898
Not Placed,0,IT,8.44,0,-0.4514919349584913,2.072388969696016
Placed,1,CSE,8.59,2,1.823125661026048,-1.495011396349112
Placed,1,ECE,7.67,3,0.5727236145928585,-0.11200141627659714
Not Placed,0,Mechanical,6.4,1,-2.114253817493107,-1.696531936688186
Not Placed,0,CSE,6.89,3,1.1731860626493291,-2.6309935852508612
Placed,1,IT,7.85,0,0.5982251706363934,0.18276628710028575
Placed,1,ENTC,8.19,2,1.9805484994801974,0.23220149409561178
Not Placed,0,IT,8.55,0,-0.06019197628133023,0.4348026686639631
Not Placed,0,ECE,5.97,1,-0.9128509715560544,-0.07025225616120971
Not Placed,0,CSE,8.44,0,-0.9327382063707234,1.491318650934613
Placed,1,Mechanical,8.91,0,0.4891055511444002,1.7302453554369286
Placed,1,ECE,5.67,1,-1.605452087788234,0.3592936417476988
Placed,1,IT,7.7,2,1.4761787350651299,-0.8594178483045741
Not Placed,0,CSE,8.34,3,0.007597845206115375,-0.8380992401277915
Placed,1,IT,6.5,3,0.24064967421817546,-0.13600170518381463
Not Placed,0,CSE,7.28,1,-1.526765219461052,-0.9737146070917867
Not Placed,0,CSE,8.18,0,-0.8297536860838532,2.1696529202042423
Placed,1,CSE,7.26,2,3.4982402728427027,-1.731820189052144
Not Placed,0,ENTC,7.39,1,-2.517237728457601,0.9208510188899478
Not Placed,0,IT,7.89,1,-1.2788798948648346,-0.4035889521049395
Not Placed,0,CSE,6.71,1,-1.0710044470044489,0.16185491131131183
Not Placed,0,Mechanical,6.79,1,-2.157191165098222,-1.1649943204488216
Not Placed,0,CSE,8.1,3,0.7474706815664959,-0.7732953135802197
Not Placed,0,CSE,8.51,0,1.083021748122672,0.9183622448514379
Placed,1,ENTC,8.04,2,3.546479343347342,-1.892276331741853
Placed,1,ECE,8.86,3,0.8766221576259977,-0.01799665937834918
Not Placed,0,CSE,8.06,3,0.9217156449664228,-2.5421664367608967
Placed,1,Civil,9.27,3,0.9285992496546635,-0.4150971868651556
Not Placed,0,IT,7.76,1,-2.026136116713719,1.2676075194807952
Not Placed,0,IT,7.91,0,-1.2045336244325304,2.444830562573936
Not Placed,0,CSE,8.04,1,-3.3992735938942062,-0.4111416127511983
Not Placed,0,IT,7.17,0,-1.7616507489920195,1.601190856977508
Not Placed,0,IT,7.04,0,-0.8074922052668441,0.2547413034627225
Not Placed,0,IT,6.93,3,0.05151233629890137,-1.3545073961840581
Not Placed,0,ECE,7.23,2,1.7504460138655369,-0.7580831937356435
Placed,1,CSE,9.46,2,5.751343978227281,0.7242017620167867
Placed,1,ENTC,9.25,2,2.3416674191364897,1.6035293374495814
Not Placed,0,CSE,7.42,3,-0.186988290919104,-1.6196985681784792
Not Placed,0,ECE,7.34,1,-2.460200690088429,0.08378988310360612
Not Placed,0,IT,5.88,1,-4.012525839265859,-0.8720719220467188
Not Placed,0,IT,6.85,3,0.7303896559654597,-0.9895685725061891
Placed,1,ECE,7.01,3,1.8818325935061067,-2.702340797831137
Placed,1,IT,7.33,2,2.4362954170875177,-0.834622647282647
Not Placed,0,ECE,7.22,1,-1.718202591600743,0.1840429041100548
Not Placed,0,ECE,7.88,1,-1.7511072711651354,0.23962627134183911
Not Placed,0,ECE,8.36,0,-1.857310792022569,2.5818114743632687
Not Placed,0,ECE,7.08,0,0.17769564357916656,1.324130808416461
Placed,1,Mechanical,8.92,2,4.393954395618004,0.005814041639119502
Not Placed,0,IT,7.99,0,-0.35664770749421826,0.7917931086368581
Placed,1,Civil,8.46,0,0.4523129133566401,1.7669006170202814
Not Placed,0,IT,7.33,1,-1.4295774034963387,-0.3821982593600924
Placed,1,CSE,8.16,0,0.2556075493687455,1.220884437267292
Not Placed,0,Mechanical,8.09,0,-0.06370996874441698,0.1619465768378448
Not Placed,0,CSE,8.95,1,-2.2844425834641546,0.44791836224266846
Placed,1,ENTC,8.25,0,-0.8493319041823129,0.9751988533810266
Not Placed,0,ECE,8.43,0,1.0843260186353032,1.0117990830476578
Not Placed,0,Mechanical,7.25,3,0.15478257170484175,-0.012534701816652567
Placed,1,IT,8.72,0,0.6089839144140478,0.7197818516563612
Not Placed,0,CSE,6.62,1,-1.0553255386137397,-0.8999841228816259
Not Placed,0,IT,7.21,0,-1.0348201314374397,1.1251797397821603
Not Placed,0,IT,7.94,3,1.257395915536614,-1.5178147787096032
Not Placed,0,ECE,6.72,3,-0.46692116530099875,-1.3051288060816457
Not Placed,0,ENTC,6.92,1,-0.9547774343417345,0.27044958827386467
Not Placed,0,ENTC,6.92,3,0.10031245701432438,-1.7646791459161562
Not Placed,0,ECE,8.02,3,1.3057145869895914,-1.7614290643433024
Not Placed,0,ENTC,7.56,1,-1.3598783042189158,-0.4868160197381825
Placed,1,CSE,8.52,0,-0.6283909864340107,1.9990538618546267
Placed,1,CSE,9.3,2,4.285749774948111,1.1067178559472701
Placed,1,ENTC,7.93,2,4.587547421765284,-1.2816156526883817
Placed,1,ECE,7.27,0,0.6608920072753617,1.5026718958142973
Not Placed,0,IT,8.01,2,2.1857600590260513,-0.8169267046652091
Not Placed,0,CSE,6.94,1,-1.8239959573948052,0.7366972497430689
Not Placed,0,IT,7.65,3,-0.5785292600718733,-1.1694772962053193
Placed,1,ENTC,9.79,2,2.0528158983350457,-0.09384710718202331
Not Placed,0,CSE,7.53,3,-0.4728993139160108,-0.025277456568140046
Not Placed,0,ECE,7.96,1,-1.500753555600725,0.9125153621232668
Placed,1,ENTC,7.56,0,0.9977259808872547,1.0873250440627686
Not Placed,0,Civil,7.35,3,0.36380118915526477,-0.47966800655883757
Not Placed,0,CSE,8.11,0,-0.8692147658960008,0.8676367258585752
Not Placed,0,Mechanical,6.62,1,-2.456641517722084,0.4305077695479051
Not Placed,0,ECE,7.56,3,-0.7042605343299793,-2.5490165346006233
Not Placed,0,IT,6.55,0,-1.215535901887446,1.6532693203649407
Placed,1,CSE,9.01,0,1.1451708228083683,1.8156133231602734
Placed,1,CSE,8.54,0,1.679632398593625,2.4867653911931136
Not Placed,0,IT,7.05,1,-2.3756996638606096,2.324344942455774
Not Placed,0,CSE,6.12,3,-1.1193211628534765,-3.1541102520023228
Placed,1,IT,8.12,0,0.6283737546833577,1.7750336671866158
Not Placed,0,ENTC,7.66,1,-1.1348196068195864,0.4670518838075166
Placed,1,CSE,9.61,2,2.5808656729619877,0.4508874999912384
Placed,1,IT,8.89,2,4.083192593582871,-0.9273707150869352
Not Placed,0,ECE,8.24,0,0.9505193984816008,0.12361958566111615
Not Placed,0,Mechanical,7.25,0,-0.0925211583305384,1.7065139737299335
Not Placed,0,Civil,7.48,3,-0.5510434454216749,-1.6166420575553007
Not Placed,0,Mechanical,7.96,3,-0.042219582366944834,-0.26363176474709865
Not Placed,0,Mechanical,8.0,0,0.05687584748083012,0.5090976391653395
Not Placed,0,CSE,7.1,3,-0.39412850800784055,-0.3860340330316388
Placed,1,CSE,6.54,1,-1.67193756864372,-0.22191953795655248
Placed,1,CSE,9.34,2,3.5139072078743068,1.3211893688768794
Placed,1,Mechanical,7.73,0,0.3460026399256572,1.6640141792656689
Not Placed,0,IT,8.06,0,0.46152842359486174,0.14824033107549367
Not Placed,0,CSE,6.97,3,0.9651858100404855,-0.8215714018450931
Placed,1,CSE,8.86,2,1.8591931020836256,-0.4876734980709917
Placed,1,Mechanical,8.58,0,1.2601327571969105,1.659023642502201
Placed,1,CSE,7.75,0,0.4337518192811497,0.150214343979917
Not Placed,0,Mechanical,7.88,0,0.07700562133482997,0.8018931569662314
Not Placed,0,Mechanical,7.94,0,-0.5076931827799416,0.3463495429251682
Not Placed,0,IT,7.78,0,-1.4194501669877864,0.9903015889420378
Not Placed,0,ENTC,8.17,0,-0.6288905904987625,1.7026941287677961
Not Placed,0,CSE,8.02,3,-0.1662292913448061,-1.65467123875797
Not Placed,0,CSE,7.55,1,-2.3927312165291887,1.7118162390931715
Not Placed,0,CSE,6.71,1,-3.602785770102789,-0.2559764754366799
Not Placed,0,ECE,7.68,1,-2.1057164193986866,1.1424993775536707
Placed,1,CSE,8.34,2,3.0508943858584914,-0.5128138446356866
Placed,1,ENTC,8.27,2,4.825935774621033,-2.3773558313601297
Placed,1,ENTC,8.82,2,2.6477659003145497,1.8186444480882198
Not Placed,0,CSE,8.91,3,0.13217653262497903,-0.4217843263752029
Placed,1,IT,8.3,2,3.157265125812393,-1.5942870676088006
Placed,1,IT,7.86,0,0.0004026897153190842,2.09635979184511
Placed,1,CSE,7.99,0,0.5581503505692016,0.5971857391838888
Placed,1,Civil,7.21,3,-0.8883889672391,-0.8733283383080029
Placed,1,CSE,8.38,0,1.3670572084915036,2.7134064105644473
Not Placed,0,ENTC,8.83,0,-1.7411742139213506,1.8105664424784345
Placed,1,Civil,8.59,2,3.03880511164143,0.7057056174763192
Placed,1,CSE,8.17,0,0.23895917773449088,0.2133021358952517
Not Placed,0,CSE,7.5,1,-1.5395060439291313,0.0644294058254579
Not Placed,0,Mechanical,7.4,1,-2.5237696450785894,0.7350136421575573
Not Placed,0,ECE,7.56,3,0.5497657854227499,-1.590750418245774
Not Placed,0,IT,7.08,3,-0.17272902272426266,-0.10665797099503417
Not Placed,0,ENTC,7.93,3,0.5878017759065082,-1.5803777502186616
Not Placed,0,Mechanical,5.32,1,-3.0049387166715817,-1.5982287856734583
Not Placed,0,ENTC,7.24,0,-0.5354507125894507,1.5527789564107648
Not Placed,0,ENTC,7.76,1,-1.7632064471439604,-0.059332206021460575
Placed,1,ENTC,9.83,2,3.5192082454027425,2.115441582485049
Not Placed,0,ECE,7.7,3,-0.6089575434792023,-2.574855840841396
Not Placed,0,CSE,7.74,0,-0.04658571567765081,0.36046457684680483
Not Placed,0,Mechanical,6.99,1,-3.17122105257581,-1.1704576327907064
Placed,1,IT,9.16,0,0.6919296072229706,1.3584377346711372
Not Placed,0,ENTC,7.01,1,-3.583189013988963,-1.620210814177814
Placed,1,CSE,9.43,0,2.0108358987572155,2.586767699977196
Not Placed,0,ECE,7.07,1,-2.173539875294976,-0.3785975866445678
Placed,1,ENTC,8.5,0,0.35822249483731233,1.8221343134818526
Not Placed,0,ENTC,7.65,0,0.22616312626514762,1.5139902676279544
Not Placed,0,IT,7.22,3,-1.1119293882720178,-1.4976897064484591
Not Placed,0,ECE,8.56,0,-0.49610366704380576,0.0021682208467033665
Placed,1,IT,8.83,0,-0.3723528184312941,1.0749394655163675
Not Placed,0,IT,7.54,3,-0.3118101252462246,-0.6338875251776436
Not Placed,0,CSE,7.68,3,0.48510489704108317,-1.542983207573955
Not Placed,0,Civil,7.35,2,1.6592007459978273,-0.9679795768600371
Placed,1,Civil,7.89,2,3.9443856115173914,-2.8394869653675148
Placed,1,CSE,6.77,2,1.2924153764041253,-0.23073946023815348
Not Placed,0,ENTC,5.41,1,-2.959758831490528,-2.1011112702814496
Not Placed,0,CSE,6.11,1,-2.6882693882978654,0.6985036706479543
Placed,1,CSE,7.51,1,-1.1487235197509682,-0.42789824693646544
Not Placed,0,ECE,6.79,3,-0.5813998658780472,-0.8405934351614931
Not Placed,0,ENTC,7.6,1,-1.580100360666623,-0.9266899496210725
Placed,1,ENTC,7.26,3,-1.0828220459803006,-0.8353015436751263
Placed,1,IT,7.1,2,1.5226808278023607,-0.5894067304480557
Not Placed,0,CSE,7.15,0,-0.653332128147148,0.6247951786666749
Not Placed,0,IT,8.52,3,0.6675474304267935,-1.4681979790529502
Not Placed,0,ENTC,7.9,3,-0.5850615606960939,-1.0395647408637132
Placed,1,CSE,9.03,0,-0.35967300400064167,2.7917845501561116
Not Placed,0,CSE,7.79,1,-2.655837009710704,1.4411559591206138
Not Placed,0,CSE,6.08,1,-1.5442961074223664,-0.3319520664973145
Not Placed,0,IT,6.81,0,-0.40267289603446993,0.22018515319415446
Placed,1,CSE,7.8,0,1.070848916197412,0.9345793076274167
Not Placed,0,ECE,7.91,0,0.8420195417137987,0.8082237244932008
Not Placed,0,CSE,7.2,3,-0.3811665967436318,-1.2332331095073776
Not Placed,0,CSE,7.02,1,-1.6660097555799425,-1.052649347939415
Placed,1,Civil,7.18,3,1.3726962203620372,-1.736967189867961
Placed,1,IT,7.58,3,0.4265073909521484,-0.47326044946312773
Placed,1,CSE,7.66,0,0.6814229527234441,1.0773570436823903
Not Placed,0,ECE,6.77,1,-1.97412632480222,-0.5462516491464166
Not Placed,0,ECE,7.91,1,-1.7636624776985044,-0.7678997819222919
Placed,1,Civil,7.9,2,3.443427202185545,-0.28366976357482004
Not Placed,0,IT,7.61,3,1.007457169877903,-1.08387255653686
Not Placed,0,Mechanical,7.11,3,-0.23145093086306887,-2.053214372455968
Not Placed,0,CSE,8.27,3,-0.681313048912577,-0.43862820433269745
Placed,1,CSE,8.83,2,1.832858378832869,-0.17639360672632262
Placed,1,CSE,7.32,0,-0.5608567010746018,0.9896185688143443
Placed,1,CSE,7.17,3,0.7368730767046578,-0.1314140319265994
Placed,1,IT,8.1,2,5.060365946554081,-0.4030373262296887
Not Placed,0,IT,6.71,1,-1.628587953533907,-0.10570574072035294
Placed,1,CSE,6.61,3,0.34028798994012,-1.398868336650177
Not Placed,0,CSE,7.15,1,-2.154717794555011,-3.1659912245945496
Not Placed,0,IT,7.96,1,-2.1023095173993642,1.3315350177522387
Not Placed,0,IT,6.95,3,-0.10723939726891349,-2.270411005158713
Not Placed,0,CSE,7.68,0,-0.1562320471144675,1.272837161833728
Not Placed,0,ECE,5.99,3,-0.8234515705487738,-1.665301450198136
Not Placed,0,Civil,8.22,0,-1.3680945106485745,1.2677061958106348
Placed,1,IT,8.92,0,0.2029098210194567,0.2582307703840342
Not Placed,0,Civil,6.93,3,2.0192776051282344,-2.3261547432177823
Placed,1,ECE,8.08,0,0.9145128250522555,-0.021727826303794405
Placed,1,Mechanical,7.52,3,0.6240481284934298,-0.9064431801380609
Placed,1,CSE,7.79,0,-0.827692615484574,1.4463166505481257
Placed,1,CSE,7.49,2,4.988073052929095,-0.9953691504926514
Not Placed,0,ENTC,7.44,2,2.5371795390737684,-2.723902561863809
Not Placed,0,CSE,6.99,3,0.9396811530741493,-0.5541874232474013
Not Placed,0,Mechanical,6.77,3,-1.1058532352432007,-1.6974835803970194
Placed,1,Mechanical,8.63,2,1.609641396972749,-0.2574815104615892
Not Placed,0,CSE,6.27,3,-1.2290466393461084,-2.304391995298577
Placed,1,CSE,7.68,3,1.0550540895109681,0.1882153963821988
Not Placed,0,CSE,7.65,0,0.10031091818275581,1.2183159801555647
Not Placed,0,ECE,7.66,1,-1.6762724421935786,0.6124455601360856
Not Placed,0,ECE,8.27,1,-2.269773166850213,1.4308233583490897
Not Placed,0,ECE,7.38,0,-1.1120573122760784,0.6460013085204365
Not Placed,0,IT,8.26,0,-2.126907411848827,2.1837193245565887
Placed,1,Civil,9.39,0,2.049951192153351,2.1895143917257385
Placed,1,CSE,7.57,2,3.221981084576081,-0.6573443650533097
Not Placed,0,CSE,5.97,1,-2.0446235424483237,-1.721330512837971
Not Placed,0,IT,7.58,1,-1.879567853566519,0.7109761970239982
Not Placed,0,IT,7.5,1,-1.5709082844256166,0.07917197796612936
Not Placed,0,CSE,8.04,1,-1.3994854905196699,0.3999004546618843
Not Placed,0,IT,6.01,3,-0.22664285120253808,-3.9083906497514436
Not Placed,0,IT,7.98,0,-0.7329291079230206,1.2742478572450444
Not Placed,0,IT,7.34,1,-3.2785863991288084,0.7094623943652725
Placed,1,IT,8.38,2,5.554238897348435,-1.3497587475452812
Not Placed,0,Civil,7.26,3,-0.3088954590930238,-0.9717250243593041
Not Placed,0,CSE,8.44,3,-0.6108699008941619,-0.8548406783188099
Not Placed,0,IT,6.42,1,-1.5131474705723067,0.20619750153275432
Not Placed,0,CSE,7.72,0,-0.5679679608188358,0.8416769664438319
Not Placed,0,ECE,6.87,3,0.2327628251700768,-1.23819058711024
Not Placed,0,CSE,7.29,0,-1.303396496048368,1.1851911132141797
Placed,1,CSE,10.0,0,-0.7140996953154325,3.253118444088533
Not Placed,0,ECE,6.89,3,-0.34592044879540956,-0.0806878477523861
Not Placed,0,IT,7.38,3,0.05995598165511251,-2.8691998691776925
Not Placed,0,IT,6.73,0,-0.6826297499262877,1.7875949605500976
Not Placed,0,Civil,7.44,3,0.8581342253894364,-1.1113898878656008
Not Placed,0,CSE,7.57,2,2.110125142713978,-1.2224388020584458
Not Placed,0,IT,7.08,3,1.0505949895292885,-1.4345826576295952
Not Placed,0,IT,9.04,0,0.08557473767081504,2.486955200355309
Placed,1,ECE,8.68,0,0.3042537889762841,1.0258583632863836
Not Placed,0,IT,6.9,3,-0.5671917903353972,-0.5390053374277181
Not Placed,0,CSE,8.39,0,-1.3208922197888877,2.0796786922624766
Not Placed,0,CSE,7.29,1,-1.844846690196187,0.4612331436417257
Not Placed,0,CSE,6.66,3,-0.5554830515375735,-0.44076602031644563
Not Placed,0,CSE,7.09,1,-3.016250847423422,-0.5281492147615178
Not Placed,0,IT,6.63,1,-3.072261095943716,0.6540037072670944
Placed,1,CSE,8.5,2,1.31108280037434,0.20611266506526632
Not Placed,0,IT,6.96,1,-3.8143290518289397,-0.4561485072969058
Placed,1,Civil,8.79,2,6.998750789306152,-0.23838152024001852
Not Placed,0,ECE,7.82,0,-1.280475145548598,1.3308646402977138
Not Placed,0,IT,7.36,1,-2.128701435997581,0.3254053288628404
Not Placed,0,IT,7.27,1,-2.20732495137709,0.44485682479434707
Placed,1,ENTC,9.19,2,1.538680072993212,0.7556404071436
Placed,1,ENTC,7.71,0,0.8923443954102025,1.81626164698658
Not Placed,0,CSE,7.27,3,-0.14651830220192033,-2.06081653394647
Not Placed,0,IT,8.43,3,0.4033517426388708,-1.1150741536875421
Placed,1,CSE,8.2,2,2.0853388795524292,0.17347710301448166
Not Placed,0,CSE,6.86,1,-2.5064077038447548,-1.9601506451379145
Placed,1,IT,7.7,0,0.34219903472733226,2.535812187091221
Placed,1,CSE,6.16,1,-1.0876049245525221,-0.10091296019038659
Not Placed,0,ENTC,7.67,1,-2.5121429664989643,0.6260756665824743
Not Placed,0,CSE,7.97,1,-1.8653281433040152,-0.15025730541984103
Placed,1,IT,8.08,2,2.1887116372870365,-0.29859451934919695
Not Placed,0,IT,6.85,1,-3.84862396576464,1.4801830264270344
Placed,1,ECE,7.07,2,1.3622286310349483,0.39565504952593766
Placed,1,CSE,7.91,1,-2.1478574427765666,1.8029917237585467
Not Placed,0,ECE,8.76,0,-1.5601470837739053,1.6046111088459953
Placed,1,CSE,7.78,0,-0.303001309353927,1.4886054410446048
Not Placed,0,CSE,7.23,0,-0.29762324451305283,0.4304072575421044
Not Placed,0,CSE,8.52,0,1.39252512971764,1.4126216834204017
Placed,1,Civil,7.81,0,0.261696562778677,1.0802601116759538
Not Placed,0,Mechanical,7.85,0,-0.6269276253624433,0.6515980794763055
Not Placed,0,CSE,8.38,3,-0.5102041209833871,-1.4023241219876261
Not Placed,0,ECE,7.62,0,0.5222096122885055,1.3875024968606142
Not Placed,0,IT,6.91,3,-0.7828341709349618,-3.0688490267574324
Not Placed,0,IT,7.57,3,1.7852254804710637,-2.454662761040702
Placed,1,CSE,8.65,0,0.6153261202114616,2.241987426242777
Not Placed,0,ENTC,9.31,2,1.9292554397854054,1.0880935599807904
Not Placed,0,Mechanical,6.66,1,-1.9475195430698113,-1.1406508895485896
Not Placed,0,ECE,9.09,0,1.1084765763137006,1.76677455676647
Not Placed,0,ECE,7.39,3,1.6236772013361283,-1.5644194068817996
Not Placed,0,IT,7.72,3,0.6825667378955766,-0.8862419417741704
Placed,1,Civil,9.14,0,1.4542854476387455,1.7722891622610188
Not Placed,0,IT,7.35,3,1.3470539760720994,-0.9837546498477882
Not Placed,0,Civil,7.47,1,-1.7741638574928489,-1.8952063979727374
Not Placed,0,IT,7.15,1,-1.0186823096818136,-0.5409097604378872
Not Placed,0,IT,7.73,3,0.8457200286451131,-0.9638019607799054
Placed,1,CSE,7.96,0,-0.39797428061970336,2.7825551820354537
Not Placed,0,IT,7.12,0,-1.8962134988732067,1.9060481021952054
Not Placed,0,IT,8.93,0,-0.34566708954897885,1.221675725977943
Not Placed,0,ECE,7.06,1,-1.1224484634708674,0.4661437300432499
Placed,1,ENTC,8.12,3,1.2956441275050727,-0.7433617534475173
Not Placed,0,CSE,7.72,1,-1.3675781446670883,0.3474845434651558
Not Placed,0,CSE,8.76,0,0.1637128356903081,0.1699804927150212
Not Placed,0,ECE,7.02,1,-0.8956858818695841,0.33218366984890646
Not Placed,0,IT,8.19,0,-0.8595864693798992,0.6447450667710953
Placed,1,CSE,9.76,0,1.4308235038677768,1.1795055557818668
Not Placed,0,ECE,6.47,1,-2.245088597285058,-0.330916635318058
Not Placed,0,Mechanical,6.93,3,0.40205664853627276,-0.5453190270636976
Placed,1,CSE,9.47,2,2.936691712122777,-0.0713020517338637
Not Placed,0,ECE,7.59,0,-0.7238904576918471,0.5497624597545644
Placed,1,CSE,7.8,0,-0.32144451070871616,1.0838703031646677
Not Placed,0,ECE,7.42,3,-1.0073503288467784,-1.6987465443084317
Placed,1,ENTC,9.11,2,2.338324455835008,1.404936140284651
Not Placed,0,CSE,6.33,3,0.2925134424313211,-2.3434738209524646
Placed,1,IT,8.75,2,3.507958674469857,-0.08473248503658605
Not Placed,0,Mechanical,6.44,3,0.5302699695280199,-2.8802333886049305
Placed,1,ECE,6.37,0,0.06731498925054777,0.7441010645074417
Not Placed,0,ECE,6.78,1,-3.071709178587644,-0.3984652766016234
Not Placed,0,CSE,7.59,3,-0.6161031164146524,0.011058574773141303
Not Placed,0,IT,7.09,0,-0.6592192635126746,-0.1203661086527812
Not Placed,0,CSE,7.04,3,-0.46823960379695306,-0.1311212822844705
Placed,1,CSE,6.91,2,2.6637969768104646,-2.6567694718865162
Not Placed,0,CSE,6.93,3,1.0845691765377024,-1.4940286899165043
Not Placed,0,IT,6.91,3,0.5446950855961556,-1.991817952058411
Not Placed,0,ENTC,7.9,2,3.08580437361082,0.06718567823727556
Placed,1,CSE,7.16,3,0.5713517875475215,-1.411745321542199
Not Placed,0,ECE,5.43,3,-0.8798914053103162,-2.449417933274806
Placed,1,IT,7.67,2,2.0684640422929594,-0.4330245214046963
Placed,1,CSE,8.34,0,0.8350779673292384,1.11451740362518
Placed,1,IT,7.46,2,2.0030118186548855,-1.6907885103124793
Not Placed,0,ENTC,6.63,1,-2.235803271018739,-0.03628263055182809
Not Placed,0,ECE,8.33,1,-2.0783256438212794,0.2584894366211191
Not Placed,0,CSE,6.53,1,-2.5190546829815634,1.1292371612774685
Not Placed,0,Civil,7.43,1,-1.378863523047978,-0.1974231536005761
Not Placed,0,CSE,7.68,3,0.8623382920674086,-1.4764114063483509
Placed,1,CSE,8.62,2,2.2431503602984026,-1.350571541963479
Placed,1,ENTC,8.19,0,-0.4702400980000675,1.0431264349624998
Not Placed,0,CSE,7.9,1,-1.098481746917923,-0.15328631179273552
Not Placed,0,ECE,8.49,0,0.1478230061602971,1.15067040952143
Not Placed,0,Civil,6.72,1,-1.5239948307840634,0.02879525960945351
Placed,1,ECE,9.04,0,1.6602910906132584,1.3807987878694095
Not Placed,0,IT,5.09,1,-2.7141852051020097,-2.322541891000534
Placed,1,IT,8.91,0,0.2151786941887027,1.7066753803932018
Not Placed,0,Mechanical,6.98,1,-2.3810615091717904,-0.3292883147545642
Placed,1,IT,8.02,0,-0.868134890951409,1.0708790169166653
Placed,1,CSE,8.93,2,1.924237860449929,0.6111046655133336
Not Placed,0,Mechanical,8.18,1,-1.4846265521329298,-0.4937540162249173
Not Placed,0,ENTC,8.02,0,-0.44416839501805433,0.5188370458989302
Not Placed,0,IT,8.44,0,0.8157816242602715,0.13275802475892404
Not Placed,0,ENTC,6.44,2,1.3429944619926766,-0.18344753376345288
Not Placed,0,CSE,6.57,1,-1.9476173007152149,-2.636069062358285
Not Placed,0,Mechanical,7.93,0,-1.1801611681557336,1.7418812979066383
Not Placed,0,CSE,7.53,0,-0.20783611916643843,0.7374416666127008
Not Placed,0,CSE,7.43,0,-0.8684257991662658,1.140023236305056
Placed,1,IT,8.75,2,4.170874116031626,-1.067473550063418
Placed,1,CSE,8.68,2,1.1246531816565137,0.2190412113676708
Not Placed,0,CSE,6.92,1,-2.3877852416655716,-0.4476503550821488
Not Placed,0,ECE,8.08,3,0.5401895793096718,-0.3908578469468295
Not Placed,0,CSE,6.37,1,-4.633317630590109,-1.9527371318107298
Not Placed,0,Mechanical,6.35,0,-0.16278783478486591,0.08563432364966783
Not Placed,0,IT,6.94,1,-1.1656696308675016,-0.669332291553408
Not Placed,0,CSE,7.65,2,1.866093235294616,-1.0959082693047102
Not Placed,0,ECE,7.14,3,-1.2860980719822377,-1.8118584265466746
Not Placed,0,ECE,8.08,0,1.0796776713775689,1.3146352554734366
Not Placed,0,CSE,7.69,1,-2.5760928826494065,1.5812947392686236
Not Placed,0,CSE,8.65,3,1.1026818920465282,-1.205037547711615
Placed,1,IT,8.16,2,1.528579028478301,-0.2646922919745407
Not Placed,0,ECE,6.82,3,1.1253101764889388,-3.4038260741087565
Placed,1,Mechanical,8.47,0,1.0396781477373775,1.029095147615924
Not Placed,0,ENTC,6.97,1,-1.461509334212078,0.6219510921141836
Placed,1,ECE,8.05,2,2.2684410872786267,-0.5971485759843218
Placed,1,ECE,7.28,3,-0.45543252500043274,-0.18464821631061445
Placed,1,ENTC,8.83,0,0.9559769559255495,0.9964364493033206
Placed,1,ENTC,8.32,0,0.023745853104383288,0.10203001503304103
Not Placed,0,IT,7.11,1,-2.917445881298399,0.9745409731503154
Not Placed,0,CSE,7.37,1,-1.6463511440218082,-0.035504443650427486
Placed,1,Mechanical,10.0,2,3.4015418994754345,1.8690479489859337
Not Placed,0,Mechanical,6.63,3,-0.08563236333457928,-1.7171261010382215
Not Placed,0,ECE,7.09,3,-0.9142840688538633,-1.9483202181642625
Placed,1,CSE,7.13,0,1.1868961945074925,0.7877566554801299
Not Placed,0,ENTC,6.71,1,-3.4838579195384525,-0.2349640791998903
Not Placed,0,CSE,6.8,1,-1.946266265394842,-0.45274063437594414
Placed,1,CSE,7.61,2,3.878806005081146,-0.6477207928797131
Placed,1,CSE,8.11,2,1.4455745969055027,-0.40021400085095554
Not Placed,0,CSE,6.35,3,0.2916585137865104,-2.9508046741852265
Not Placed,0,CSE,7.27,1,-1.5866303084020366,-1.4395249280138782
Not Placed,0,ECE,7.02,3,1.1637264818324138,-1.3581683392665593
Not Placed,0,ECE,6.71,0,-0.024762412247298016,0.4087596363097965
Placed,1,IT,8.55,2,5.340586561052237,-0.4071644271336258
Not Placed,0,CSE,7.05,0,-0.5304267981924286,0.5967333275082546
Not Placed,0,ECE,6.54,1,-3.864242207600012,-0.44921249315458134
Placed,1,Mechanical,8.45,0,-0.030354617590136065,2.1484213778792993
Placed,1,Mechanical,8.76,2,2.768450692905798,0.2268830256894795
Not Placed,0,IT,7.9,1,-3.2671112525610266,-0.8904122967921952
Not Placed,0,CSE,6.9,3,-0.9824551014323912,-1.2586827085187815
Not Placed,0,ENTC,7.46,3,-0.09161352823424643,-2.928440540790389
Not Placed,0,CSE,7.14,3,1.4045313067813483,-1.7496544769755629
Not Placed,0,ECE,7.66,1,-2.7524994491085653,0.15327554670039695
Not Placed,0,CSE,8.31,0,-0.21938961281801853,2.6465455523290506
Placed,1,ECE,7.68,0,0.38745748383590684,1.038547538909439
Not Placed,0,IT,7.7,0,0.34282396004128346,1.176691629853828
Not Placed,0,CSE,7.26,3,0.5805423238796815,-0.8964566950975899
Not Placed,0,CSE,8.27,3,1.0872969245031334,-1.4864356074892677
Placed,1,CSE,8.01,3,0.6267203140714891,-0.6390065591734555
Not Placed,0,IT,6.14,3,-0.04390806497682704,-4.455666923401936
Not Placed,0,CSE,6.19,3,-0.3903684380449905,-3.0203293394655812
Not Placed,0,CSE,7.42,1,-1.1961887366066792,0.5657530580356143
Not Placed,0,IT,8.53,2,2.4792319668022538,-0.17528428509812907
Placed,1,CSE,8.69,2,1.8237519765913648,0.5872021164019446
Placed,1,IT,8.35,2,4.9700104088193715,-0.15576799212774967
Placed,1,Civil,7.57,3,0.889283979596539,-0.49886543176588194
Placed,1,IT,8.95,2,2.9902754915835255,-0.03694851708377084
Not Placed,0,ECE,7.09,1,-2.151503958077694,-0.3138681729787604
Not Placed,0,CSE,7.41,3,0.8349131134953635,-0.7592702886251734
Not Placed,0,CSE,6.49,1,-3.4864260802067513,-1.5539737714665123
Not Placed,0,Mechanical,7.41,1,-1.3275683646165441,-0.9066649929214564
Not Placed,0,ECE,6.97,0,0.4476167182332652,0.10309658077159715
Not Placed,0,ECE,9.01,2,3.1363796240165245,0.8884638014579473
Not Placed,0,IT,8.84,2,3.9773796676428637,0.7428602872455432
Placed,1,CSE,7.75,2,3.962460945486223,0.9338545809009734
Placed,1,CSE,8.1,2,3.403746240371776,1.0798152542314785
Not Placed,0,CSE,7.19,3,-0.6766575255626502,-0.69745777620586
Not Placed,0,Mechanical,5.54,1,-3.941767427375907,-0.5234415550877474
Placed,1,CSE,7.05,1,-1.7464065784130343,0.12369721419412925
Placed,1,CSE,8.34,0,1.2165366589097277,0.9328775567834493
Not Placed,0,IT,8.07,0,0.4446994030053591,0.21525451773835386
Not Placed,0,CSE,7.37,3,-0.02661379390665808,-0.6263648909878616
Not Placed,0,IT,8.33,0,-0.4060626912766349,1.0696517124623088
Not Placed,0,CSE,7.3,1,-1.5010272379839067,-0.7977901482435553
Not Placed,0,Civil,6.73,0,-0.5080302752651108,0.24116020302443789
Not Placed,0,CSE,8.33,0,-1.350450651508944,1.0177071807763625
Not Placed,0,IT,7.18,3,1.3677555069278968,-0.29389935982192095
Not Placed,0,CSE,8.57,2,2.0433843193081485,0.3064171693511624
Not Placed,0,CSE,6.0,0,-0.23361441043955633,0.64704278652977
Not Placed,0,IT,7.22,1,-1.5673641578923267,0.09727739272827333
Not Placed,0,Mechanical,8.21,0,0.825824799139984,0.49850328782172626
Placed,1,CSE,8.12,3,1.490504455928878,-0.39358643208999766
Not Placed,0,CSE,7.51,3,-1.2443615821422527,-1.6223649392683426
Not Placed,0,ECE,7.94,1,-2.017533313058782,1.7813820919263514
Placed,1,IT,7.82,2,2.207505519264418,0.3328567360300984
Placed,1,IT,6.43,3,-0.6806786066362389,-0.09797944162283062
Not Placed,0,ECE,7.39,0,-1.2622436339226661,1.0167765163095095
Placed,1,IT,7.89,2,4.785586646906981,-1.911280484642536
Not Placed,0,IT,8.13,1,-1.4331360041237757,0.22115172766586916
Placed,1,Mechanical,7.64,2,2.3691515040346274,-0.3590775659667821
Not Placed,0,ENTC,7.23,3,0.3731943096925882,-0.5662983956036867
Not Placed,0,IT,6.57,3,-1.0052092821989087,-2.2974122584928853
Placed,1,Mechanical,8.34,2,5.2478260258043115,-1.148535595240424
Placed,1,IT,8.25,2,2.3899347995011575,1.0747336528311957
Not Placed,0,ENTC,8.54,3,-0.8324813106427902,-0.8440888293689761
Not Placed,0,CSE,6.78,1,-1.8125956714859701,-0.34161388082013716
Not Placed,0,CSE,7.8,3,-1.2002101213553065,-1.1456753050171602
Placed,1,ECE,7.11,3,0.1955507044579663,-0.609963049525324
Placed,1,IT,7.74,0,-0.630061383606225,1.7299252558941072
Not Placed,0,Mechanical,10.0,0,-0.23017185258748346,2.6832166551639243
Placed,1,IT,8.47,0,0.26424959778814305,1.0800723575779247
Placed,1,Civil,7.06,3,0.7396201036600157,-0.5339489352164538
Placed,1,IT,7.49,3,1.7641680622942064,-1.9462282508451618
Not Placed,0,IT,7.39,3,0.2368798546858666,-1.5721785076240478
Not Placed,0,IT,7.81,0,0.1831640586071368,1.6112675143310953
Not Placed,0,CSE,6.4,3,0.20500599378025247,-1.5828138172594421
Placed,1,ECE,7.98,2,4.216518045171167,-1.1061183476048368
Not Placed,0,ECE,5.9,1,-1.7852934012155963,-1.6427107994379357
Not Placed,0,ENTC,6.28,1,-1.9359397186897698,-1.1833996156664686
Placed,1,CSE,9.4,2,4.991516569228754,2.3303197175169115
Placed,1,CSE,7.39,1,-1.2558703945562872,0.23828784199998942
Not Placed,0,CSE,8.91,2,3.2072014827500075,-1.0725860274560413
Not Placed,0,ECE,7.01,1,-3.298372325804901,-0.9748194899525003
Not Placed,0,Mechanical,5.91,1,-2.892265004544246,-2.2057444572031155
Not Placed,0,CSE,6.81,1,-3.9888062865511698,0.3076635690203219
Placed,1,CSE,9.98,2,2.6180312654774385,-0.6361593038021636
Not Placed,0,CSE,6.5,1,-2.4171179621863983,-0.7466883224303252
Placed,1,CSE,9.21,2,3.658033944758009,-0.8482959931565932
Placed,1,CSE,7.99,0,0.922805207124227,1.5390584979181263
Placed,1,IT,7.8,0,0.10494016462545887,1.1699215383541512
Not Placed,0,ENTC,7.06,0,-1.114678554257927,1.0425000449010422
Placed,1,IT,6.93,3,0.6850511733986818,-1.5572220121306797
Placed,1,IT,8.18,3,0.5831188203515236,0.02714846097847347
Placed,1,IT,8.82,0,0.6454585739850375,2.6970871771497187
Placed,1,CSE,7.87,0,0.8843579754622416,-0.005515936276690238
Placed,1,ENTC,8.33,0,1.1711694501257324,2.2456907363343985
Not Placed,0,Mechanical,7.34,3,-0.717253468878236,-0.0745660193037814
Placed,1,CSE,9.55,2,2.419856430787717,1.3646123858508747
Not Placed,0,CSE,7.9,3,-0.8621146528696434,-0.2097835605554509
Placed,1,ECE,9.43,2,3.190489596968349,0.39411252074747055
Not Placed,0,ECE,6.88,3,0.13302537092173,-1.2866072274064295
Not Placed,0,ECE,7.66,1,-2.025569092570492,0.06708955058285636
Not Placed,0,CSE,8.61,3,-0.18799485143984615,-0.15292504196286255
Not Placed,0,CSE,7.82,2,3.6758275471010005,-3.265330951542848
Not Placed,0,IT,8.14,3,1.9623324248548824,-3.1144845201888827
Placed,1,CSE,6.87,2,3.038296434574475,0.04355898738295824
Not Placed,0,Mechanical,7.36,0,-0.8727441718130656,1.8395077248616094
Not Placed,0,IT,6.96,1,-1.4135158855056726,-1.4440550342606666
Not Placed,0,CSE,7.63,1,-1.9221274796273125,-0.32531838646998634
Not Placed,0,CSE,7.54,3,-0.09786957960388808,-0.6617711361588321
Not Placed,0,IT,7.25,3,-0.5685166784947767,-1.1090823087778665
Placed,1,Mechanical,8.24,2,1.229378290559048,0.4011222553661482
Not Placed,0,IT,6.79,0,-0.7316371483637666,-0.004350681528951532
Not Placed,0,CSE,5.87,1,-4.051680821089394,-2.2206060820737434
Not Placed,0,ENTC,7.21,1,-1.8149305689983317,0.09639186483936779
Placed,1,IT,9.53,2,2.4231428869826406,2.1843771624033663
Not Placed,0,IT,8.13,3,-0.36422574650896733,-1.7830730486027409
Not Placed,0,CSE,6.98,3,0.666868448764604,-1.9100016066630856
Not Placed,0,IT,8.08,3,1.63562020789769,-1.4855763413114242
Not Placed,0,IT,7.59,3,-0.338610490789674,-0.882993911400687
Placed,1,ECE,8.03,2,1.7821790857942952,0.18098703518497178
Not Placed,0,IT,8.45,0,-0.6090426937171837,1.8263122634552968
Placed,1,ECE,7.86,2,2.3101441010750605,0.18290742533312143
Not Placed,0,Mechanical,7.8,2,1.9713832755206666,0.1644584587917657
Placed,1,CSE,8.96,2,3.7688830532125444,-1.0734381002990183
Placed,1,IT,8.16,2,5.017524704131414,1.6937705337841444
Not Placed,0,IT,7.87,1,-1.5937822261474945,0.18944259575367722
Placed,1,IT,7.74,3,0.5662494237563194,0.07648570059833008
Not Placed,0,CSE,7.22,0,-0.6553407058338218,0.23382983889941553
Not Placed,0,CSE,6.64,0,-1.5497086013297998,1.2290913113119375
Placed,1,IT,8.27,0,0.7916479821914532,1.3937733848241427
Placed,1,CSE,8.79,0,-0.2059412044411777,1.6816375115738007
Placed,1,IT,8.06,0,0.6230341198322814,0.9762499873121949
Not Placed,0,ECE,8.18,0,-0.1752652504113445,0.3396286050989681
Not Placed,0,CSE,6.95,3,0.08813561587766595,-1.6162091091662332
Placed,1,ENTC,7.19,3,0.6696995621055366,-0.44907065757268533
Placed,1,CSE,6.61,2,2.612293647276917,-0.4560570574271925
Placed,1,CSE,7.49,2,1.2168977881124603,0.520115924148806
Placed,1,ECE,8.54,0,1.4255882332161458,1.1470012463311094
Placed,1,IT,7.11,3,0.49646468501381036,-0.38407934835359037
Placed,1,ECE,7.64,3,1.2283763496685776,-0.8333949841339522
Placed,1,CSE,8.3,0,1.321005022763931,1.571836879381098
Placed,1,CSE,8.73,2,2.1661928762480325,0.48994868013924375
Placed,1,CSE,6.3,2,3.3462657731626577,-3.0253209539115717
Not Placed,0,CSE,7.29,3,-0.7996599713523093,-0.12866860552732273
Not Placed,0,ECE,7.07,2,1.7661011412830876,-0.5814076111525203
Not Placed,0,IT,6.95,3,-0.7589985728094292,-0.9011927284081375
Not Placed,0,CSE,7.37,1,-2.7947357866435905,1.0505336525165363
Not Placed,0,IT,6.04,1,-3.496000025880815,1.369358429869945
Not Placed,0,CSE,7.39,1,-2.7500612526135275,0.4727157329686382
Not Placed,0,IT,7.73,0,-0.520514953686943,-0.028831417164416687
Not Placed,0,ECE,6.81,1,-3.0547857374902674,1.795651209787214
Not Placed,0,ECE,7.29,3,-0.8858781361286057,-0.9570001736032113
Placed,1,ENTC,7.72,0,0.14037432327168542,0.1631065375995955
Placed,1,CSE,7.8,0,-0.19955179034296427,0.9387865387331993
Not Placed,0,ENTC,6.31,1,-1.340912289473349,-0.34542039842168193
Not Placed,0,Mechanical,8.3,2,1.691566768340954,-0.9502253776848791
Not Placed,0,IT,8.32,0,-0.316667784020333,0.7773877506865264
Not Placed,0,ECE,7.07,3,-0.23449944264467937,-1.5939155717636069
Not Placed,0,CSE,9.13,0,-1.0944251988842375,2.8667051214731867
Placed,1,CSE,8.09,3,0.8610036767183031,0.15852106835653038
Placed,1,Civil,7.96,2,1.582257105912341,-0.40384112112378184
Placed,1,IT,8.28,2,3.243950925523351,1.8411960173806061
Not Placed,0,Mechanical,6.82,1,-1.6633693945250196,-1.0453608347320222
Not Placed,0,ENTC,7.4,3,-0.9900647447860571,-0.8904311259161907
Not Placed,0,Mechanical,8.22,3,1.822162875133515,-1.291571942295195
Not Placed,0,ECE,7.02,3,0.8772775133388351,-0.948388271722644
Not Placed,0,ECE,7.4,3,-0.14864563869525052,-0.9213549197795822
Not Placed,0,CSE,8.21,2,1.6898681335065495,-1.281455209477747
Not Placed,0,CSE,7.96,1,-1.8375535785575179,-1.3657214323855043
Not Placed,0,Mechanical,7.72,0,-0.06283849848603562,0.5836093373499258
Placed,1,CSE,7.75,0,-0.501975592983927,0.9997331214411344
Not Placed,0,CSE,7.55,3,0.4802053096294304,-0.6945219484086205
Placed,1,Civil,8.42,0,0.20647675191186682,1.3666018467215018
Placed,1,CSE,9.48,2,2.388554781330475,1.3546291996364754
Not Placed,0,ENTC,7.95,0,1.027909567754568,0.2043216224547948
Not Placed,0,CSE,8.79,1,-2.2534309268406547,0.9518314557716072
Not Placed,0,IT,7.33,1,-1.3713297863367417,-0.8572153246527832
Not Placed,0,ECE,7.12,1,-2.289642275279568,-0.571597221241587
Not Placed,0,CSE,7.03,3,-0.9928474019788943,-1.4124462113097076
Not Placed,0,ENTC,6.92,3,-0.2915638034796994,-1.3314466469273287
Placed,1,IT,7.45,2,2.8271849898847434,-1.9507605906416756
Not Placed,0,IT,8.45,1,-1.3191143825483935,0.44492355363906955
Not Placed,0,Mechanical,8.55,0,-0.9046096138082765,1.4677219069216147
Placed,1,CSE,7.27,2,1.801264598707531,-0.9559933254026104
Not Placed,0,CSE,7.42,1,-1.8662165874684278,-1.652261498701739
Not Placed,0,CSE,7.7,3,0.08228444874831772,-1.3910111686255755
Not Placed,0,Mechanical,7.9,3,-0.3416104878698709,-0.5685655705144788
Placed,1,Mechanical,8.2,2,2.404928829252212,-0.22816328826586824
Not Placed,0,CSE,7.36,3,-0.9436304668922186,-1.3559136405389003
Not Placed,0,IT,7.53,0,-0.11819146728356164,0.6812397314492249
Not Placed,0,Civil,8.85,3,1.3740501412680084,-1.0463955741250492
Not Placed,0,Mechanical,7.46,1,-2.1292850735450495,-1.4041176605477863
Not Placed,0,CSE,7.21,0,0.0205266392522751,0.15492802351850282
Not Placed,0,ECE,7.63,0,-0.7972932455232503,1.7058153029368255
Placed,1,CSE,7.77,2,2.413517669172937,-0.9780087771027612
Not Placed,0,IT,6.39,1,-2.398476884671449,-1.6667448748200895
Not Placed,0,ECE,7.32,3,-0.8024302432913613,-0.1397335420948295
Placed,1,ECE,8.06,0,-1.9989948024971,2.4202309391119567
Placed,1,CSE,9.4,0,0.36978885226770364,2.1768578249978883
Placed,1,ENTC,7.25,0,-0.013847921774509286,0.7395715557904367
Placed,1,CSE,8.35,3,0.5924677355268987,-0.6875461649082338
Not Placed,0,Mechanical,7.85,3,0.1448168359360672,-0.33110324682603337
Placed,1,IT,8.69,0,1.312092874804556,1.539635363549361
Not Placed,0,Civil,7.17,2,1.8441244869811855,-0.6313964265952774
Not Placed,0,IT,8.64,3,-0.9807310314612495,-0.42465790234364736
Placed,1,IT,8.89,2,2.3297787709334434,0.8604849645798461
Not Placed,0,ECE,8.93,0,-1.7695958281178668,2.2216315008610334
Placed,1,IT,8.91,2,1.8951688450953539,1.3358127261390362
Not Placed,0,IT,7.86,2,2.887266288841038,-1.5306346910625326
Placed,1,ECE,8.2,0,1.7766266738040606,2.650237488525297
Not Placed,0,CSE,7.34,0,-0.39461426485488915,0.5526803693427194
Not Placed,0,ENTC,5.81,1,-2.4119227934308953,-2.4798621457875587
Placed,1,IT,7.92,3,0.6940052961582504,-0.12756364070054282
Not Placed,0,CSE,7.56,0,0.4561161712137404,0.11709277006162676
Not Placed,0,CSE,8.52,3,0.8964307784156841,0.07839945303444423
Not Placed,0,CSE,8.43,1,-2.245492341715509,-0.30826742342029373
Not Placed,0,CSE,6.8,1,-1.6342560055767683,-1.2528847507843937
Placed,1,CSE,9.69,2,2.3272857822250743,1.1150002119667912
Not Placed,0,CSE,8.03,1,-2.271374756060771,-1.1554651540712928
Not Placed,0,IT,6.61,1,-2.87202939427601,1.4540327908923025
Not Placed,0,ECE,6.73,1,-1.4830282508935326,-0.15491195087063664
Not Placed,0,CSE,5.85,1,-0.9723614824902619,0.21444267615687646
Not Placed,0,CSE,8.35,2,1.6708159742949227,-1.1218671157517002
Placed,1,IT,7.25,3,1.7114948959219631,-1.1599588843238047
Not Placed,0,Mechanical,6.99,0,-1.2463136731532716,1.639736210309903
Not Placed,0,CSE,7.15,1,-3.7453909441471303,0.5112356551515819
Placed,1,Mechanical,7.44,2,1.842483004075731,-0.351658409853866
Not Placed,0,IT,8.19,2,1.7453057927420665,0.509771286548096
Not Placed,0,Civil,6.3,1,-2.667298621375094,-1.5863108625306703
Placed,1,CSE,6.79,3,0.2835784195514205,-1.6353812978932323
Not Placed,0,CSE,8.1,2,1.5875502677630897,0.25421805337316083
Placed,1,CSE,7.2,1,-1.046195321840606,-0.10991542408740779
Not Placed,0,Civil,8.19,2,2.3891347887909573,-1.6434735778541725
Not Placed,0,CSE,7.28,0,-1.067581066597972,2.1891549762175715
Not Placed,0,ENTC,9.04,0,0.08702949149037281,1.2045936047800827
Not Placed,0,IT,7.88,0,0.8403082304977293,0.1443985136028334
Not Placed,0,CSE,8.74,0,0.10293888653889222,0.46473149983441675
Placed,1,ENTC,8.14,3,0.19796000815896206,-0.6429692368681562
Placed,1,CSE,8.19,3,0.5914513790596496,-0.026640816142551878
Not Placed,0,ECE,7.06,1,-2.2303640511293694,-1.3842157070768866
Not Placed,0,ENTC,8.69,3,0.26629602464335705,-0.027726536887530653
Not Placed,0,CSE,7.88,1,-1.813082250817273,1.3932837898292882
Not Placed,0,IT,6.89,1,-3.516217332455905,0.8080546824316313
Not Placed,0,CSE,5.91,1,-2.2592265830093745,-0.7431035333097219
Placed,1,ENTC,7.82,3,1.0317562122712016,-1.2847495950589218
Not Placed,0,CSE,8.98,0,-1.1425579680251423,2.226070174322633
Not Placed,0,ECE,6.93,3,-0.8525624890658176,-1.6288023322336114
Not Placed,0,IT,6.9,1,-1.612749876928663,0.9569067980995041
Not Placed,0,Civil,7.43,3,0.9453401136740015,-0.31473351261500815
Placed,1,ECE,8.64,2,2.3085867976268775,0.738530879364451
Not Placed,0,CSE,6.14,3,0.2538857609723077,-0.5472680070310596
Not Placed,0,ENTC,7.15,0,-0.7977853796307929,1.167619581463254
Placed,1,ENTC,6.85,1,-2.2265816067548445,1.0578965231778492
Placed,1,IT,8.18,2,3.8566722836566156,-1.1913361737395296
Not Placed,0,CSE,7.58,0,-0.7522705285687904,0.37482581593273573
Not Placed,0,CSE,7.41,3,-1.3399194698229688,-2.240409480953012
Not Placed,0,CSE,7.55,3,-0.443322659473268,-0.5396737523113541
Placed,1,CSE,8.37,2,3.3236121678757264,-0.011514621651247075
Not Placed,0,CSE,8.65,0,-0.11315817844325268,2.548976076644028
Not Placed,0,IT,8.57,0,-1.189843722303252,2.3222887613254186
Placed,1,IT,8.19,0,-0.07934501758900869,0.4352207756443969
Not Placed,0,CSE,8.88,3,0.9129471357820539,-0.06291802911628253
Not Placed,0,IT,6.91,1,-2.2376225707732833,0.05007183347079567
Placed,1,CSE,8.03,0,-0.6078455843456473,1.190052598706562
Placed,1,IT,9.7,0,0.5287443714020694,2.3812625045893703
Not Placed,0,IT,6.14,3,-1.618394932814308,-1.83551886565349
Placed,1,ENTC,7.25,3,0.3673941684454425,-1.4010504894905345
Not Placed,0,ECE,6.82,3,0.742935826650189,-1.3326372527810124
Not Placed,0,Mechanical,7.95,0,0.10176339057649525,-0.001595473813825109
Placed,1,Civil,8.92,2,2.564675448155315,1.5520431748167796
Not Placed,0,ECE,8.16,2,1.8711363331174575,0.17708453056954268
Placed,1,ENTC,7.52,0,-0.5210819704879119,1.8644382356129172
Not Placed,0,IT,8.16,3,1.27488782319046,-0.43328070468887003
Not Placed,0,ECE,7.45,3,0.0024076595502691566,-0.10975468633969566
Placed,1,CSE,7.87,2,1.7885085044005267,-0.8236216731102278
Not Placed,0,ECE,8.23,3,1.5409095232116996,-1.4647907449731192
Placed,1,IT,9.19,0,-0.7642359066439438,1.9372974722029168
Not Placed,0,Civil,8.08,0,-0.06764858089669118,1.0504491000250702
Not Placed,0,CSE,7.89,1,-2.361930773119203,1.3195840669155947
Not Placed,0,ENTC,9.43,0,-0.7377673537038549,1.5660662667339953
Not Placed,0,Civil,6.04,1,-3.1511027688006363,0.3854112697657898
Placed,1,Mechanical,7.62,2,2.45550387632283,-1.4225700467847595
Not Placed,0,CSE,7.07,1,-1.4349128123110628,-1.2360301984265425
Not Placed,0,CSE,7.5,3,0.11789471944033955,-1.365133875465466
Placed,1,ECE,8.21,0,0.358357427938133,1.2529955958707841
Placed,1,CSE,8.53,0,1.6913696746306017,2.6008941607515
Placed,1,CSE,7.26,3,0.31519344680503003,-1.6343523345569149
Placed,1,ECE,8.27,0,0.7653087752610996,1.3125961768136183
Not Placed,0,Mechanical,6.94,1,-0.9823501885648367,-0.17488984900517102
Not Placed,0,CSE,6.61,3,-0.4109894629450603,-0.6253523463581674
Not Placed,0,IT,7.76,0,-1.1245758991844708,1.0369528462867252
Placed,1,ECE,7.51,3,-0.8955288264410514,-0.7380327844654265
Placed,1,ECE,8.97,2,2.641564088743384,1.415941850913811
Placed,1,Mechanical,9.51,0,-0.12421576758678105,3.2869873985075495
Not Placed,0,ENTC,7.18,1,-2.816479653556748,-0.3906889127590233
Not Placed,0,CSE,6.16,1,-2.804037950128762,-0.06458634166614399
Not Placed,0,ECE,6.54,1,-2.8248059073959966,-0.7706271596414135
Not Placed,0,Mechanical,6.99,1,-1.1683904733168,-1.032190054854348
Not Placed,0,CSE,7.88,1,-1.173177121530119,0.2105174061797423
Not Placed,0,IT,7.48,1,-2.3530784913381786,-0.0411196484218393
Placed,1,ECE,6.63,0,0.8324464857959779,0.7879377426027749
Placed,1,IT,9.22,2,5.248651078197471,0.5441650035581994
Placed,1,Civil,8.26,2,1.3589209644731788,-0.5843965096139359
Not Placed,0,IT,9.2,0,-0.3026724219256626,2.3587519002727917
Not Placed,0,CSE,6.17,1,-2.789153126380021,0.78976145425406
Not Placed,0,Civil,8.78,1,-1.7719581740756174,0.514723577698584
Not Placed,0,IT,7.57,1,-2.755227181119876,0.801140766325558
Not Placed,0,IT,7.37,1,-2.6556856067654753,0.5642935250151582
Not Placed,0,IT,7.72,3,-0.1128109380070751,-0.618713359161014
Not Placed,0,Civil,7.11,1,-1.6126605697809764,-1.5736102034668313
Not Placed,0,Civil,7.58,0,0.8529670498337905,1.0822007219805874
Not Placed,0,CSE,8.5,0,0.7141568755465401,0.7653295896630864
Not Placed,0,ENTC,6.03,3,-1.0639812736987868,-1.8530065046696353
Placed,1,ENTC,8.97,0,-0.24589786717691625,0.39009402400687015
Placed,1,IT,8.03,2,2.1694632239604466,-0.3093495093566647
Not Placed,0,CSE,7.61,0,-1.283229661586696,0.926336310753998
Placed,1,Mechanical,8.5,2,2.3343422124800113,0.7432327046034936
Not Placed,0,IT,8.01,0,0.6311704010350081,0.4393137776377726
Not Placed,0,CSE,7.29,3,-0.1623180396816922,-1.28584133739414
Placed,1,CSE,7.04,2,1.5091456462314137,-0.10754339630092877
Placed,1,CSE,8.97,0,-0.48470795066978806,0.6601911989354516
Not Placed,0,IT,6.44,1,-3.7892972012470967,1.0502258236128055
Not Placed,0,IT,7.53,0,-0.1645401080409735,0.942158053379517
Placed,1,IT,6.5,3,-0.961912319634563,-0.8064263250622904
Not Placed,0,Civil,8.11,3,0.1600951875785585,-0.2551634993984822
Placed,1,IT,7.62,2,3.252558160158005,-0.3069064769701971
Not Placed,0,CSE,6.64,3,-0.5576946172608181,-1.6261684555972633
Placed,1,CSE,6.96,3,-0.26163008599135007,-0.6944785270624415
Placed,1,CSE,7.74,0,-0.8843465742013309,2.4352314028572097
Placed,1,ENTC,7.94,3,0.11570157893289991,0.014159129129333843
Not Placed,0,CSE,6.05,3,-0.7597037157445563,-1.5096611007019693
Placed,1,ECE,7.1,0,1.2045801817338337,0.8955838275298414
Not Placed,0,CSE,7.84,0,0.7791511228668087,1.1836543365148364
Placed,1,Mechanical,8.73,2,4.087525836476426,-1.436609287600572
Placed,1,ENTC,8.41,0,0.5811931768841044,1.1312924490247445
Not Placed,0,IT,7.31,3,-0.13144314373667573,-0.5712457487620336
Not Placed,0,ENTC,8.55,0,-0.3985156043883971,0.3965986858106538
Placed,1,ENTC,7.43,2,5.209890495144241,-3.7431161873554513
Not Placed,0,Mechanical,5.05,1,-3.4888272253405885,0.14249315407759303
Placed,1,Civil,8.92,2,4.908145581821137,0.07166471672777217
Placed,1,ENTC,8.09,0,1.0044284963896188,1.0214201672651833
Not Placed,0,CSE,7.86,0,-0.3551939491690781,0.4158314340382578
Not Placed,0,CSE,7.71,3,0.3605287958833833,-0.25695560144053414
Not Placed,0,Mechanical,7.96,1,-1.2419601026746578,0.3669048639574963
Not Placed,0,Mechanical,7.71,0,-1.2659146106453496,1.4439317249062602
Placed,1,IT,7.45,2,1.8753168339088202,-0.16251497816308721
Not Placed,0,CSE,7.14,3,-0.5073240578532608,-0.2344227449945007
Placed,1,IT,7.77,2,1.891338498299998,-0.6707100403109364
Not Placed,0,CSE,6.95,1,-1.521015037844046,-0.24044316035547347
Placed,1,CSE,6.73,3,0.14280862017175586,-0.6044948004021985
Placed,1,CSE,7.93,3,1.0620130964593348,-0.5857844805537441
Not Placed,0,ECE,8.53,0,-0.4392514372163719,0.9983490816481546
Placed,1,IT,7.02,2,4.005628900653906,-1.184396107451644
Placed,1,ECE,7.17,1,-2.555570827945698,0.840866592949325
Not Placed,0,ECE,6.26,3,-1.185720785349321,-0.6225836531654673
Not Placed,0,ENTC,6.58,3,0.3445661554091561,-2.299577681583898
Not Placed,0,IT,6.61,3,-0.8953066543149352,-1.0587578533023647
Placed,1,CSE,8.53,0,0.8111950961506504,0.5455648234061763
Not Placed,0,ECE,6.22,1,-3.299272006787335,-2.3242683473942134
Not Placed,0,ECE,8.09,2,1.4944141195020304,0.027518917663144474
Not Placed,0,CSE,7.47,1,-1.2496856475922846,0.7123231834285317
Placed,1,CSE,8.21,2,3.8091511205353146,1.1137066911443056
Placed,1,Civil,8.69,2,1.897626329917786,0.35262963119954516
Placed,1,CSE,7.67,0,-0.16905708808886546,1.4630403874290738
Placed,1,IT,8.66,0,1.7539046852755098,1.9164084474241603
Placed,1,Civil,9.02,2,2.1182775433031695,-0.4615802163729372
Placed,1,ENTC,8.84,2,2.9993586285328404,-1.7166694344485294
Not Placed,0,CSE,7.13,3,0.3291548904917287,-0.35739658556024834
Not Placed,0,Mechanical,6.03,3,-1.4582094685949476,-2.3253901798974494
Placed,1,CSE,7.59,3,0.8646239957796602,-0.5808072673550618
Not Placed,0,ENTC,7.85,1,-2.052345172095399,0.7420732404627286
Not Placed,0,ECE,6.04,1,-4.632910389003564,-2.6483631531502962
Not Placed,0,CSE,7.75,3,-0.448625395962055,-1.5213134349045199
Not Placed,0,Mechanical,5.51,1,-4.5947344608134175,-1.355363677803789
Placed,1,ENTC,9.01,2,3.0018355783798265,-0.26028448936652165
Not Placed,0,IT,8.11,0,0.15994572046593358,0.737935027769163
Not Placed,0,ECE,7.0,0,-1.531251556920269,1.4391824948491603
Not Placed,0,ENTC,7.81,1,-3.103186045183465,-0.8519280515454166
Not Placed,0,CSE,7.91,3,0.8553592677266376,0.10720285927734961
Placed,1,CSE,8.11,2,1.869431877966635,1.1696930253036113
Not Placed,0,CSE,7.76,3,-0.3516688184258206,-0.4073379330313254
Placed,1,Civil,8.5,2,4.862785558818181,-1.7516226955099488
Not Placed,0,CSE,6.62,1,-1.8506326618557543,-0.18386008495772735
Placed,1,CSE,7.59,3,-1.051618588703783,-0.7322159347498797
Not Placed,0,ECE,9.22,2,2.6900667141574583,-1.2684347553296358
Not Placed,0,IT,7.4,3,0.4674829190530206,-0.830023314998537
Placed,1,IT,7.91,2,3.0620541106817485,-0.18677141988525256
Not Placed,0,IT,6.85,3,-0.044616148735797674,-2.8311700268506446
Placed,1,IT,9.53,2,1.8267479542487954,0.9533822810390891
Placed,1,Mechanical,7.94,0,-0.3375385744761366,0.6150830014100093
Not Placed,0,IT,6.63,3,-0.15495406109496815,-2.1600919916547325
Not Placed,0,CSE,8.63,0,0.2711287568086033,2.377482411435986
Placed,1,CSE,6.79,1,-2.7447968945417682,-1.3895519224327006
Not Placed,0,Mechanical,8.28,1,-2.9017484346149374,0.2669251142452837
Not Placed,0,IT,8.58,0,-0.07262961944528014,0.5385341745647166
Placed,1,IT,9.42,2,3.202195180972739,0.6848633060276955
Not Placed,0,ECE,7.89,3,-0.248055713417054,-0.8578283101757825
Not Placed,0,CSE,7.74,1,-2.9720390890777626,0.2844747413304777
Not Placed,0,ECE,5.98,3,0.06703356743183819,-2.0317046902045144
Not Placed,0,IT,7.31,1,-1.259570756565955,0.21343680603629608
Placed,1,Mechanical,7.09,0,0.3625320600504831,0.3842198150926874
Not Placed,0,CSE,7.55,1,-1.1606273472795319,-0.278727008990413
Placed,1,ENTC,7.26,3,0.5669633709180085,-0.37763433159502097
Placed,1,Civil,8.37,2,1.7589470658680573,1.173006553340504
Not Placed,0,ENTC,7.22,3,-0.34992579653279043,-1.4342919117069186
Placed,1,IT,8.1,0,0.6271719621115637,0.5597349013140125
Not Placed,0,ECE,7.6,0,-1.210473704506262,1.3909897883044562
Placed,1,CSE,7.17,0,-1.4007999195467136,1.2976248790265095
Not Placed,0,IT,7.09,1,-1.3773807789479764,-0.6377311902157754
Placed,1,CSE,7.9,2,2.466102116611365,-1.2410500359596712
Placed,1,IT,8.87,0,-0.3178570322500401,2.48555159352951
Not Placed,0,Mechanical,7.08,1,-2.795173116394915,0.498398571074903
Placed,1,ENTC,7.74,3,1.2203777072957358,-1.3032489870778656
Placed,1,ECE,8.11,3,0.7723374488237312,-1.1600833281630085
Not Placed,0,ENTC,7.68,0,0.31052201164958737,0.8969595180458013
Not Placed,0,ECE,6.2,1,-4.04376190078429,-1.2722962947970184
Placed,1,Mechanical,8.11,2,2.1519442653150977,1.2224264557034048
Placed,1,CSE,6.42,0,-0.9366633953509449,0.5735788097841912
Not Placed,0,CSE,6.43,3,0.5983219023056942,-2.4154228712895094
Not Placed,0,ECE,6.59,3,1.1801270927851322,-0.6881692723087887
Placed,1,ENTC,7.56,0,-0.9362586026615298,2.273082416660455
Not Placed,0,ENTC,6.88,1,-3.0756468139426762,-1.1376789773884786
Not Placed,0,Civil,6.48,1,-3.017648208730684,0.6805276262570972
Placed,1,ENTC,8.02,0,1.5995643530178958,1.4403497789350321
Not Placed,0,CSE,7.68,0,-0.8292045353457828,1.175359400476627
Placed,1,CSE,8.34,2,4.462798165478072,-1.1814918369367173
Not Placed,0,CSE,7.08,1,-2.235745985478898,-0.6638015390756089
Not Placed,0,ECE,7.65,0,-0.23674416097990417,0.9141052921850807
Not Placed,0,CSE,8.38,0,-0.5387967535876224,0.9759443852652602
Not Placed,0,IT,6.58,3,-1.4946779679592948,-2.674268171444036
Not Placed,0,CSE,7.14,3,1.876936765741959,-2.6846191487409414
Not Placed,0,ENTC,8.54,1,-2.630297566880672,1.2997941875524355
Placed,1,CSE,7.72,3,0.7687580268932375,-0.974087317328901
Not Placed,0,ECE,7.57,1,-1.9090191360462803,1.6721370882223472
Not Placed,0,CSE,7.67,3,-0.8447045505100539,-0.9763926348265034
Placed,1,CSE,8.74,0,0.11405958281236439,1.9033589652703835
Not Placed,0,ECE,7.68,0,-0.665097489707386,1.8127043241427983
Not Placed,0,IT,7.74,1,-2.197835451633734,1.964627232647677
Placed,1,ENTC,7.69,3,0.9689580792283593,0.2239148544691708
Not Placed,0,ECE,6.33,1,-2.1427211939120703,-1.0281975399701389
Placed,1,CSE,8.13,3,1.031957942261002,-0.936808200672335
Placed,1,Mechanical,7.0,3,0.0582911626473223,-1.0837120702476772
Not Placed,0,ENTC,6.63,1,-2.7461565561066825,-1.4492967453713632
Not Placed,0,CSE,6.22,3,-0.7082462648894049,-2.087713962555879
Not Placed,0,IT,6.39,1,-1.6253956797530427,-1.6412675555644434
Not Placed,0,CSE,5.77,1,-2.648379328097949,-1.187927128814691
Placed,1,CSE,6.83,3,1.32408976711408,-1.711161713592106
Not Placed,0,CSE,7.33,3,1.3161464086286283,-1.4173358703676504
Placed,1,ECE,8.6,2,2.202988454515121,-1.0734718913219805
Not Placed,0,Mechanical,7.75,0,-2.0556403357692723,2.3430091116801863
Not Placed,0,IT,7.92,0,0.29379552147234966,0.9144041170162145
Placed,1,ENTC,8.79,2,4.046621141532662,1.3549440351621975
Not Placed,0,ECE,5.28,1,-3.842089427319764,-0.5470175097779432
Not Placed,0,ECE,8.03,3,0.48078311114868344,-0.6733985411196121
Not Placed,0,ENTC,7.97,0,-0.839171527068718,1.005074297322677
Placed,1,CSE,8.4,3,1.4402669884515629,-0.662455057958821
Not Placed,0,CSE,6.17,3,1.947989351445242,-2.9957637815634492
Not Placed,0,CSE,7.21,0,0.2345769789827179,1.1155669795668977
Not Placed,0,CSE,6.91,0,-0.7769682539381363,0.5999964497370261
Placed,1,CSE,6.61,3,1.6103812295894535,-1.1670730112861258
Not Placed,0,IT,9.67,2,1.7785691485356863,0.18424928500642304
Not Placed,0,CSE,7.22,1,-2.3936202613427278,-1.8893546484473611
Not Placed,0,IT,8.49,1,-1.9574748634838213,0.3119218034089763
Placed,1,IT,8.3,2,2.7733568228532772,0.4571597779622426
Not Placed,0,CSE,6.48,1,-3.1413896729472612,-1.234767962977223
Not Placed,0,IT,7.25,1,-1.504806676891285,-0.7554542081862502
Placed,1,IT,7.75,3,0.33754542020714123,-0.1389544111116961
Placed,1,ECE,8.04,3,0.26325230632242835,-0.041495862780835245
Not Placed,0,ECE,7.98,1,-2.1279547627146322,0.7679533541338868
Placed,1,Civil,9.19,0,0.1349299724905543,0.9474720729475904
Placed,1,Mechanical,8.47,0,1.43414863401602,1.1818530785459895
Not Placed,0,Mechanical,8.26,0,-0.7488852621804786,3.0446657249263884
Placed,1,ECE,8.52,2,1.9342521576265532,0.7336454525252819
Placed,1,CSE,8.85,0,-0.30434894547084573,2.3172611611187897
Not Placed,0,IT,7.17,3,-0.9265822303282161,-0.6676697772702462
Not Placed,0,Civil,6.36,1,-1.9816330945297849,0.3552850661977933
Placed,1,Civil,7.18,2,1.8712894793293755,-1.3295928846597511
Not Placed,0,CSE,6.53,1,-2.5596382429386306,-1.276915049101062
Not Placed,0,CSE,6.86,3,-0.27833711375547926,-0.19331708939251066
Placed,1,IT,7.78,2,1.6120380152993798,-0.8316632153927999
Not Placed,0,IT,7.23,0,-0.2776429000271682,1.2965739291404212
Not Placed,0,CSE,8.25,3,0.28916791529737734,-1.085109605478872
Not Placed,0,IT,7.96,0,-0.6002443948003828,0.12352221723780442
Placed,1,CSE,8.01,0,-0.26823835870786283,2.85796468421141
Not Placed,0,ENTC,6.62,1,-3.4147003927572226,1.2933370418636156
Not Placed,0,ENTC,6.95,3,-0.9347299193005653,-1.105818854868373
Not Placed,0,Mechanical,6.08,1,-3.638376956228853,-1.8695840118503795
Not Placed,0,CSE,8.18,3,0.7442226028941613,-0.7527920073149635
Not Placed,0,CSE,9.33,0,1.1031034052261688,0.2743737529451479
Placed,1,ECE,7.85,0,-0.6577091482145625,1.1304376884962535
Placed,1,ECE,7.93,0,0.36909621361974804,0.8991068417802105
Not Placed,0,Civil,7.25,0,-2.1343993081140695,3.2247369835911566
Not Placed,0,CSE,7.52,3,-0.7878845603259578,-2.08164918255461
Placed,1,IT,8.78,0,0.7475389468260415,1.3606620027566014
Placed,1,CSE,7.78,0,-0.4853004275274957,1.024816699608695
Placed,1,CSE,8.24,2,1.9535873772558878,-1.150173286956495
Placed,1,CSE,8.81,0,1.461505187590815,2.4166334985535256
Placed,1,CSE,8.64,2,2.31207109139637,0.3680597048009602
Not Placed,0,CSE,7.73,1,-3.4292160728178933,-0.4355598269421344
Not Placed,0,CSE,7.79,0,-0.4517361434937592,0.3522900073587601
Not Placed,0,ECE,7.37,3,0.7015672982968167,-0.3251839477724384
Placed,1,IT,8.12,3,1.4115265984866676,-1.502472398739176
Not Placed,0,Mechanical,7.35,3,0.7293271990588982,-0.53985369602391
Not Placed,0,ECE,8.0,1,-1.758831966368284,-0.2622084940491899
Placed,1,IT,8.58,2,2.2786337756173456,-0.30156697830476664
Not Placed,0,IT,6.27,1,-2.6610429985003923,-1.2829687693431646
Not Placed,0,IT,6.12,1,-2.624939310788624,-3.0981456002567898
Placed,1,IT,7.66,2,2.761654326457022,-0.48066160491583076
Not Placed,0,ECE,8.27,0,1.0182075750487145,0.29052488240861885
Placed,1,Civil,7.94,3,1.5131967529833468,-0.7654738595985593
Not Placed,0,IT,6.67,3,1.5333503636827353,-1.814030473872917
Not Placed,0,CSE,8.46,1,-2.655349376396107,-0.45665158119962806
Not Placed,0,Mechanical,9.32,0,-1.0846415490195447,0.9256379997036766
Not Placed,0,CSE,6.96,2,1.2877248358373337,-0.5975715136303088
Not Placed,0,CSE,7.08,1,-1.1701024980032657,-1.0863179888760226
Placed,1,CSE,7.72,2,2.1798024366406015,-0.5162165691680746
Not Placed,0,IT,7.59,3,0.3281456280190295,-1.5460553547032987
Placed,1,IT,8.72,2,3.6369621152905416,1.4644836420501435
Not Placed,0,Civil,7.94,2,1.1009109360500626,0.2671779232710608
Not Placed,0,ECE,7.45,3,-0.5380444095087058,-1.874365984799815
Not Placed,0,CSE,7.2,1,-2.2193583491937003,-1.4182929041387584
Not Placed,0,Civil,6.4,1,-3.2010285514534744,-1.5481177161832274
Not Placed,0,CSE,8.86,0,-1.1728623516484826,1.9085756073321096
Placed,1,IT,8.23,2,2.3761084625033035,-0.4285865760742189
Not Placed,0,Civil,7.62,1,-1.4110985531178626,-0.01155061395531403
Placed,1,ECE,7.79,0,-0.13202723608050923,1.1321415939401716
Placed,1,ENTC,7.61,3,0.38005639419760584,0.15848519455126367
Not Placed,0,IT,6.2,1,-2.3646670404597128,-0.9575149293444317
Placed,1,CSE,6.49,3,-0.7696580844515336,-0.9953206158420891
Not Placed,0,Civil,7.53,1,-2.987171007280151,1.0983845046165552
Not Placed,0,IT,7.51,3,0.3462057655596121,-0.08280761859500076
Not Placed,0,Mechanical,7.69,3,-0.11041454099108601,-1.9964765579319415
Not Placed,0,ENTC,9.14,1,-1.3060413095507042,0.36856813715695425
Not Placed,0,CSE,7.46,1,-1.5990268464889807,-0.8651715164617723
Not Placed,0,Mechanical,7.05,3,-0.16269099207800938,-1.1999928113900138
Not Placed,0,Mechanical,7.75,0,0.48489380018818634,0.8238680562610896
Not Placed,0,Mechanical,6.51,1,-1.744095687784718,1.2797973960453346
Not Placed,0,CSE,7.83,3,-0.496112815110562,-1.9628735418562102
Not Placed,0,ECE,7.08,1,-2.00067213867403,1.629238148496538
Placed,1,CSE,7.89,0,-0.5052294970310375,2.32402645491458
Not Placed,0,IT,7.55,1,-1.383420107403475,0.5831357558441616
Placed,1,Mechanical,7.58,0,0.7549196346045826,0.17238836173706792
Not Placed,0,Civil,8.23,0,-0.687873379178342,0.364003385281134
Placed,1,IT,8.32,0,1.235252815708102,1.8291242902965417
Placed,1,ECE,9.43,2,5.418471875510268,1.466862623423013
Placed,1,Civil,8.29,0,0.25037915442925845,1.5241622631515495
Not Placed,0,ECE,7.49,1,-3.3643588681606533,-0.05673290368670029
Placed,1,IT,7.16,2,3.1090469118656934,-2.298491498574803
Not Placed,0,IT,7.99,0,0.7080591133586163,0.36772903471809854
Placed,1,CSE,8.94,0,0.8419002907056974,2.6130862313940044
Placed,1,Civil,8.43,3,0.790013078367401,0.19391974234685472
Not Placed,0,CSE,7.09,3,0.10085237131429221,-3.3257763718488533
Not Placed,0,CSE,8.08,1,-1.8505428369944723,0.5081505391224612
Not Placed,0,ENTC,7.89,0,-0.539287630492427,0.1362559924951829
Placed,1,ENTC,8.59,2,3.404737414502788,-1.4137604498628795
Placed,1,Civil,7.96,2,4.030212168997474,-1.115315665389171
Placed,1,ENTC,7.92,2,5.168163922441652,2.029494776801881
Not Placed,0,ECE,6.7,3,-1.175277632310298,-1.4003812181764603
Placed,1,Civil,8.37,2,3.0021368538915567,-0.9342547059275289
Not Placed,0,ECE,6.52,1,-2.4578863627625824,1.950054064213446
Not Placed,0,ECE,7.78,3,-0.598248093457481,-0.813701422714516
Not Placed,0,IT,7.23,1,-2.397618344061264,1.8660967344208161
Placed,1,CSE,7.18,2,2.2396769724063414,-1.5518416621933688
Placed,1,IT,8.2,2,1.7422709850352966,0.2382674732211297
Not Placed,0,Mechanical,7.7,2,2.0086355596166467,-1.4762279804224314
Not Placed,0,IT,5.67,1,-4.374299427416373,-2.8797173890891825
Not Placed,0,CSE,7.53,1,-2.0179548927484503,1.3324646217678524
Placed,1,Civil,7.37,0,0.7132814934834543,0.2570379273614349
Placed,1,ENTC,8.77,3,1.3526555512222693,-0.33390046440667553
Not Placed,0,ENTC,6.64,3,0.7363859596448059,-1.57848431965327
Placed,1,ECE,9.33,2,4.4833450717598025,1.3854691668529835
Not Placed,0,IT,8.43,3,0.0928216715609568,-0.15517108411178368
Not Placed,0,CSE,7.46,3,-1.0264236277418612,-1.1861408158827833
Not Placed,0,ENTC,7.34,1,-0.8265728639631856,-0.05760552561839873
Not Placed,0,Mechanical,7.16,3,-0.5106128741551837,-0.4339150344546238
Not Placed,0,CSE,7.97,0,0.7635203169336235,1.7829974150073198
Not Placed,0,CSE,7.03,3,0.1344710776187329,-0.42597223031736176
Not Placed,0,CSE,7.6,0,-1.9059579952818928,2.903785392411394
Not Placed,0,CSE,6.78,1,-3.577877649758184,0.7707889510295868
Placed,1,CSE,8.31,0,0.5190149370992838,1.008993021040951
Not Placed,0,IT,7.84,0,-0.9804212042374785,1.134139779179551
Not Placed,0,CSE,7.3,0,-0.5456209337456358,1.0961668955816437
Placed,1,CSE,7.49,2,2.5363684794351484,0.7594042917860547
Placed,1,ECE,7.11,0,-0.27107580689670857,1.720177855716644
Not Placed,0,CSE,7.97,3,0.670024375800983,-1.5363318111470872
Not Placed,0,CSE,6.63,3,-0.8133730702639613,-2.1863505993751295
Placed,1,CSE,8.47,2,3.1860381581647155,0.32713339957424536
Placed,1,ECE,7.85,0,0.8518506871749787,2.0709036864062034
Not Placed,0,CSE,7.32,3,0.3723160021925366,-0.4592862315347778
Not Placed,0,Mechanical,8.2,3,-0.5336664520389564,-0.9566897959029461
Not Placed,0,CSE,8.03,0,-0.24670834593833696,1.4013141990794138
Not Placed,0,ENTC,6.81,1,-2.5718738023438124,1.0734998164480019
Placed,1,CSE,8.81,0,1.143483638822237,1.9907554051560978
Not Placed,0,ECE,5.58,3,-0.724780668565717,-3.784494986465788
Placed,1,ECE,8.63,0,1.3663472640533085,1.2255590373589662
Placed,1,IT,7.56,0,0.2572436518914916,2.2076984710498424
Placed,1,CSE,8.54,0,0.5219311945116141,0.839807428567808
Placed,1,IT,8.92,0,0.42168153900877003,2.8875195388805497
Placed,1,CSE,7.34,0,-0.8796196334078605,0.5807918087336268
Not Placed,0,Mechanical,7.38,3,0.5082736208204358,-1.4250868100031842
Placed,1,ECE,7.97,3,0.8312399494759726,-0.3719747983911391
Not Placed,0,ECE,6.74,0,-0.9410529699002477,0.5714479752634039
Not Placed,0,CSE,7.42,0,0.15299341853290563,0.3138435495700128
Placed,1,CSE,7.35,3,0.6377454681084371,-0.11478274479684067
Not Placed,0,ENTC,6.69,1,-2.489585644735451,-0.9324780540088292
Placed,1,IT,7.3,3,1.221515600002727,-0.1711261322786022
Not Placed,0,IT,8.34,3,1.5777062602600604,-1.3547038257505524
Not Placed,0,CSE,8.28,0,-1.0963293042676197,0.6224334589280988
Placed,1,CSE,7.55,0,-0.21636875657560736,0.11370603684603658
Placed,1,Civil,7.75,0,0.5675664429085641,0.5277203367502524
Placed,1,IT,7.44,2,2.157010328156437,-0.24151490185088387
Not Placed,0,IT,6.2,1,-3.2764498764504304,0.12400869999843225
Not Placed,0,IT,6.84,1,-2.214682747991131,-0.237464532241617
Not Placed,0,IT,8.52,1,-2.348954482223298,1.0497665624341244
Placed,1,CSE,8.72,2,1.7710757205577656,-0.20542044813670718
Not Placed,0,IT,6.97,1,-1.8363039857511658,-1.1433675990107557
Placed,1,IT,8.65,2,1.8901894084887134,0.8230279923852595
Not Placed,0,IT,6.68,1,-2.1104428815460508,-0.7805831014071206
Not Placed,0,ENTC,7.26,3,-1.3217979436540048,-1.6376003694913523
Not Placed,0,CSE,7.6,3,-0.5702158113551772,-2.727083834116837
Not Placed,0,ENTC,7.47,3,-0.9584214885204795,-1.291908094693393
Not Placed,0,IT,7.11,3,-1.1601073812161349,-1.1555422588409643
Not Placed,0,CSE,7.81,3,1.2788131673081826,-1.7502317628828274
Placed,1,Civil,8.36,2,4.179754104508804,0.08637160657837858
Not Placed,0,IT,6.46,0,-1.0862125857328064,0.6253227023829185
Placed,1,CSE,7.81,2,1.356512682673492,-0.25760367151787034
Placed,1,CSE,8.52,2,4.296214674930452,0.5044211062298734
Not Placed,0,IT,7.35,1,-1.3815557775425735,0.7177821312441969
Placed,1,CSE,7.24,0,-0.3549780093320215,0.3222957333721162
Not Placed,0,CSE,6.98,3,-1.1634149352030208,-2.17346848233836
Not Placed,0,CSE,9.4,0,-0.9816635967920183,2.1663334597497323
Not Placed,0,CSE,8.97,3,1.0196694258817387,-0.9747530004854407
Placed,1,CSE,7.45,1,-1.0246212086433273,-0.1751242146967436
Placed,1,CSE,8.7,0,0.9195125679460364,2.3252312717826653
Not Placed,0,ENTC,7.25,3,-0.3817436300034346,-0.7490958748440355
Not Placed,0,ECE,7.57,0,-1.4911195719220687,0.957925757320764
Not Placed,0,CSE,6.8,1,-2.5833305855368853,0.6859142361783028
Not Placed,0,CSE,6.13,1,-4.220787921177103,0.597195043603702
Not Placed,0,ECE,7.21,1,-2.913477805232674,1.0571991698690042
Not Placed,0,CSE,7.34,1,-2.0871087133631283,-0.39201242882513054
Not Placed,0,Mechanical,8.06,0,-0.103484436448558,0.7241114869133717
Placed,1,ENTC,8.26,3,1.2267208458885757,-0.6068718290140692
Not Placed,0,CSE,7.6,3,-0.6205936122010611,-0.6065798077947393
Placed,1,ENTC,6.86,0,0.7037683770191314,0.35128494981186403
Not Placed,0,IT,7.14,3,0.056325699706678285,-0.9875041370191329
Placed,1,IT,9.05,0,-0.8242821168090567,0.06772369769175339
Not Placed,0,Civil,8.23,0,-0.7532705850151432,1.7261569453251426
Placed,1,ENTC,8.91,2,3.1703378951377648,0.7632245601927936
Placed,1,CSE,9.21,0,1.5084821038345886,1.3511708322375282
Not Placed,0,ENTC,7.14,3,1.8271713185630118,-2.49741264165213
Placed,1,IT,8.4,0,-0.3748624233063476,1.5258014057641254
Placed,1,ENTC,6.93,0,-0.2280178159418523,1.00785610421022
Not Placed,0,Civil,8.58,0,-1.3360726376467746,1.0258209424293503
Not Placed,0,ENTC,8.4,1,-2.6485364734075096,0.828984001018962
Not Placed,0,CSE,5.9,1,-2.7935742490013116,-0.5863337809458379
Not Placed,0,CSE,8.04,2,1.6493216834938642,0.706387100858981
Not Placed,0,Mechanical,6.97,1,-1.4276849732761785,0.2915327744599956
Placed,1,CSE,7.41,3,0.47140319876434783,-1.350721067068298
Not Placed,0,Civil,7.14,0,-0.5659834477867864,0.8418351584818643
Not Placed,0,CSE,8.47,2,2.6853924848069264,0.7526956428056255
Not Placed,0,IT,7.12,1,-1.9891729822895472,0.0153075502645895
Placed,1,CSE,6.61,3,0.626311345856202,-1.9225162955184842
Not Placed,0,CSE,7.01,0,-0.31539252860624256,0.20140740541381869
Not Placed,0,IT,7.52,0,-0.7943643863885663,3.698274021304167
Placed,1,CSE,8.05,0,-1.546475985154613,1.5106559794404448
Placed,1,Mechanical,8.72,0,1.4653717604210819,1.1873737364917185
Not Placed,0,IT,8.14,0,-0.14328362032048253,1.9102383700314955
Placed,1,ECE,8.2,0,0.20873736188474898,1.7118904507751036
Not Placed,0,CSE,8.33,0,-0.30907756407151327,0.9304758981615514
Not Placed,0,ECE,8.39,0,-0.723601562870512,0.8273869697642708
Placed,1,CSE,8.58,0,-0.03100234288090395,2.0605366320630223
Placed,1,Mechanical,9.83,0,0.5223453329164237,2.3816823745448286
Not Placed,0,CSE,8.38,2,1.9329362244479682,-0.12521689074440628
Placed,1,CSE,7.94,0,0.4444653400341171,0.4381439581643036
Not Placed,0,IT,7.3,0,-1.13327650839939,0.8396629780659777
Placed,1,CSE,7.96,1,-1.0113244688916254,0.15825019201006438
Placed,1,IT,8.68,0,-1.1306815298217447,1.7296210788092798
Not Placed,0,ECE,6.66,1,-2.4027603410721206,-1.4415675658104947
Placed,1,CSE,8.77,2,1.8738073519625813,0.0826089126769503
Not Placed,0,ENTC,7.34,1,-1.6642227283870206,-0.10177366228031225
Not Placed,0,CSE,7.5,3,-0.04861112645239187,-1.465037905571712
Not Placed,0,ECE,8.14,3,0.093331252059098,-1.166916370251912
Not Placed,0,IT,7.25,1,-1.9263116052106852,0.8593599271784172
Placed,1,ECE,8.09,2,4.0392568798991455,-1.3821764489059514
Not Placed,0,Civil,6.72,3,0.5562159030919324,-1.0844479074096247
Placed,1,CSE,8.44,0,0.8149513231799986,2.185182879173951
Not Placed,0,IT,7.87,1,-2.4768883456745363,0.6461721657260519
Not Placed,0,ECE,7.7,1,-2.4881111113482532,-1.9761669591497548
Placed,1,IT,7.93,2,3.031721282162489,0.9776684712715845
Placed,1,CSE,7.68,3,0.5810631373169914,-0.4730367751690544
Not Placed,0,IT,8.08,3,-0.8913770616476728,-0.3562750857305195
Not Placed,0,CSE,7.52,0,-0.47658725456904333,1.0785241538432182
Not Placed,0,Mechanical,7.45,2,1.411780398904908,0.14427269538382648
Not Placed,0,IT,6.2,1,-1.6960874549953437,-0.8650736244560182
Placed,1,CSE,8.86,0,1.0386426810887992,1.5556648260870614
Not Placed,0,CSE,6.71,1,-3.301658165479689,1.1358987504612161
Placed,1,CSE,9.07,0,0.756509030964395,0.740692856893448
Not Placed,0,ECE,7.49,3,1.0031169635522397,-0.3186858067113569
Placed,1,ENTC,8.73,2,2.4091307296348794,2.140950072768033
Placed,1,Mechanical,8.59,0,-0.16539460175619372,1.7387894151081698
Placed,1,CSE,8.52,0,1.8924580453497588,2.828069513092697
Not Placed,0,IT,7.74,0,0.4524473337933416,0.12104263564925294
Not Placed,0,CSE,6.68,3,0.5555816039748559,-2.655537639560725
Placed,1,ECE,7.55,0,-0.20821715578383052,1.030152013965759
Not Placed,0,ENTC,7.43,2,2.831901937231834,-2.0694872820796997
Not Placed,0,ENTC,7.61,1,-1.3463745659489794,-1.2324079908701198
Not Placed,0,Mechanical,6.66,1,-2.930864407275304,-0.7693171457442209
Not Placed,0,IT,7.46,1,-2.1752164525905036,-0.43619195190008986
Not Placed,0,Civil,5.22,1,-5.071992395131328,-1.635450025121233
Not Placed,0,Civil,7.44,1,-1.5613550390500277,0.8647383041740212
Placed,1,IT,7.81,2,3.032556242675652,-0.8158237670526399
Not Placed,0,CSE,7.04,0,-1.143936499210396,0.766476265921313
Placed,1,ENTC,7.47,1,-2.5182465519694275,1.5148950984025398
Not Placed,0,CSE,7.84,0,-0.7750270032177221,1.0299220699096225
Placed,1,IT,8.56,0,0.8575133785327288,1.4575260379269683
Not Placed,0,CSE,8.6,0,0.5974651709047808,0.31887199613851475
Not Placed,0,CSE,7.96,3,1.0141079638633204,-0.16089175445487375
Not Placed,0,Mechanical,7.68,1,-1.3001446619673478,0.058200831295164034
Not Placed,0,ENTC,8.0,0,-0.7459658802397767,1.4381463088021873
Not Placed,0,Civil,9.23,0,0.7025222701837237,0.6508222954875051
Placed,1,CSE,8.13,0,-0.5613524427127715,1.8774602599097383
Not Placed,0,ENTC,7.92,3,0.29121100339230166,-0.3247317613320736
Not Placed,0,IT,8.61,0,-0.6509898333982318,1.5031482535148653
Not Placed,0,CSE,7.74,3,-1.0126987766150854,-1.2952611793239996
Not Placed,0,Mechanical,6.97,3,-0.542012866259108,-0.6738723514800802
Not Placed,0,ENTC,8.09,0,0.3635486123830117,0.17075535859050842
Placed,1,ECE,7.84,0,-0.28619842173532556,1.6875985682463188
Placed,1,IT,7.51,2,1.699278777657537,0.3069701746359033
Not Placed,0,IT,8.16,0,-0.7001980331845465,0.4586055716228071
Placed,1,ECE,6.16,3,0.9607902043627287,-1.94405527900452
Not Placed,0,CSE,7.24,1,-2.323496391588194,0.12818517017573475
Placed,1,CSE,6.95,3,1.8007627550309953,-1.7602877821913956
Not Placed,0,ENTC,7.04,3,0.8796130829238337,-0.19502047554824625
Placed,1,IT,7.57,3,0.6167700762418512,-0.9809957559907777
Not Placed,0,CSE,6.93,3,-0.24354989862041504,-0.991839786119537
Placed,1,CSE,9.13,3,0.4261629979321834,-0.48338103059425114
Not Placed,0,IT,8.08,2,1.5337143079802389,-0.3983016489058413
Not Placed,0,IT,7.02,1,-1.270461877740958,-0.6168401852809797
Not Placed,0,IT,6.22,3,-0.7603580413084893,-1.7376262007093695
Placed,1,CSE,7.2,3,1.2940030032788317,-0.7431308070268985
Not Placed,0,CSE,7.42,3,-0.6244320596550279,-0.38111512078549803
Not Placed,0,CSE,7.16,3,-0.7465506134637222,-0.2958949630437697
Not Placed,0,Mechanical,9.86,0,0.4176021986256793,2.2084059145502364
Not Placed,0,CSE,6.29,1,-1.4382655152187493,-1.7133009388414584
Not Placed,0,ECE,7.74,0,0.24861337429888525,1.6075161323490064
Not Placed,0,ECE,7.59,1,-2.8553442103482896,2.1488657165536496
Not Placed,0,CSE,7.49,0,-0.34004700679642164,0.3377565743194698
Not Placed,0,CSE,6.05,1,-1.9962748185238663,-0.8275665879354542
Placed,1,Mechanical,7.66,3,0.40845271026459784,-0.2649506507401405
Not Placed,0,CSE,7.85,0,0.11847166663768502,0.7533288516918359
Placed,1,CSE,8.3,0,-0.27202309774728634,1.330252605449048
Placed,1,CSE,8.11,2,2.064851013807454,-0.6603507560039519
Not Placed,0,ENTC,8.74,1,-2.4196938346017873,0.7083576029223481
Not Placed,0,CSE,5.96,1,-3.8480055942635554,-0.17993923783357385
Not Placed,0,CSE,7.5,1,-1.8737252040862782,-2.1507449600828217
Placed,1,CSE,9.83,2,2.2019201166739855,1.96146609175328
Not Placed,0,ENTC,8.6,0,0.29296272415894653,0.8699425017863331
Not Placed,0,CSE,6.46,1,-3.152168686515908,0.6388663872949587
Placed,1,Civil,7.77,2,2.9075929672296286,0.8000691220256799
Not Placed,0,ENTC,6.81,1,-2.2121768899508356,-0.5070198902812539
Not Placed,0,IT,7.33,1,-2.3189065256694983,1.8032107591751696
Placed,1,CSE,9.4,2,2.995471982438189,-0.05796286912690941
Placed,1,Mechanical,8.51,0,-0.2632121619024778,0.48701948839513076
Not Placed,0,CSE,6.41,1,-3.34558495113289,-0.08643495662557396
Not Placed,0,CSE,7.05,1,-1.733884641679949,-1.4608529343009518
Not Placed,0,IT,7.7,2,2.3794839152043417,-0.5202312792930114
Not Placed,0,IT,7.48,1,-2.2777912142060885,1.122108932681108
Not Placed,0,CSE,7.97,1,-2.2753085448338233,0.5550927007000676
Not Placed,0,ENTC,7.04,1,-2.089341327393435,0.7147681000850242
Placed,1,ECE,7.39,2,2.2616297671808243,0.7162118487214504
Not Placed,0,IT,7.03,1,-2.440592089899672,-0.10997243004971431
Placed,1,CSE,7.39,2,1.9735875740347646,0.11312661710617526
Placed,1,CSE,8.3,2,1.8795458072338325,-0.022987338299994643
Not Placed,0,ECE,7.95,2,1.489914640133503,-0.3562416626029099
Not Placed,0,CSE,7.1,1,-2.0220216035912086,-0.5269118174461265
Placed,1,Civil,8.66,2,1.8542776679548707,1.287354664273256
Placed,1,ENTC,8.6,2,2.450939261432821,-0.5185375649499202
Placed,1,ECE,7.7,0,0.9160854707719512,0.6778631497761708
Placed,1,CSE,7.48,2,3.597938802228066,-1.1244527369971133
Placed,1,ECE,9.2,2,5.353547581537843,0.8841507853254021
Placed,1,CSE,9.07,2,2.8921140590195265,1.2607293644112796
Placed,1,ENTC,6.41,0,-0.026838674826204237,0.3343732547294363
Placed,1,Mechanical,8.72,2,3.146260336683364,1.1658123198372672
Placed,1,Civil,9.17,2,2.6102446393879983,-0.15983069205808922
Placed,1,ECE,8.26,2,3.6714470342840215,-0.3462595641939715
Not Placed,0,ECE,7.3,0,-1.0005673184957273,0.4025125888033329
Placed,1,CSE,7.41,2,1.2235510768195723,-0.39562420299563256
Placed,1,IT,9.15,0,0.8799273792839206,0.8007068005775986
Placed,1,ECE,8.41,2,2.5615021957044664,-1.5226060613765215
Not Placed,0,Civil,8.17,0,-0.49585247063427734,0.3465947203022339
Placed,1,Mechanical,9.68,2,2.1749721598988163,2.2279655903951165
Not Placed,0,Mechanical,6.84,1,-1.37783120192542,-1.648784132940621
Not Placed,0,CSE,7.62,3,-0.2946941484012625,-0.25641914770165847
Not Placed,0,ECE,7.86,3,-0.13098028716643081,-2.120577205539745
Placed,1,ECE,7.52,3,-0.8845201853489643,-0.6320451287960434
Not Placed,0,CSE,6.14,1,-4.222029674373608,-0.41452239729422585
Not Placed,0,IT,8.55,3,1.1672851996447444,-1.4793843086678131
Not Placed,0,CSE,7.06,1,-1.0068646347826902,-0.3325085443033161
Not Placed,0,CSE,7.05,1,-2.420141446628106,2.3694724774093414
Not Placed,0,ECE,7.39,1,-2.7723942010580087,1.6686022740005777
Not Placed,0,Civil,7.5,3,0.14209851454295622,-2.5879569064700116
Placed,1,ECE,7.6,2,2.3712064052470145,1.6463189870839103
Placed,1,CSE,8.52,2,2.248628917201041,1.020001158239708
Placed,1,CSE,8.69,0,1.3138680440379185,2.4419260414352544
Placed,1,CSE,7.48,0,-0.3442531168840146,1.058782763510517
Not Placed,0,ECE,7.19,0,0.5543262824084159,-0.02046766900563848
Not Placed,0,IT,7.59,0,-0.8849949682538285,1.2087558386846853
Not Placed,0,CSE,6.94,1,-2.758278922504104,-0.05730281377522535
Not Placed,0,Mechanical,7.68,3,-0.4148000356510703,-1.6023057777667329
Not Placed,0,IT,6.9,3,0.20514947762990107,-1.177922914945486
Placed,1,ECE,9.51,2,4.481259899610205,1.8739253292457527
Placed,1,Mechanical,7.81,3,0.30554299318343225,-0.5114231283027528
Not Placed,0,ENTC,7.24,1,-3.1175253666214795,0.38540164002593347
Placed,1,Civil,8.3,0,0.09220755071460704,0.5621357362392688
Not Placed,0,ENTC,6.65,1,-1.452749204097194,-0.6916824503319587
Placed,1,CSE,7.1,2,2.2533260962837893,-1.5164381211272666
Placed,1,CSE,8.06,2,1.9308894411612423,0.7662756827655303
Not Placed,0,IT,7.82,0,0.2943275122021167,0.5223497354172747
Not Placed,0,IT,8.59,3,1.6622138274099947,-2.731950329054479
Not Placed,0,ECE,5.38,3,-1.5133672562416056,-3.026983439860195
Not Placed,0,CSE,8.4,0,-1.0380162176375956,1.0179312098773723
Not Placed,0,CSE,7.24,3,-1.0374004603983267,-1.2132335095410858
Not Placed,0,ENTC,6.71,1,-3.7224698081666707,-0.04808611697381159
Not Placed,0,IT,6.24,1,-1.9241427645658755,-1.504522084241955
Not Placed,0,CSE,7.23,1,-1.7847899526526387,-0.3656820950383603
Placed,1,ECE,9.05,2,3.580594034565127,-0.16404766748692826
Placed,1,IT,8.52,2,1.7576239061532248,1.0020525211036506
Placed,1,CSE,9.09,2,5.717013962764383,-0.39653745167930077
Not Placed,0,IT,7.6,3,-0.9940966137201647,-1.4080680246136228
Not Placed,0,ENTC,7.79,2,1.5118744724926862,-0.3473199318280266
Not Placed,0,ECE,6.36,1,-2.9219773790844883,-2.2438285241721885
Not Placed,0,ECE,6.36,3,-0.6638750198150939,-1.2511265516817207
Placed,1,CSE,7.58,3,-0.266179542308926,-0.8368891381565527
Not Placed,0,ECE,6.53,1,-3.036625091283941,-0.3742927068392814
Not Placed,0,CSE,6.97,1,-2.8489003998826856,1.268879593878047
Placed,1,CSE,7.74,2,1.6816770566347647,-0.5712245876071353
Placed,1,IT,8.78,0,1.5042056368644428,1.3441357115206294
Not Placed,0,IT,7.71,3,0.20853277449365992,-0.7354508875715555
Placed,1,IT,6.54,3,0.5556410704665304,-0.12035166514556177
Not Placed,0,IT,6.15,3,-0.6736914266609506,-0.7001420294871837
Not Placed,0,IT,7.8,1,-2.2486971673817795,0.5900353473097962
Not Placed,0,IT,7.17,1,-3.420903492069548,-0.130492615545857
Not Placed,0,Mechanical,7.8,2,1.341471219641729,0.29193994160655884
Not Placed,0,CSE,7.53,3,0.45629601854245644,-1.8661860795014888
Placed,1,ECE,7.64,2,2.626216252216098,-1.4739578434981935
Placed,1,CSE,8.72,2,2.8787577028962796,2.117698339946259
Placed,1,IT,8.6,2,4.931094320691021,-0.9008789206533008
Not Placed,0,Civil,8.01,0,-1.0972282262571635,1.6646435473759613
Placed,1,IT,6.94,0,-1.3082273427639401,1.9040222266823876
Not Placed,0,ENTC,7.23,1,-2.231709547335023,1.0796376129884513
Placed,1,ECE,8.35,0,0.6680946576787775,1.1057499873560732
Placed,1,CSE,8.81,2,4.533707725364096,0.10257504504365017
Not Placed,0,ENTC,6.62,1,-1.6696218446120195,0.14006294679537107
Placed,1,ENTC,9.0,0,0.5718132554084666,1.6356205474736467
Placed,1,Mechanical,7.04,3,0.856528899067936,-2.1117290851089487
Not Placed,0,CSE,8.27,3,0.07840104428042556,-0.18023780995187827
Placed,1,IT,10.0,2,3.2790028280946224,0.0012976674197530999
Placed,1,CSE,6.35,0,-0.6892775263983925,0.3692403676027118
Placed,1,IT,8.13,3,0.6818382863394695,0.08595639347088183
Placed,1,CSE,7.43,2,3.0248032793044457,-3.450642350442972
Not Placed,0,ECE,8.08,1,-1.2190764911067393,-0.15566372064740666
Not Placed,0,CSE,7.17,3,0.5444057618602569,-0.05562733025243263
Not Placed,0,Mechanical,5.59,3,-1.4521959120680246,-2.9225728124367096
Placed,1,Civil,7.06,2,1.9978364621637459,0.501495906731116
Placed,1,IT,7.99,0,-0.7801174347784574,1.3097056074639333
Placed,1,IT,8.85,0,1.262017766658781,0.784595972374808
Not Placed,0,CSE,8.04,0,-0.38162633882212155,0.8467426264864967
Placed,1,IT,8.95,0,0.4778860626946744,0.5717848940998784
Not Placed,0,IT,7.28,0,-0.6705290840677997,0.9014383558631276
Not Placed,0,Mechanical,7.21,1,-1.3898387232545906,0.2457094898249544
Placed,1,IT,7.99,2,2.8583464587747125,-0.4168376119921504
Not Placed,0,CSE,7.38,3,0.3951876168112469,-1.4072121063389156
Not Placed,0,CSE,8.65,0,-0.87979571194739,1.0812288659242808
Not Placed,0,IT,6.51,1,-2.2501687711023015,-1.058153801974081
Placed,1,ENTC,8.43,0,0.7078214870328488,2.838578760000282
Placed,1,ENTC,8.73,2,3.1796283966992975,-2.0137391563778753
Not Placed,0,CSE,8.01,1,-1.0268806707991789,0.10653860686260076
Placed,1,IT,8.48,0,-0.13344260475270553,1.2194281414231298
Not Placed,0,Mechanical,7.15,1,-2.7075071248284637,-1.1756395340786303
Not Placed,0,ECE,6.99,1,-4.074456752754983,-0.7870824325547279
Not Placed,0,CSE,8.0,1,-2.1259071274798607,1.6746805244907172
Placed,1,CSE,7.09,3,0.3267802786145203,-0.4191535114930937
Not Placed,0,CSE,7.96,0,-0.8854868321488761,0.8286096657883856
Not Placed,0,CSE,7.96,3,-0.5448791145340932,-2.05447087448817
Not Placed,0,CSE,7.64,1,-2.9309097781788815,0.6801431750621576
Not Placed,0,ECE,7.94,0,-0.6171579166593109,2.0179391699672156
Not Placed,0,CSE,8.24,0,-0.39710756105574724,0.5606080110212555
Not Placed,0,ECE,7.61,0,-1.865801066244554,2.07295280708185
Not Placed,0,ENTC,7.29,0,-0.7903269079237716,0.3812003047210508
Not Placed,0,ENTC,8.4,0,0.6761489444457814,1.5723809855419946
Placed,1,CSE,7.93,0,-0.3779465654068682,0.10845886035049612
Not Placed,0,IT,8.08,0,-1.1790537610120646,1.2688217906181318
Placed,1,ECE,8.2,3,0.9493698809375405,-0.635609439867907
Not Placed,0,ENTC,7.83,0,-1.0543864975835253,1.4740654597374483
Placed,1,IT,7.41,0,0.38888276516008874,0.32113580467548886
Placed,1,Mechanical,7.18,0,0.2205209874063235,0.9327634353173807
Placed,1,Civil,7.62,0,0.9429721448685101,0.7584888307119946
Not Placed,0,ECE,8.11,1,-1.9848218269063773,0.7785510346629032
Placed,1,IT,8.15,3,0.8718669752649435,0.08149078211773281
Not Placed,0,ECE,7.82,1,-1.3275449937197505,0.6402038691662113
Placed,1,CSE,8.0,3,0.7540669847003629,-0.6343030936004922
Not Placed,0,CSE,6.76,3,0.31732945521804456,-1.364177229754302
Not Placed,0,IT,7.31,3,-0.9135494566529275,-0.7041746797356242
Not Placed,0,ECE,8.27,0,-0.8582998819988391,0.6853083842290706
Not Placed,0,CSE,6.99,3,-0.4104516010158432,-1.612972800709948
Not Placed,0,CSE,7.82,3,1.1345506244183428,-0.6052493112940929
Not Placed,0,CSE,7.74,1,-1.8340257944712433,0.8005508252574426
Not Placed,0,CSE,7.6,1,-2.1408611977438583,-0.31924848874824835
Not Placed,0,CSE,8.28,3,0.30613451577809964,-0.2515200750647073
Not Placed,0,CSE,7.89,1,-1.5938088687593277,-0.8116889400360874
Not Placed,0,IT,6.68,1,-2.7180252098471023,0.9165620229598199
Placed,1,CSE,8.14,2,2.0141582886020295,0.9742540424697785
Not Placed,0,IT,7.27,1,-2.6357446308286487,-0.17518587363005295
Not Placed,0,ENTC,6.54,1,-0.9733324395212958,0.07205346591965188
Placed,1,CSE,8.33,3,1.4144992316530343,-0.4749352567325303
Not Placed,0,ENTC,6.69,1,-2.78539487805726,-1.8141477490457416
Not Placed,0,CSE,7.4,3,-0.4217870354685312,-0.6453932630272159
Not Placed,0,IT,7.95,0,-0.5097127819522645,1.2151529543012007
Not Placed,0,CSE,7.64,0,0.4496573660221615,0.8627281245301441
Not Placed,0,CSE,7.17,1,-3.1913603451335186,1.142510263038718
Not Placed,0,CSE,6.86,3,-0.587752638364906,-1.4973298244523197
Placed,1,ENTC,7.05,3,0.14156362220783436,-1.649740671210761
Not Placed,0,IT,6.78,1,-3.389693792985497,0.4568811265603058
Placed,1,CSE,7.59,2,1.3224037624632492,0.42467711845271755
Not Placed,0,IT,7.24,1,-1.0822766739667726,-0.34013378962819524
Placed,1,CSE,6.53,3,0.470346061618258,-0.7986196768850332
Placed,1,ECE,7.45,2,2.040594441357225,-1.5315350427937415
Placed,1,IT,7.15,0,0.03691862895243273,1.8631910337403577
Placed,1,IT,7.93,3,0.6832342306733105,-0.7275876849038969
Placed,1,ENTC,8.01,2,1.735549982621546,0.8297383728663684
Placed,1,CSE,8.84,2,3.3532414649758144,-0.20835473501199972
Placed,1,CSE,8.25,3,0.2587972233204717,-0.7247201875260283
Not Placed,0,ECE,6.77,3,-0.09057976333876797,-1.3507572740365703
Not Placed,0,IT,5.85,1,-2.7601400767445465,-0.743522145133808
Placed,1,Mechanical,6.41,2,1.4725710836126635,-0.15608631317861385
Not Placed,0,ENTC,7.27,1,-1.8968014922554197,0.6956997490607166
Not Placed,0,CSE,6.33,0,-0.7584207876830341,1.4325647233099188
Not Placed,0,CSE,7.18,1,-1.7020587792015267,-0.8404817683758327
Not Placed,0,CSE,7.73,3,-0.30575976995525794,-2.409865127542078
Placed,1,ENTC,7.22,0,1.1826656578554866,0.6399489786581594
Placed,1,IT,7.94,2,1.4824988563544164,0.21562050641195415
Not Placed,0,ECE,7.18,0,-0.31312268854893116,1.297988641018772
Not Placed,0,CSE,7.05,2,2.210445376286479,-2.281606532930965
Placed,1,ENTC,9.15,2,3.0331248110779345,1.9074830861137844
Placed,1,Civil,7.67,3,0.37415921410224207,-0.5461563079886401
Not Placed,0,CSE,7.8,1,-1.6486367353589544,-0.991567287838151
Not Placed,0,CSE,8.42,1,-1.8397433449462826,-0.0825246800109163
Placed,1,CSE,8.45,3,1.2542743952060498,-0.9865140301311391
Not Placed,0,CSE,7.39,1,-0.8768457298969123,-0.20294405343076072
Placed,1,IT,8.59,3,1.4471999736203374,-1.2511924892370696
Not Placed,0,ECE,7.32,3,0.531254130120259,-1.6353922003332082
Not Placed,0,ECE,8.56,0,0.2185896632114519,0.8667897164405464
Not Placed,0,Civil,6.65,1,-1.8359582454489412,-0.05907890944213975
Placed,1,ECE,7.44,3,0.2334421514680022,-0.37912290991781394
Not Placed,0,ECE,7.89,3,1.3516278175999246,-1.2274408464603088
Placed,1,CSE,8.01,0,-0.0006800573142874219,0.884940860621598
Not Placed,0,IT,6.98,3,-0.5801845960825004,-1.8517581496904627
Not Placed,0,ECE,6.3,3,-1.6560934356218742,-2.353351153091429
Placed,1,ECE,8.09,2,3.097624019726986,0.3552627255686923
Not Placed,0,ENTC,7.52,1,-2.0023815539612952,-0.253842214546756
Not Placed,0,CSE,7.37,1,-1.741779312882655,0.9787717381844704
Placed,1,IT,9.11,0,-1.0231876098778805,3.819586483788618
Not Placed,0,CSE,7.45,0,-0.4594695084819744,0.4334793568523986
Placed,1,CSE,7.26,0,0.13295653576168134,0.45127656421404083
Not Placed,0,CSE,6.17,1,-1.8496486249670336,-2.4611518163772175
Not Placed,0,IT,6.78,2,1.1670853610033598,-0.5462852330714263
Placed,1,IT,8.44,2,3.0438341592559013,0.03160637469983796
Not Placed,0,CSE,7.08,1,-2.9219049564300064,-1.7612908738786617
Placed,1,CSE,8.23,0,-0.09865055688231708,0.8486466424856172
Not Placed,0,Civil,6.6,1,-2.9998498032142464,0.905385365226393
Not Placed,0,Mechanical,6.96,1,-1.3863456941333958,-1.106296889165794
Not Placed,0,IT,6.94,1,-1.6508082359082246,-0.018967335808742984
Not Placed,0,ENTC,8.11,3,-0.7618175608388286,-0.992869600368388
Not Placed,0,CSE,7.52,3,-0.38353150238800154,-1.203033319409184
Placed,1,Mechanical,6.76,0,0.9780514798636739,1.4117053434369025
Placed,1,ECE,8.31,0,-0.23774120086582026,0.23994720899413644
Placed,1,IT,8.12,2,3.474127941011856,-0.5455449699404977
Placed,1,IT,7.99,0,0.22435932590335672,1.0848078419044223
Not Placed,0,Civil,7.95,1,-2.7031419437089372,-0.4614537595168622
Not Placed,0,Mechanical,6.97,1,-1.6140657037858495,0.6811599643884887
Placed,1,CSE,8.77,0,1.7652819231580636,1.441603018306519
Placed,1,CSE,7.61,0,1.1385941353312268,0.6701596720141674
Not Placed,0,CSE,7.93,3,-0.6260159753169319,-0.32532156799614165
Placed,1,ENTC,8.03,0,0.8495140681877636,0.8757304934975522
Not Placed,0,CSE,6.9,3,-0.17035579248883892,-0.537711798241637
Placed,1,IT,9.31,2,1.872535763915836,-0.5544883092165012
Not Placed,0,CSE,7.68,1,-2.081837602624704,-1.5385367602693123
Not Placed,0,CSE,7.73,1,-1.4029322303621428,0.4855596040440188
Not Placed,0,CSE,7.35,1,-1.2735120371898137,0.3301811477873653
Not Placed,0,ENTC,8.68,3,-0.6993838832763118,-1.7145413250782604
Not Placed,0,Civil,8.71,0,-0.7550135331758245,0.6159240078848223
Not Placed,0,CSE,7.83,0,-1.325713185254633,1.2476390554265802
Not Placed,0,Mechanical,6.45,1,-1.3588806786041583,-1.2585074782179295
Not Placed,0,ECE,7.56,0,-0.3426235075279878,0.30493029620976464
Placed,1,ECE,7.64,3,0.14323807327838164,-0.8324572644445158
Placed,1,IT,7.32,3,1.8641346003780104,-2.1941322320224352
Not Placed,0,CSE,6.86,3,0.07965860504453527,-1.5409085359681791
Not Placed,0,Civil,6.38,3,-0.005306179208627746,-0.7089564345851881
Not Placed,0,ECE,8.95,0,-0.7554496250083,1.9458516008313744
Not Placed,0,ECE,8.33,3,-0.4299612764210703,-0.1574413102123699
Not Placed,0,IT,7.73,3,0.02832763295029686,-1.7657150732031803
Placed,1,CSE,7.15,2,1.6669780513326986,-1.2752196673550684
Not Placed,0,CSE,8.01,0,-1.1895733788389309,1.3164286654209612
Placed,1,ECE,7.87,2,2.011685612816898,-0.6506206535311763
Not Placed,0,Mechanical,7.36,1,-1.6954480480308873,-0.21670515804582094
Placed,1,CSE,8.03,0,-1.2722201926344172,1.7792581826893588
Placed,1,CSE,8.14,2,4.347558967716181,-1.7911230107517213
Not Placed,0,CSE,8.28,0,0.5104626562423067,0.5483483517040325
Not Placed,0,IT,6.95,1,-1.8705854127360284,-1.0793142744392752
Placed,1,IT,8.07,3,-0.8828075891662647,-0.2035216552508154
Not Placed,0,CSE,8.7,0,-0.05485277621338169,0.9018828300884534
Not Placed,0,ENTC,7.95,0,0.5706817982666231,0.9484449936636538
Placed,1,CSE,9.58,2,2.3294708220217673,1.60390615485018
Not Placed,0,Mechanical,7.55,0,0.3724578662332396,0.47118750809448046
Not Placed,0,Civil,6.24,1,-1.5587208056653687,0.8687800276189147
Not Placed,0,IT,6.98,1,-2.4426729644894625,0.4700496325163035
Not Placed,0,ECE,7.13,1,-1.7547043372788298,-0.8422395885013909
Placed,1,IT,8.17,0,0.29333503333178124,0.5557467765568616
Placed,1,IT,8.41,3,1.039077844054201,-0.3021321471299933
Placed,1,CSE,7.82,3,2.0316006385593544,-2.2760388890689978
Not Placed,0,IT,7.95,3,-0.36411443478416133,-0.2865714958966572
Placed,1,ECE,9.33,2,1.6490226125119298,0.2371967255269125
Not Placed,0,ECE,6.99,3,-0.7021866670304601,-1.0896749374215313
Placed,1,ECE,7.64,0,-1.0930402136579114,0.690201888887343
Not Placed,0,CSE,7.32,3,-0.03627481126307673,-0.13625840598465438
Not Placed,0,ENTC,6.7,0,-0.0025788595073866845,0.48740691531324093
Not Placed,0,ENTC,5.98,1,-4.157406261672817,-0.8727914350398583
Placed,1,Mechanical,8.8,0,1.6755032978552051,2.4385950355365993
Not Placed,0,ECE,7.05,0,-0.2050817742323702,0.8674172777586379
Placed,1,CSE,7.49,0,0.7872106753883725,3.492937481774724
Placed,1,CSE,8.07,2,2.0501096009771254,-0.6659985688815598
Not Placed,0,CSE,6.69,3,0.6672994401200778,-2.484342748752762
Not Placed,0,IT,6.99,0,-0.19528312347908988,0.23726207083215417
Not Placed,0,ENTC,7.68,0,-1.207124377196888,0.7913763198638964
Not Placed,0,Mechanical,7.33,3,-0.7245577529217614,-1.0328343515468958
Not Placed,0,Civil,6.62,1,-2.056782003792535,0.25088657566518124
Placed,1,CSE,8.22,2,2.499984336891357,-0.612631359746639
Not Placed,0,IT,7.31,1,-0.9686873418182397,-0.004063652982281651
Not Placed,0,IT,7.82,3,-0.37412353268534804,-2.6378328337708523
Placed,1,ENTC,7.75,2,2.7093716100846787,-0.6583351956459074
Not Placed,0,ECE,8.52,0,-1.0262577114568678,1.551186301327986
Placed,1,ENTC,8.0,0,-0.6233785119124745,1.1293031933900153
Not Placed,0,Mechanical,6.97,3,1.2566598888891047,-1.6186650465940182
Placed,1,CSE,8.69,2,2.4262904073401,-1.5597346847817337
Not Placed,0,CSE,7.3,1,-1.8697504185526816,-0.10120283842723113
Not Placed,0,ENTC,7.01,1,-2.9749053925387066,-0.4452376634011037
Placed,1,CSE,6.88,3,0.6459364150697011,-0.27091657721779405
Not Placed,0,CSE,5.71,1,-1.67976412006576,-2.601583604408792
Not Placed,0,CSE,7.18,1,-1.6457598271118035,0.455923396671266
Placed,1,ECE,8.04,2,1.7655927624140444,1.5602533465477046
Not Placed,0,Civil,6.54,1,-2.678049298258823,1.0598678531555334
Placed,1,IT,9.15,2,3.3228964130431895,0.5936295177124176
Not Placed,0,CSE,5.8,1,-2.3620310883068854,-0.3558923709924275
Not Placed,0,Civil,7.03,1,-2.726872312888629,0.8623923014760597
Placed,1,CSE,6.44,1,-2.6813000186866143,-1.1153005054148668
Not Placed,0,ENTC,8.48,0,-0.08219430186268781,1.2759197644251141
Placed,1,Mechanical,8.25,3,0.8728737407807453,-1.3810937855454655
Not Placed,0,CSE,7.47,1,-1.812091675484715,-0.11279285474646834
Placed,1,IT,6.49,3,0.033879996697632864,-1.3080946000375124
Not Placed,0,IT,6.68,3,-1.1481767209503642,-2.026739757917425
Placed,1,IT,7.91,2,1.3772930588124197,0.3856972163379198
Not Placed,0,CSE,7.13,1,-2.9893402459762917,0.8627165198993595
Not Placed,0,IT,7.22,3,-0.37296129334273687,0.060113098017111906
Not Placed,0,CSE,7.64,3,-0.5785111508665087,-1.4560826443578045
Not Placed,0,ENTC,7.35,3,-0.8249720038274047,-1.855959334192372
Not Placed,0,CSE,6.21,1,-2.1481578648719344,-2.905905755543213
Not Placed,0,CSE,6.57,3,-1.313588588966308,-2.2541673231891064
Not Placed,0,IT,6.59,1,-3.957363968196088,0.23742631407274728
Not Placed,0,ECE,7.08,2,1.4903333047949452,-0.9362089379465321
Not Placed,0,CSE,7.78,1,-1.5668775155798216,1.0101028000214665
Not Placed,0,IT,7.74,0,-0.8849507411791122,0.2961283560704238
Not Placed,0,Civil,8.71,2,1.767700268616897,0.8106399820281476
Not Placed,0,ENTC,6.5,3,-0.7445058667165719,-3.010497663191076
Not Placed,0,ECE,7.96,1,-2.2978864612998646,-0.07560989688508789
Not Placed,0,ECE,7.03,1,-3.7920963218699737,-1.2048725509403069
Placed,1,CSE,9.38,2,4.007943789199176,0.9474107249338269
Placed,1,CSE,7.61,0,0.05987393905506404,1.0665239946107752
Not Placed,0,CSE,7.22,1,-1.0449852875232197,-0.28067726595909576
Placed,1,ENTC,7.93,0,-1.1868057463416213,1.7489996008876783
Placed,1,Civil,7.87,2,2.894875671046855,-0.5231410819498593
Placed,1,ECE,7.38,2,1.634581362780266,-0.8796188755681245
Placed,1,CSE,8.2,0,0.20418953632422357,1.2834373667195744
Placed,1,ECE,8.98,2,3.708843556490905,-1.5485769421166309
Placed,1,ECE,8.48,2,3.12768951393573,1.4505167194791948
Not Placed,0,CSE,7.57,3,1.222961886875607,-1.5779649974928578
Placed,1,CSE,9.21,2,1.9277209324387545,0.9395596671243825
Not Placed,0,IT,8.11,3,-0.29725177977424355,-0.9073636558563587
Not Placed,0,CSE,6.77,2,2.4317937517448636,-2.489234296102602
Placed,1,ENTC,7.75,2,3.9591221789377986,0.06268672559010233
Placed,1,CSE,7.52,2,2.931927882525528,-1.0000948005204993
Not Placed,0,ECE,7.24,1,-3.104737407580139,0.3898967152153679
Not Placed,0,CSE,7.97,3,-1.1127191391244102,-2.0452998161096025
Not Placed,0,IT,6.1,3,-0.9725876469745047,-1.1214362848870065
Placed,1,ENTC,9.06,0,1.4009474007662908,2.1828168813434736
Not Placed,0,ECE,8.22,0,0.22277002556186898,0.39788836191168997
Not Placed,0,ENTC,6.13,1,-2.3647194304258465,-0.21904157451957243
Not Placed,0,ECE,8.21,2,2.6903568607038495,-1.4636907753919337
Placed,1,ENTC,8.08,2,2.4893885421934665,0.4655880287952069
Not Placed,0,IT,8.95,2,1.3550438942040741,0.5361656049443956
Placed,1,ECE,9.17,2,2.153220198048442,1.6119808137692428
Placed,1,CSE,9.31,2,2.509142478648746,2.089438137256737
Not Placed,0,ENTC,7.46,2,2.2358325806165515,-2.2146904164270453
Not Placed,0,ECE,8.16,3,-0.9056444008087801,-2.120311241758311
Placed,1,IT,7.29,2,2.121829793141485,0.3882028986187649
Placed,1,CSE,8.53,2,3.289502874290282,0.8937871681905115
Not Placed,0,ENTC,5.86,1,-1.698268317161332,-1.6418683265869225
Not Placed,0,CSE,6.62,1,-2.519479829256865,1.1171513723272957
Placed,1,ECE,7.33,3,1.490042547905781,-1.3320094869409096
Not Placed,0,ENTC,7.65,1,-2.865967816685616,0.09452724251484225
Not Placed,0,IT,7.84,1,-0.8896097309931089,0.13731646617946472
Not Placed,0,CSE,8.78,0,-0.5618652445096088,1.031971719875158
Not Placed,0,Mechanical,7.15,3,0.7550448298357857,-0.92208926949307
Not Placed,0,IT,6.6,1,-1.682371557939162,-0.45563505869587445
Not Placed,0,CSE,7.37,3,0.9543996688725309,-1.088228237668374
Not Placed,0,ECE,7.18,1,-4.217614932352041,-1.3069457751853768
Not Placed,0,ECE,8.17,2,1.1591891627093978,-0.3221861428630232
Placed,1,ENTC,9.0,2,2.914726275516415,-0.8853084224814646
Placed,1,ECE,8.92,0,0.5463754717184603,2.740209471718779
Not Placed,0,CSE,8.63,0,0.36092478159689684,0.3879062852481223
Placed,1,CSE,7.22,2,1.8806661208225346,-1.2611416410343042
Not Placed,0,IT,7.56,3,0.5950787878361988,-1.2925786021220553
Placed,1,ECE,8.06,2,2.153142788147016,0.6679289591866672
Not Placed,0,IT,7.04,1,-2.5605098262939556,0.4638098326821179
Not Placed,0,Civil,7.12,0,-0.5202870188342246,0.17741109451025316
Placed,1,IT,8.02,2,2.400777307928571,-0.469497311007348
Not Placed,0,IT,6.54,1,-1.6827362871443867,0.7353585712065864
Placed,1,ENTC,8.63,0,0.44051378267529473,1.1399795684582847
Placed,1,IT,7.36,0,-0.9704970407308131,0.7922599254241517
Not Placed,0,CSE,8.16,0,-0.014671566922332877,1.917586910462615
Placed,1,Mechanical,7.88,2,3.4173599491749758,-0.7624812813220869
Placed,1,ENTC,8.77,3,1.6149448620730522,-0.9278262649410248
Not Placed,0,CSE,5.89,1,-2.118278947168335,-1.2122728110613756
Placed,1,CSE,8.77,2,5.203543256618738,-0.33299549972743336
Placed,1,ECE,8.75,2,1.8087523258374931,1.1745854334754287
Placed,1,CSE,7.94,2,1.4899237454212904,0.04132585274803702
Not Placed,0,IT,8.14,3,-1.342217193381193,-1.8978279535274538
Not Placed,0,IT,8.21,0,0.4616396776383864,0.92548832427861
Not Placed,0,ENTC,6.93,3,0.6949309067341467,-1.5072876423142851
Not Placed,0,CSE,7.75,3,-0.1860791333098626,-0.8402972755134669
Not Placed,0,ENTC,8.46,0,-0.47922067217297204,2.070160776732529
Not Placed,0,IT,6.18,1,-3.421252446263345,0.3434110580893234
Not Placed,0,ECE,8.1,2,1.6541160772693553,0.4132725196919432
Not Placed,0,CSE,7.77,0,0.5882366065763829,0.43265997170116055
Placed,1,CSE,8.23,0,-1.3631068675659228,3.1151693228045927
Placed,1,ECE,6.62,2,2.1621045194608284,-2.211399892427506
Not Placed,0,IT,7.07,3,-0.020024941321426345,-1.4387266403878005
Not Placed,0,Mechanical,6.51,1,-3.115432552673254,0.915589123245142
Not Placed,0,ENTC,6.5,1,-1.2883477871384987,-1.254378875164783
Placed,1,CSE,8.41,0,-1.6156967896691252,1.6003482770696873
Not Placed,0,ECE,7.2,1,-2.6128746367704903,-1.103120185988659
Placed,1,Mechanical,7.14,3,-0.29896449368432665,-0.10274718610761445
Placed,1,CSE,8.63,0,-0.3322757228953232,1.7137688997644545
Not Placed,0,CSE,7.41,1,-2.4263930356876715,-0.08058033823575476
Placed,1,ENTC,8.52,2,1.937386221635846,-0.6693827312336834
Not Placed,0,IT,6.81,1,-1.801410615640491,-1.8964672516429195
Not Placed,0,ECE,7.41,1,-1.2959967276043582,-0.2592490918621654
Not Placed,0,IT,6.93,1,-1.57283679234869,0.33421371123604104
Placed,1,ECE,8.17,3,1.755871229926499,-1.8955474834216746
Placed,1,CSE,7.52,2,1.8842459024564522,0.5913473301981268
Not Placed,0,IT,8.32,1,-1.8076654995257448,0.1902544857364486
Placed,1,Mechanical,7.83,2,3.5247768268754074,1.085550210313741
Not Placed,0,CSE,6.05,1,-2.2098449629432406,-0.20529983535789
Not Placed,0,CSE,7.48,0,-0.6543954988339823,1.4042542554635395
Not Placed,0,ECE,6.39,1,-3.6017378600323116,-0.9488171498393891
Not Placed,0,CSE,7.99,3,-0.8823392802696145,-0.23020291410505211
Placed,1,IT,8.17,0,0.9007486830375723,1.4089201551978032
Placed,1,ECE,8.26,0,0.8570593330319847,1.1599468689807186
Placed,1,Civil,7.6,2,3.62748861378561,-3.1504740867026912
Not Placed,0,CSE,6.31,1,-3.6480064282983364,-0.19180585641265044
Not Placed,0,Mechanical,7.88,0,-0.3811795406046566,0.5848982351470613
Not Placed,0,ECE,8.05,1,-2.797353127161564,1.9771254607161572
Placed,1,IT,7.54,3,-0.8971220023690197,-0.5244119948928169
Placed,1,ECE,7.77,2,1.7209865684639243,1.0866382716732934
Not Placed,0,CSE,6.1,3,0.18634936183627118,-2.6889159332779653
Not Placed,0,ENTC,7.76,2,2.238607562797275,-0.8140295344790949
Not Placed,0,ECE,7.61,1,-1.7229191970225541,-0.39263561727421686
Not Placed,0,IT,6.67,0,-1.3788672618114612,1.7344360603266742
Not Placed,0,IT,8.15,1,-2.0788707280582996,-0.3692328858565305
Not Placed,0,CSE,7.28,3,-0.1931000425063276,-0.23047496048868535
Placed,1,CSE,7.89,2,1.611271428920198,-1.0460872814159787
Not Placed,0,Civil,8.11,3,0.8207690766891931,-1.5344154964321481
Placed,1,ENTC,7.98,0,-0.31392619207492817,1.4432760657328436
Placed,1,ENTC,6.56,1,-1.6904547480322596,-1.550816353951869
Not Placed,0,CSE,7.37,1,-1.555293296347508,0.03263529699611111
Placed,1,IT,9.51,0,1.340708647896305,1.2808237102476114
Placed,1,ENTC,8.89,2,1.9596943951926777,0.7751219780853394
Placed,1,IT,8.41,2,1.3094542230277786,0.345555265847982
Placed,1,IT,7.93,2,4.151459212125871,-0.07876259115158188
Not Placed,0,CSE,6.86,0,-0.8037782957294806,0.09372026069650677
Not Placed,0,Mechanical,7.56,2,1.5382091956137758,-0.34810565520044134
Not Placed,0,ENTC,7.34,0,-1.0162361269506572,1.2722260841950044
Placed,1,IT,7.63,0,0.5065230583247237,0.7906604463595062
Not Placed,0,Mechanical,6.47,1,-1.6033757209934878,-0.6253028593027834
Placed,1,ENTC,8.51,2,2.855662244367751,1.4674093789569884
Not Placed,0,ECE,5.42,1,-2.323034255835557,-2.4284042864958026
Placed,1,IT,8.43,2,1.3922572969242633,0.38033341700922524
Placed,1,CSE,8.44,0,0.6948907951685801,0.5067124622365137
Placed,1,CSE,9.68,2,2.8601300311763107,2.1681418707689355
Not Placed,0,ECE,7.49,1,-2.2233260028612607,0.7459749063044229
Placed,1,ECE,7.26,3,0.6213875293835484,-1.0593062667749416
Not Placed,0,CSE,7.8,0,-0.8808576166049774,1.140021549401841
Placed,1,CSE,8.18,2,2.007600121879402,0.49124582375796594
Not Placed,0,CSE,7.62,1,-1.0849804637160676,0.343375579567436
Not Placed,0,ENTC,6.69,1,-1.942148256437382,-1.1717237854605553
Placed,1,IT,8.17,2,2.08555617546189,0.8648149310755182
Placed,1,ECE,7.7,0,-1.0345888777600594,1.0141094505124706
Not Placed,0,Civil,6.84,3,0.10341928647984594,-1.7275208829830957
Not Placed,0,ENTC,6.32,1,-2.558235343283031,0.9669682602491975
Placed,1,CSE,9.8,0,1.5063621417467299,2.7196026661041417
Placed,1,ENTC,8.41,3,0.37741713561415197,-0.323137872805892
Not Placed,0,Mechanical,8.18,1,-2.829039280407453,1.4946424948353054
Not Placed,0,ENTC,7.6,3,-0.11666735061241258,-1.589072706860154
Not Placed,0,IT,8.29,0,0.2554690803586106,0.6400090201198209
Not Placed,0,IT,6.81,1,-2.0700731789975233,0.4128386457076775
Placed,1,IT,7.87,2,2.8932191538891185,0.608395012925696
Placed,1,IT,7.91,2,2.0014728408128852,1.017489583102936
Not Placed,0,ECE,6.83,1,-2.1292902249566694,1.3027084199092154
Placed,1,CSE,7.61,3,0.8467317474971278,-0.0011140207195106337
Not Placed,0,ECE,7.35,3,0.26332143449694884,-0.41523980811501787
Not Placed,0,ECE,7.05,1,-1.5739800994480024,-1.132158939290902
Not Placed,0,CSE,7.24,3,-0.6811582651581444,-0.2175422145642111
Not Placed,0,IT,6.25,3,0.18903933840016438,-1.446767439070651
Placed,1,CSE,8.6,2,1.3754853178840254,-0.5743819202622631
Not Placed,0,IT,9.03,0,-0.46117949483866866,2.587431962450008
Placed,1,Mechanical,6.91,3,-0.08971133701501245,-0.1893605819638142
Not Placed,0,CSE,8.64,1,-1.183828736575543,0.1251994074825537
Placed,1,IT,7.67,2,1.505441620856074,-0.5866007644956389
Not Placed,0,IT,7.69,0,-0.5547101385230091,0.6084053383141682
Not Placed,0,ECE,6.6,1,-2.8804418089303097,-1.4926135577928916
Not Placed,0,ECE,7.23,1,-1.540717971429795,0.9361645587836521
Not Placed,0,Civil,8.15,3,-1.0347991356288833,-1.8451040433169117
Not Placed,0,CSE,6.87,3,-0.07217268319401361,-0.7210536424522089
Placed,1,IT,7.07,0,-1.2794411716275522,1.6387021023369401
Not Placed,0,ENTC,7.27,1,-1.6597470816628288,0.26056964940588656
Not Placed,0,CSE,5.0,1,-3.060290997936047,-1.657851053767961
Placed,1,CSE,7.98,0,-0.14778745960419917,0.6742124283032082
Not Placed,0,Mechanical,8.24,0,0.17660553018802472,0.7842738772570655
Not Placed,0,CSE,8.01,0,-0.4313483488562278,1.0017637408040243
Not Placed,0,CSE,8.5,0,0.3824824346902481,1.8886239152179745
Not Placed,0,Civil,7.32,1,-1.4138895976342534,-1.3205248780241392
Placed,1,CSE,9.24,2,2.866356366487357,-0.4360363210369528
Placed,1,IT,6.98,0,0.1671093750567439,1.6880467264032268
Placed,1,CSE,7.51,3,-0.7291043099880279,-0.821499503432618
Placed,1,IT,7.43,1,-2.0737195573417133,1.8114671132602136
Not Placed,0,CSE,7.86,0,-0.6495562850008711,0.7778300745337591
Not Placed,0,ENTC,7.5,0,-0.09771510611257123,1.4270293253705857
Not Placed,0,Civil,7.61,3,-0.35669107723731525,-0.9103091793828907
Placed,1,ECE,7.12,0,-0.38038479745185283,0.6051037027799683
Placed,1,Mechanical,7.33,3,2.4152119402884358,-3.4835604350128646
Not Placed,0,CSE,5.8,1,-2.002076374521107,-0.9009499125372243
Placed,1,CSE,8.38,2,3.0506708307150343,0.6139566508708155
Placed,1,IT,6.83,3,0.16303309465318247,-1.051409578168307
Not Placed,0,CSE,7.28,3,-0.6075488930446262,-0.7607014782055742
Not Placed,0,CSE,6.8,1,-1.8466578887603862,-1.6892994948081923
Placed,1,IT,8.18,2,4.103613437956248,-2.015631643536725
Not Placed,0,Civil,7.24,1,-2.189657901685837,0.5553415129669679
Not Placed,0,IT,5.62,3,-0.94878140119635,-0.6754972698556359
Placed,1,ENTC,7.94,2,1.9351382313116525,0.13873754260168128
Not Placed,0,IT,7.06,1,-2.5064844952806187,-0.24578003064893408
Not Placed,0,CSE,7.68,1,-2.010113798212028,-0.18045257281869337
Placed,1,ECE,8.41,2,3.742973892460294,-1.0517938370148743
Not Placed,0,CSE,6.86,3,-1.279796668203085,-1.777119794662679
Not Placed,0,IT,7.66,0,-0.9832712710072552,1.885491568846817
Not Placed,0,ECE,7.04,3,1.0431109559565297,-1.5559279724325639
Placed,1,ECE,8.54,0,0.6586063190721185,1.5663283706849553
Not Placed,0,CSE,7.77,0,0.8455981386388363,0.3323164041386439
Placed,1,CSE,7.68,2,2.3479594105146413,-1.3889763712830856
Not Placed,0,IT,6.65,1,-1.7473819462960294,-1.3159425591461402
Not Placed,0,CSE,8.34,1,-2.501716224807573,0.9753526450453099
Not Placed,0,Mechanical,8.45,3,-0.7441957136249592,-1.1484050755445419
Not Placed,0,IT,7.05,1,-3.6355988631681915,-0.14125319804743294
Not Placed,0,CSE,7.83,1,-1.482944662321129,0.21286162273653472
Placed,1,ECE,8.2,2,2.3687164153984646,-1.1001786775409974
Placed,1,ENTC,9.59,0,0.7048782287330345,1.6616010982909206
Placed,1,IT,8.03,0,-0.9684580684940989,2.3088902820560455
Placed,1,ECE,7.7,2,1.746548654805345,-0.38099502001100966
Not Placed,0,ECE,7.57,0,-0.43699625015902244,0.8896634069379773
Placed,1,IT,7.62,3,0.13789714254821903,-0.4018457453043139
Placed,1,IT,8.35,0,0.04724272356532232,1.8484462821287528
Not Placed,0,ENTC,6.95,3,-0.6422427755637474,-2.58371637092526
Placed,1,CSE,8.49,0,1.3888814611582962,1.339460365447595
Not Placed,0,IT,6.39,3,-0.3994508540092807,-1.5744759964966892
Placed,1,CSE,8.27,0,0.003036706298680604,4.284096820208146
Placed,1,CSE,8.5,2,2.9092414230381682,-1.1360212186077332
Not Placed,0,IT,8.39,0,0.7391837062083603,0.6304209392430643
Not Placed,0,CSE,7.93,3,-1.0445552935215479,-0.9147638469237309
Placed,1,CSE,8.04,0,-0.8350980542973427,0.40778448918496807
Not Placed,0,CSE,7.36,1,-0.9989317118663725,0.1149776223255576
Not Placed,0,CSE,6.74,3,-0.9769588444050896,-1.1854563026107492
Placed,1,IT,7.91,0,-0.3351282039581364,0.3700997860931776
Placed,1,ECE,7.76,2,2.5378917989435945,0.1694149307165711
Not Placed,0,ECE,8.49,0,-1.9822331457467246,2.8349274947698104
Not Placed,0,CSE,7.58,0,-0.08387811237444721,-0.04527664690728658
Not Placed,0,IT,7.84,0,-1.579071440575325,2.7492992151580684
Placed,1,IT,7.94,2,5.491202427809082,-1.8038557875134398
Placed,1,Civil,8.19,2,2.837451203543814,-0.23954177201094393
Placed,1,IT,8.51,0,0.8552162095745912,2.4375822419598023
Not Placed,0,CSE,6.89,3,-0.7979352580352903,-2.572466996439947
Placed,1,ECE,8.3,3,0.5260903875025161,-0.6997850920267595
Not Placed,0,ENTC,7.55,0,-0.7660639034404308,0.3840846640879297
Placed,1,Mechanical,8.25,0,0.8639105749474155,2.2385275801396762
Not Placed,0,CSE,8.96,2,1.8957171870521319,-0.028782767021466628
Not Placed,0,Civil,5.91,1,-3.588417803156238,0.6107965896626463
Placed,1,IT,8.73,2,2.4929777696243804,1.7327240038845941
Placed,1,ENTC,7.6,2,3.0897711646915016,-1.775430722803711
Not Placed,0,CSE,6.97,3,-0.3411990663017676,-0.06059777664338412
Not Placed,0,Civil,7.33,3,1.3244305789877269,-3.0178409365961465
Not Placed,0,Mechanical,6.82,1,-1.583811493319349,-0.6802489066768779
Placed,1,ENTC,8.13,0,0.275295108694283,0.7939580905000004
Not Placed,0,ECE,6.82,3,-1.0560618047297048,-1.2452606912379454
Placed,1,IT,8.72,2,2.2798016144157534,0.6472804380622063
Not Placed,0,CSE,8.29,3,-0.4265224508333804,0.02291104917624901
Placed,1,IT,7.89,2,2.2757811851058602,1.2125046561600257
Not Placed,0,ECE,5.97,1,-2.2182339415613694,-1.8635691299247976
Not Placed,0,IT,6.58,1,-3.542447831890911,-0.23537944451577775
Not Placed,0,CSE,7.63,0,-0.3094225070815126,1.0445298877164437
Not Placed,0,CSE,7.68,0,-0.09992498840776083,0.732219065766239
Not Placed,0,ENTC,8.5,3,0.060082720413443785,-0.28489596168873144
Not Placed,0,CSE,5.22,1,-3.9558115179582005,-2.1559513727340978
Not Placed,0,CSE,7.05,3,-0.8422669876579612,-0.9839971733722256
Not Placed,0,IT,8.41,0,-1.7464420867939183,1.9024657786157684
Not Placed,0,CSE,7.41,3,1.3317705470174157,-2.008733829860335
Not Placed,0,CSE,7.3,3,-0.9888459996590938,-0.713608381429216
Placed,1,IT,6.33,3,1.0176005279903904,-1.5467089406044532
Placed,1,ECE,8.6,0,-0.18014107439211063,1.7952798988364451
Not Placed,0,CSE,7.29,0,0.7683478654838731,0.9016969692441745
Not Placed,0,Civil,8.63,2,1.3010180020584767,-0.4274894234446631
Not Placed,0,CSE,8.95,0,-0.8674413742316975,2.783159231499174
Placed,1,CSE,8.82,3,0.6886756182158883,-0.01338082013913004
Placed,1,Mechanical,7.67,2,2.9827949496513866,-0.04713224246643357
Not Placed,0,Mechanical,7.29,3,-0.9775338539161375,-2.6337322198524844
Not Placed,0,CSE,7.23,1,-1.9465453808661455,-0.5673282590565439
Placed,1,IT,9.37,2,2.0716482493144914,1.3276152609884277
Placed,1,CSE,7.52,3,0.33402146777628267,-1.248440956544735
Not Placed,0,ECE,8.6,3,1.212475643449049,-1.419978974907663
Placed,1,CSE,8.11,0,-1.6098982210820136,1.5898756671664416
Not Placed,0,IT,7.35,1,-3.0624471079703324,0.5407046856215654
Not Placed,0,CSE,7.48,3,0.35496205852950097,-0.5379097666068408
Placed,1,IT,8.71,2,1.8683629330024545,1.0921780553373672
Not Placed,0,Mechanical,7.73,3,0.6031130492113679,-1.7594522338926206
Not Placed,0,IT,7.31,3,0.5767039524420784,-0.5665347021574385
Not Placed,0,Civil,7.01,1,-2.0731366122581667,-0.9888230535639014
Not Placed,0,CSE,7.97,0,0.6608970875558202,1.3437148569024668
Placed,1,Civil,7.26,0,-0.9074124704848552,0.5737758866874373
Not Placed,0,ENTC,8.2,0,0.5418324335954868,0.6484461488398149
Not Placed,0,IT,9.86,0,1.050776644050398,1.111056297382781
Placed,1,CSE,8.14,1,-1.699878756462589,0.4642516504424171
Placed,1,IT,9.23,2,2.098261974741803,1.2246784254714376
Not Placed,0,ECE,7.09,1,-2.3698023113751465,-1.7713793487379372
Placed,1,IT,8.28,2,3.077324059785509,1.3692377898969974
Placed,1,ECE,8.77,0,2.2720835494326876,3.0027568769881143
Placed,1,Mechanical,8.87,2,1.648713871408756,0.8299452577304979
Not Placed,0,CSE,8.79,0,1.0668947017311876,0.24845515262631035
Not Placed,0,ECE,7.71,0,-0.7975680764206419,0.24019740283665933
Placed,1,Mechanical,8.46,2,2.7281786815808844,0.5463290072561826
Not Placed,0,ENTC,6.84,0,-0.42234938931034727,0.47078257958767195
Not Placed,0,IT,9.07,0,-0.35532632323247665,2.068420369391192
Not Placed,0,CSE,6.89,3,-0.22522090186930063,0.02312360535217586
Placed,1,CSE,8.77,2,3.4606520624085846,0.36874811527105245
Not Placed,0,CSE,8.59,2,1.3569486724959872,0.6984127648106674
Placed,1,CSE,8.58,0,1.0433754514827802,2.9248635430047156
Placed,1,Civil,9.46,0,1.151192496828094,1.0705859229077965
Placed,1,CSE,8.59,2,2.604924953056118,-1.447371975738414
Not Placed,0,CSE,6.57,3,-1.0853724603081363,-2.040321569190128
Placed,1,IT,8.2,0,-0.3420797394999267,2.697613805695931
Not Placed,0,Mechanical,6.09,3,1.9478105393155711,-3.5309588509556034
Placed,1,CSE,7.62,0,1.0550879824878487,0.8492877110154412
Placed,1,IT,7.34,3,0.44083671557321785,-0.8433920921398553
Placed,1,CSE,8.24,2,5.136773415245795,0.9767107092041091
Not Placed,0,CSE,7.0,3,-0.915578101186021,-1.9160727203138972
Not Placed,0,CSE,7.03,3,-1.1165913466277637,-0.8893161874478869
Not Placed,0,CSE,8.13,1,-2.922805703598875,-0.5969996216328335
Placed,1,CSE,8.7,2,1.9813019014355868,1.126475747499567
Not Placed,0,IT,7.7,1,-1.5994948728238776,0.03549320150692825
Placed,1,CSE,9.67,0,1.3501789668311264,1.33705886328245
Placed,1,ECE,7.41,0,0.3742806508493941,0.7635981218402823
Not Placed,0,CSE,8.28,1,-2.015232129337536,0.8848231145267659
Placed,1,Civil,7.99,2,1.3751366928596693,0.42532735331531
Not Placed,0,CSE,7.41,3,1.1017815982280286,-2.333296811331938
Not Placed,0,CSE,8.81,0,-1.3719968641059086,2.318270827580172
Not Placed,0,ECE,6.94,0,-1.2642482195337588,0.8348445842046412
Not Placed,0,CSE,5.94,1,-3.7008279375876496,-0.40546991604422006
Placed,1,IT,7.59,0,1.3549532641406274,1.3000724788104296
Not Placed,0,CSE,7.48,1,-1.470236744716695,-0.14726885805227158
Placed,1,Civil,8.6,2,2.6010029267587367,0.45357378147340166
Not Placed,0,CSE,6.64,1,-2.4700806442281533,1.1219883613619877
Placed,1,IT,8.15,0,0.7587613995909318,1.3851904094032605
Not Placed,0,IT,8.04,0,-0.8958501321841926,1.0239998183743197
Placed,1,CSE,7.97,3,-0.16174554733898436,-0.7688726099109764
Not Placed,0,IT,8.59,0,0.2852978754358939,0.2747433899646699
Not Placed,0,ENTC,7.68,3,1.483843798803219,-2.0651587656144192
Not Placed,0,Civil,7.74,0,1.1315186520159375,0.8587407030141786
Not Placed,0,Civil,8.08,2,1.4805346920316007,-0.17471457366739856
Not Placed,0,CSE,7.61,3,-1.028853407211001,-0.844885407084827
Not Placed,0,CSE,6.55,1,-2.6699309771654,-0.1924719963092492
Placed,1,CSE,7.35,2,2.124487647964694,2.0482447379588864
Not Placed,0,IT,7.48,0,-0.7887839694275846,0.09550132698416026
Not Placed,0,CSE,7.22,1,-0.9476571189548794,-0.2022777544520453
Not Placed,0,IT,7.43,3,-0.09143095372640443,-0.8369136491514436
Not Placed,0,IT,7.85,3,-0.5596428484151039,-0.4881131459036161
Not Placed,0,ENTC,7.47,3,2.182384018431693,-4.365295441816401
Not Placed,0,ENTC,8.43,3,1.6632843930887202,-2.1356336084263234
Not Placed,0,Mechanical,8.44,3,0.34637136415589376,-0.21143433366054473
Not Placed,0,CSE,5.68,1,-1.1092266184790933,-0.41771815018014385
Not Placed,0,Mechanical,6.48,3,-1.0616382002184583,-1.8750422145242556
Not Placed,0,CSE,5.66,1,-2.9833738148539855,-1.7084316743904209
Not Placed,0,IT,7.47,3,-0.4042400298839682,-2.895321357651114
Not Placed,0,CSE,7.41,0,-0.9922537411420135,1.3124823344258405
Not Placed,0,CSE,7.83,3,0.577075328796381,-1.3747208362757612
Placed,1,CSE,8.42,2,3.1616149074472264,-0.27467717716245843
Placed,1,ENTC,7.66,0,1.1933076303872892,1.400184911720837
Not Placed,0,CSE,7.19,3,0.3180841506023004,-2.0699018905024915
Not Placed,0,Mechanical,7.7,1,-2.7085490566511634,-0.039156838618916674
Not Placed,0,IT,7.28,3,0.2159920156032573,-0.9851002349778908
Not Placed,0,ECE,6.44,1,-3.217530988337797,0.15801620504713895
Not Placed,0,Mechanical,8.51,3,0.38363922155637603,-1.8643516631514756
Not Placed,0,CSE,8.06,0,-1.206184810032793,1.190509116786063
Placed,1,Mechanical,8.93,2,3.032111447215012,-0.17690685692258437
Not Placed,0,ECE,6.65,3,-0.44922075097478026,-0.341567688003286
Not Placed,0,IT,6.33,1,-3.1091824040920653,-1.7997033320808495
Not Placed,0,ECE,6.9,1,-1.8719075854216283,-1.737664028453948
Not Placed,0,ECE,8.04,0,-2.302441108539711,2.4021580700680256
Placed,1,IT,8.43,2,3.1559762960570024,-0.10388268375057338
Not Placed,0,CSE,7.94,2,2.7394715944931023,-1.2535289297622236
Not Placed,0,IT,7.82,3,0.267833622716332,-0.6613561240095281
Not Placed,0,CSE,8.43,3,-0.6249445538969001,-0.1770250533319608
Not Placed,0,Civil,7.31,0,-1.224946396974289,2.215294644913348
Placed,1,Civil,8.6,1,-1.965873982741419,1.9061050618977586
Not Placed,0,ECE,9.39,3,0.2940559331971759,-0.29852392247659704
Placed,1,CSE,6.8,1,-2.187841100660445,2.0657731598313127
Not Placed,0,CSE,7.48,1,-3.3047833438125256,0.6864774325610936
Not Placed,0,IT,6.52,3,-0.2241115389626606,-2.284686881600268
Not Placed,0,CSE,6.88,3,0.3489020941955681,-3.081402594584807
Not Placed,0,ENTC,8.03,3,-0.4703254703008437,-0.14315115851586244
Not Placed,0,CSE,6.27,1,-1.9394125575576873,-1.2470111321182777
Not Placed,0,CSE,7.04,1,-1.7692880788503378,-0.8274586417991858
Placed,1,IT,8.6,2,2.3229607592835047,1.879057665551187
Not Placed,0,Mechanical,7.89,3,0.5074342126352617,-1.0713493890255195
Not Placed,0,CSE,8.35,0,1.2381641044796097,0.5487156390922882
Not Placed,0,CSE,6.6,1,-3.742966493209905,-0.01087348221942131
Placed,1,CSE,7.76,3,0.4059751541202918,-0.47882839859461146
Placed,1,CSE,9.3,0,-0.03346829047317852,0.4520688001355143
Not Placed,0,ECE,7.14,2,1.6725757641432948,-1.440986317439825
Not Placed,0,ECE,7.29,1,-2.195298276200721,-1.125174865386862
Not Placed,0,ECE,8.19,3,0.17354500472764772,0.09041906961188621
Not Placed,0,IT,6.94,1,-3.8180808251059872,0.7584351688145392
Placed,1,Civil,8.31,2,2.069238243342758,2.0957403649801125
Not Placed,0,ECE,6.17,1,-2.3676674587966984,-2.4414703176046815
Not Placed,0,Mechanical,5.64,1,-2.637878314881773,-0.6727128787939468
Placed,1,IT,7.97,2,2.0461488223537634,-1.1515381607530826
Not Placed,0,Civil,6.87,3,-0.69032773089262,-0.6099585314967946
Not Placed,0,ECE,7.22,1,-1.7531342855249576,0.5573129774184484
Not Placed,0,CSE,8.45,0,-0.6865008228073043,0.7829394293063511
Not Placed,0,IT,8.23,3,0.8438468615366671,-0.8493606839124028
Not Placed,0,CSE,6.66,1,-3.7562736039347002,0.06104778130973132
Placed,1,ENTC,8.14,0,-0.15188825061002878,0.8895498485371882
Not Placed,0,CSE,7.44,1,-0.9074237620712018,-0.6315455337716468
Placed,1,ECE,8.05,0,1.551278787198169,2.3333642878189114
Not Placed,0,ENTC,7.68,3,-0.6091941872150193,-0.6275773183773868
Not Placed,0,ENTC,6.42,3,-0.18210081601996725,-2.693862483889716
Not Placed,0,CSE,7.09,1,-1.3213371830923362,0.578750371527713
Not Placed,0,Mechanical,5.65,1,-4.6160777033968206,-2.042746381486239
Not Placed,0,CSE,7.86,2,2.549111949521074,0.21030469927373638
Not Placed,0,ENTC,8.04,0,0.03529334627877327,0.5334536914875754
Placed,1,CSE,7.1,3,0.34172123789053566,-0.368580135137905
Not Placed,0,CSE,7.6,2,1.9397305167649097,-0.6308306620446024
Not Placed,0,CSE,6.87,1,-2.1977540618597584,0.3321266206439069
Placed,1,ENTC,8.77,2,5.561852025594187,1.7536672706515177
Not Placed,0,ECE,6.61,3,1.4902541119392576,-1.2256056748765858
Not Placed,0,IT,7.44,1,-1.6255768420621906,-0.576013901766383
Not Placed,0,IT,6.6,1,-3.1494108878204066,-2.047854345745085
Placed,1,ECE,7.9,3,0.8751121261945233,-0.9072418282433061
Placed,1,CSE,8.58,2,3.7762977418286345,-2.028123265471816
Not Placed,0,IT,5.94,3,-0.5417792734696278,-2.2284997215706284
Not Placed,0,ENTC,8.26,3,0.7900411292180388,-0.23976073514287885
Placed,1,CSE,9.09,2,2.161348701516476,-0.5184809073545317
Placed,1,IT,7.81,2,2.192321774729087,1.543781864788288
Placed,1,CSE,7.13,0,0.1272522405847222,0.01816660969100525
Not Placed,0,CSE,7.67,1,-1.1818075586712993,-0.7712747852751615
Placed,1,ECE,7.24,2,1.290708754103712,0.5195478874309271
Not Placed,0,IT,9.37,2,1.6638577382158324,0.4542375142132724
Not Placed,0,CSE,8.41,0,-1.8205496888424946,3.330874179779205
Not Placed,0,CSE,8.47,0,-0.3095934410550477,3.290680239744849
Placed,1,CSE,9.53,2,4.450031237183576,0.43775036311039356
Not Placed,0,IT,8.84,0,-0.6058311358575158,1.2198367689385545
Placed,1,CSE,7.6,0,0.6065769713191945,0.6052536591252283
Placed,1,ECE,7.72,2,2.640830347374946,0.027533975765707333
Placed,1,IT,9.71,2,2.7175314258152596,3.12753923805955
Not Placed,0,Civil,7.07,3,1.8453936831893947,-2.633522736077807
Not Placed,0,Civil,7.55,0,0.21934647563747733,0.39531181859774406
Not Placed,0,CSE,6.84,1,-1.601826607735683,-0.5460274274918512
Not Placed,0,ECE,6.15,1,-2.663544865774079,0.7852658791916673
Not Placed,0,ECE,6.95,1,-3.367401977412879,0.2252978767201064
Placed,1,IT,6.97,2,1.9407644567604874,-1.5006242917666772
Not Placed,0,CSE,7.17,0,-1.7847788282394743,1.8875644730605037
Not Placed,0,Civil,8.22,1,-1.8044632442222652,1.5856630508315313
Not Placed,0,IT,7.69,0,0.14439936556201896,0.6675767547453927
Placed,1,CSE,8.56,0,0.8476431081075669,1.4838940195095902
Placed,1,ECE,7.83,0,0.1940576751422239,0.9841865815126776
Placed,1,IT,7.85,2,2.6774129543871883,-0.43191357551284726
Not Placed,0,CSE,7.45,3,0.18031558575822348,-2.0723317792968436
Placed,1,Mechanical,9.35,2,3.1519950353504025,0.5035554597663039
Placed,1,IT,7.34,2,3.837242695604431,0.11844348548749692
Not Placed,0,IT,8.48,0,-0.8640450879525443,0.9239477559644161
Placed,1,CSE,6.7,0,0.4597977821004284,0.9692215974113871
Not Placed,0,ENTC,7.49,1,-2.7516152138924492,1.634734862734798
Placed,1,CSE,9.41,2,2.447645388252741,-0.5700152427416725
Placed,1,CSE,8.28,2,1.9865572617653375,1.8092510651530544
Not Placed,0,ENTC,6.51,1,-3.617339551277249,-0.18210553722092004
Not Placed,0,Civil,6.82,1,-2.932447201696721,0.2369159979026459
Placed,1,IT,9.06,2,4.542311622012488,0.1611028600502136
Not Placed,0,ENTC,7.78,0,-1.915667329910188,3.346797885251178
Not Placed,0,CSE,7.47,0,-0.5623861065794993,0.36020042001879077
Placed,1,IT,7.04,0,0.35814697483491936,1.327705368189984
Not Placed,0,CSE,7.43,3,0.18593053651678693,-1.96255435918873
Placed,1,CSE,8.9,2,4.563442675653189,-2.203961969535627
Not Placed,0,Mechanical,7.1,0,-0.08837704531026999,0.14302412495368305
Placed,1,CSE,7.19,0,-0.7640532173902029,1.8423071744722113
Not Placed,0,ECE,8.21,0,-0.007105615150180068,2.171232187290081
Placed,1,IT,6.82,2,3.0714097077356413,-0.29135257197585973
Not Placed,0,IT,6.91,1,-3.191693756934497,1.0208625817906565
Placed,1,Civil,7.71,0,0.7964604068387356,0.4244376446038361
Placed,1,ENTC,7.73,2,1.4910027811869226,0.9964534894825235
Not Placed,0,CSE,7.01,1,-1.60772000118374,-1.2783613234905338
Not Placed,0,IT,8.1,2,2.7697450397399463,-1.781557471269805
Not Placed,0,IT,7.89,1,-2.3295568604255616,1.5029552226900682
Placed,1,Civil,6.02,3,1.0759854477921826,-0.4762651118866951
Placed,1,IT,8.36,0,0.2284703402491738,0.1608694631132537
Not Placed,0,CSE,7.22,1,-1.9838012497024127,-1.54465579262159
Placed,1,ECE,8.39,0,-0.5461254046145657,0.5661703872681495
Placed,1,Civil,9.47,2,3.597757037792446,0.9960089225387256
Not Placed,0,IT,7.64,1,-1.3039028289037555,0.2205744962578699
Not Placed,0,ENTC,7.15,1,-1.7381241645724983,0.47872311897791103
Placed,1,CSE,8.87,2,3.722870718168311,1.5052455675289016
Not Placed,0,ECE,6.99,1,-1.345036830434735,-0.4413795322524497
Placed,1,IT,9.31,2,3.00757295191826,0.7067612806551942
Not Placed,0,Mechanical,7.31,0,-1.68694457338693,1.2715260866445488
Not Placed,0,ECE,7.17,1,-2.4018769087739646,0.20833168817816128
Placed,1,Civil,9.71,2,3.414499622809953,-1.6452387097683714
Placed,1,CSE,8.01,0,0.7667422364481075,0.7877410039283558
Placed,1,Mechanical,9.08,2,1.379383233619285,0.26267876263155987
Placed,1,CSE,7.68,0,-0.31261164650299983,1.9784288288584075
Not Placed,0,CSE,7.62,3,0.27563359178098457,-1.0129207537178013
Not Placed,0,IT,5.21,1,-4.132440492700336,-1.120617947406441
Placed,1,ENTC,8.56,2,2.57818107924346,0.6429232194201504
Not Placed,0,CSE,8.03,0,1.1282557507281596,1.3591287244556547
Placed,1,ECE,7.6,1,-2.1162586758842155,-1.223681004336852
Not Placed,0,ECE,8.2,2,1.8099871013814433,0.44127229181254785
Placed,1,ENTC,7.73,2,2.960271999628307,-1.7202447027176548
Not Placed,0,CSE,6.9,2,1.7454513792994484,-1.1124307179259545
Not Placed,0,ECE,8.01,1,-1.2752097256247863,-1.2907850096474103
Not Placed,0,CSE,7.54,0,-0.33259940456297193,0.7120570646816409
Not Placed,0,ECE,8.33,1,-1.7908516187114558,0.36564074203060604
Not Placed,0,CSE,7.46,0,1.2584086730940176,1.155504455728833
Not Placed,0,ENTC,7.3,3,0.4086230704260318,-1.0182460815944248
Placed,1,ENTC,7.24,0,-0.24663720770077266,0.1690688688955941
Not Placed,0,CSE,6.95,3,1.5780394499196535,-2.0104469444580224
Not Placed,0,IT,7.26,1,-1.5631574262748318,0.5713376795327658
Placed,1,CSE,8.07,0,1.259255268979176,1.2780032839226925
Not Placed,0,ENTC,7.06,0,-1.8872151365113705,1.8897278591157338
Not Placed,0,Mechanical,6.7,1,-1.4763329782586045,-0.02620723689975872
Placed,1,CSE,8.37,0,0.8115930948391615,2.2557812692313184
Not Placed,0,Civil,7.58,3,0.2960944450773628,-0.053763497056177965
Not Placed,0,CSE,8.35,3,-0.14062016554060022,-0.631331561679688
Not Placed,0,Mechanical,7.51,3,1.1593180507528076,-2.3913390314974814
Not Placed,0,Civil,7.21,1,-2.452755480481108,1.5476361557086615
Placed,1,CSE,6.22,3,-0.8238625725111353,-1.5663991955992065
Not Placed,0,Civil,6.74,1,-2.9360805511339496,0.41138770911398753
Placed,1,CSE,6.96,1,-1.4041735326494045,-0.6862746980815506
Not Placed,0,CSE,7.94,3,1.4111251176841355,-2.466976423566469
Not Placed,0,ENTC,7.61,0,0.17122827872086394,0.4915321756977107
Not Placed,0,IT,6.83,3,0.590087391613788,-2.845264258993345
Not Placed,0,IT,5.34,1,-4.529569151918007,-1.5555735104063633
Placed,1,IT,8.09,0,0.5170260052397765,0.5766280000048734
Placed,1,ECE,8.45,0,0.22833925553550322,2.4760424481845504
Not Placed,0,ECE,8.52,2,2.5059267218382204,-2.1933215280309204
Not Placed,0,ENTC,6.88,1,-1.788292721302774,-0.09134844668094656
Not Placed,0,Mechanical,8.57,0,-1.0319314802780442,2.8485374936590246
Placed,1,Mechanical,8.18,2,2.05267090835102,0.4545052983299602
Not Placed,0,ECE,8.18,0,-0.6960336080236439,2.604579601330784
Not Placed,0,Mechanical,7.18,1,-1.8542711478581517,1.0996162005346877
Placed,1,CSE,7.59,2,1.242501621684436,0.08247534958703158
Not Placed,0,ECE,9.26,2,2.286725124818143,1.684605909495243
Placed,1,IT,9.13,3,0.8276011191049508,0.24232534747710413
Placed,1,IT,7.66,0,0.011099514473282205,1.425571075456345
Placed,1,CSE,7.86,2,3.942861423256278,0.6812792545959524
Not Placed,0,IT,5.83,1,-3.594405182348805,1.0964288197758247
Not Placed,0,Civil,8.72,0,1.2780067887388356,1.985382795918748
Not Placed,0,CSE,8.33,0,-0.7041140787656303,0.8561154487514038
Not Placed,0,Mechanical,7.99,3,0.20380466878315243,-1.5907026598777312
Not Placed,0,CSE,7.19,1,-2.302252020626926,0.18177577891202576
Not Placed,0,ECE,7.76,0,-0.8211875766648242,0.9307039755329182
Placed,1,CSE,8.95,2,1.706746467625486,0.8803845296587421
Placed,1,Civil,8.01,0,-0.3133974774095565,2.2041930040420694
Placed,1,IT,9.94,2,2.482667818729647,1.0997208172597988
Placed,1,ECE,8.39,2,1.8072900142259627,0.029847676279915827
Not Placed,0,Civil,6.92,3,0.3116202905874117,-0.07537611347467155
Not Placed,0,ENTC,7.35,1,-4.013598285980537,0.8167579821489639
Not Placed,0,ENTC,7.1,0,-1.0753967220744196,0.87141332609986
Placed,1,CSE,8.43,0,1.5266723692021305,2.2679647303707036
Placed,1,CSE,8.68,0,0.0030154042736604465,1.1620888435595
Placed,1,IT,9.16,0,0.7712793586514473,0.8531636738391275
Placed,1,CSE,7.42,2,1.8523427574000113,0.6594426315359255
Not Placed,0,IT,8.1,3,1.1086556591902375,-1.7537868610982557
Placed,1,ENTC,8.79,0,-0.01457907730009595,1.4430666898137625
Placed,1,Civil,9.02,2,3.4926672250489577,1.6458477526211333
Not Placed,0,ECE,6.65,3,-0.97435334116141,-2.7206754685304353
Not Placed,0,ENTC,8.23,0,-0.32617504610769743,1.5752609699342932
Not Placed,0,CSE,6.69,0,0.14759242475023257,0.37600456886358835
Not Placed,0,IT,7.19,0,-1.5846881511520767,1.2719234007737152
Not Placed,0,ECE,6.59,1,-3.324696455436429,-0.1939260015289706
Placed,1,CSE,7.17,0,-0.44662870684326067,0.5928466917297808
Not Placed,0,CSE,6.47,1,-1.8937912331082543,0.796197621917394
Not Placed,0,Mechanical,6.7,1,-2.4827650345555012,0.1170278443794397
Not Placed,0,CSE,6.93,3,0.3730095798399401,-1.2509667588024627
Not Placed,0,CSE,7.96,2,1.6481868365410517,-0.7183154140294229
Placed,1,IT,7.73,3,0.02007805491828949,-0.02467052202341505
Not Placed,0,ECE,6.3,1,-1.2838977741140143,-1.3206165859506913
Placed,1,IT,10.0,0,1.0919951597355841,1.3036931387438053
Not Placed,0,ECE,7.28,1,-1.8621898411383646,-0.7021564241621331
Not Placed,0,CSE,6.57,3,0.2393228928743995,-3.4548789750300073
Placed,1,ENTC,8.2,2,3.517146409206024,-0.7219324027481553
Placed,1,Mechanical,7.7,3,-0.4811136008141608,-0.42416356515564757
Not Placed,0,CSE,7.01,3,-0.47173013002244135,-0.4179483179531747
Placed,1,ENTC,8.03,2,3.0308083062767825,-1.8631342210245834
Not Placed,0,IT,7.13,3,-1.3982292996111394,-1.33967067457634
Placed,1,IT,7.45,3,0.057888273691034345,-0.327300127279328
Not Placed,0,CSE,8.95,0,0.6641290071089988,0.5495929095988163
Not Placed,0,CSE,7.81,1,-2.8605597809409318,1.1390434582526372
Not Placed,0,Civil,8.22,0,-0.7242936531873049,0.46418481971624376
Not Placed,0,ENTC,7.26,3,0.5015191252072388,-1.3176661566176928
Not Placed,0,Mechanical,7.83,0,-2.2033061195924786,2.1120931188459364
Not Placed,0,IT,7.04,3,-0.5818763873622705,-1.6497674492892622
Not Placed,0,ECE,7.01,1,-2.815210014055715,-0.40424011713451025
Not Placed,0,ECE,7.35,1,-2.2541592239674877,-0.5085365013170096
Not Placed,0,IT,7.11,1,-1.6128788043884694,-1.1277168624422664
Placed,1,ENTC,8.58,0,0.5607040469219261,2.838927394395304
Placed,1,Mechanical,8.19,0,1.1406738014046787,1.6301827811991128
Not Placed,0,Mechanical,5.75,1,-2.1963395526013487,-1.319737896620287
Placed,1,Civil,9.17,0,1.2622666665717204,1.95309805267612
Placed,1,IT,8.24,2,1.3892931319507766,-0.6760036486469818
Not Placed,0,Mechanical,8.67,1,-1.5143999748082586,-0.7412766022968589
Not Placed,0,Civil,7.55,3,0.24189946516482835,-1.6338581971021615
Not Placed,0,ECE,6.43,1,-1.9296407071796116,-0.9290458478063518
Not Placed,0,IT,6.57,0,-0.7753587564579835,-0.01781498674223761
Placed,1,CSE,9.15,2,4.429066607962981,1.3778837243534243
Not Placed,0,IT,6.32,0,0.2875540043296205,0.3087333758444017
Not Placed,0,IT,6.47,1,-1.964323797730687,0.8180408177134441
Placed,1,Mechanical,7.33,3,1.1963011427218442,-0.7341800130954264
Not Placed,0,Civil,6.52,3,-0.904501780988529,-0.5587136416357347
Not Placed,0,Mechanical,8.15,3,0.2527081143528882,-0.15079419252990878
Not Placed,0,CSE,8.22,3,1.4122259705982798,-1.060947950600476
Placed,1,ECE,8.05,0,0.6795847212989832,0.5036776642553038
Not Placed,0,CSE,7.18,1,-1.6784397368416575,-0.7118512572536453
Placed,1,CSE,7.95,0,-0.13158528404410672,0.39458805040915984
Placed,1,CSE,9.22,2,5.171923137334073,1.3146131606185691
Not Placed,0,Civil,6.48,1,-2.123275655893234,0.6022005789480694
Placed,1,ENTC,8.65,2,5.692368057439265,-2.490875208529659
Not Placed,0,ENTC,8.39,0,-0.6872509271185194,0.5832592552331805
Not Placed,0,IT,7.61,2,1.281289873656909,-0.501282300040207
Not Placed,0,CSE,7.84,0,-1.835294467322233,1.5471762566590328
Placed,1,ECE,8.0,2,2.3459651046207797,-0.9772321180701612
Not Placed,0,ECE,6.87,1,-3.478330644979155,-0.8017629599842194
Not Placed,0,Mechanical,6.31,3,0.5449571256204353,-3.347304818374374
Placed,1,IT,8.47,0,1.2305283861947505,1.4271865626995177
Not Placed,0,IT,6.64,3,0.4282691841658676,-0.9694568287693661
Not Placed,0,Mechanical,6.77,1,-3.519429792866483,-0.8812680546287966
Not Placed,0,CSE,7.26,0,0.043592469932946194,0.3045765944764474
Placed,1,CSE,7.94,2,3.0757961682495143,0.4323060899492797
Not Placed,0,Mechanical,7.28,3,-0.01797584894521546,-1.3725760628896797
Placed,1,ENTC,7.08,1,-2.3929182937709936,-0.06891073205000064
Not Placed,0,ENTC,8.51,3,1.4127082328231273,-1.3090090389164235
Not Placed,0,IT,7.42,1,-2.6206796609005316,-0.2628224431659489
Placed,1,ECE,7.02,0,0.6040756775521421,2.6703252903273085
Not Placed,0,CSE,8.04,1,-2.4622647562869586,-0.001132841795679098
Placed,1,ECE,7.75,2,3.018711914353684,-0.6966421744928165
Not Placed,0,CSE,7.72,0,-1.0638803849994773,0.6747161997128034
Not Placed,0,IT,8.08,2,1.3556555283462906,-0.061408561208261846
Not Placed,0,CSE,7.58,1,-1.8473240022262563,-0.014222648094822581
Not Placed,0,CSE,8.42,1,-2.311862876337749,0.7652120867520574
Not Placed,0,CSE,6.49,3,0.28000577547866606,-1.1394177176000648
Placed,1,IT,8.76,2,3.0289459297443986,2.225593026242527
Not Placed,0,Mechanical,6.92,3,0.9196602060271815,0.10850438746391344
Not Placed,0,CSE,6.31,1,-1.67309236657764,-0.35699090348205487
Not Placed,0,CSE,7.03,3,0.7130368737592856,-1.5662082725781874
Placed,1,ECE,7.4,0,0.14435090259248903,0.40470960468350686
Not Placed,0,ECE,7.08,0,-1.6357126786430405,1.4990353148757622
Placed,1,CSE,6.88,3,1.214016652356237,-1.3437972411632844
Not Placed,0,IT,8.56,0,-0.26768959986168817,0.5855154423269773
Not Placed,0,IT,6.96,0,0.8948097193042412,0.6611534618994684
Not Placed,0,IT,5.78,1,-1.971101140254723,-1.1939737423472794
Placed,1,CSE,7.4,3,1.6343842477482071,-1.837716333040455
Placed,1,ECE,9.44,2,1.7192008866464228,0.6217998373381562
Not Placed,0,CSE,6.8,3,-0.33241234297750716,-0.03341932581008342
Not Placed,0,IT,6.94,1,-1.7834574432778767,-0.28647371161847063
Placed,1,ECE,7.36,3,0.6514532650836649,-2.084636754534947
Placed,1,IT,9.01,0,-0.11862715070650304,3.76197597761778
Not Placed,0,Mechanical,7.39,3,1.0067081348651932,-2.5939322805545184
Placed,1,CSE,6.83,2,3.067008103022529,-3.225211725163258
Placed,1,ECE,8.01,2,1.9409230305566956,-0.8950878041631187
Placed,1,CSE,7.95,1,-2.694705581230587,-0.14839758641666942
Placed,1,CSE,8.11,0,-0.11318355926017518,1.1666539861603582
Not Placed,0,CSE,6.8,3,1.2477942955888783,-2.1243648830987327
Not Placed,0,Civil,7.22,0,-0.9658144570286609,1.62287031999708
Not Placed,0,IT,8.66,0,-0.6194913700102925,1.3065071599240676
Placed,1,CSE,8.05,2,1.8697585793303497,1.0247992494483185
Placed,1,ENTC,8.39,0,-0.5585390352466216,1.0088082588939624
Not Placed,0,CSE,7.65,0,-0.41227053496575905,0.577221480256763
Not Placed,0,CSE,8.6,0,-1.279556536155241,2.0290713410997485
Placed,1,Mechanical,7.95,2,3.39622333240438,-1.1521914449653732
Not Placed,0,CSE,7.25,1,-1.9731533697578214,-0.22329659359946757
Placed,1,IT,8.33,0,0.3995224341270183,1.9064565627667893
Not Placed,0,Mechanical,6.96,3,-0.8622206843487997,-2.1228126532398055
Placed,1,IT,9.01,0,1.5245138221585337,1.8109803959233137
Placed,1,ENTC,8.56,0,0.913298451731021,3.054362430626666
Placed,1,IT,7.45,2,2.610906423434126,0.6115516909067998
Not Placed,0,IT,7.54,3,0.07596977376302619,-0.6278616598709099
Not Placed,0,CSE,7.81,3,-0.8108394092664194,-0.5171724429493282
Placed,1,Mechanical,7.55,0,-1.1083425103186937,0.9894360509972544
Not Placed,0,IT,8.82,0,-0.5136776442548401,1.7426313079256026
Not Placed,0,CSE,7.24,3,-0.08508129612364902,-0.37820261673257066
Not Placed,0,CSE,6.42,1,-3.706133743516046,-1.6509513526138886
Not Placed,0,IT,7.48,1,-2.0485623161055138,1.3659557394892046
Placed,1,IT,8.34,0,1.2554134359922924,1.230397076458752
Placed,1,Mechanical,8.56,2,1.6155317482884166,0.8736013493889851
Not Placed,0,ECE,7.8,1,-2.1838943438392295,0.8800462196782738
Not Placed,0,CSE,7.16,1,-1.6491750839026302,-0.8638646005013468
Not Placed,0,CSE,7.66,3,-0.02330461697956545,-0.5471458419369162
Not Placed,0,IT,7.14,1,-2.893877397747006,0.37177324023854375
Not Placed,0,CSE,5.74,3,-1.0237705248930848,-1.63721045541087
Not Placed,0,CSE,6.98,0,-1.530527150236259,2.3348539629346217
Not Placed,0,Mechanical,8.13,3,0.4047788475886897,-0.7867067228374782
Not Placed,0,CSE,7.47,3,0.11291319508444492,-0.3350604798074403
Placed,1,CSE,7.44,2,4.482956796700667,-2.213798711905047
Placed,1,ECE,8.64,2,1.8519681958841532,1.2972385891403675
Not Placed,0,CSE,6.88,1,-3.168661782042434,0.07002131831515619
Not Placed,0,ENTC,6.96,1,-3.217042466363978,0.3923217912436533
Not Placed,0,ECE,7.98,0,-0.0052796180179571755,1.3432895280735262
Not Placed,0,IT,7.09,1,-3.7099529670584896,-0.8411743035493373
Not Placed,0,Mechanical,7.09,1,-3.628554503022386,-2.083340436195634
Placed,1,CSE,9.02,2,2.3437898126132892,-0.1782269455061219
Not Placed,0,IT,6.79,2,1.926267463605645,-1.5639442663804692
Not Placed,0,ECE,7.08,0,-0.6458406913118555,0.3958729629466833
Not Placed,0,ENTC,8.07,0,-1.1627906425378411,2.10563443823904
Not Placed,0,IT,7.66,2,2.189876218584994,-2.1270427691215756
Not Placed,0,CSE,6.53,3,0.11988462251101002,-2.8945104569460707
Not Placed,0,Mechanical,9.22,0,0.18205247015903714,0.7129915862769545
Not Placed,0,ECE,7.02,3,0.2528318151038942,-1.319928037497262
Placed,1,CSE,7.49,3,1.7166920187690875,-1.562742518712678
Placed,1,CSE,8.07,2,2.0624460643865317,1.5109801660699844
Placed,1,ECE,9.54,0,0.3980388376386745,1.314207800336912
Placed,1,ECE,7.35,0,-0.58761102226662,1.9719373740942672
Not Placed,0,IT,6.92,1,-3.498904269394379,0.2384280559226803
Placed,1,CSE,8.12,0,-0.4937806203000633,0.6465405352939128
Placed,1,CSE,9.47,2,3.101977985201973,0.6894000042202558
Placed,1,ENTC,7.82,0,0.4597887433486297,0.6315559548232978
Not Placed,0,ENTC,7.46,0,-1.8279539189960494,1.8184710311121026
Not Placed,0,ECE,8.03,3,0.6401007430654841,-0.13166807477787248
Not Placed,0,ECE,5.94,3,-0.5416648511604274,-1.532953389349561
Placed,1,CSE,7.18,0,-0.6593035019549307,1.336981650358484
Not Placed,0,ENTC,6.15,1,-1.87260762213758,-1.582763204003848
Placed,1,Mechanical,7.39,2,1.4265991117094963,0.4496335445072844
Not Placed,0,ENTC,7.26,3,1.4145848337733213,-1.732904867243313
Not Placed,0,Mechanical,5.46,1,-1.143297345308617,0.44866901817915317
Not Placed,0,Mechanical,7.85,3,0.5678195883211802,-0.9183420407871391
Not Placed,0,IT,8.23,3,1.24773028497211,-0.8453335228548187
Not Placed,0,CSE,7.54,3,-0.31940257651516646,-1.2643632790207833
Not Placed,0,CSE,6.4,3,-1.6200588865263097,-3.5401352016991394
Not Placed,0,CSE,8.78,0,0.6220227673142078,0.984191762179968
Placed,1,ENTC,9.31,2,6.134922785806881,-0.575645975748013
Placed,1,CSE,8.04,2,2.072074461572763,0.8862030473073074
Not Placed,0,IT,7.4,3,-1.1740280827800482,-1.6794223294630877
Placed,1,CSE,7.41,2,1.559162282014605,0.35239790531155807
Placed,1,IT,8.07,0,0.6585032361013574,1.1479669245152697
Not Placed,0,CSE,7.78,0,0.4473237617148999,0.9794883372775822
Not Placed,0,IT,8.07,0,-2.0156420687666943,2.239849453924832
Placed,1,IT,8.08,0,-0.10061293477483438,1.689298906449586
Not Placed,0,CSE,7.07,1,-1.092023804663351,-0.9022506631118383
Placed,1,ECE,7.0,3,0.2630285570184889,-0.7932017722075521
Not Placed,0,ECE,7.46,0,-0.8196532670840128,0.2768720056641803
Not Placed,0,IT,8.1,1,-1.4189399969870515,0.7337963783953226
Not Placed,0,Civil,6.37,1,-1.3205807956533908,-0.49054629013475887
Not Placed,0,IT,7.51,1,-3.221298538155526,0.8893459067831392
Placed,1,ECE,7.67,3,1.1583123462776803,-0.16445655488984925
Not Placed,0,Mechanical,7.29,2,1.7713256951128813,-1.5465735177210165
Placed,1,Mechanical,8.89,0,0.29887380869293295,3.791508066102103
Not Placed,0,CSE,8.75,3,-0.22563816130795805,-0.47181662925152545
Not Placed,0,CSE,8.05,0,1.2647770697209155,2.0362307664999615
Placed,1,ENTC,9.2,2,4.336808138024354,-2.387299396657372
Not Placed,0,ECE,8.45,0,1.323587299694911,1.0588948387614177
Placed,1,ENTC,7.81,2,1.470049543029541,-0.43270544580547393
Not Placed,0,CSE,7.29,3,0.8623052379161079,-1.0325378352492982
Not Placed,0,Mechanical,7.36,1,-2.7082633657466313,-0.012829829303781057
Not Placed,0,Mechanical,8.02,0,-0.9892091755839078,1.1707104234971777
Placed,1,ENTC,7.38,1,-1.4621217441948664,-0.43182230412054995
Not Placed,0,Civil,6.41,3,-0.6481081276760351,-0.052426241269921674
Not Placed,0,CSE,7.38,1,-1.8096934775601667,-0.07121686822552122
Placed,1,IT,8.57,2,1.866419965571508,-0.3719562501631802
Not Placed,0,ECE,5.51,1,-2.301217926834513,-2.62050982906741
Placed,1,ECE,8.89,0,1.3535185323013985,1.5113610964777158
Placed,1,CSE,8.19,2,2.3847886819635336,-0.5464199209125186
Not Placed,0,CSE,7.5,3,0.3721412459085351,-0.2083199979431862
Not Placed,0,ECE,7.94,3,-0.9331159062075837,-1.241610903323687
Placed,1,IT,8.52,2,1.1987569300641154,0.3872586402683414
Not Placed,0,ENTC,7.73,0,-1.2752602803927409,0.599541172235381
Placed,1,Mechanical,8.51,0,0.26110459218928245,3.299288747442399
Placed,1,IT,8.42,2,3.4715809909995583,1.1274547074045425
Not Placed,0,ENTC,7.85,1,-1.0836328299992801,0.01074153632202831
Not Placed,0,IT,6.76,1,-1.9139088218308093,0.8263725090844054
Placed,1,CSE,7.62,2,1.9556484587030065,-0.02048143355262884
Not Placed,0,Mechanical,5.96,3,-0.9000383710125262,-2.570893840436446
Not Placed,0,IT,8.08,0,-0.2899324469524987,0.018831301326542666
Placed,1,IT,7.34,3,1.4479401840550896,-0.9599859523947457
Not Placed,0,Civil,7.18,0,-0.5065949818848279,0.9547894766559808
Placed,1,IT,8.26,3,1.0542543365165695,-0.31726886334312643
Not Placed,0,CSE,6.62,1,-1.8473500979068667,-1.6446006435695972
Not Placed,0,CSE,7.8,0,-0.4933118533363459,0.7557634720293063
Not Placed,0,IT,7.41,3,-0.8907123801610138,-1.0631147747743277
Not Placed,0,IT,7.55,0,-1.5595049247924981,1.1824619301460986
Placed,1,ENTC,7.94,0,-0.19937000107504843,1.3443636324226542
Placed,1,CSE,9.25,0,-1.06078118217931,3.2011151852274313
Placed,1,CSE,8.04,0,1.0680981396625704,2.745867766607122
Not Placed,0,ECE,8.85,0,0.9774625715036616,0.7004506848244593
Placed,1,CSE,8.89,0,0.3893154660517367,2.069546186695
Not Placed,0,CSE,8.35,0,0.447448085136983,1.2291148731268602
Not Placed,0,Civil,6.13,1,-4.132933127250646,-1.0084307309791867
Not Placed,0,ENTC,7.5,1,-1.982699461765976,-1.107797786127485
Not Placed,0,CSE,6.77,1,-2.2760479583136832,-0.919535622049215
Placed,1,CSE,10.0,2,2.8721170515938605,1.7624914839137775
Placed,1,ENTC,6.85,0,-0.1537560136314487,0.9330191055278889
Not Placed,0,ECE,6.43,1,-3.6443732282227925,0.9703775975793149
Not Placed,0,CSE,5.35,1,-2.9456455570314803,-2.9402151205554206
Not Placed,0,CSE,6.82,3,0.5550229096316158,-2.351906906724474
Placed,1,IT,7.8,0,-1.0284992244231144,0.4426131424915586
Placed,1,Civil,8.62,3,0.7019778123739192,-2.4915883983366416
Not Placed,0,ECE,6.79,1,-3.1015343530048405,-0.06900887184527185
Placed,1,CSE,8.7,2,1.9838643102635674,-0.5661041612090805
Not Placed,0,CSE,7.65,1,-3.0041665370699473,0.08131873371507634
Not Placed,0,Mechanical,7.29,2,1.2379713740086102,-0.47263107702656376
Placed,1,CSE,7.85,2,2.884541465021607,-1.221113139474003
Placed,1,ENTC,8.9,0,0.47124257102947154,0.5190787773851584
Not Placed,0,ENTC,7.74,1,-1.389250015801424,-0.23637215315375798
Not Placed,0,Mechanical,6.76,1,-1.70765106872985,0.7158225368247996
Placed,1,CSE,8.06,2,2.8309044914473467,0.3602960792078765
Not Placed,0,ENTC,8.05,0,-0.29245305841253233,1.6589900468592487
Not Placed,0,CSE,7.54,1,-3.4630870802927247,0.8090447656048795
Placed,1,Civil,8.57,2,2.546865469253041,1.2019675529528364
Not Placed,0,IT,5.75,1,-2.539128697241582,-2.3259522700854864
Placed,1,CSE,8.0,0,-0.012480601054278168,0.18791515704456002
Placed,1,CSE,8.37,3,0.5101464523596825,-0.9514394439253323
Not Placed,0,Mechanical,6.47,1,-1.8867415635391642,-1.4982238797770127
Not Placed,0,IT,6.44,1,-2.185873054429526,-1.0884036847642715
Not Placed,0,IT,8.55,2,1.7670083523803357,1.042835818810944
Placed,1,ENTC,8.7,0,1.1158270433598183,0.8771741218776021
Placed,1,CSE,8.86,2,1.7066630609706526,0.3373810611133274
Not Placed,0,CSE,7.11,1,-3.352098752122662,0.9222196498671834
Placed,1,IT,7.87,0,0.3608309676226345,0.5920743813192639
Placed,1,Mechanical,7.98,3,0.6427353296241926,-0.4160444174366468
Not Placed,0,ECE,6.25,3,-0.42483154812286406,-1.980006764889704
Not Placed,0,ECE,7.83,0,0.4616665588575748,1.2693691336844983
Placed,1,Mechanical,7.82,2,2.847246621341439,-1.4485831067868653
Placed,1,ENTC,8.33,0,1.5994172729881502,2.4443734838617224
Not Placed,0,CSE,7.21,3,-0.46554974390769144,-1.6034003460324182
Not Placed,0,IT,8.76,0,0.4193552675217995,0.7862981813312161
Placed,1,ECE,7.77,3,-0.030677351118297357,-0.8775788520050227
Placed,1,ECE,9.15,0,-0.8197118116505485,1.8053579885258209
Placed,1,IT,8.33,2,3.3549290388650452,-0.20815344335707273
Not Placed,0,Mechanical,7.94,0,0.2709364007842253,0.11174861350424091
Not Placed,0,CSE,6.7,1,-2.3783014845477424,-1.7468758359664944
Placed,1,CSE,6.58,1,-1.9650499116440459,-1.6388713623032727
Placed,1,CSE,9.06,0,1.469601102121235,1.4734128798556736
Not Placed,0,Mechanical,8.45,3,-0.0741906467837672,-0.4325536921312809
Placed,1,IT,7.46,0,-0.023491394474905093,0.6041141196544415
Not Placed,0,CSE,7.35,0,-0.8356659930635418,0.3574159081376088
Placed,1,CSE,7.89,2,2.157752829395529,1.0329832790292126
Placed,1,Civil,6.56,2,4.052751772702382,-0.9318501258081223
Placed,1,CSE,7.3,0,0.525312041628094,0.8142813060884584
Not Placed,0,CSE,8.22,1,-2.2788017929296607,1.8769275718108152
Placed,1,Civil,8.33,0,0.9965086674315026,2.34751048275297
Not Placed,0,ECE,7.39,3,-0.020899557781235985,-0.27625427705134586
Placed,1,IT,9.06,2,3.311036047753145,1.6012653346270223
Not Placed,0,IT,8.59,0,0.30116455677886145,1.5442937548254383
Not Placed,0,ECE,7.05,1,-2.033398773467132,0.5157904144990854
Not Placed,0,CSE,6.62,1,-1.737010655084347,-0.058638600087104926
Not Placed,0,IT,8.21,0,-1.1038358463919589,0.7062283596923347
Not Placed,0,CSE,7.32,1,-3.137644341333516,1.4424257798944886
Not Placed,0,Civil,7.16,1,-1.2848521076465436,-0.6065207000159141
Not Placed,0,ENTC,7.89,0,-1.4655766660975234,2.3266426806279696
Not Placed,0,CSE,8.31,3,0.05379434891089037,-1.5151144452787533
Placed,1,IT,8.37,3,1.4337187733652108,-0.3215820844287197
Not Placed,0,CSE,7.75,0,-1.0110773476476054,0.47441262705740234
Not Placed,0,Civil,5.75,3,-1.1139392582992678,-1.9177661428437074
Placed,1,ECE,8.51,0,-0.7672773442614367,1.0724963858288925
Not Placed,0,CSE,7.01,1,-2.4749953362790458,0.6892983716111859
Not Placed,0,ENTC,7.96,0,0.5535603601935544,0.3812259004164995
Not Placed,0,IT,7.6,3,-0.24807705127816862,-0.9867956007203889
Placed,1,CSE,9.61,2,4.554953799333421,0.4141890123485449
Placed,1,CSE,9.45,2,2.7354075873796,0.04196777053709472
Placed,1,Mechanical,7.31,2,2.6684574007275756,-2.0815315327585506
Not Placed,0,ENTC,6.56,0,0.5679099839817401,0.19280623008535275
Not Placed,0,CSE,6.62,3,-0.997419251851599,-0.5388461257854611
Placed,1,CSE,7.93,0,0.7246271752496183,1.6984808623677934
Not Placed,0,Mechanical,7.24,1,-2.0096428934218546,1.2219001947167174
Placed,1,IT,6.76,3,-0.644597933990245,-1.3063612402363658
Not Placed,0,IT,7.25,0,-1.7124324276768128,1.863721392688625
Not Placed,0,Mechanical,8.08,0,-0.25076109084664716,1.507736223541833
Placed,1,Mechanical,7.63,0,1.2077881127486036,2.084696431211379
Not Placed,0,CSE,7.29,0,-1.5986917749294194,1.2385959246013527
Not Placed,0,IT,7.4,3,-0.6728773025858824,-2.6087427259971507
Not Placed,0,ECE,7.56,3,0.5604144939104312,-0.19060064376442495
Placed,1,IT,7.89,2,1.3199411682579405,0.02678966275017865
Placed,1,ECE,7.94,2,2.1387654593728067,0.5570666232481257
Not Placed,0,ECE,6.3,3,-1.0396163440194424,-2.0130798352636643
Placed,1,ECE,7.84,3,1.007345639850043,-0.9768763409290536
Placed,1,CSE,7.39,3,-0.27793641412064485,-3.4385899668378395
Not Placed,0,ENTC,6.84,1,-1.5414762013025456,0.764016966089191
Placed,1,Mechanical,7.38,2,2.328963318886064,-0.12354081775387167
Placed,1,ECE,8.68,2,2.5098535507174877,-0.62612988663243
Placed,1,CSE,8.39,0,0.657003088048203,0.39681290414778514
Placed,1,Civil,7.78,2,2.0205246613711263,-0.7071104415551649
Placed,1,CSE,6.94,3,0.9279924508946562,-0.2901104392999556
Placed,1,IT,6.54,2,1.671277406977607,0.3062902085608617
Not Placed,0,IT,6.9,3,1.2823787402463267,-1.5112116010679255
Not Placed,0,CSE,7.71,1,-1.5972631103899853,1.0440428285910108
Not Placed,0,IT,7.73,1,-1.6668325555122183,1.17195864177214
Not Placed,0,ENTC,7.15,1,-1.669392841450099,1.1382115649045599
Placed,1,IT,8.45,2,3.565711627412467,0.6076493633572602
Placed,1,CSE,8.03,2,4.624671500549068,0.49651824266893446
Not Placed,0,Mechanical,5.45,1,-2.385594494233853,-1.579205989349051
Placed,1,IT,7.79,3,0.3640412378757874,-0.13699749550758805
Placed,1,CSE,8.34,2,1.8911514779260166,0.6173942445842175
Not Placed,0,Civil,7.87,3,1.0466791265377842,-1.2974681150042404
Placed,1,IT,8.19,2,2.3185900944503275,1.0018017242258295
Not Placed,0,CSE,7.48,0,0.03771414505351778,1.4539506770610966
Not Placed,0,IT,7.64,3,0.19125606041753254,-1.9726366944153524
Not Placed,0,ECE,7.66,3,1.0380015707462507,-0.9404284320348191
Not Placed,0,CSE,7.86,3,-0.33147797708082827,-0.4841021459995131
Not Placed,0,Civil,7.21,1,-2.4833778740322465,0.43244870429528764
Not Placed,0,ECE,8.63,0,-1.3547324890717598,2.808656434587828
Not Placed,0,ECE,8.91,0,-0.7298931296368021,1.919081585801301
Not Placed,0,Mechanical,7.25,2,1.54160951415753,-0.7053321500847766
Placed,1,IT,6.71,0,0.8947976090175693,0.11631574005358743
Not Placed,0,ENTC,6.56,1,-3.0180574618531133,0.16679952140227366
Not Placed,0,ECE,8.04,2,1.052611254140533,-0.03777771876722599
Not Placed,0,ECE,8.2,1,-2.4557923250690687,1.4992078159708355
Not Placed,0,ECE,8.05,0,-0.6773422301656534,1.200971524522798
Not Placed,0,IT,8.12,3,0.4647067959830634,-0.11979474892964898
Not Placed,0,ENTC,7.22,3,0.8090155491884702,-1.1994859288723843
Not Placed,0,ECE,6.01,1,-3.2680752858762223,-2.056292858414687
Not Placed,0,ENTC,7.28,1,-1.6255632823040456,-1.420669917841929
Not Placed,0,Mechanical,9.11,0,0.8993322094721464,1.693015594471616
Not Placed,0,CSE,7.93,1,-2.4045764565813275,0.36005517762197126
Not Placed,0,Civil,8.06,2,2.4439597227011136,-1.3201461519973523
Not Placed,0,IT,8.47,3,0.46704986263879905,-1.516279273128133
Not Placed,0,IT,6.99,1,-1.9941247556213761,-0.5784660149006101
Not Placed,0,CSE,7.89,0,-0.5700644435154709,-0.0277476282040447
Placed,1,IT,8.14,2,2.249601057751447,-0.14686696477522182
Not Placed,0,CSE,6.91,1,-2.329535738256491,-0.8447776450440122
Not Placed,0,CSE,8.01,1,-1.5786185394178087,-0.31902529783246036
Not Placed,0,ECE,8.8,0,-0.30568906321032896,1.7086118231694425
Not Placed,0,Civil,7.36,2,3.4355310115736892,-2.3369128644672474
Not Placed,0,ENTC,6.24,3,-0.22366136155758662,-2.0063356827349557
Not Placed,0,CSE,7.85,1,-1.9362405333705586,0.00422941843537422
Not Placed,0,Civil,7.14,3,-0.05987365944977595,-1.7311284092483596
Not Placed,0,ENTC,7.85,0,0.8235364726379277,0.779723693432282
Not Placed,0,ENTC,6.98,0,0.09688678907609681,0.5639755572736358
Placed,1,IT,7.75,0,-0.18573498284839232,3.1196511354526026
Placed,1,ECE,8.74,0,-0.4349307197631174,2.3096258365028075
Not Placed,0,IT,7.68,1,-1.1718576604862243,0.6397512341251588
Not Placed,0,CSE,6.3,0,-1.5720326947863048,1.4040158772281532
Placed,1,IT,8.02,2,2.1293595814174764,0.20590996963917824
Not Placed,0,ECE,7.72,0,-0.5255671257066983,0.05654385346904058
Not Placed,0,IT,7.88,3,0.4797838636121341,-0.5609581137009485
Placed,1,CSE,8.53,0,-0.09261472928075179,3.1540119248291574
Not Placed,0,ECE,7.25,1,-1.0645723088667498,-0.44050106183492743
Placed,1,CSE,7.46,2,1.5474958476572604,0.1412005044094267
Not Placed,0,CSE,6.82,0,-1.8093867487471313,1.6444104120991032
Placed,1,Mechanical,7.86,2,3.0442665615014253,-1.9726207135470926
Not Placed,0,Mechanical,7.84,0,0.8650836000027532,0.5877472857296807
Placed,1,Mechanical,7.48,3,0.9157013589313413,0.19008231332949171
Not Placed,0,ENTC,8.34,0,-1.313715070873525,1.969734020997018
Not Placed,0,CSE,6.82,3,0.26199008281766173,-1.3021541825207286
Placed,1,IT,7.81,0,-0.9851424672911244,0.9454714194190733
Placed,1,CSE,8.21,0,0.8899878809679772,1.8525271387563966
Placed,1,Mechanical,7.24,0,-1.0947347212516945,1.3167302734900002
Placed,1,CSE,6.53,3,-0.05689908413098319,-0.8459479425244146
Not Placed,0,IT,6.26,1,-3.7190302438304905,-0.9631991456826126
Placed,1,ENTC,7.83,0,1.3588246985101544,1.0468181053218513
Placed,1,ECE,9.14,2,2.5981294398430244,1.3172940626201695
Not Placed,0,CSE,7.18,3,-0.9452114297484457,-1.8044948140174746
Placed,1,Mechanical,8.08,0,0.01600382492177048,0.5668081893182558
Not Placed,0,ECE,5.64,1,-1.7775988054474734,-2.345949330353066
Not Placed,0,Mechanical,8.02,3,0.1895346556296932,-0.2778110778969541
Not Placed,0,CSE,6.77,1,-1.444943855186117,-0.8695008434668952
Placed,1,CSE,7.37,2,1.5602435689933667,0.4169390589661732
Placed,1,IT,7.77,2,2.8906778905933783,-0.3475593271530145
Not Placed,0,CSE,6.29,1,-1.5746770351097807,0.05394748747862101
Placed,1,IT,10.0,0,1.8221814161180916,3.77622839003659
Not Placed,0,IT,7.19,3,-0.888987660015766,-1.3723260409766647
Not Placed,0,CSE,8.22,3,1.1459904121484787,-0.12333625551354623
Placed,1,CSE,8.97,0,0.9866817401244895,2.7977677836601837
Placed,1,CSE,7.95,0,-1.5029660413033417,1.8475278203342205
Not Placed,0,IT,6.66,3,-0.5978243255369126,-0.7049187394799256
Not Placed,0,CSE,7.79,1,-1.0310717210510143,-0.7556047349172322
Not Placed,0,IT,6.14,1,-2.9257697781171186,-1.0596234664822266
Not Placed,0,IT,7.42,0,0.06585174808154072,0.3124250138830431
Placed,1,Civil,9.13,2,2.449316821708237,1.2350035833720598
Not Placed,0,CSE,6.5,0,-1.221370945534992,1.3129170739971587
Not Placed,0,ENTC,7.0,3,0.45032288948645277,-1.4535697139843262
Placed,1,IT,9.28,2,1.7353838942351012,0.9899846140472439
Not Placed,0,CSE,7.55,0,-0.8602722203115283,2.4221196286123523
Not Placed,0,IT,6.94,1,-3.9560305649802707,-1.3714192016955236
Placed,1,CSE,8.03,3,1.165776388691466,-0.4597866935356426
Not Placed,0,ENTC,7.3,3,-1.4961129270894264,-1.772931962311419
Not Placed,0,Mechanical,5.39,1,-3.790310407107826,-0.2707648809925201
Not Placed,0,CSE,6.54,1,-2.821115251747418,-1.5093654140475616
Placed,1,CSE,9.45,0,0.48699447374699606,2.692172261830362
Not Placed,0,ENTC,7.98,0,1.3644430692145582,1.3289135896180129
Placed,1,ECE,8.94,0,0.6405286898394867,3.3417307831874905
Not Placed,0,CSE,6.83,1,-2.930831938442423,-1.9272919709101823
Placed,1,CSE,7.65,0,-0.6391420168200667,1.3271762241018634
Not Placed,0,CSE,7.56,1,-3.6494991109876134,-0.24781897135448733
Not Placed,0,CSE,7.23,3,1.2572180710386736,-0.8317757376447401
Placed,1,CSE,7.88,0,-0.014692314569295142,1.0770907564234122
Placed,1,IT,6.75,2,3.264341116847947,-1.2018930740315377
Placed,1,CSE,8.73,0,0.3308944843622925,2.050857836422888
Placed,1,CSE,8.1,2,3.241484293169142,-0.8714013990805438
Not Placed,0,CSE,7.55,0,-0.11432550931973189,0.41905071073793654
Not Placed,0,CSE,7.81,0,-0.38610679898610445,0.034857168151884055
Not Placed,0,ECE,7.44,1,-2.4247827845121024,0.4320041872757329
Not Placed,0,CSE,6.23,1,-3.546708751306062,0.532947336044302
Not Placed,0,IT,6.86,1,-2.16206534829245,-0.3332393766807635
Not Placed,0,CSE,7.55,1,-2.077192913518021,-0.9973215825891589
Not Placed,0,IT,7.4,0,-0.5761158731170547,0.25814080968862546
Not Placed,0,CSE,8.25,1,-0.9696812600060682,-0.10448191995145047
Placed,1,CSE,8.18,2,1.453514227029698,0.3536155697401279
Not Placed,0,CSE,7.22,1,-2.873512099815924,-0.7842027192554217
Not Placed,0,CSE,6.89,1,-2.1840550148244047,-0.4528491403246568
Placed,1,CSE,8.34,0,0.033521149565699536,0.45302348093636247
Not Placed,0,CSE,7.86,3,-0.5912291832733748,-0.18503706115794571
Placed,1,IT,7.17,3,0.23316449039657647,-1.4200924398002268
Not Placed,0,Civil,6.73,1,-2.9315210027336436,-0.5584945637414603
Not Placed,0,CSE,7.13,1,-1.479355648308788,-0.4715942047192276
Not Placed,0,ECE,8.03,3,-0.1817437719724149,-0.5119741692989733
Placed,1,IT,9.13,2,2.132629824580069,1.372397497467226
Not Placed,0,Mechanical,7.52,2,2.673827134085307,-2.786099090169756
Not Placed,0,CSE,6.99,3,0.9686734211516237,-3.4050013179784653
Placed,1,CSE,9.53,2,2.4133659075844935,1.0462145782818075
Not Placed,0,ECE,7.38,3,-0.5233384228049792,-1.1244532633387794
Not Placed,0,CSE,7.03,3,0.9741265086391662,-0.4456959413109962
Not Placed,0,Civil,7.35,1,-1.417141952744565,-1.0388141168708438
Not Placed,0,IT,7.31,1,-1.6801118775965573,-0.11531074879012027
Placed,1,ENTC,8.78,0,1.3873008593119849,0.8942227180374333
Not Placed,0,Civil,6.28,1,-1.419095803002829,0.41154055104151155
Placed,1,CSE,8.21,0,0.2324024399684876,0.6328916976360489
Placed,1,Mechanical,7.69,0,0.4081628132229275,0.5103941793388835
Not Placed,0,IT,7.23,1,-2.9291451262733337,0.9852913416910783
Not Placed,0,ECE,7.41,0,0.42073383439530176,1.0873893846273575
Not Placed,0,CSE,7.49,2,1.292731930239261,-0.37285368918778355
Not Placed,0,CSE,7.77,3,0.969981043083542,-0.06722535029704442
Placed,1,CSE,7.32,0,-0.38078460443008316,1.3313318579015436
Not Placed,0,ECE,7.64,0,-1.7393377816940432,1.3532801950045363
Not Placed,0,ECE,7.04,3,1.1424847962215943,-2.9694157804948498
Placed,1,CSE,9.55,2,2.321434147373492,0.744804817017727
Placed,1,CSE,8.56,0,0.8839335148515346,2.001026652731197
Not Placed,0,CSE,8.12,1,-1.4525611026430922,0.7464831561018899
Not Placed,0,ECE,7.32,2,1.1413313780971501,-0.07625457012303723
Placed,1,IT,8.4,2,2.0573700080038813,-0.39706645204615826
Not Placed,0,CSE,7.95,3,0.017928649057787772,-0.5671761916563866
Not Placed,0,Civil,7.8,3,-0.019360525571068637,-0.653706059576529
Not Placed,0,Civil,7.25,0,-0.9780217500585241,0.26926716465839096
Placed,1,CSE,7.93,0,0.14372765268761095,0.8431153212161738
Placed,1,CSE,9.13,0,1.773410834156928,1.5509005129237872
Not Placed,0,ECE,7.77,3,0.10872306014066943,-0.8656883017385112
Not Placed,0,CSE,7.48,1,-1.18584129710437,0.5411229319503822
Not Placed,0,IT,7.78,3,0.8917472780464561,-0.5322788175417544
Placed,1,Civil,7.74,3,0.15001971483421883,-1.0645284653646836
Not Placed,0,CSE,7.23,3,0.6389194666558901,-0.737304348109356
Not Placed,0,CSE,7.07,0,-0.6461893055101061,-0.02238267270482059
Not Placed,0,CSE,8.37,0,-0.8640276782732361,0.7580145830391612
Not Placed,0,Mechanical,8.72,0,0.6803251214463686,0.7706388686583272
Placed,1,ENTC,9.63,2,2.5777884641158497,1.6710166199545284
Not Placed,0,IT,8.09,3,-0.7907457002759586,-0.8766787777853693
Not Placed,0,ECE,7.8,3,-0.7102132542732177,-0.3984414622887022
Placed,1,Mechanical,8.47,2,2.5007989697338155,1.4381176708168821
Not Placed,0,ECE,6.93,0,-1.2879959763138644,1.815808523326987
Placed,1,IT,8.25,2,2.9981723307439236,-0.68483625974459
Placed,1,CSE,8.58,2,2.6001653433383374,0.7722290711688887
Placed,1,ENTC,8.57,0,1.2161508991120897,0.9180109406217886
Placed,1,IT,9.12,2,1.9296529528476527,0.8771021233310732
Not Placed,0,CSE,7.19,0,-1.2047859209373764,1.389628886583877
Placed,1,ECE,7.28,3,0.7247966829009198,-0.3606957092965453
Not Placed,0,ECE,7.52,3,-0.14647731452609555,-0.2791581721492002
Not Placed,0,IT,6.75,0,-0.16576216923331946,-0.0003126387493242196
Not Placed,0,CSE,8.16,0,-0.33094287056955357,1.0675942248298027
Not Placed,0,CSE,8.27,1,-1.7317785928539153,-0.5374818524832061
Placed,1,IT,8.18,0,0.7056459265507051,1.6966058769105017
Placed,1,CSE,7.83,2,2.907139993380596,0.3808775515474312
Placed,1,CSE,8.55,0,-0.3569257192077771,1.2269170875295248
Placed,1,IT,8.19,0,0.01063772610746241,1.208392230181089
Placed,1,CSE,7.19,3,0.16692603783408377,0.17553090001130614
Not Placed,0,Civil,5.19,1,-2.3817966862863265,-2.1430377991244636
Not Placed,0,CSE,7.42,1,-2.1339706997447663,0.18127802612282223
Placed,1,CSE,7.73,0,-0.16267414958348186,1.1476108533566125
Not Placed,0,CSE,7.74,0,-1.4359140371241614,1.7436182771162942
Placed,1,CSE,7.55,2,2.092477405744086,-1.0675459709831305
Not Placed,0,CSE,7.24,0,-0.6153974665962496,0.6839669475646007
Not Placed,0,Mechanical,6.98,0,-0.6671018071732211,1.7369168781683313
Not Placed,0,ECE,6.82,1,-2.783627210815743,-1.0747675978757456
Placed,1,CSE,8.07,0,1.1567572426425825,1.0131522303924831
Placed,1,CSE,8.63,2,2.1407278130888714,0.2370359087332869
Not Placed,0,CSE,6.64,0,-1.1830963425698893,1.0601133060946204
Placed,1,CSE,7.65,2,2.0218855858943034,-1.0007367227682442
Placed,1,CSE,8.37,2,1.9703102868343951,1.182509412321859
Placed,1,CSE,7.54,3,0.16038156253608837,-2.4484120009000594
Placed,1,CSE,8.31,2,2.1880221262987223,-0.5890189360615469
Placed,1,CSE,8.62,2,5.0628840455889605,0.3786262729078433
Not Placed,0,ENTC,8.04,3,0.9275578988212393,-2.1115208265568173
Not Placed,0,CSE,7.28,1,-2.8300401544252143,2.079777285484514
Placed,1,Mechanical,8.82,0,0.1824026181234813,2.323543673638301
Not Placed,0,CSE,7.47,3,-0.6361722924688964,-0.9475873803949679
Not Placed,0,ECE,7.47,1,-3.5108812137587093,0.004880860810417738
Placed,1,ECE,8.14,0,0.8354873891809844,1.2952972306104003
Not Placed,0,ENTC,7.44,1,-2.901667247454415,-0.6044205632575744
Not Placed,0,ECE,7.51,3,0.3124030234665162,-1.827613248403346
Not Placed,0,IT,7.38,3,-0.5688570946013369,-0.4092782670717225
Placed,1,CSE,7.55,0,0.2396411887447938,0.9775645367531309
Not Placed,0,Civil,7.87,3,-0.7213870433679859,-0.7230554564019165
Not Placed,0,CSE,6.02,1,-3.8873690073807614,-1.7682452363767969
Not Placed,0,ENTC,7.62,0,0.7210630155563046,1.6659221873181624
Not Placed,0,Mechanical,6.2,1,-3.9441757028116093,-0.049548676728896325
Not Placed,0,CSE,7.35,0,-1.575831762163609,1.8595558369161316
Placed,1,Mechanical,7.99,2,2.3225515336604103,-0.2781117588817651
Placed,1,CSE,7.42,0,-0.22466578854664282,0.7249839489820056
Placed,1,IT,8.3,0,0.37937133486438607,0.8789498430378228
Placed,1,ECE,8.0,2,3.095871104301444,0.7509070908834478
Placed,1,ENTC,5.87,1,-1.78678509168257,-0.8804365726543023
Not Placed,0,CSE,8.72,3,-0.17498597607543293,0.0272689237346392
Placed,1,IT,7.91,0,0.7480988809734875,0.8080587690939198
Not Placed,0,ECE,7.22,1,-1.984954851523525,-0.33561853979894324
Not Placed,0,ENTC,7.3,1,-3.8056849424282158,-0.4353614677187403
Placed,1,ECE,5.93,3,0.2204394079662476,-0.38841401614346943
Not Placed,0,CSE,7.89,0,-1.1676595513297392,1.6815128439749072
Not Placed,0,CSE,8.25,2,2.5692130733664587,-0.7049875219094455
Not Placed,0,CSE,7.12,1,-2.0648190570603258,-0.137400569625149
Not Placed,0,IT,6.93,1,-2.5407456862018805,0.6251908309203237
Not Placed,0,ENTC,7.82,0,-0.6213078758755716,1.2211325421980999
Placed,1,IT,8.72,3,1.19687808706286,-0.5550068898125722
Placed,1,CSE,8.63,2,2.2073964139765767,-0.3430040457051482
Not Placed,0,Mechanical,8.4,2,1.8059343315031058,0.24106962641156346
Placed,1,CSE,9.42,2,3.6748627557617746,-1.7119726392770396
Placed,1,ENTC,8.49,0,-0.6878871476037642,1.9010188143427194
Not Placed,0,CSE,8.68,2,2.2878708276728354,-0.6077484613627944
Not Placed,0,CSE,7.77,0,-0.17068144198079008,0.9875196707503632
Not Placed,0,ECE,7.41,3,1.4336502395339021,-2.4252626374813153
Placed,1,Mechanical,8.66,2,2.6191693931575952,1.346400080276589
Not Placed,0,ECE,6.87,3,0.6620179069299242,-0.024792234212055207
Not Placed,0,CSE,8.06,1,-1.6155222840397796,0.9492517873877245
Placed,1,IT,7.18,3,-0.022885198156435024,-0.9211921543504745
Not Placed,0,ENTC,7.99,1,-1.2908222595589067,-0.04132115434172677
Placed,1,CSE,7.93,2,1.623501122835521,0.4087200577499748
Placed,1,IT,7.84,2,1.1467179015634326,0.3009165063261451
Not Placed,0,CSE,7.68,0,-1.0397009243750268,1.283212327356058
Not Placed,0,IT,8.15,3,0.7939044227935061,-0.6823350276212135
Placed,1,IT,8.29,0,1.9604034641134902,2.037068601016623
Not Placed,0,Mechanical,6.51,1,-3.0576798148419395,0.30486562323787275
Placed,1,CSE,7.66,2,3.114502303956375,-0.14554018426316756
Not Placed,0,CSE,7.34,3,-1.1787859554417417,-1.3428083538683644
Not Placed,0,Mechanical,7.87,2,1.4076740185045482,-0.013091584022688074
Not Placed,0,Civil,7.35,3,-1.1662966583003793,-3.122592958620984
Not Placed,0,Mechanical,8.78,0,-0.26730886918820546,0.5103301546592264
Not Placed,0,ENTC,7.64,1,-1.3845649978175874,-0.27255699096050356
Placed,1,Civil,8.54,2,2.1603918162799647,0.9260953666135979
Placed,1,IT,6.89,2,2.9574909419114994,-2.139685694103261
Not Placed,0,Mechanical,7.46,2,1.8570327410155947,-1.070497380133558
Not Placed,0,CSE,7.18,0,-0.9765219297640508,0.9110366235697889
Not Placed,0,IT,8.03,0,-1.6558669338858565,1.5036800191171793
Not Placed,0,IT,6.69,1,-1.1462441865201096,-0.31505647178840307
Not Placed,0,IT,6.25,3,-1.3839631022738246,-1.2740058380091865
Placed,1,ENTC,7.17,3,1.246102201944033,-1.6218341885033412
Placed,1,Mechanical,8.18,2,1.4367722436631492,-0.12816473225872752
Not Placed,0,IT,7.01,3,0.03418560997765121,-0.6650171211387185
Not Placed,0,ENTC,7.93,3,1.862110176407264,-1.9371516647114464
Not Placed,0,ENTC,7.15,0,-0.06214245117571697,0.33312399873788145
Not Placed,0,IT,6.21,0,-0.2784507834131504,0.24584893524972792
Placed,1,ENTC,8.42,0,1.1223246138866791,1.0920026701161503
Placed,1,IT,8.25,2,4.8476413571294765,-0.6954574441879163
Not Placed,0,CSE,7.67,3,-0.3031258466933599,-1.6671462435120838
Not Placed,0,CSE,7.74,3,-0.2631062938563622,-0.3279280361149067
Placed,1,Mechanical,7.52,3,0.500046377469121,-0.5386801119964537
Placed,1,IT,6.82,3,0.8307244325189836,-1.8328350120862893
Placed,1,CSE,8.81,2,3.8255960771499464,0.06512374989755967
Not Placed,0,CSE,7.61,3,0.8481626478988556,-0.9464361117770581
Not Placed,0,ENTC,8.01,3,-0.5085204463852285,-0.2071134562002663
Placed,1,Mechanical,7.28,0,-0.8383659922630804,2.1056668841162924
Placed,1,CSE,8.08,2,1.7915505930510134,-1.2561696957440662
Placed,1,ENTC,8.67,2,3.033989487345907,2.594089606471335
Placed,1,ECE,7.84,1,-2.5614084543026796,1.8447162275548143
Not Placed,0,IT,8.01,0,-0.9260293242071316,1.3233833654460332
Placed,1,CSE,8.45,3,2.1956950631146794,-2.642620476389486
Not Placed,0,CSE,8.3,0,-0.0719620983833979,1.6601437170483908
Placed,1,ECE,8.59,2,1.8486127745742351,-0.6130687568830062
Placed,1,CSE,7.97,0,-0.5673500207257794,2.701747356035028
Placed,1,CSE,7.97,0,0.07690796685982573,0.7321030823962704
Not Placed,0,Civil,7.9,1,-1.723783220013604,0.6353691920075718
Placed,1,Mechanical,8.44,0,1.1790508700594184,0.9048927956009952
Not Placed,0,CSE,7.33,0,-0.5295139011193025,1.5608876693930942
Not Placed,0,ENTC,8.15,1,-1.9609467729812131,-0.2249023763859131
Placed,1,Civil,9.65,0,0.6873943161113204,2.882152530122342
Not Placed,0,IT,8.01,0,0.11162171822263267,1.5255196374020308
Not Placed,0,ECE,6.68,1,-1.5526169702480936,-0.6315265838623852
Not Placed,0,CSE,7.45,1,-1.2989838628090213,-0.025335239677570256
Placed,1,ENTC,8.23,2,2.382898603713275,1.9258816366300862
Not Placed,0,IT,7.13,1,-1.957678955780141,-0.4832107641978083
Placed,1,ENTC,6.87,1,-0.9565303318010238,0.1837090756042027
Placed,1,IT,6.53,3,-0.9282660285177634,-1.3327073059440686
Placed,1,CSE,7.52,0,-0.9005018434343405,1.2937830678638078
Placed,1,ENTC,9.07,2,3.0557305521692664,1.9036027739451316
Not Placed,0,IT,7.25,0,-0.5984604912409555,0.4547578498828915
Not Placed,0,Mechanical,8.44,3,0.11329984355449961,-0.8644861987172799
Not Placed,0,IT,7.46,1,-2.2301079368208003,0.06827796120770435
Placed,1,CSE,7.37,3,0.7123629932787567,-1.1248481110562862
Not Placed,0,ENTC,8.14,1,-1.5606941854665553,1.107012202575319
Not Placed,0,IT,6.4,1,-2.9355538917451494,-3.4473635294556915
Not Placed,0,ECE,9.12,0,0.03250734018757471,0.5461939203819466
Not Placed,0,CSE,8.16,0,0.18009014933693998,1.981800543856832
Placed,1,ECE,8.59,0,-0.8002430440373962,3.185981201800328
Not Placed,0,ECE,7.48,1,-3.109389887850722,-2.0618992933270333
Not Placed,0,CSE,8.12,0,-0.8643470249982195,1.348734779184643
Not Placed,0,CSE,8.49,1,-1.5962348424342918,1.4008717373068
Not Placed,0,IT,7.62,0,0.3490740576208378,0.10700052311709153
Not Placed,0,Civil,6.96,1,-2.4393485250517224,-1.2139739887807397
Not Placed,0,CSE,6.9,1,-2.1029406921792115,-1.4965999257566205
Placed,1,CSE,7.34,3,0.22218011226380582,-0.42329270411117736
Not Placed,0,IT,7.89,3,0.5798461029038899,-1.3310177891286639
Not Placed,0,ENTC,7.56,0,-0.6181441133408598,0.6945804518086842
Not Placed,0,CSE,7.28,1,-2.4734873046269303,-0.5339418947988398
Placed,1,IT,8.28,0,-0.9228428055574579,0.6789388491899273
Not Placed,0,Mechanical,7.31,3,0.6443692605370915,-0.7197400409675127
Not Placed,0,Civil,7.19,3,1.5802329687580283,-1.5455033277610262
Not Placed,0,Mechanical,8.5,0,-1.6911151875484438,1.8042924517908576
Placed,1,CSE,8.17,3,0.05958715664936494,-0.8186526007534164
Not Placed,0,CSE,6.66,1,-3.1215797489211496,-0.6646720926132761
Not Placed,0,IT,6.57,1,-2.4215030441130163,-1.9113317784901507
Not Placed,0,CSE,6.76,1,-1.541413869222502,-1.433183603379889
Not Placed,0,ECE,7.67,3,-0.2351392890418625,-0.33791523420340686
Placed,1,CSE,8.7,0,0.5892273412694412,0.8642661511380029
Placed,1,CSE,8.93,2,3.5713038647602584,0.14729463431825904
Placed,1,CSE,8.34,2,1.6182710012906851,-0.5113037791626164
Placed,1,ENTC,9.33,2,2.063126863284646,1.2908384213123327
Placed,1,IT,7.87,2,3.5744559593211416,1.6404277211185274
Not Placed,0,Mechanical,8.64,0,-0.4667216370002533,0.5496601836714434
Not Placed,0,CSE,7.21,1,-1.913415083242395,0.6942062119776818
Not Placed,0,ECE,6.38,1,-1.748723041402151,-1.3196235913358856
Not Placed,0,Civil,7.44,0,-0.9650690666529576,0.2921998254778191
Not Placed,0,IT,7.59,3,-0.48777979111296416,-0.3351124138723087
Placed,1,Mechanical,9.9,2,2.7848464012041427,0.8123378205608821
Not Placed,0,ENTC,7.7,3,0.15491703036914972,-0.9422260638764972
Not Placed,0,Civil,6.83,1,-2.6263888777521007,-0.2684805513461981
Placed,1,CSE,8.52,2,2.9655015639454043,1.0911313901737627
Not Placed,0,IT,7.05,1,-1.5178601560492953,-1.5573220936016685
Placed,1,IT,7.82,2,1.945961302930865,0.9757117415815659
Not Placed,0,ENTC,8.45,0,-1.2566519720099296,2.2409790905530302
Placed,1,IT,6.91,2,2.2004856054636264,-1.6308618874668859
Placed,1,CSE,8.99,0,0.5111297436625629,0.5980759797335494
Placed,1,Civil,8.66,0,1.1348845895600508,0.7139958449580709
Not Placed,0,CSE,8.0,1,-2.3834287118357387,1.5043292090696032
Placed,1,CSE,9.19,0,-0.20829759734444106,1.5039315915387814
Not Placed,0,ENTC,7.38,1,-2.315645075927565,-0.2772432997167778
Not Placed,0,CSE,8.38,1,-1.731709055848558,0.3075864412570846
Placed,1,CSE,7.94,2,1.7503048933208905,0.8891328025904898
Not Placed,0,IT,7.16,1,-1.6130003146071663,-1.028371426218726
Not Placed,0,CSE,7.18,1,-1.246657414974765,-0.3976913920347143
Placed,1,IT,9.43,2,2.533596511246705,1.8595340504462659
Not Placed,0,ENTC,8.6,0,-1.9397438476814475,2.858608423583989
Placed,1,CSE,8.46,0,0.1869625445212533,0.5832442608950573
Placed,1,CSE,7.17,2,3.2488615788543944,-0.4552844459534667
Placed,1,Civil,8.3,2,1.7800195770372835,-0.280028890599095
Placed,1,ENTC,7.39,0,-0.03708332235435034,0.49765897452841423
Placed,1,CSE,9.14,2,2.375187660551296,0.2855236956120736
Placed,1,Civil,8.73,2,5.012427338469993,0.8889675703776203
Placed,1,IT,8.48,0,0.5953778273737549,0.6108116373488398
Not Placed,0,CSE,8.4,3,0.5857457937225093,-0.20125061256180876
Not Placed,0,Mechanical,7.63,3,0.3838722739480298,-2.1659622633577187
Placed,1,CSE,8.11,2,1.765897786551267,-0.561151794608628
Placed,1,CSE,9.01,2,4.01171441562574,0.6531278563009594
Placed,1,ENTC,8.1,0,-1.1536712190038816,1.9930537934849522
Not Placed,0,IT,6.99,0,0.6099078648118856,0.1827701803347692
Placed,1,IT,8.77,2,2.633983685822414,0.11538178449880906
Not Placed,0,ENTC,7.12,1,-1.6230902550851127,-0.37377770168909824
Not Placed,0,IT,7.67,3,-1.0464617334006805,-1.5565259772381907
Placed,1,IT,7.3,2,2.020229872576027,-1.439760936322002
Not Placed,0,CSE,5.48,1,-2.0257326644362657,-1.6272605535620135
Placed,1,CSE,7.85,0,-1.2191774844479393,0.6038718269778756
Not Placed,0,CSE,9.55,0,-0.1816096637068623,1.1572235154460562
Not Placed,0,ENTC,7.97,0,-0.6090076542031888,0.18511331667433586
Placed,1,CSE,10.0,2,2.391581260388444,0.32001318502430887
Not Placed,0,ECE,7.57,2,1.2281306287513654,-0.2854605820684632
Not Placed,0,IT,7.89,1,-1.7074433138181366,-0.5534636843902362
Placed,1,CSE,7.61,3,1.0254060480029124,0.030888808112844057
Not Placed,0,Civil,7.75,0,0.22224372508811613,0.6758633177538018
Not Placed,0,CSE,8.01,0,0.0929657899205987,0.6283071438853954
Placed,1,CSE,8.98,2,2.084261651650804,2.0660812476790515
Not Placed,0,Civil,6.99,3,-0.4881462969937294,-2.089785339919963
Not Placed,0,CSE,7.71,3,0.9421396922549574,-0.7354975937081997
Placed,1,CSE,8.22,2,1.5603978661927158,-0.15112182737033433
Not Placed,0,CSE,8.79,0,0.10520264661620661,1.2888463575210396
Not Placed,0,ECE,5.87,3,-0.1425627737856089,-2.828605257718296
Placed,1,IT,6.51,0,-0.27759594691039613,0.27369382931507524
Placed,1,ECE,7.73,0,-0.7224381292333463,0.43145228376234296
Placed,1,ENTC,8.65,0,-0.2785550015397947,2.3341287425989745
Not Placed,0,ECE,7.29,0,-0.7579250482625254,2.1758280120133
Not Placed,0,IT,8.27,0,-0.971790051433622,1.3580698263571542
Placed,1,IT,9.38,3,0.4882370692386167,-0.44883231090966824
Placed,1,ENTC,7.71,2,3.9563139606447275,-2.5662306990402137
Not Placed,0,Mechanical,7.51,1,-2.7357558194724265,2.2494427969806225
Placed,1,IT,8.1,2,3.1277715195704516,-0.7333079623205526
Placed,1,CSE,7.85,2,1.842670233439912,-0.6245738792109022
Not Placed,0,ECE,7.92,1,-1.3783950815094101,0.6191435119741583
Not Placed,0,ENTC,7.55,3,-0.02676620419063723,-1.9318580913703405
Placed,1,Mechanical,7.48,3,1.131971105880892,-2.5261031349861187
Not Placed,0,ECE,6.85,1,-1.312596158046737,-0.23623529759225714
Not Placed,0,IT,8.22,3,1.289206096991342,-1.4895774855758177
Not Placed,0,ENTC,6.82,3,-0.8726406314280646,-0.6300164887714669
Not Placed,0,Mechanical,7.01,3,-0.410478043272297,-1.0158750714297942
Not Placed,0,CSE,6.68,1,-3.5899007313894336,-0.1889044177438931
Not Placed,0,CSE,7.42,3,0.07679810140546502,-0.1632818388064376
Not Placed,0,IT,7.72,3,-0.5342872252153483,-2.00139674370813
Not Placed,0,CSE,6.77,0,-0.785268066423004,1.247266485904696
Not Placed,0,Mechanical,7.47,2,1.7227837402282495,-0.7975490897247712
Not Placed,0,IT,7.84,0,0.10555723632140594,0.6033825728793205
Not Placed,0,ENTC,6.37,1,-1.5562282378650003,-1.2217665894100402
Not Placed,0,IT,7.05,0,-1.4118218200313688,0.9145030780865269
Placed,1,CSE,9.23,0,1.0803176720933496,2.2250279474067938
Not Placed,0,ECE,7.1,1,-1.6227251806114051,0.33576086514034464
Placed,1,IT,8.3,3,0.1695758204987981,0.047524279714590376
Placed,1,ECE,7.27,0,0.6027559649360292,1.1213927641815478
Placed,1,CSE,7.87,3,0.642063452174831,0.07294855801849487
Not Placed,0,ENTC,7.02,3,1.0965316025492624,-1.2341515262338651
Not Placed,0,Civil,6.08,1,-3.0990446485460272,-2.525909190214798
Not Placed,0,CSE,7.33,0,-1.243689862343851,1.3602562611694615
Not Placed,0,IT,8.08,0,1.1611722775127922,0.5284452108573928
Placed,1,ENTC,8.28,2,1.6515318423904377,1.3084841516229733
Placed,1,CSE,7.82,3,0.7121046482171037,-1.441194570225801
Not Placed,0,IT,7.04,1,-3.183859739033996,-0.5423284086512905
Placed,1,Mechanical,8.48,2,1.7718269046131083,0.7873422118549217
Not Placed,0,CSE,7.09,3,0.1224710529829083,-1.5015023908061742
Not Placed,0,ECE,7.14,3,-0.046173470932318404,-0.628416532862629
Not Placed,0,CSE,6.87,3,1.3419475487945383,-1.8676212708678381
Not Placed,0,ECE,7.34,1,-2.01090386045421,0.9448826768467737
Not Placed,0,ECE,7.45,1,-2.8006230307527438,1.4392190342682312
Placed,1,CSE,7.95,2,1.3958541259002808,-0.29202640799764384
Not Placed,0,CSE,6.55,3,-1.0310610265715654,-1.5577912993168554
Placed,1,CSE,7.31,0,-0.825286493114267,0.5829387722834716
Not Placed,0,IT,7.02,3,0.18239838443768946,-0.3097155366925466
Not Placed,0,ENTC,8.06,3,0.17086911560297238,-0.06432314493680175
Not Placed,0,Mechanical,7.96,1,-3.2335276823837074,-0.5591791784547268
Not Placed,0,ENTC,6.82,3,-0.24029443293945427,-3.3555672997951547
Placed,1,ECE,8.12,0,-1.5610102323606558,3.084932529096066
Not Placed,0,CSE,7.66,3,-0.08015384761656616,-0.421984981877375
Not Placed,0,ECE,8.37,0,-0.12179943387828052,0.43094546846692944
Not Placed,0,ECE,7.15,3,0.06956324808684179,-0.45296480090347807
Placed,1,IT,8.2,0,0.3000783136174763,0.8570497701482497
Not Placed,0,CSE,8.44,0,1.397851097990363,2.4415573280862475
Placed,1,CSE,7.76,2,2.3498523964668405,-0.19584679722440237
Placed,1,CSE,9.48,2,4.708228376840242,1.2831927900295732
Not Placed,0,ENTC,8.12,0,-0.5888263249738486,0.7248967489965169
Placed,1,CSE,9.2,0,1.2624867192425795,0.6892355725199933
Placed,1,ENTC,9.84,2,4.895987754483538,0.4058993268215925
Not Placed,0,Civil,6.28,3,-1.4669389595138547,-2.1209360853485597
Placed,1,Mechanical,8.68,2,2.228194690578605,0.9202504864202887
Placed,1,ENTC,8.14,0,1.1729317545418527,1.0355857731956255
Placed,1,Mechanical,7.91,0,0.63399991582571,0.12088434695092236
Placed,1,CSE,7.14,3,1.0358021677396072,-1.3477867129393777
Not Placed,0,ENTC,6.94,3,-0.3947627533036038,-0.6146948332723978
Not Placed,0,ECE,6.8,3,-1.2278538473486809,-0.8661541738896553
Placed,1,Civil,9.59,2,4.846052365632965,0.23602046444008765
Not Placed,0,CSE,8.11,3,-0.31589249603675496,-1.0964395053682718
Placed,1,CSE,6.54,1,-1.72775428927517,1.150504766269666
Not Placed,0,ENTC,6.81,1,-2.4196199320194185,-1.973136458812985
Not Placed,0,ENTC,5.98,1,-2.1740381746539432,-0.8825582309297503
Placed,1,IT,8.71,0,0.9037361238326628,0.9912648702588823
Not Placed,0,ECE,7.74,1,-1.5018500238086743,0.7123597526116449
Not Placed,0,ECE,8.13,3,0.8976740616216299,-0.0963555100172283
Placed,1,ECE,7.7,2,1.7551249511173506,-0.8057998768919328
Placed,1,Civil,8.51,0,-0.32765360460142584,2.857777953780019
Not Placed,0,ECE,7.36,0,-0.3191187738292014,0.3834482273613132
Not Placed,0,Mechanical,7.95,1,-1.1974877365913774,0.46752490817959846
Not Placed,0,CSE,7.93,1,-1.7658058875086144,0.8919748112924378
Not Placed,0,IT,6.71,1,-3.588841104376276,0.5613362979631756
Not Placed,0,CSE,7.09,1,-1.4802895505764806,-1.4035983524461766
Placed,1,CSE,7.44,0,-2.3784002438006295,2.7062602095914365
Placed,1,ENTC,7.97,0,-0.1001532617534519,0.46489387630411366
Not Placed,0,ECE,8.88,0,1.3428051495055906,1.120758514676488
Placed,1,CSE,7.8,0,0.1015737136091207,0.6886468142982854
Not Placed,0,CSE,7.63,1,-2.468496891059032,2.341762222409338
Not Placed,0,Civil,7.96,0,-2.007450302330698,1.9888396268411763
Placed,1,IT,7.57,3,-0.3454135945113789,-0.008312450665385216
Not Placed,0,IT,7.68,1,-1.0336297534343233,-0.4528099405494484
Placed,1,ECE,8.99,2,4.756054276728038,1.108355707941582
Not Placed,0,ECE,7.51,1,-0.8696897665457048,-0.21635849823537545
Not Placed,0,CSE,7.92,1,-1.4526676439806014,0.22863861674578237
Not Placed,0,IT,7.15,3,0.15361169456281334,-1.5968037066813716
Not Placed,0,CSE,8.77,3,0.11993125659630123,0.02288909189436671
Not Placed,0,IT,6.93,1,-2.59561442103456,0.7266945320048028
Not Placed,0,IT,7.64,3,0.6871665236527177,-1.7743040857676373
Placed,1,CSE,8.54,2,1.5590658505876493,-0.2074443123147667
Placed,1,IT,6.96,3,0.6882382333971819,-0.9126481468945955
Placed,1,CSE,8.44,0,-0.024000064844222953,1.1621888209862852
Not Placed,0,ENTC,5.96,1,-2.6267844053139475,-2.696059100241578
Not Placed,0,IT,6.77,1,-1.9567152782970527,-0.1971125689409147
Placed,1,CSE,7.62,3,0.5272031062718909,0.008886749588026622
Placed,1,CSE,9.75,0,1.5663883581170919,3.128250931602251
Placed,1,IT,7.82,0,1.2602675579788416,1.7788969432914077
Placed,1,ENTC,7.84,3,1.0819882140929709,-1.1468645601743526
Placed,1,IT,8.68,2,1.793942713110874,0.8553994669804539
Not Placed,0,Civil,6.78,0,-1.262581402206368,1.3682780483997055
Not Placed,0,ECE,5.12,3,-1.0857405162005898,-4.218983202563709
Not Placed,0,CSE,9.17,0,1.7068897261848632,1.6664156310072682
Not Placed,0,Mechanical,8.21,3,0.6936945344848706,-1.0862262849845192
Not Placed,0,CSE,7.32,3,0.43215388100562824,-0.3079091774787415
Not Placed,0,CSE,7.75,0,-0.5097008607674394,2.1464032687743893
Not Placed,0,CSE,8.59,3,0.2880870226278791,-0.3201897501749586
Not Placed,0,ECE,7.59,3,-1.7028209912691497,-2.553120855673401
Not Placed,0,ECE,7.82,0,0.5972237650104749,0.360116556536791
Placed,1,ECE,9.43,2,3.897279934492531,-0.08988098121284029
Not Placed,0,Mechanical,6.64,3,0.13117201701829528,-3.397575610332812
Not Placed,0,Civil,8.14,3,0.9288784557452524,-0.5795176638839975
Not Placed,0,IT,6.66,1,-1.6189700849689357,0.7894162460017066
Placed,1,Mechanical,9.03,3,-0.5414213487278242,-1.3572145841094851
Placed,1,IT,7.95,2,1.49118086398822,0.2408585270566858
Not Placed,0,Civil,7.12,1,-4.006368107099876,0.1160898099848571
Not Placed,0,CSE,6.42,1,-1.3425541076887337,0.04272423241225695
Not Placed,0,CSE,7.4,3,1.199974784146912,-1.0113991786057699
Placed,1,CSE,7.86,2,2.5380366342601763,-0.6099988642111405
Placed,1,IT,8.68,2,1.2327389078977797,-0.07889909062122581
Not Placed,0,ENTC,6.77,3,0.6444024956817861,-0.8895935917062731
Placed,1,IT,7.0,2,2.5321788654380666,-2.015840300728068
Not Placed,0,CSE,7.28,0,-0.8610359814350389,0.09906046477157082
Placed,1,Mechanical,7.04,2,3.262643109946729,-1.1333131731495487
Not Placed,0,ECE,7.26,2,1.445590545355682,0.8463528908227608
Not Placed,0,ECE,6.9,3,-1.1441217359371363,-0.4561735943484093
Placed,1,Civil,8.05,2,3.6723796109103106,0.26885862946875405
Placed,1,IT,7.29,1,-1.8643815143965135,0.5708342163499305
Placed,1,CSE,7.71,2,1.548977879798785,0.4854803925958034
Placed,1,IT,7.96,3,1.2182494553695906,0.261855907098382
Not Placed,0,IT,6.53,3,0.5470048469293572,-2.1748488790606433
Not Placed,0,IT,8.2,3,0.09416366947444504,-0.39993000903895487
Placed,1,ECE,7.88,0,0.10177175387395829,0.4495678631402736
Placed,1,CSE,7.88,0,0.9151390674325145,0.7581653820524862
Not Placed,0,ECE,7.59,1,-2.595751781779694,1.6447092311814735
Not Placed,0,ENTC,7.47,3,1.5673783733092859,-1.635741944779948
Not Placed,0,CSE,7.75,3,-0.9391570091626438,-2.4146270630662805
Not Placed,0,CSE,7.78,0,-0.9327593800186168,0.3165898991512868
Not Placed,0,IT,6.7,1,-1.0664414283235366,-0.48014466947767015
Placed,1,ENTC,9.04,0,0.7637317824482557,2.1504870976272175
Not Placed,0,CSE,7.11,0,0.24886064616286496,0.3351648747799435
Placed,1,ENTC,7.76,0,-0.9692053507762578,1.2130416411707756
Not Placed,0,CSE,8.69,0,-0.48707852899066284,0.18152262337596636
Placed,1,ECE,7.41,0,-0.5541700638118868,0.2832170573029604
Placed,1,CSE,7.9,0,-0.25685908274037156,1.1792791629938832
Not Placed,0,CSE,5.84,1,-3.7871365269250394,0.9639497676037582
Not Placed,0,CSE,6.02,3,0.21575908768463856,-1.3769537759881545
Not Placed,0,ECE,7.68,1,-1.6779107433924076,0.7716942684897227
Placed,1,CSE,7.86,3,0.7085810609667389,-0.8086756093873061
Placed,1,ENTC,8.64,0,1.7852978059406588,2.3144850546776836
Placed,1,IT,8.38,2,2.5356047395403483,-0.9638241671988548
Not Placed,0,Mechanical,6.35,1,-1.9999950389058756,-1.6718647059424803
Not Placed,0,Mechanical,8.78,2,2.190630804845388,0.7358001832271086
Not Placed,0,CSE,6.69,0,-0.2820759675035323,0.39233351951607315
Placed,1,IT,8.43,0,1.3857183719457498,1.4302352200939312
Not Placed,0,CSE,7.32,3,-0.8601125745253422,-0.8075416845835746
Placed,1,IT,10.0,2,2.5332175393254475,1.3977987583933549
Not Placed,0,CSE,7.2,3,0.19087339331954117,-0.5790481604069945
Not Placed,0,CSE,7.64,0,-0.23294163048828792,1.1484711210706593
Not Placed,0,ECE,7.83,2,1.8991027186437253,-1.4523203975422854
Placed,1,IT,7.49,0,0.6777780201079181,1.188237553690583
Not Placed,0,Civil,6.85,3,1.7720463787690401,-1.791012842145014
Placed,1,IT,9.57,0,1.0230383280502267,2.139234320180904
Not Placed,0,IT,7.18,2,2.526436325812422,-1.9884976682009161
Not Placed,0,IT,7.15,3,-0.7518716281245191,-0.13450011114050586
Placed,1,Mechanical,7.61,2,4.601281578581441,-0.8207596132035787
Placed,1,Mechanical,7.86,0,-0.591251618169607,0.7139862573200446
Not Placed,0,IT,7.12,1,-1.918226313933152,0.9643627837901211
Placed,1,ECE,8.51,3,0.8408812808900318,-0.9679422187301454
Not Placed,0,IT,7.83,2,1.3561302656920922,0.3619728066511761
Not Placed,0,IT,7.72,3,0.48339162000362956,-0.8903944943816775
Placed,1,IT,8.17,0,0.18540227289408154,0.687719313330798
Not Placed,0,ENTC,6.98,3,0.666829118455619,-2.1330260826109364
Not Placed,0,CSE,7.2,1,-1.2230560233456484,-1.2000233312469315
Not Placed,0,CSE,7.68,3,1.17179219850372,-2.0394762899129546
Not Placed,0,IT,8.49,0,-0.7547704433339639,0.20906622125058716
Not Placed,0,Mechanical,7.49,1,-1.697236422536622,-1.0201373817354082
Not Placed,0,Civil,7.43,1,-2.791059960377991,-0.7910287644023629
Placed,1,CSE,5.91,1,-1.895833592100554,-0.1785128919775251
Placed,1,ECE,7.11,3,0.41212320378613365,-0.463822342946009
Not Placed,0,ECE,6.3,3,0.24790477697636407,-2.583798763859812
Not Placed,0,Civil,6.51,1,-2.5024706702358044,0.2750512143114367
Not Placed,0,CSE,8.01,2,1.7418097497043254,-0.045655644398201196
Placed,1,CSE,10.0,2,3.3689460596583984,0.870461973755119
Not Placed,0,CSE,7.87,1,-2.2266137043038743,1.1470051002043546
Not Placed,0,ECE,7.98,0,0.706247268270762,0.1469176174409409
Not Placed,0,CSE,7.05,1,-3.032888916190611,0.5163834105453092
Not Placed,0,IT,6.81,0,-1.4515584487712905,1.3319777652057911
Placed,1,ENTC,9.45,0,1.6374216215876192,1.3270991433939434
Not Placed,0,Mechanical,7.02,3,0.12980589763106984,-1.5143559601281453
Not Placed,0,CSE,6.0,3,0.2893116485780396,-0.11242347178710543
Placed,1,CSE,7.91,2,2.0656696008431794,1.529659036221016
Not Placed,0,CSE,7.33,0,-0.30819483900182215,1.2642284902852574
Not Placed,0,CSE,8.21,3,1.025846444192403,-1.2073756808359881
Placed,1,IT,9.03,0,1.1439111142992755,2.1643318564377347
Placed,1,CSE,8.01,0,-0.19982994362136994,1.0594755510576601
Not Placed,0,CSE,7.89,1,-1.1489207818891838,0.19541358836629363
Not Placed,0,Civil,8.26,0,-0.1905942075886709,1.490133674484078
Placed,1,IT,10.0,2,5.195714057032552,-2.097968746472901
Placed,1,CSE,9.64,2,2.4246883712432887,1.880967109877717
Placed,1,CSE,7.43,3,0.9581266782427649,-2.58030768302459
Placed,1,ENTC,8.51,0,2.0109957745259046,2.185866642435971
Placed,1,CSE,9.22,2,4.607939672708479,1.5098345317139075
Not Placed,0,CSE,8.29,3,0.6671833527783096,-1.7919017935626629
Placed,1,CSE,7.64,0,-0.42640161168771035,0.3307011022344359
Placed,1,CSE,7.28,0,0.4032715402086463,0.5653039387502411
Not Placed,0,CSE,7.78,1,-1.7690326703592623,-0.44682952269341475
Not Placed,0,ECE,6.73,0,-1.270032620349541,1.0556817681409465
Not Placed,0,CSE,8.46,3,0.03901851327709966,-0.7455163422190944
Placed,1,ECE,8.88,3,1.0256268724750428,0.04556787153547637
Not Placed,0,IT,7.36,1,-2.5598514245212076,2.383520955057671
Not Placed,0,ECE,7.32,0,-1.5523076217047025,1.530156127218995
Not Placed,0,Civil,6.8,3,-0.3346019473282743,-0.9415898286008784
Not Placed,0,CSE,8.1,3,0.9458455316579312,-1.4310769485580463
Not Placed,0,ENTC,7.69,1,-2.5935671822979294,1.2382632766733759
Not Placed,0,CSE,6.47,1,-1.4997040105607493,-0.6909610736477525
Placed,1,ECE,10.0,2,8.413339153785296,-1.271584416410888
Not Placed,0,CSE,6.19,3,0.3401810506646942,-1.0449496170883064
Not Placed,0,Civil,6.48,1,-2.7618232005185583,0.0818309917425723
Not Placed,0,IT,8.5,2,1.4530126287445695,0.372451215971294
Placed,1,IT,8.26,3,1.1535493992352883,-0.05480669408542832
Not Placed,0,IT,7.09,0,-0.7888993196473753,0.806574253855886
Not Placed,0,CSE,7.04,3,0.17471218592112384,-1.333613405866997
Placed,1,ECE,8.09,2,2.4153357825888637,-1.1762421801960439
Not Placed,0,ECE,8.02,3,-0.10034365704476843,-0.2872029900683898
Placed,1,IT,7.1,3,0.7739508948679308,-0.5709815925178285
Not Placed,0,ECE,8.54,0,-0.49675070917915204,0.6380292250816734
Not Placed,0,IT,8.19,3,-0.4839556705135403,0.036494089290519345
Placed,1,ENTC,8.84,2,2.06537192639866,-1.0572141753984774
Placed,1,CSE,7.66,0,-1.315506578350747,0.8090184972240029
Placed,1,CSE,8.39,3,0.7434004278642115,-0.6673680401769356
Not Placed,0,CSE,7.51,1,-1.933579341497301,0.23042324431142763
Not Placed,0,CSE,8.16,0,-0.8000510293034138,0.7924699142060306
Not Placed,0,ECE,8.0,3,-0.8363341309664081,-0.8045306053218967
Placed,1,Civil,8.42,0,0.2720080523197061,2.9464384976722156
Not Placed,0,CSE,8.14,1,-1.601542087803444,0.9636921434437749
Not Placed,0,CSE,6.09,1,-3.751374953395869,-1.2041049693475199
Not Placed,0,CSE,7.17,1,-3.0170807581223738,0.5775294686546417
Not Placed,0,ECE,7.77,1,-1.6759437454221207,0.7940854562820673
Placed,1,CSE,8.1,0,-0.7305261324169345,1.9877908702721794
Not Placed,0,ENTC,8.4,3,-0.11820104281078471,-0.3044731647661443
Placed,1,ECE,8.17,2,2.3525598643371026,0.3912005357164548
Not Placed,0,CSE,7.1,3,-0.41885906669035866,-1.714306680291913
Placed,1,Civil,8.48,2,1.3357499917594704,0.5452603962020793
Not Placed,0,IT,7.01,1,-1.9998537619629773,-0.09583034414113262
Placed,1,ECE,8.77,0,0.6790127802513605,0.4440536035191505
Placed,1,CSE,8.83,3,1.2760071486613085,-0.24805692547367955
Not Placed,0,IT,7.69,0,-0.09038280006964587,1.1431174686141985
Not Placed,0,IT,7.15,3,0.9555387979850797,-0.8167029468463791
Placed,1,ECE,7.11,3,-0.6331470983349518,-0.1893486080856001
Placed,1,IT,6.77,0,-0.516196498767971,0.10122080291831159
Not Placed,0,Mechanical,6.92,0,0.18354444496626615,0.34383385692159607
Not Placed,0,CSE,7.55,1,-2.50716488051837,1.4246895423758088
Not Placed,0,CSE,7.22,0,-1.144707092128566,1.3649802848809167
Not Placed,0,ECE,6.33,1,-2.6737768890992695,-1.995208202877831
Not Placed,0,CSE,7.29,1,-1.5796281296237502,0.4823454757860368
Not Placed,0,IT,7.78,3,0.48833695263351984,-1.4825038247142401
Not Placed,0,CSE,7.41,0,-0.6794194564990892,0.8171398581479428
Not Placed,0,CSE,6.94,1,-1.3817155493825624,-0.29456813945094745
Not Placed,0,CSE,5.67,3,-1.7354961150903059,-2.9135222524086446
Not Placed,0,CSE,8.67,0,1.5585816038660745,3.0222228924281027
Placed,1,ECE,7.67,3,0.09420629418650218,-0.37668982852614086
Placed,1,ENTC,7.97,2,1.794490970880845,-0.4334838870639053
Placed,1,CSE,7.85,2,2.009348719473382,-0.5695004253276409
Placed,1,ENTC,8.12,3,0.20083523761014957,0.0818395771709803
Not Placed,0,IT,7.9,1,-1.7486264227830017,1.1876469504052771
Not Placed,0,CSE,7.78,1,-2.423002843649432,0.8918938880912822
Not Placed,0,CSE,8.35,3,-0.9013739592281328,-0.711267153707807
Placed,1,CSE,8.53,2,5.014080198452316,2.448356176964414
Placed,1,IT,8.88,2,3.013155947645289,1.1736336971169654
Not Placed,0,IT,6.99,3,-1.3587925811137997,-1.7863064882590565
Placed,1,CSE,7.91,2,2.464128337673388,-1.7090149141382638
Not Placed,0,CSE,6.34,1,-4.440585838162183,-0.4625583706031464
Placed,1,CSE,7.29,3,2.0040006178560934,-1.8650611448282288
Not Placed,0,CSE,7.53,1,-1.7072769700258705,-0.8848078926236803
Placed,1,CSE,8.33,2,4.404706680181963,-0.011517494966008821
Not Placed,0,ECE,7.6,1,-0.9661757008355341,0.06139693955330446
Placed,1,CSE,8.27,2,1.3878584181517093,-0.07831649721353248
Placed,1,IT,7.41,3,0.15948107492377553,0.037912722589953714
Placed,1,CSE,7.21,2,4.539429107842607,-2.792337171885363
Placed,1,CSE,7.02,3,0.5444217745996786,-0.10225733733561704
Placed,1,ECE,8.29,0,1.5699441518156778,1.2126742621588222
Not Placed,0,ENTC,7.38,3,-0.04980888873648921,-1.2208756439690958
Not Placed,0,CSE,5.64,1,-2.791443234094105,-2.195793711541374
Placed,1,CSE,8.24,2,2.526266218966659,-1.3606703988705549
Placed,1,CSE,6.91,3,0.8349578397237863,-0.9464978962433445
Not Placed,0,ENTC,7.86,1,-3.0961348768251384,0.5212692338921853
Not Placed,0,ECE,6.74,0,-0.9061791295078278,0.44728344295579464
Not Placed,0,IT,7.71,1,-1.5407741025679413,-0.5345754107874193
Not Placed,0,Civil,5.26,1,-2.2598751517801405,-2.8748206665709466
Not Placed,0,CSE,7.67,1,-1.1523141302806794,0.25201104777111066
Placed,1,Civil,6.96,2,3.4435392197276102,-1.1730683077489032
Not Placed,0,CSE,6.62,1,-3.0446246778793093,-0.08233980134313063
Placed,1,CSE,8.35,0,-0.4668246819939799,2.9142343110321467
Not Placed,0,CSE,7.6,0,0.4867450028662588,1.477190115530282
Not Placed,0,IT,7.49,0,0.06165144163793649,0.03753528407273672
Not Placed,0,ECE,7.08,0,-1.7258219831606991,1.5814531736959314
Placed,1,IT,8.46,2,3.744839024488213,0.5103209174530086
Not Placed,0,IT,7.33,1,-2.3005479085448663,0.8367700807977764
Placed,1,CSE,8.96,0,0.9034078208192095,2.79481144872374
Placed,1,Civil,8.75,2,1.7473037732961287,0.05733737986168111
Placed,1,Civil,8.91,0,0.43098433972531675,0.7355443630977336
Placed,1,CSE,8.52,2,5.035157874481112,-0.25008090256982696
Not Placed,0,CSE,7.18,1,-3.1903229216222173,-0.03768910365264903
Not Placed,0,IT,7.74,0,-1.608160726859258,2.275649092930562
Not Placed,0,CSE,7.53,0,-1.15835601018021,1.0858363079015874
Not Placed,0,Civil,8.41,1,-1.3771217661718358,-0.24443734467416028
Not Placed,0,ENTC,7.69,1,-2.378896606703593,0.8079193843470024
Placed,1,ECE,7.49,3,0.3755651258422828,-0.8372764397175022
Not Placed,0,CSE,9.11,3,-0.37006728539417294,-0.12879404650273138
Not Placed,0,ENTC,7.42,1,-1.5490733457292314,-1.1766369052911703
Not Placed,0,Civil,7.17,1,-2.1003549803467463,0.30750466301549384
Placed,1,Civil,7.36,2,2.1876062108354963,-1.007656756126849
Placed,1,ECE,8.61,0,-0.926332497351901,0.2508733108198445
Placed,1,IT,7.86,2,1.7017510591184974,0.7834972792785796
Placed,1,Civil,8.09,0,0.6213302462783683,0.5207171301054553
Not Placed,0,CSE,7.9,0,-0.6126502271895148,0.23886148605358154
Not Placed,0,IT,5.84,1,-1.7366604490673991,0.5551034983693327
Placed,1,IT,6.79,3,0.034651356747168974,-0.7024836638605817
Not Placed,0,CSE,7.46,1,-2.647103599919525,0.2737593460581146
Placed,1,ENTC,7.97,0,0.6454399851419884,1.7145924740470566
Not Placed,0,Civil,6.86,3,-1.5954114482107502,-2.7277034905986994
Not Placed,0,Civil,6.84,3,0.29722567157079144,-1.8605331256571702
Not Placed,0,CSE,7.43,3,-0.07086566975576618,-0.2783132542896061
Placed,1,Civil,8.83,2,3.2895707748229204,0.5753883312789115
Not Placed,0,IT,5.87,3,-0.6473699577289925,-0.9594859931799012
Not Placed,0,IT,5.45,1,-3.001411048833545,-2.4874178333328762
Placed,1,IT,9.18,2,3.5303650267148385,-0.7979638902522802
Not Placed,0,ENTC,6.4,1,-1.2260084898464492,0.2534345700169918
Not Placed,0,Mechanical,7.36,0,1.2903931935951864,0.9556219117193623
Not Placed,0,ENTC,6.42,1,-2.3592804465969843,-2.6730784876638585
Placed,1,Civil,7.44,0,0.6322872898510893,1.1985756824388796
Not Placed,0,CSE,7.58,0,-2.1946596302530645,2.2971842128210924
Placed,1,ENTC,9.07,2,2.0203503633060116,1.7029093575490415
Placed,1,CSE,8.31,2,1.929363274114985,0.6576925583693112
Not Placed,0,ENTC,6.61,3,-0.762914529932396,-2.3190089342950166
Not Placed,0,ENTC,6.08,1,-3.9339881766215976,0.2509352802430402
Placed,1,CSE,8.12,0,0.8741484682594087,1.5219945767769902
Not Placed,0,IT,7.26,0,-1.4067807719072687,1.101139938532568
Not Placed,0,CSE,7.09,1,-2.064615589228926,-1.4534165591128416
Not Placed,0,Mechanical,8.71,1,-2.7343766370412093,1.6588756929794584
Not Placed,0,ECE,6.21,1,-3.3233287136647434,-1.8682873515406908
Not Placed,0,CSE,7.39,0,1.0326748888251487,1.0567319546578735
Not Placed,0,Civil,8.24,0,-0.2477218671603606,1.09758779397503
Not Placed,0,CSE,6.7,3,0.5463270571210421,-3.0467488126494335
Not Placed,0,CSE,8.8,0,0.232546465391143,0.24671107704687692
Not Placed,0,ENTC,6.84,1,-1.039102840482165,-0.34696426473625797
Not Placed,0,CSE,7.64,1,-2.4983414704983438,1.7637456553474626
Not Placed,0,CSE,7.11,1,-1.0634288663807392,0.29150894417832324
Not Placed,0,ECE,5.37,1,-2.244793344913442,-2.2748890087390707
Not Placed,0,CSE,7.34,1,-1.151650420735676,0.15456268400755907
Not Placed,0,CSE,8.37,1,-1.0223844978809182,-0.19190426752473896
Not Placed,0,IT,6.82,1,-1.501023518125737,0.4329185127009859
Not Placed,0,Mechanical,7.17,3,-0.1658790008280383,-2.020389964037367
Not Placed,0,CSE,7.26,1,-3.683080753367383,-0.8355113305206262
Placed,1,Mechanical,8.16,0,0.03209797236270658,2.4444861806976124
Placed,1,ECE,7.39,3,-0.9121598723312454,-1.7900495804483596
Not Placed,0,IT,7.72,0,-0.16239404474631725,1.1080880432849358
Placed,1,CSE,7.73,1,-2.935178513312277,0.7671290364801184
Not Placed,0,CSE,7.26,1,-1.932075635392908,-1.317178365735294
Placed,1,ENTC,9.14,0,-0.3864740331811543,4.881493421684902
Not Placed,0,CSE,6.83,1,-1.3949303252883758,-1.4412091127917805
Placed,1,ECE,8.3,2,2.2322580513045613,-0.4591648132488282
Not Placed,0,ENTC,8.78,0,0.46513300004591385,0.3423658452911795
Placed,1,CSE,7.58,3,0.7428281494749442,-0.9566156671313263
Placed,1,Mechanical,7.75,0,0.8622517300922586,0.7934167470150734
Placed,1,CSE,8.15,0,0.872200844097072,0.5380475111626131
Not Placed,0,ECE,7.38,1,-2.2337076855558506,0.31519114385091307
Not Placed,0,IT,6.09,1,-1.877676587889397,-0.3772140269827257
Not Placed,0,CSE,7.49,3,0.735715399436142,-0.5745924072204639
Not Placed,0,ENTC,9.1,0,0.23080302474975356,0.6943217574999846
Not Placed,0,CSE,8.18,1,-2.4268879429467387,0.9021895279464764
Placed,1,Mechanical,7.77,2,2.5343219960399153,-0.2821699881245579
Placed,1,ECE,8.34,2,1.622999698623659,0.16417336488828582
Not Placed,0,ECE,7.58,3,1.81656769233515,-1.8520994929465844
Not Placed,0,CSE,7.73,1,-2.5903207842686315,1.6086341844542251
Not Placed,0,Mechanical,7.33,0,-0.9127846860116121,0.3268944418855021
Not Placed,0,Civil,8.11,3,-0.1677786521560818,-0.11741636054983551
Not Placed,0,CSE,7.24,1,-2.159116215960927,1.0261011897322316
Placed,1,CSE,7.43,3,-0.16690261723195693,-0.21160472809954878
Placed,1,Mechanical,8.45,3,0.7986329187884326,-0.733809774882703
Placed,1,IT,7.53,3,0.08425975789101393,-0.11523365787331842
Placed,1,CSE,8.18,2,3.044307362083478,0.41213840689128434
Not Placed,0,Civil,8.25,1,-2.075242854516833,1.6649445703657104
Placed,1,CSE,7.63,3,0.6666082079013121,-0.9510724399777412
Not Placed,0,Civil,7.4,1,-2.30490251343499,0.35980246295798696
Not Placed,0,CSE,6.58,1,-1.3571969466441973,-0.2671342829934532
Not Placed,0,CSE,6.77,3,0.029449270188751618,-1.3599123883029949
Not Placed,0,CSE,8.22,2,1.8186492203741447,-0.06100816645275154
Placed,1,CSE,8.2,0,0.2598876253166754,1.4561200253219848
Not Placed,0,Mechanical,6.86,3,-0.6498802515163816,-1.7520281642249145
Placed,1,ECE,8.04,0,-1.8308897653378116,2.856217950997681
Placed,1,Civil,7.88,2,2.4068419538803925,-0.4840305981359173
Placed,1,CSE,8.5,2,1.4275071453664658,0.6189554786153031
Placed,1,Civil,9.54,2,2.196256337623919,1.9493418202602308
Not Placed,0,ECE,8.19,3,-0.059574768089247804,-0.1163453452596298
Not Placed,0,IT,7.11,1,-2.0100096746716942,0.6927923465635959
Placed,1,CSE,8.33,0,0.22001022963109443,1.382841556640658
Not Placed,0,CSE,6.81,1,-1.1552944826534373,0.22229128427049344
Placed,1,CSE,9.59,0,1.0370291245394625,1.428575038983184
Placed,1,Mechanical,6.66,0,0.3895598315455074,1.0786933562181877
Placed,1,Civil,8.07,2,2.577442196810948,-1.6048603514220579
Not Placed,0,IT,7.7,0,-0.8222575016878966,0.7036473348632515
Not Placed,0,IT,7.35,0,-0.2634130203451138,0.14387507675389866
Not Placed,0,CSE,7.29,1,-1.3135860920552989,-0.31463190538814473
Placed,1,ENTC,8.86,0,1.5685810462195462,2.512356660403852
Placed,1,ECE,8.18,0,0.028532290910605787,0.5398453078242963
Placed,1,CSE,7.57,2,2.184207293936693,-0.6755203238979021
Placed,1,ECE,9.17,2,2.311217148607856,0.44952458069391293
Not Placed,0,Civil,7.6,3,1.1545741117731931,-2.4892253344374007
Placed,1,CSE,8.32,3,0.8126352098889059,0.07239917993693018
Placed,1,IT,6.56,2,2.1188804980170843,-1.1882234919881818
Not Placed,0,ECE,6.61,3,0.4683687691780816,-2.893153316081429
Placed,1,Civil,8.3,3,1.4506987148014923,-0.369448139644525
Not Placed,0,ECE,7.96,2,2.841847833666121,1.0504235415019931
Placed,1,Mechanical,9.52,2,3.3856382273275396,0.4242156894079421
Not Placed,0,Mechanical,7.1,1,-1.640154630171917,0.0864929198275095
Placed,1,IT,8.27,0,1.0971573604137614,0.3069349612321452
Placed,1,ECE,7.49,2,3.1415676143986064,-1.6818520523963794
Not Placed,0,Mechanical,8.42,2,1.301056712570121,-0.2636963563076352
Not Placed,0,IT,8.35,3,-0.6019558506680304,-0.3562738453202039
Not Placed,0,ECE,7.68,1,-3.039810040684152,-1.444380258078781
Not Placed,0,CSE,7.07,1,-1.3095259825256549,-0.8220685216655916
Not Placed,0,ENTC,7.41,1,-1.9619606114866341,0.8512434544936073
Not Placed,0,CSE,6.75,3,-0.708417884117963,-2.2319199882908185
Not Placed,0,CSE,8.01,1,-1.9906136769882994,-0.4884170868214542
Not Placed,0,ECE,5.31,1,-5.164951453006526,-0.7348586057942458
Not Placed,0,CSE,7.21,3,-0.14847216686175313,-0.4388033810051437
Placed,1,IT,8.47,0,-0.3957214167944101,2.7702006692527803
Placed,1,CSE,8.45,3,1.679280588251121,-1.48548168000755
Not Placed,0,Mechanical,6.33,2,1.0479093458654887,-0.49721263654790504
Placed,1,Civil,8.2,2,1.4853798268144782,0.9472982655341587
Not Placed,0,ECE,6.73,3,0.23604941258768744,-1.9347911729675809
Not Placed,0,IT,7.38,3,-0.12963592282678305,-2.4224391085068535
Placed,1,ENTC,8.35,1,-2.109429075612457,1.5652237701803684
Not Placed,0,ECE,6.87,1,-3.3106062492067325,-0.5599920495796671
Placed,1,CSE,8.91,0,1.5246140412747549,1.7117667587099632
Not Placed,0,CSE,7.92,2,1.3376612813959194,-0.11867835495951501
Not Placed,0,IT,8.09,3,0.29771511478876694,-0.015519539417310933
Placed,1,IT,8.62,2,1.919306407226954,0.08658566083017787
Not Placed,0,ECE,8.46,0,-0.04853058519090043,0.7583248940333674
Placed,1,CSE,8.38,2,1.937590561923333,1.696606632098354
Placed,1,CSE,7.14,0,1.401923165747523,0.8916218400979371
Not Placed,0,CSE,6.76,1,-2.764869639758531,-1.1693722038170251
Not Placed,0,ECE,7.46,1,-2.091067463222961,-0.540983297730559
Not Placed,0,ECE,8.1,1,-1.9910108613314614,1.20539982418652
Not Placed,0,CSE,6.61,1,-2.96792132920836,-0.5728308283100846
Placed,1,IT,8.2,0,1.3837903210535798,2.059199891777184
Placed,1,IT,8.02,0,0.9481663241101065,0.4778422032510017
Placed,1,CSE,7.55,2,1.777243083692465,-0.2846809142023568
Not Placed,0,CSE,7.75,0,-0.4686774331031918,0.1660758402068128
Not Placed,0,CSE,7.76,1,-2.4322257185325022,-0.24737230077565403
Not Placed,0,CSE,8.08,3,1.1735234043181075,-1.5190231408889137
Not Placed,0,IT,8.33,0,0.06824280491190796,2.2777786240221833
Placed,1,IT,10.0,2,4.299905343500167,2.6026290305731834
Placed,1,ECE,7.84,2,1.6728071894178758,0.6222291161228903
Not Placed,0,CSE,7.15,3,0.9984492756987863,-0.5023485503421229
Not Placed,0,ECE,6.08,1,-3.3950004431743412,0.6807969277065412
Not Placed,0,IT,6.5,1,-3.3040514059379995,-1.764044677767534
Placed,1,ENTC,7.06,3,0.41667417881434643,-0.7691323997637006
Not Placed,0,CSE,8.29,0,0.8575426481388874,0.15285332756329612
Not Placed,0,ECE,7.36,1,-3.1163779178771693,1.2847880078319358
Placed,1,CSE,8.05,2,3.196338085334348,-2.0246273979388913
Not Placed,0,CSE,7.08,0,-0.8260601168318465,0.06062664893444741
Not Placed,0,ENTC,8.09,3,0.9113981603634098,-0.3831481238222335
Not Placed,0,IT,8.44,2,2.614993546182648,1.0518663002808335
Not Placed,0,IT,7.36,1,-1.5683018662927743,-0.6811025994025329
Not Placed,0,IT,8.07,3,1.4112981910557862,-2.092082846529291
Placed,1,Civil,7.33,0,-0.4839769222110089,0.3242801548218202
Not Placed,0,Mechanical,6.65,1,-1.6704782729026406,-0.23904642619572786
Placed,1,ECE,8.17,2,3.1563854093512393,0.03600048372785167
Not Placed,0,CSE,8.05,1,-2.755961485341381,0.7498514495227266
Placed,1,IT,8.2,2,1.0343842881809062,0.1032246470164151
Placed,1,ENTC,8.51,3,1.0456367024350288,-0.2135123598973193
Placed,1,IT,7.49,3,1.5960460223364972,-0.875582551258794
Not Placed,0,CSE,7.55,2,2.681963652167999,-2.6491111462955974
Not Placed,0,ENTC,7.46,0,-0.7177616576513703,0.16187214911868855
Not Placed,0,CSE,7.99,1,-1.7349080436632,-0.3240988465105241
Not Placed,0,ENTC,7.58,3,-1.1157308228209375,-1.9310641408688682
Not Placed,0,ENTC,7.81,0,0.32000691499110023,0.38462526386703305
Not Placed,0,ENTC,7.09,3,1.5929718070867738,-1.3936117483601826
Not Placed,0,ECE,6.83,3,-0.44616444566221264,-1.3837461752687044
Not Placed,0,CSE,6.93,0,-0.5993182217308555,0.9551144133581528
Not Placed,0,ECE,8.05,0,-0.7477299672738594,0.46179038035873654
Not Placed,0,ENTC,7.66,3,0.03474176960692062,-1.476653105800143
Not Placed,0,ENTC,7.28,3,-0.8661500190192982,-1.5169691213554748
Not Placed,0,Mechanical,8.26,0,-1.6503367710528718,2.669747904354979
Placed,1,Civil,8.94,0,-0.4734316021151322,1.8964221780445245
Not Placed,0,ECE,7.28,3,0.13674211494860236,-0.14073143000588195
Not Placed,0,Mechanical,6.78,1,-1.860692472877422,-0.0642574312571979
Placed,1,CSE,8.5,0,0.1681048837177135,3.9859500323030703
Placed,1,Civil,7.71,3,0.08444784112896762,-1.8477947669312174
Placed,1,Mechanical,7.54,0,-1.0086542456640006,1.3543546954887218
Not Placed,0,IT,8.57,0,-0.2377238315560474,1.2046324477001185
Placed,1,ECE,7.48,3,0.5564643813514598,-0.9984989063065813
Placed,1,CSE,8.04,1,-2.4777843785406666,-1.6922598482674702
Placed,1,ENTC,7.84,3,1.4825218903368635,-1.077591301458488
Placed,1,IT,10.0,2,3.3216760431316796,-0.001580194549492926
Not Placed,0,CSE,7.59,0,-0.9987075717429311,1.8864803764323645
Placed,1,CSE,8.5,2,3.4872685842711424,-1.1426697082513215
Not Placed,0,CSE,7.49,1,-1.7335078694077792,0.030208691235046006
Not Placed,0,Civil,8.08,3,-0.0781982540062635,0.04994842973657578
Not Placed,0,CSE,7.53,1,-1.6297431071807458,-0.5730038086796564
Placed,1,CSE,8.38,0,-0.23078291451065933,1.2992135915074874
Placed,1,Mechanical,7.62,3,2.030411823208939,-2.476115951967649
Placed,1,IT,8.13,2,3.3339659765541563,-0.2587139025206986
Not Placed,0,CSE,7.06,3,0.04479607292689144,-0.10399744189104648
Not Placed,0,CSE,7.02,1,-1.8162074351002155,-0.5658273206275812
Not Placed,0,Civil,6.1,1,-3.140169548724862,1.0124960174836304
Not Placed,0,Mechanical,8.01,1,-2.3208290847866713,1.4184681129419616
Not Placed,0,ECE,7.15,3,-0.3459151270714873,-0.7097101190417242
Placed,1,CSE,9.57,0,0.15712101408465326,3.1534685586261237
Not Placed,0,CSE,7.3,3,-1.2789869653617734,-1.4886203356891599
Placed,1,CSE,8.76,0,1.1583854363401063,1.476167516953041
Placed,1,CSE,8.67,0,0.6277110427985181,1.2223394895870965
Placed,1,CSE,7.49,0,-0.09048847865694228,0.7048462466194211
Not Placed,0,IT,7.07,1,-2.060572943831437,-1.4085524467412573
Not Placed,0,Mechanical,7.59,3,0.8328080959165606,-0.07227526010321005
Not Placed,0,ECE,8.66,0,1.6359458094661012,1.882031305156845
Placed,1,IT,9.64,2,2.8245377724060203,3.027028042714577
Not Placed,0,Civil,6.65,1,-3.517574392266097,0.1262053179971262
Placed,1,CSE,7.71,2,3.1913538386965805,-2.4665180318935414
Not Placed,0,ENTC,7.19,1,-0.8727014479094475,0.039666975580575504
Not Placed,0,IT,7.39,1,-1.8582142581865129,-0.2835441375564248
Placed,1,Civil,9.15,2,4.699690373000973,0.3623690659633927
Placed,1,IT,7.05,1,-1.2888178222901288,-0.11162823545604063
Not Placed,0,Civil,6.33,3,0.5190120806491031,-0.6169644445651904
Placed,1,ECE,7.87,0,-0.28375787598075475,0.49548823717568946
Placed,1,CSE,8.02,2,2.1239388182415238,0.3188531903090896
Not Placed,0,IT,7.34,0,0.1578735965562956,0.044934440990827884
Not Placed,0,ENTC,7.12,1,-1.3299970197260076,0.14721378766536597
Placed,1,IT,7.84,0,-0.835623865759792,1.5184768657820522
Not Placed,0,IT,6.55,1,-3.396345592146551,-1.059187816089711
Not Placed,0,ECE,8.06,1,-2.7851056961020415,0.012934332677783072
Not Placed,0,IT,7.4,3,-0.5525095483673531,-1.4362285791056606
Placed,1,CSE,8.88,0,0.43175125615097787,2.0090094450682745
Not Placed,0,CSE,7.97,0,-1.0525182950067318,2.9319537641226754
Placed,1,IT,7.57,0,1.1832185242038604,0.8471106587793097
Placed,1,CSE,7.5,0,0.25493375705806015,1.423877705545428
Not Placed,0,IT,6.06,3,0.4259097805345727,-0.9979946425721766
Not Placed,0,Civil,7.59,1,-2.5434852245938147,1.1581931609501062
Placed,1,IT,7.53,1,-0.9037439933738436,-0.2396651301555827
Not Placed,0,ECE,7.74,0,-0.5027349855701344,0.38929426434222786
Not Placed,0,ECE,7.54,3,0.30650948704269587,-1.2956379534227769
Placed,1,ENTC,8.91,0,1.7196759512540825,2.16749492426441
Placed,1,CSE,7.47,3,1.9353720477051086,-2.935352262405469
Not Placed,0,IT,6.98,3,1.652407264962324,-1.5100725561934583
Not Placed,0,CSE,6.28,3,-1.0693027942951492,-1.6051977750340214
Placed,1,ECE,7.32,3,0.7470239267468802,-0.9191167684968319
Not Placed,0,ENTC,6.81,1,-3.4888278679653593,-0.4608184544263224
Not Placed,0,IT,6.6,3,-1.9155668160481756,-3.1732874490089373
Placed,1,ENTC,7.44,2,2.951603479168158,-2.120070717138986
Not Placed,0,IT,8.67,2,2.383321446411094,-0.268649700664663
Placed,1,CSE,8.49,0,0.15511216598749492,1.0803385764979465
Not Placed,0,CSE,6.61,1,-2.134162406304398,0.007800257649030466
Not Placed,0,IT,7.73,2,1.8669515961582868,-0.7769141228651083
Not Placed,0,Civil,8.06,0,-0.8690232500492467,1.635135173354141
Placed,1,ECE,8.2,2,2.0489932825545702,-1.3610771417608332
Not Placed,0,CSE,9.06,0,0.3080684864125743,1.0007868076495217
Not Placed,0,IT,6.71,1,-2.19874555227703,-0.5149381118770759
Placed,1,ENTC,6.95,3,-0.48470775679487116,-0.13227039921733974
Not Placed,0,ENTC,7.14,3,-0.12483465837273852,-0.89911737078196
Not Placed,0,IT,8.01,1,-1.6570874349118223,-0.8979823997750033
Not Placed,0,CSE,5.39,3,-1.5237962399315539,-2.067084058220648
Placed,1,ECE,7.51,3,1.5569914437611105,-1.6212091783655915
Not Placed,0,CSE,6.18,3,-0.5144162900225048,-1.1000803974279698
Placed,1,CSE,7.7,3,0.5130869699424131,-0.018342914420857333
Placed,1,CSE,9.46,2,3.8658118094236578,-0.8103419960277395
Placed,1,CSE,8.47,0,-1.000045776931409,1.5860748953141746
Placed,1,IT,6.66,3,-0.5044084341724933,-0.9378443438079355
Not Placed,0,CSE,7.34,0,-0.4664873941598511,0.16239899644240696
Placed,1,IT,6.94,3,-0.004241917871846798,-0.27605835108719706
Placed,1,IT,8.8,2,2.8096058131049815,-1.4188498962511826
Not Placed,0,Civil,5.83,1,-4.7813313846799295,-1.0229148104092747
Not Placed,0,IT,7.33,3,0.09800564898579003,-0.44525318499008365
Not Placed,0,IT,7.11,1,-1.4150473831610006,-0.07862346029388351
Not Placed,0,Mechanical,6.7,3,-0.6430411105007169,-1.652844835467308
Placed,1,Civil,9.11,2,5.420774904155768,0.08574806238830807
Not Placed,0,ENTC,6.37,1,-2.7329041513343495,0.2683507747602988
Not Placed,0,IT,6.68,3,0.8815263992909291,-0.5973042326507256
Placed,1,ECE,9.06,2,6.449479833341641,-0.5102272064522599
Placed,1,ECE,7.62,0,0.18217346368558718,2.2863428134337864
Placed,1,ENTC,7.55,0,0.2743967909984859,1.1784942374826108
Not Placed,0,IT,7.17,3,1.1632539099000447,-0.44439529171287406
Placed,1,CSE,7.7,3,0.9967482158325782,-0.3023381977924514
Placed,1,CSE,7.34,2,2.2786954977862197,-0.5199338769236429
Placed,1,ECE,7.08,2,1.2755532978045219,-0.20129530615886995
Not Placed,0,CSE,6.51,1,-2.453556610568952,-0.06413503109306715
Placed,1,CSE,7.73,3,0.952823379493001,-1.1545459596852232
Not Placed,0,ECE,7.19,3,-0.7622667945482084,-0.5442063204977146
Not Placed,0,Mechanical,7.3,0,-0.7689890130642901,0.05046171845160524
Not Placed,0,Mechanical,8.26,0,0.9726012877952303,0.22035258605523933
Not Placed,0,ECE,7.27,2,1.3117341025942748,0.12364765284020718
Not Placed,0,IT,7.61,0,-0.5469653339283961,1.3866768511092966
Placed,1,Mechanical,9.12,2,4.33794414357919,1.1298048963426348
Not Placed,0,IT,8.03,3,-0.3114277066975927,-1.8720237612557016
Placed,1,IT,7.24,3,0.8574975669627605,-0.5526369456554004
Not Placed,0,CSE,6.77,3,-0.15429958550962963,-1.8985879704602573
Placed,1,ECE,7.59,1,-1.9475940756839634,0.36095676664229115
Placed,1,IT,8.37,0,0.5561713186159427,1.9664936138158193
Placed,1,CSE,7.2,0,0.4044792055971835,0.9937378712198669
Not Placed,0,IT,7.66,1,-2.666851226023431,0.4936345908800397
Not Placed,0,ECE,7.18,3,-0.6635606443692572,-0.5533615905090145
Not Placed,0,ECE,7.35,3,-1.006154424909747,-0.45118376824181033
Not Placed,0,CSE,6.61,1,-1.4888637308963448,-0.28607642231220287
Placed,1,CSE,7.88,3,1.0153290319791295,-1.5092062009111387
Placed,1,ENTC,7.77,2,2.777502692526656,-1.2237595065234181
Placed,1,CSE,8.9,2,2.0550291902540847,0.5273232758906464
Not Placed,0,CSE,7.74,1,-2.3172514143691814,0.5422259588475951
Not Placed,0,CSE,7.04,1,-1.0304450573549637,0.3609435014220687
Placed,1,ECE,8.88,2,2.7455263034262436,1.4364550828787335
Not Placed,0,ENTC,7.95,0,0.24097834515844638,0.8923895158795943
Not Placed,0,IT,7.8,1,-1.0121605698899832,0.3321566220968331
Not Placed,0,Mechanical,7.63,0,-0.7818517830371727,0.3995365154713205
Placed,1,CSE,7.77,2,2.3060964598852594,-0.052358747705666356
Not Placed,0,Mechanical,6.91,1,-3.0736478178526103,-0.3051080956344292
Not Placed,0,CSE,7.57,1,-1.3035273167201962,-0.6319755748103152
Not Placed,0,CSE,7.45,1,-2.2894533511115944,0.08123554095807195
Not Placed,0,IT,7.94,2,1.349123450427345,-0.16941388079885858
Not Placed,0,CSE,8.59,1,-1.2972659613130133,0.18751973585719064
Placed,1,CSE,8.46,0,0.1924432590258971,2.1768849487397857
Not Placed,0,Mechanical,8.07,3,0.018828978143650078,-0.3160457725051387
Not Placed,0,Mechanical,6.17,1,-1.6283750809770094,-0.37670062560002143
Not Placed,0,CSE,7.27,1,-1.6446923381502065,-1.3076919639945106
Not Placed,0,Mechanical,6.09,1,-1.5063287664525196,0.8797780821566408
Not Placed,0,Mechanical,8.56,0,-0.7261914771729909,4.1772924928337005
Placed,1,Civil,7.54,3,0.8062595050914129,-0.7881813131927148
Placed,1,CSE,7.51,3,1.1200595312535795,-0.5904125311339536
Not Placed,0,IT,7.06,0,-0.6929547970662816,0.12845953554968068
Not Placed,0,Civil,8.71,0,-1.9493935027455795,2.1307284795460353
Placed,1,ECE,7.73,2,1.6406041499775927,0.9539935299184137
Not Placed,0,CSE,7.54,0,-1.0547177711631452,0.9394203292312024
Not Placed,0,CSE,7.75,0,0.25272076158818696,1.2788455353323134
Not Placed,0,IT,7.81,0,-0.18158267728711044,1.5044682769433326
Placed,1,IT,7.53,2,2.4674825834867353,1.039997034768126
Placed,1,CSE,8.71,2,4.968136802920196,-1.859101846769371
Placed,1,CSE,8.7,2,1.9323032261076785,-0.34797027341173253
Placed,1,CSE,7.72,0,-0.10285810655542957,0.45767685095900834
Placed,1,CSE,6.98,3,0.40008938686438583,-1.9040594612733348
Not Placed,0,IT,7.92,3,1.0824365149518573,-2.1726890077901664
Not Placed,0,IT,7.13,1,-1.5305121640608346,0.12847854641913536
Not Placed,0,CSE,8.85,1,-1.5927232068464319,0.7713713055487724
Placed,1,IT,8.98,0,-0.33056858461559463,1.103957676821505
Not Placed,0,Mechanical,8.25,1,-2.874284082566668,1.214199874675892
Placed,1,CSE,6.65,1,-1.9170587763843945,0.004345832639672128
Not Placed,0,CSE,7.24,3,-0.8660071235048574,-1.785168491946689
Not Placed,0,CSE,7.47,1,-3.0447472554302277,-0.0884377490215638
Not Placed,0,ECE,6.93,3,0.17012662217056038,-1.0649971351509768
Placed,1,IT,7.38,3,-0.24226508811761224,-0.22941824431219535
Not Placed,0,ENTC,7.84,1,-2.421312632895385,1.5102089900515498
Placed,1,IT,8.09,3,0.5344601126199698,0.18870612563368383
Not Placed,0,CSE,8.74,1,-2.1433208642337926,0.8993523144349366
Placed,1,CSE,7.62,2,2.9587862402408036,-1.99487246447601
Not Placed,0,CSE,7.39,1,-2.649219332454047,0.7157856110131056
Not Placed,0,ECE,6.55,1,-2.5395425441186013,-0.14395170896202816
Not Placed,0,ENTC,7.94,0,-0.3280031680309255,0.6987137431468572
Placed,1,CSE,7.26,3,-0.024924641240398282,-1.8234680171872817
Placed,1,IT,7.46,0,0.27515318188813825,1.7323893272340778
Not Placed,0,ECE,7.16,1,-2.3397287923502263,0.6425930072826248
Not Placed,0,CSE,7.19,3,-0.10098443260166408,-0.49612820802083385
Not Placed,0,ECE,8.25,0,-0.37722026924370017,0.9330774271190859
Placed,1,CSE,7.59,0,-0.3533443388400704,0.7478902650758946
Placed,1,CSE,8.97,2,5.618691876680718,1.31732132092583
Not Placed,0,ECE,6.69,1,-2.1720386778167793,0.7622919783958552
Placed,1,CSE,8.71,0,1.0363566180196757,1.9982041151224426
Not Placed,0,Mechanical,7.22,0,0.1457094398707095,0.9081368892338606
Not Placed,0,ENTC,7.6,3,-0.5351541711275677,-0.15619581255436565
Placed,1,CSE,8.06,3,0.5396035782545359,-0.2855238117898008
Not Placed,0,IT,8.52,0,-1.737672391403953,2.846657429905801
Placed,1,IT,8.55,2,1.760054446690023,1.6436579361775951
Placed,1,IT,8.53,0,1.30899012359553,1.6273126403024107
Not Placed,0,CSE,7.47,1,-3.185919031455482,-1.2705035701989458
Placed,1,IT,9.18,0,0.28312365072093254,2.5722164386830286
Placed,1,ECE,8.17,2,3.143440078480382,0.007473994449746253
Not Placed,0,CSE,5.14,1,-2.719535936566372,-1.7379830325952677
Not Placed,0,IT,7.69,0,-0.5051118807239275,1.9177483793651147
Placed,1,CSE,7.34,3,-0.661508433561105,-0.6525080289670934
Not Placed,0,ENTC,7.4,3,1.3130556980384522,-1.0948699952587764
Placed,1,CSE,8.21,2,3.0100452759544423,0.29850457708296735
Placed,1,Mechanical,7.93,2,2.5913029879322056,-1.897968560738056
Not Placed,0,Mechanical,7.09,3,0.9413601113420729,-0.16397583636204296
Placed,1,Mechanical,8.94,2,2.914566135532332,0.80163062801789
Not Placed,0,ECE,6.57,1,-2.0584190312115,-1.46189218526388
Not Placed,0,ENTC,6.52,3,0.5032600135140434,-2.41563601034
Not Placed,0,CSE,6.74,3,0.41803894429381,-2.323840420745107
Placed,1,ECE,8.04,3,0.9677731512623726,-0.2569507716964772
Not Placed,0,CSE,7.98,1,-1.8446169548454001,0.07298615672476955
Not Placed,0,IT,6.98,3,-0.7025973509981197,-1.5717880247008584
Not Placed,0,Civil,7.16,1,-1.3611155608872794,-0.46667433190699337
Not Placed,0,CSE,7.66,3,1.041339310669904,-0.29950051803651706
Not Placed,0,IT,6.76,3,-0.036577989351956774,-0.6025970470847191
Placed,1,IT,8.34,3,0.985243382088617,-0.696392816097657
Placed,1,CSE,9.0,2,2.2591443650579675,-0.021810725182863224
Not Placed,0,ENTC,7.52,1,-1.2551125907926366,0.4080527653228017
Not Placed,0,Mechanical,7.96,3,0.9293666277119719,-0.0690784207411791
Not Placed,0,IT,7.76,0,0.03345803878356164,-0.0826611031625041
Not Placed,0,IT,8.83,0,-2.1561692576098306,2.439245354675268
Placed,1,IT,9.32,2,1.949164428295415,1.7304915473844618
Not Placed,0,ECE,7.36,0,-1.867843436826929,2.694516652674789
Placed,1,CSE,7.69,2,1.8415146269191665,-1.3470977890617917
Placed,1,ENTC,8.4,0,0.2613835841788674,1.7825173811298807
Not Placed,0,ECE,7.96,3,-0.31463600674226994,-0.33743752409530875
Not Placed,0,IT,6.89,3,-0.04364197284296381,-1.5106779073285763
Not Placed,0,CSE,6.13,1,-4.079462308043971,-0.6142856863978332
Not Placed,0,CSE,7.16,1,-3.5048854916247874,-0.755074280804914
Placed,1,ECE,7.95,2,1.5937722243586296,-0.6036152364047428
Not Placed,0,ECE,7.33,3,-0.6543795862347318,-0.8244972077856263
Placed,1,Civil,6.77,1,-2.2553442407762856,1.1912134805022028
Not Placed,0,IT,7.17,1,-1.933895993911025,-0.5070792455788231
Placed,1,Civil,9.22,0,-0.6550492483475253,3.0984843818617147
Placed,1,CSE,6.71,1,-1.689386568666533,0.5182784538624325
Not Placed,0,CSE,7.4,1,-1.0133074445295869,-0.5342831267563333
Placed,1,IT,7.23,3,1.4412019348723315,-2.0253668012203905
Placed,1,CSE,9.33,0,1.0138406225539263,2.886832594334611
Not Placed,0,IT,6.41,1,-3.7405226286838085,-1.2970272533835632
Not Placed,0,IT,7.0,3,-0.8148995807212469,-0.7361853057571642
Not Placed,0,CSE,7.72,3,-0.584890107428482,-1.2580345385100478
Not Placed,0,ENTC,7.81,3,-0.2552377367513293,-0.19457345354954725
Not Placed,0,ENTC,8.62,0,0.6233493074302722,0.6973514711306327
Placed,1,ENTC,8.53,2,3.233538331690272,1.83442084313186
Not Placed,0,ENTC,7.07,1,-2.2725731301366796,-0.8772981007356307
Not Placed,0,Civil,7.93,3,-0.1537499489129433,-1.133868872704677
Not Placed,0,IT,7.52,2,2.5586728427759495,-1.0406545602383015
Not Placed,0,Civil,7.28,2,2.0855773372778468,-1.2078055406700718
Placed,1,CSE,8.53,2,1.1480904896433943,-0.1572995444262739
Not Placed,0,CSE,7.88,1,-2.9333310175567995,0.9042263560418876
Placed,1,CSE,9.02,2,3.3923920971797106,0.9940343354021465
Placed,1,IT,8.07,2,1.6914099590618692,0.035556728378339494
Placed,1,IT,8.46,2,2.7312152010733013,-0.34344705052162733
Not Placed,0,CSE,5.36,1,-2.9978856031202707,-1.4337417191977986
Not Placed,0,ENTC,7.74,1,-1.3214256159208042,0.0375471333801842
Placed,1,Mechanical,8.04,2,2.0169936020115204,-0.796068237654595
Placed,1,IT,8.12,2,1.6857719719784654,-0.012737286162845111
Placed,1,CSE,8.98,2,1.8391272942834673,0.7064656479832034
Placed,1,ECE,8.2,0,0.6748556777038209,1.5715540192807167
Placed,1,CSE,6.64,0,0.8932813646715579,0.2567120416279499
Placed,1,CSE,8.13,0,0.6230572761588434,3.609165616300507
Placed,1,CSE,8.38,2,3.492363661697979,0.5631076391285147
Placed,1,ECE,7.15,2,1.8354544755777351,-1.2372620824670986
Not Placed,0,IT,7.32,0,0.2113947152077478,0.778532249502456
Not Placed,0,IT,8.34,0,-1.9776611256852186,2.0445601606126447
Not Placed,0,IT,7.68,3,1.010033019141497,-1.3304839287381278
Placed,1,CSE,8.6,2,5.653776342428539,-1.423450701715309
Not Placed,0,CSE,7.83,3,-0.2956110878956239,-0.9215594113046636
Not Placed,0,CSE,5.82,1,-3.1483195541807234,-1.6949243715834978
Placed,1,Mechanical,7.73,0,0.479996420912255,2.393163289801264
Not Placed,0,CSE,7.34,3,-0.5001435041983994,-0.8901490865470071
Not Placed,0,IT,8.2,2,1.3504087765687083,-0.4811474226529642
Placed,1,IT,8.04,2,1.8134037654655142,-0.2582752912081912
Not Placed,0,Civil,6.88,0,-1.7335332318327952,1.9599289379915854
Not Placed,0,CSE,7.85,0,-0.8571646318486914,0.5997171670691462
Placed,1,ENTC,8.13,0,0.3375422548822492,1.7566533959152015
Not Placed,0,Mechanical,8.06,0,-0.6242101985099698,1.3439190325276087
Not Placed,0,Civil,8.51,2,1.3976925301986667,0.2546424726771281
Not Placed,0,Mechanical,6.81,3,-0.7068233971340044,-2.101361396775885
Not Placed,0,CSE,7.55,3,1.1970567399380747,-1.0835913893011921
Not Placed,0,CSE,5.78,1,-1.3635386471179518,-1.5750493243218593
Placed,1,Civil,8.68,0,0.7043117884015758,0.5990736774631005
Placed,1,ECE,7.78,3,0.43753004027829445,-0.7163083448664785
Placed,1,ENTC,7.6,1,-1.1764295005265522,0.5570407954406222
Placed,1,Mechanical,7.59,2,2.6216902746777886,-0.11149088066125612
Placed,1,ECE,8.11,3,0.9487133654475415,-0.07177998458725024
Not Placed,0,ECE,8.58,0,-1.3715491962492552,1.3266233441971411
Not Placed,0,ECE,7.45,3,-0.036164130889784624,-0.7461892462345805
Not Placed,0,CSE,8.05,1,-2.301646871097122,0.6065974553494381
Placed,1,CSE,8.04,0,-0.4242969352709515,1.5594059811206176
Not Placed,0,ECE,5.83,1,-2.650755661463523,-1.7319849558182363
Placed,1,Civil,7.1,3,0.6440114745848478,-0.9731204393131874
Placed,1,Mechanical,8.07,2,1.7128839863059568,-1.562379974879392
Not Placed,0,IT,8.75,0,-0.6909135224824957,1.607776849783491
Placed,1,ENTC,8.86,2,3.188904841787498,2.1420438212308586
Placed,1,IT,6.66,3,0.10989756910379092,-0.5002506102065002
Placed,1,ECE,8.55,2,1.3594914914492715,0.051846623218162684
Not Placed,0,Civil,8.58,1,-1.831394639143929,1.5553094641453833
Not Placed,0,Civil,8.05,0,-1.0167421704917157,0.8306872944407311
Not Placed,0,ECE,5.98,1,-2.2634465730664624,-2.0680643801754326
Placed,1,ECE,7.24,3,1.2140741371995076,-1.7592879218228503
Not Placed,0,CSE,7.79,0,-1.2307036340433077,1.1941285323293223
Not Placed,0,ECE,7.5,0,-0.002345690958401957,2.1694835328052466
Not Placed,0,CSE,5.86,1,-3.234042184329576,-1.8447378175170956
Not Placed,0,IT,7.48,1,-2.2120704955338084,0.9694897158167111
Placed,1,ENTC,6.91,1,-1.5731117287629088,0.321569206098016
Not Placed,0,IT,8.2,2,1.3990589142743033,-0.3679608003205659
Placed,1,ECE,8.11,0,-0.001306960068668772,2.2413445553532223
Placed,1,CSE,8.14,0,0.11772380217625264,1.8263918563223658
Not Placed,0,IT,7.39,1,-1.5003765251823864,0.5815882331284034
Not Placed,0,IT,7.72,3,0.42531821539981474,-0.876309291321467
Not Placed,0,IT,7.63,1,-2.7123607330915136,0.913402350548324
Placed,1,IT,8.48,0,-0.4395273582275911,1.4829505085997545
Placed,1,ECE,7.25,2,2.399674171507195,-0.03264952558451703
Not Placed,0,CSE,7.06,3,1.3824207502362957,-0.8500678890886408
Placed,1,CSE,8.52,2,2.4300371912758454,0.1167025738205034
Not Placed,0,ENTC,8.4,3,1.1644964699957203,-1.8334175355187934
Not Placed,0,ENTC,8.1,0,-0.48074303871214213,1.0011074762060128
Placed,1,ECE,9.04,2,4.330718255510957,-0.17033182565711874
Not Placed,0,ECE,9.48,0,-1.171087380981474,2.7819641939578057
Placed,1,ECE,8.75,0,0.7923335601415555,0.6443588891616097
Not Placed,0,CSE,7.06,3,0.9142034157368647,-0.2780484553160837
Placed,1,CSE,8.41,3,0.7691427488296639,-0.39528886842861755
Not Placed,0,CSE,7.79,0,0.44662336720216456,0.7187225739932438
Not Placed,0,ENTC,7.22,1,-1.68835146884452,0.6171621353615664
Not Placed,0,CSE,7.07,1,-3.3417111252348843,1.0697933087594358
Not Placed,0,Civil,7.93,3,1.2949773393394768,-1.6047149207820255
Not Placed,0,IT,8.39,3,0.8362722163878544,-1.3164926524909122
Placed,1,CSE,8.87,0,1.9298886070816907,2.3223469293444774
Not Placed,0,IT,8.27,2,1.830843365000066,0.3301231687998372
Placed,1,ENTC,8.19,2,2.9585296387217364,1.2392380700603582
Not Placed,0,CSE,7.53,1,-2.047478443922711,-1.4607160389850495
Not Placed,0,ECE,7.88,3,-0.4453560331518848,-0.38062749684400415
Not Placed,0,ECE,6.43,1,-2.7764226952907567,0.30071952819193376
Not Placed,0,IT,8.18,2,1.3356883725276767,-0.43830800984839485
Not Placed,0,ENTC,8.07,1,-2.1578465245322693,1.5787157393327171
Placed,1,ENTC,9.33,2,1.767713246272123,1.2188101019103383
Placed,1,ECE,7.67,2,2.55278296632503,-1.3918955569763334
Placed,1,CSE,8.71,2,1.8757733091131976,0.39292571790981257
Not Placed,0,ECE,7.3,1,-1.7147610363726955,0.09306603339784823
Placed,1,ECE,9.14,2,1.94611059668304,0.32851281840693186
Placed,1,Mechanical,8.93,2,3.781680084800121,0.10635074000418784
Placed,1,IT,8.66,3,1.0352985702557913,-0.20100697218303595
Not Placed,0,Mechanical,7.75,3,0.3641918548608545,-1.052887720798883
Not Placed,0,Mechanical,7.51,1,-1.8130860702299285,-0.14372907057029188
Not Placed,0,CSE,7.38,1,-1.341353553522212,0.8099985479441474
Not Placed,0,ECE,6.87,3,-0.14996522901993928,-0.791828348532811
Not Placed,0,CSE,8.1,0,-0.47888909996857804,1.6445952107833912
Placed,1,CSE,7.49,3,0.01775588122396828,-0.1021215323815921
Not Placed,0,ECE,8.03,1,-1.747157874269792,0.807125176916963
Placed,1,IT,7.84,2,2.4756795137340295,0.6501110022244918
Not Placed,0,IT,6.79,1,-1.9049714784945255,-2.284070928494675
Placed,1,ECE,8.6,2,3.0899412567320574,-0.6280171549859341
Not Placed,0,Civil,7.78,1,-2.05335787472404,1.4070469850994138
Placed,1,IT,8.43,2,2.272595597170716,-0.2779299744242885
Not Placed,0,IT,6.71,0,-1.7151928537815373,1.856406241653209
Not Placed,0,IT,7.05,1,-1.0726953129452401,-0.058549001698332145
Not Placed,0,IT,7.37,0,-0.44549894254074446,0.009578861466777696
Placed,1,Mechanical,7.91,2,2.6961512132039918,-0.9387859040018486
Not Placed,0,CSE,7.61,2,3.235094349413555,-1.6219147347890128
Placed,1,ECE,8.86,0,0.9685710318063553,1.9563673463229203
Placed,1,CSE,8.58,3,1.1542267671620055,-1.3051916606928315
Not Placed,0,Civil,7.08,1,-1.702520049520233,-0.20993635943266253
Placed,1,CSE,10.0,2,3.73450684679444,2.1242186010412
Not Placed,0,Civil,7.63,3,-0.05070291675031179,-0.9468959645666881
Placed,1,ECE,8.8,0,1.5169249828199773,0.9879239991301668
Not Placed,0,Civil,7.46,0,-0.955078758056139,0.7845541351173398
Placed,1,CSE,8.23,2,1.9517178228151217,0.3130174158990109
Not Placed,0,Mechanical,8.51,3,0.5377423814684515,-0.2530672664123752
Not Placed,0,CSE,6.42,1,-4.082348269318055,-1.3508715112106886
Placed,1,ECE,9.18,0,1.646950520029461,1.87663988221665
Not Placed,0,ECE,7.04,1,-2.192093038799904,-0.38409341828101357
Placed,1,CSE,7.4,2,1.92741565766556,-1.836626465087449
Not Placed,0,CSE,7.19,3,1.0554679844356627,-1.203649564368485
Not Placed,0,IT,7.22,3,-0.08734566436472417,-1.1375711948553018
Not Placed,0,Mechanical,7.26,1,-2.1833406360079346,-1.274357359333563
Not Placed,0,CSE,6.69,3,1.9594626205119512,-3.4087334881531746
Not Placed,0,IT,8.35,0,0.35401494619209967,0.336737878768314
Not Placed,0,ECE,7.8,1,-1.5270644171818115,-0.9364020598173534
Placed,1,ECE,7.58,2,4.542101926593763,-2.3037197856357943
Placed,1,IT,8.56,2,2.534065824582059,0.05972074213933134
Placed,1,CSE,9.2,0,1.660925409670079,3.094778723469583
Not Placed,0,ECE,6.37,1,-2.7820252689873186,-1.4505296479547345
Placed,1,ENTC,9.08,2,2.1123036449682924,-0.207617948014041
Not Placed,0,CSE,7.68,3,-0.6554624917106763,-1.001170068900385
Not Placed,0,CSE,6.55,1,-2.0981108339492094,-1.6386525418522047
Placed,1,ENTC,8.05,2,3.268674383539643,0.9582661479770394
Placed,1,IT,7.6,0,-0.251030481062148,1.1876205550014447
Not Placed,0,Mechanical,8.43,0,0.09388102177428365,1.3694481224683006
Placed,1,ENTC,7.82,2,4.85740892213765,-1.5139826212761371
Placed,1,Mechanical,8.0,2,1.57884788357655,0.2704900996987211
Not Placed,0,CSE,7.33,3,-0.23337275608007954,-2.4853080657202695
Not Placed,0,IT,6.83,3,1.1803635476992964,-3.0049727571915077
Placed,1,ECE,8.33,3,1.346992650927732,-0.7114338602849889
Not Placed,0,IT,7.25,3,2.1286938534183446,-2.845888163606628
Not Placed,0,CSE,8.04,1,-2.478195986684624,0.9386009566973231
Not Placed,0,CSE,8.96,2,2.518107385586702,0.2173808429438347
Not Placed,0,CSE,7.56,3,-0.14971679971116486,-0.3062676819534242
Not Placed,0,CSE,8.3,3,0.3920845897067302,-1.3955825307030614
Not Placed,0,CSE,7.67,1,-2.7957753772121947,-0.13566687173827208
Not Placed,0,CSE,7.39,1,-3.495086258621502,-0.5049886882895119
Not Placed,0,ECE,6.37,0,-0.9182428997771397,1.2809260784016079
Placed,1,CSE,7.67,2,1.7439698705183957,-0.03193735705871701
Not Placed,0,ECE,7.56,0,-1.4783160760249316,1.9996622388616039
Not Placed,0,ENTC,6.96,1,-1.6905629180309873,-1.0719206188613606
Not Placed,0,ECE,5.97,1,-1.4673692027247522,-0.9388130940817625
Not Placed,0,Mechanical,6.28,1,-1.4513615511601936,-0.45560012501970926
Placed,1,Civil,9.22,2,3.6644102097296023,0.1212822835130295
Not Placed,0,IT,7.73,3,1.5552433619599138,-1.203600501827562
Not Placed,0,CSE,6.48,1,-2.51997582887905,0.7277354090207497
Not Placed,0,ENTC,7.19,3,-1.1227016275364174,-1.3517085691279607
Not Placed,0,ENTC,7.71,1,-1.20481574501237,-0.3836505749510087
Not Placed,0,IT,8.08,3,1.8476395603642484,-2.3577871291786585
Placed,1,Civil,7.5,3,1.229777791652557,-1.0769270154931978
Placed,1,Mechanical,9.42,0,0.9842495292395455,1.0992248779359624
Placed,1,Mechanical,9.46,2,3.923170481913292,-1.1609046746312237
Not Placed,0,IT,8.03,1,-1.4861878824776953,0.045185109439324515
Not Placed,0,CSE,7.39,3,-0.7737600298821274,-0.5303208705399565
Not Placed,0,CSE,8.03,0,-0.697885346120921,1.6220420513805327
Not Placed,0,CSE,6.57,1,-3.2494874446482562,-3.0377557610271233
Placed,1,CSE,8.55,1,-2.3884372705206127,1.994449084434984
Placed,1,IT,7.85,0,0.5127689858664576,0.14379850035926178
Not Placed,0,Mechanical,6.67,1,-3.717398032156886,0.1664762517505184
Placed,1,CSE,7.2,0,0.007585206475727325,0.6918286166168807
Not Placed,0,ECE,8.19,2,2.8943640779583713,-0.6873116231673341
Not Placed,0,CSE,6.28,1,-1.1704316126392966,0.402795795539989
Placed,1,Civil,6.94,2,3.1743013639015127,-1.0096304311166158
Not Placed,0,Civil,7.3,2,1.7244827955434159,-0.0365281583677553
Placed,1,ECE,8.53,2,2.7055370904730345,-1.6197454488957401
Placed,1,CSE,9.16,0,1.424851320379761,0.7583436447552595
Not Placed,0,CSE,8.02,3,-0.027780763564464787,-0.3049219043084373
Not Placed,0,ECE,5.01,1,-3.0039662769310924,-1.9207367788941527
Not Placed,0,ENTC,6.75,1,-2.25615087000624,-1.9436713545879272
Placed,1,Civil,10.0,2,2.6416693255333064,2.4233068154898607
Placed,1,IT,7.83,2,1.9727076511035024,0.06362946221651869
Not Placed,0,CSE,5.48,1,-2.272330477237792,-1.1716182928808123
Placed,1,CSE,9.72,0,0.23300802434376897,2.5555477039738967
Not Placed,0,CSE,6.56,3,-0.19448275971491255,-1.0112046865666602
Placed,1,ECE,8.19,0,-0.3612800056169057,0.1436839285769739
Not Placed,0,CSE,6.73,1,-1.6028575991512168,1.1922892180312261
Placed,1,Mechanical,9.57,2,4.775733553347445,-0.15008513962751188
Not Placed,0,CSE,6.5,1,-2.1918403993536053,-1.8602244189261512
Placed,1,CSE,7.2,2,3.82863795712336,-2.8602232901886913
Placed,1,CSE,8.59,0,-0.8087217399285669,1.167639009885553
Placed,1,ENTC,7.23,0,-0.633151651417166,1.8228298061105763
Placed,1,ENTC,8.11,0,-0.15180339911325766,2.1670461036026643
Not Placed,0,Mechanical,8.41,3,0.5035166685927552,-1.0561464895570671
Not Placed,0,CSE,7.85,1,-1.544968640795295,-0.6092601505910764
Not Placed,0,CSE,6.76,1,-2.878880110426937,-0.9140932376480098
Not Placed,0,ECE,7.03,3,0.21457591990763855,-1.0210686735740928
Placed,1,Civil,7.37,3,-0.05922886901929501,0.09137498937978018
Placed,1,CSE,8.2,2,2.250546774938261,0.016410870281859048
Placed,1,IT,8.39,0,1.4990603652763919,1.881530585154398
Placed,1,IT,7.87,2,4.422624578831557,-0.9806975307863428
Not Placed,0,ECE,8.3,3,-0.6306688695739859,-1.4558135236758918
Not Placed,0,CSE,6.35,3,-0.09864552722885114,-3.9091859312406667
Placed,1,IT,7.95,2,2.4157112297425005,-0.02790778507939487
Not Placed,0,IT,7.64,1,-2.8196308356584296,-0.6344672697923408
Not Placed,0,ECE,8.12,0,-1.126363820417773,0.858841672765039
Not Placed,0,CSE,8.34,0,-0.02026664083094691,2.9260617455690356
Not Placed,0,CSE,6.81,3,-1.1878589648313724,-0.7168465642442668
Not Placed,0,ECE,7.61,3,-1.4443280060493093,-2.4769101567356553
Placed,1,IT,8.83,2,2.2453577982352364,1.2924110955992403
Not Placed,0,IT,7.96,3,1.3585584917610707,-3.5398270794522593
Not Placed,0,CSE,7.61,1,-2.2646405011736537,1.462563849925353
Not Placed,0,CSE,6.66,1,-3.938257376137948,0.23622727951951372
Not Placed,0,IT,8.16,1,-1.0859254546434243,0.12390726951257794
Not Placed,0,IT,6.52,1,-2.894460138836374,-0.9313594172877724
Placed,1,IT,7.55,1,-2.0436843190456893,-0.555383495745593
Not Placed,0,ECE,7.28,1,-1.4493655213985377,0.42412163467012937
Not Placed,0,ENTC,8.03,3,0.3994582363963611,-1.0757461259589611
Not Placed,0,IT,7.19,1,-1.1212910023876435,0.2682639429797694
Placed,1,ECE,7.42,0,-0.8740829361343144,1.0520216593253064
Not Placed,0,CSE,6.93,1,-1.1083104955755876,-0.998180133261017
Not Placed,0,Mechanical,7.49,1,-2.272693269549019,1.1114954366108054
Placed,1,CSE,7.88,3,1.724992833443712,-1.3640593192892585
Not Placed,0,IT,7.4,3,-1.1896790982070564,-1.1638486799739542
Not Placed,0,CSE,7.43,3,0.5212184234161348,0.11584559922873128
Placed,1,IT,7.84,0,0.6033625348417003,0.8763578702476059
Not Placed,0,IT,8.55,1,-1.8195902271470341,1.409843764388591
Not Placed,0,CSE,8.33,0,-0.3577939179044826,0.44489442669015866
Not Placed,0,ECE,6.6,3,-0.2748517631259274,-2.3183224230812667
Placed,1,IT,8.35,2,1.7411323444711189,-1.1510557069952951
Placed,1,CSE,8.86,0,1.3352612289530488,1.9570697909174335
Placed,1,Mechanical,8.3,2,3.450731106471352,2.0605212626320553
Not Placed,0,CSE,5.65,3,-1.1757072421714003,-2.2921746107748175
Placed,1,IT,7.93,3,1.5188155039695432,-2.860036665702293
Placed,1,CSE,8.88,2,2.202650617933505,1.52747962490802
Placed,1,IT,7.32,3,0.9273651409418847,0.017066532788777768
Placed,1,ENTC,10.0,2,3.006708479818501,3.1649807306858646
Not Placed,0,CSE,5.85,3,-1.4395338692761601,-2.3490462191044648
Not Placed,0,IT,7.82,1,-2.1824353881630967,-0.15627954284932943
Not Placed,0,ENTC,8.31,2,1.4234163507677104,-0.8888967598822699
Not Placed,0,ENTC,7.85,3,1.162919547381737,-0.5326571665179379
Placed,1,ENTC,7.83,2,1.6088395165867753,1.09235849793944
Not Placed,0,CSE,6.82,3,1.1292375574740505,-3.062930001838256
Not Placed,0,CSE,7.21,0,-1.3214833634514431,1.4350173289765604
Not Placed,0,Civil,8.19,2,2.6373844266924986,-0.02374001012746427
Not Placed,0,CSE,5.9,3,-1.1454086421146021,-3.4744130026078777
Not Placed,0,Civil,8.47,3,0.6781708416011365,-0.3073347333142574
Not Placed,0,ECE,7.6,1,-2.091929376266559,1.2060776835764437
Placed,1,ENTC,8.17,0,0.5256410713756836,1.4174795901399453
Placed,1,IT,8.42,2,2.104838972358251,-0.45972713785218217
Placed,1,Mechanical,10.0,0,2.6912374833721633,4.231163299426494
Placed,1,Mechanical,8.89,2,3.814891448146735,0.5677465480023564
Placed,1,ENTC,6.68,0,1.1849387992550797,0.7855112632275779
Placed,1,Civil,9.54,0,1.4380964299403363,1.7586513279620624
Not Placed,0,ENTC,5.39,1,-2.8873843562245707,-1.2040567460261429
Not Placed,0,CSE,7.32,3,-0.7051276859969506,-0.34699029240974694
Placed,1,ECE,7.85,2,3.1179001860162723,-0.7157202432605615
Not Placed,0,ENTC,7.42,3,-0.6025954296130738,-1.4650830830990542
Placed,1,ENTC,7.94,0,0.9244905929169818,2.170589283784689
Placed,1,ECE,7.56,0,1.2034328763331537,0.6051017562580427
Not Placed,0,ECE,8.79,0,0.24757323808716186,0.2732066554927677
Not Placed,0,Mechanical,7.29,3,0.6466379617355507,-0.9364679156661987
Placed,1,IT,7.6,3,-0.2639022068740132,-0.2916063366751034
Placed,1,ECE,9.21,2,4.6014926349939245,0.06422617200556015
Placed,1,CSE,8.52,2,3.860113117095154,1.3033274466963094
Placed,1,ENTC,7.56,3,-0.16442962607253225,-0.8378232574090785
Not Placed,0,IT,8.1,2,1.4871066736924385,-0.2674972694091027
Placed,1,CSE,9.29,2,2.509518050669065,2.635831310600469
Not Placed,0,IT,6.52,1,-1.5251048765835447,0.605000387653846
Not Placed,0,ECE,6.78,3,-0.8524452891368313,-1.581574352291074
Not Placed,0,ENTC,7.21,3,0.021763282604846848,-0.3119764685780342
Placed,1,ECE,7.88,0,0.09147425205484078,0.5779009289936414
Placed,1,CSE,8.52,0,1.1582275861591147,1.423193300814774
Placed,1,CSE,7.05,0,-0.707627132728268,0.08841476148280344
Not Placed,0,ECE,6.9,1,-3.5200020287227907,-0.6183292357193021
Not Placed,0,Mechanical,6.59,3,-0.6470490388722744,0.028548225338544196
Not Placed,0,ECE,6.9,3,-0.6240374123754341,-1.2628558539216677
Not Placed,0,IT,7.14,1,-2.0537536252767707,0.5958480772590002
Not Placed,0,CSE,5.86,1,-2.3418649215566245,-0.9149223295602819
Not Placed,0,ENTC,7.22,3,0.017473274606109833,-0.7467387787554576
Not Placed,0,CSE,6.81,3,-0.768715084332863,-1.3680037116125496
Not Placed,0,ECE,7.56,0,0.29302873129566986,0.4823065969387134
Not Placed,0,Mechanical,9.14,0,-0.2312074241200378,1.1955858725397972
Placed,1,Mechanical,6.35,2,2.710966373232529,-1.21451744308354
Not Placed,0,IT,8.56,0,-1.6383430084872903,1.7029599995858788
Placed,1,CSE,9.12,0,2.2292847414663557,2.6184565783315548
Not Placed,0,ECE,8.52,0,-1.621772617831047,2.7245625608371364
Not Placed,0,Mechanical,7.99,1,-1.5153831909780102,-0.8561438366908635
Not Placed,0,CSE,8.82,0,-0.8995183757499212,0.24104847623557094
Placed,1,IT,8.24,2,3.446521283919614,-1.3569590560939118
Placed,1,ECE,8.64,2,4.243370108052933,-0.9223701277601939
Placed,1,CSE,7.8,2,1.3503298212551174,0.08971118308669612
Not Placed,0,CSE,6.8,1,-1.4567669272525834,-0.3106532943963494
Not Placed,0,Civil,8.69,1,-2.5246936673272735,1.2931698005177934
Placed,1,CSE,9.92,0,0.7097358038414796,0.3385145179353875
Not Placed,0,IT,7.41,1,-3.333786115616637,0.6647745795164267
Not Placed,0,IT,7.72,1,-1.0695782741979214,0.28505643605251524
Not Placed,0,IT,7.8,0,0.1511584354616432,0.8836056259157716
Not Placed,0,IT,6.45,1,-1.8082844530989979,-1.125159725978059
Not Placed,0,CSE,6.98,3,-0.4919665522300684,-0.1172089879963624
Not Placed,0,IT,7.96,1,-1.3043662236937004,0.6368184535019832
Not Placed,0,CSE,7.62,3,-0.9502962290931517,-0.8007144152595813
Not Placed,0,CSE,7.71,0,0.13188690096055822,0.26023824103205795
Not Placed,0,ECE,7.72,2,1.6990175820172222,-0.2631301711121189
Not Placed,0,Civil,7.6,3,-0.0617179094407672,-0.30215298255483225
Not Placed,0,Civil,7.05,1,-2.031371969966189,-0.10613737214105107
Placed,1,CSE,8.07,0,0.5929501348632964,0.657975896323559
Placed,1,CSE,7.98,2,3.320595965591124,0.06709223907264328
Not Placed,0,ECE,6.95,1,-1.5953675996729937,0.6796735856332398
Placed,1,CSE,8.05,2,1.7827272114196684,1.6299024589499995
Not Placed,0,ENTC,7.17,3,0.8935253664199279,-2.0172365387479494
Placed,1,ECE,8.26,0,0.7792540677025864,1.1077996436339663
Not Placed,0,IT,7.66,1,-1.1683941160886246,0.6295504473062428
Not Placed,0,CSE,8.04,1,-1.9051646834493894,1.5337573084800433
Placed,1,Mechanical,7.85,3,1.6083614933364359,-0.9719104754669443
Placed,1,CSE,7.65,3,0.5097854997410017,-0.6175338885613616
Not Placed,0,ECE,7.98,3,-0.772930213527521,-1.0642986341484046
Placed,1,ECE,8.42,2,2.442522851203274,0.4426403836586935
Not Placed,0,CSE,7.8,3,-1.0125781736041624,-1.9624755691294264
Not Placed,0,CSE,7.79,1,-1.5176714122136024,-0.38524552977680526
Not Placed,0,ECE,7.4,1,-2.857381493400946,0.45432256826478024
Not Placed,0,IT,6.15,1,-2.8031353379796418,-1.605610029107492
Placed,1,ECE,7.73,2,1.7108849176145193,-0.415408443263054
Not Placed,0,IT,6.62,3,-1.4984806243759172,-1.9431764018618536
Placed,1,Mechanical,7.22,3,1.0331678672896027,-0.10586201476948817
Not Placed,0,ENTC,6.96,3,-0.8692519914884521,-1.2410495032042936
Not Placed,0,IT,7.09,1,-2.619949554172038,-0.5827968714806686
Not Placed,0,ENTC,7.14,1,-1.1807405039566063,-0.3719500400073721
Not Placed,0,ECE,8.11,3,0.2800457199777037,-0.41788568335758913
Not Placed,0,ECE,7.98,3,-0.23846957632603613,-1.0431379894216686
Placed,1,CSE,7.79,1,-1.8253258770795333,0.9219783941671071
Placed,1,CSE,8.73,0,-1.2470295000590181,1.077892309020609
Placed,1,ECE,10.0,2,2.9292865438789035,1.7463482600683897
Not Placed,0,CSE,8.13,1,-1.2648457648539522,-0.47996063700756186
Placed,1,CSE,8.47,3,0.26423501673223015,-0.0828229202832708
Not Placed,0,CSE,7.94,0,-0.6300544604533962,0.16765829557191117
Placed,1,Mechanical,8.25,2,3.3276878809632473,-0.6488707845262146
Not Placed,0,Civil,6.32,1,-2.200596792671686,-0.043438098464902535
Not Placed,0,CSE,5.4,1,-1.5883010280138081,-0.6126488539657267
Not Placed,0,CSE,5.9,1,-2.9562702911515752,-0.10143610449145678
Placed,1,IT,7.17,2,1.8568669772454764,-0.326059068859634
Placed,1,Mechanical,8.86,2,3.1694276477950982,1.0894548583090276
Not Placed,0,IT,7.92,1,-1.8377987881431797,-0.3308182615115026
Not Placed,0,ENTC,7.37,1,-1.5273914750308701,0.30015214168669074
Not Placed,0,ENTC,8.18,1,-2.8557667378908005,-0.4653142970916909
Not Placed,0,CSE,8.0,0,-0.28552165111145106,0.12420362034902921
Not Placed,0,ENTC,6.55,1,-2.725760067796292,-0.2972835986782007
Placed,1,CSE,8.1,2,3.0039030647101694,-0.7814453629877354
Placed,1,CSE,8.41,0,1.2669626977709252,1.1451359917573538
Not Placed,0,Mechanical,9.49,0,0.06353308160012004,0.7156248381800397
Placed,1,CSE,7.63,3,1.3721411260116725,-0.9459439323389577
Placed,1,IT,9.14,0,-1.5346257669488395,1.415458333647405
Not Placed,0,ECE,7.36,3,-0.9365493049192769,-2.071096863913217
Placed,1,ECE,9.68,2,2.0903909239382132,1.8254619476694627
Placed,1,ECE,7.19,0,0.276339872471156,0.1855731834217537
Not Placed,0,CSE,8.25,0,-0.38335047654526294,1.923197503555138
Not Placed,0,ECE,7.94,0,-0.27539626084985896,0.5990603513981392
Placed,1,CSE,8.97,3,1.1433365545385101,-0.16767876738889625
Placed,1,CSE,8.85,2,2.7782285010511,-0.7107061795704396
Placed,1,IT,6.81,3,0.8005454317196596,-0.9239494052847143
Not Placed,0,ECE,7.41,1,-1.459717385500478,-0.1205814100095685
Placed,1,ENTC,9.51,2,3.5032200196787597,-0.837751968049487
Not Placed,0,IT,7.78,1,-2.3676736843467596,-0.18362634026456479
Not Placed,0,IT,8.39,0,-0.8003207948077724,0.9013084741327823
Not Placed,0,ENTC,6.79,3,-0.5769875404581338,-0.7831080797491944
Not Placed,0,CSE,7.49,3,-0.6973473972263284,-0.028899433850488914
Not Placed,0,CSE,7.1,1,-1.3171708549116394,-0.22260823313834013
Placed,1,CSE,8.49,0,0.7584527065287375,0.894011611218858
Not Placed,0,CSE,8.33,1,-1.4775123936108543,0.9290564317670672
Placed,1,IT,8.74,0,0.385797585860373,1.8980407167992126
Placed,1,ENTC,6.78,1,-2.567981767215465,-0.18143116314436455
Not Placed,0,IT,8.17,0,-0.49501993150920176,0.3779024481627007
Not Placed,0,ENTC,7.72,3,0.8475622447222632,-1.152088624414485
Not Placed,0,ENTC,5.62,1,-2.892382139942628,-1.2982447375862514
Placed,1,IT,8.09,2,2.1685875220909034,0.4600389858522433
Placed,1,ENTC,8.8,2,4.488036788732256,1.2939892070716805
Placed,1,ECE,9.04,2,1.99323840410786,1.3514134432137832
Not Placed,0,Civil,7.67,0,-0.2262914692843483,1.0375432789478325
Placed,1,ECE,8.41,2,3.093814675980656,-0.9913654550422285
Not Placed,0,CSE,8.16,3,-0.1775440753916296,-0.9026676307349419
Not Placed,0,ECE,7.05,1,-2.157082061313287,-1.6928634392051363
Placed,1,ECE,6.94,3,0.1779456792855044,-1.8114834842795662
Not Placed,0,ENTC,7.66,3,-0.023009717616847003,-1.5230853833521694
Placed,1,CSE,7.5,3,0.7999536108002646,-0.684750371598032
Not Placed,0,ENTC,7.77,0,-0.16524299388985503,0.6587566209753363
Not Placed,0,CSE,7.34,0,-0.49756379007485096,0.25194372287585015
Not Placed,0,Civil,7.88,2,1.6253685950275152,-1.3795543608049958
Not Placed,0,CSE,6.79,1,-2.9869853563875237,0.1349467436754861
Placed,1,IT,9.0,0,0.5673652897192648,1.8981867788773539
Not Placed,0,IT,6.15,3,-0.7437648971045642,-1.0832249665236082
Not Placed,0,Mechanical,7.63,0,0.22673490628379378,0.2985460921029834
Not Placed,0,ENTC,7.53,2,1.8768622029386735,-1.4787596720589078
Not Placed,0,CSE,7.58,0,-0.6965271388653675,0.7162335526592652
Not Placed,0,Mechanical,6.98,3,-0.08469141245037874,-0.2838491947676854
Not Placed,0,CSE,6.42,1,-1.5331041512178594,0.1615396394781554
Not Placed,0,CSE,7.9,0,-2.053757009962339,2.193209835171627
Not Placed,0,IT,7.53,1,-1.1653673462189453,-0.7886635167640152
Not Placed,0,CSE,8.03,1,-1.8459390082921991,-1.2570859443819717
Not Placed,0,CSE,6.3,1,-2.723677510088101,-0.6908248928279854
Placed,1,IT,9.16,0,-0.10146576265110947,2.486602165781264
Not Placed,0,IT,7.63,3,1.8747566757820044,-1.9509663368428583
Not Placed,0,CSE,5.11,1,-4.198772359130649,-0.6285356383227275
Placed,1,CSE,7.86,3,0.05651548262612806,-0.3072363014824444
Not Placed,0,CSE,7.3,1,-1.4996165416511997,-0.2372727059932181
Not Placed,0,CSE,6.74,3,-0.6810355335029405,-0.2612528989926741
Placed,1,IT,8.75,2,3.231193404753397,-0.41468607655854806
Placed,1,IT,8.49,2,2.462224525860451,-1.144491073105099
Not Placed,0,ECE,7.99,0,-0.5970316350422215,0.2619117181874149
Placed,1,ENTC,7.77,2,1.6625384190494432,-0.4995802141810046
Placed,1,CSE,8.13,2,1.5412668839761157,-0.031472762328553304
Not Placed,0,CSE,6.36,1,-1.8879768635514644,-1.3718001168948295
Placed,1,Civil,7.86,3,0.9612903020560604,-0.3277170118122304
Not Placed,0,ENTC,8.75,0,1.3125879406476197,2.694168681886542
Not Placed,0,CSE,8.58,0,-1.3547994471047486,1.025153572311473
Placed,1,Mechanical,6.81,2,2.9736680008108984,-2.065864241684852
Not Placed,0,CSE,7.86,1,-2.6406779080340974,-0.7326293238466507
Not Placed,0,CSE,6.75,1,-3.1243663475950196,1.0425169441057458
Not Placed,0,ECE,7.83,0,-0.33142207581986177,0.8335759693452173
Placed,1,CSE,7.06,3,-0.017766406033097145,-0.9943668054956872
Not Placed,0,Mechanical,6.96,0,0.2115191604457351,0.3452613460490848
Placed,1,IT,8.0,2,4.5869171716672,-0.3063642552693435
Placed,1,CSE,7.08,3,0.8597074215782008,-1.5148995405680095
Placed,1,IT,7.02,0,0.4003902517872782,0.32794629674265724
Placed,1,ECE,8.0,2,1.7285660376222156,-0.8226901295499015
Not Placed,0,CSE,6.44,3,-1.3439151369846165,-1.5268810473877579
Not Placed,0,CSE,7.43,3,-0.6082756362957805,-2.291699702089041
Not Placed,0,Mechanical,6.39,1,-2.078501615608708,-0.2554255466215745
Not Placed,0,IT,6.55,3,1.0342848339612536,-1.527146565741809
Not Placed,0,IT,8.7,0,0.4116181910842729,0.5941873596572917
Not Placed,0,CSE,7.35,1,-1.7142219993414067,1.252743728446512
Not Placed,0,CSE,7.09,1,-1.8236860654464004,1.352814060317814
Not Placed,0,IT,8.42,0,-0.35842846919196636,2.3770659967948196
Placed,1,CSE,9.07,2,1.8637755608687503,0.9619475826097863
Not Placed,0,CSE,7.91,3,0.059022287973747416,-0.6280470822789049
Placed,1,CSE,8.57,0,1.0006403644941468,1.537086753208732
Not Placed,0,ENTC,7.23,3,-0.6971242013253978,-1.5121936154343452
Not Placed,0,CSE,7.75,3,0.47362735694961133,-1.2269955497526523
Placed,1,CSE,7.71,3,-0.4626592639365552,-0.15299425857758514
Not Placed,0,CSE,7.98,0,-0.7064574963463164,0.04183737403701563
Not Placed,0,Civil,8.52,0,0.1522939742090209,2.162778486547494
Not Placed,0,ENTC,6.45,3,-0.7871485366737733,-1.9693528864878873
Not Placed,0,CSE,6.94,3,0.08793613511854093,-0.3664623877892399
Not Placed,0,ECE,7.29,1,-1.9501466885595247,0.4504548747330207
Not Placed,0,CSE,6.88,1,-1.3949234533295054,-0.8302791275483004
Placed,1,IT,7.9,2,1.2211342202096398,0.40148722180594165
Placed,1,CSE,7.88,2,4.197670755408471,1.4911941162190308
Not Placed,0,CSE,7.75,1,-1.6609943527062605,-0.5606381171911847
Not Placed,0,CSE,7.36,1,-2.778204949060841,0.3819991076582042
Placed,1,CSE,8.85,0,-0.4899074507877641,1.234228050475982
Placed,1,ECE,7.88,0,-0.12223156456481774,1.3447121812422413
Not Placed,0,Mechanical,7.57,0,-0.3771552245383282,0.3132215302807661
Not Placed,0,Mechanical,7.76,0,-0.7991085215787335,0.5179341459906248
Placed,1,CSE,8.33,0,-0.6413574490811423,2.4400183274212965
Placed,1,ECE,7.88,2,2.4188670999120485,-0.6358206170482315
Not Placed,0,CSE,6.97,1,-2.8551560180299393,0.808255641838801
Placed,1,CSE,9.2,2,4.6148470136147175,-0.9513570277968404
Placed,1,ENTC,8.09,0,1.057837548543901,1.0226726305511342
Placed,1,IT,6.72,2,2.1885997113182416,0.0072273152461966
Not Placed,0,Mechanical,6.16,1,-3.0372012549088403,-0.6893066911391362
Not Placed,0,CSE,8.29,0,0.17148586376011918,0.34169581271352245
Placed,1,IT,8.8,0,1.1459138779251195,2.0944203866578404
Not Placed,0,CSE,8.08,3,0.1586885172262427,-1.1833766095180545
Not Placed,0,ENTC,8.22,2,1.3802472558180114,-0.010386093617060563
Not Placed,0,CSE,0.0,1,-9.687310365336796,-7.833297580090079
Not Placed,0,CSE,0.0,1,-9.687310365336796,-7.833297580090079
Not Placed,0,CSE,0.0,1,-9.687310365336796,-7.833297580090079
Placed,1,CSE,8.25,2,1.6808522460698752,0.6691352733244463
Placed,1,CSE,8.0,2,1.7170562912353597,0.44360002443654006
Placed,1,CSE,8.0,2,1.7170562912353597,0.44360002443654006
Placed,1,IT,9.3,2,2.1583678889974367,0.9925682363432068
Placed,1,CSE,8.0,2,1.7170562912353597,0.44360002443654006
Placed,1,CSE,8.0,2,1.7170562912353597,0.44360002443654006
Not Placed,0,Mechanical,6.45,1,-3.370753469719768,-1.552116702089333
Placed,1,IT,7.92,0,1.0907954656514305,0.6807059355792946
Placed,1,CSE,8.74,2,5.0417287944841105,1.2086972173570782
